Metabolite_name,RefMet_name,123_1,37_1,43_1,50_1,80_1,84_1,104_1,105_1,107_1,108_1,110_1,11_1,111_1,113_1,114_1,117_1,119_1,122_1,125_1,128_1,129_1,131_1,134_1,136_1,139_1,140_1,14_1,143_1,15_1,17_1,19_1,23_1,25_1,26_1,29_1,30_1,31_1,33_1,45_1,49_1,53_1,54_1,57_1,58_1,59_1,6_1,61_1,63_1,69_1,71_1,77_1,81_1,86_1,92_1,98_1,99_1,10_1,101_1,102_1,1_1,116_1,120_1,126_1,13_1,132_1,135_1,137_1,141_1,142_1,18_1,2_1,21_1,22_1,27_1,3_1,34_1,35_1,38_1,39_1,41_1,42_1,46_1,47_1,5_1,51_1,55_1,62_1,65_1,66_1,68_1,7_1,72_1,74_1,75_1,78_1,83_1,87_1,89_1,90_1,9_1,93_1,95_1,96_1,106_1,109_1,112_1,115_1,118_1,12_1,121_1,124_1,138_1,16_1,20_1,24_1,28_1,32_1,36_1,40_1,4_1,44_1,48_1,52_1,56_1,60_1,64_1,67_1,70_1,73_1,79_1,8_1,85_1,91_1,97_1
Factors,-,Diagnosis:breast cancer | stage:-,Diagnosis:breast cancer | stage:-,Diagnosis:breast cancer | stage:-,Diagnosis:breast cancer | stage:-,Diagnosis:breast cancer | stage:-,Diagnosis:breast cancer | stage:-,Diagnosis:breast cancer | stage:2,Diagnosis:breast cancer | stage:2,Diagnosis:breast cancer | stage:2,Diagnosis:breast cancer | stage:2,Diagnosis:breast cancer | stage:2,Diagnosis:breast cancer | stage:2,Diagnosis:breast cancer | stage:2,Diagnosis:breast cancer | stage:2,Diagnosis:breast cancer | stage:2,Diagnosis:breast cancer | stage:2,Diagnosis:breast cancer | stage:2,Diagnosis:breast cancer | stage:2,Diagnosis:breast cancer | stage:2,Diagnosis:breast cancer | stage:2,Diagnosis:breast cancer | stage:2,Diagnosis:breast cancer | stage:2,Diagnosis:breast cancer | stage:2,Diagnosis:breast cancer | stage:2,Diagnosis:breast cancer | stage:2,Diagnosis:breast cancer | stage:2,Diagnosis:breast cancer | stage:2,Diagnosis:breast cancer | stage:2,Diagnosis:breast cancer | stage:2,Diagnosis:breast cancer | stage:2,Diagnosis:breast cancer | stage:2,Diagnosis:breast cancer | stage:2,Diagnosis:breast cancer | stage:2,Diagnosis:breast cancer | stage:2,Diagnosis:breast cancer | stage:2,Diagnosis:breast cancer | stage:2,Diagnosis:breast cancer | stage:2,Diagnosis:breast cancer | stage:2,Diagnosis:breast cancer | stage:2,Diagnosis:breast cancer | stage:2,Diagnosis:breast cancer | stage:2,Diagnosis:breast cancer | stage:2,Diagnosis:breast cancer | stage:2,Diagnosis:breast cancer | stage:2,Diagnosis:breast cancer | stage:2,Diagnosis:breast cancer | stage:2,Diagnosis:breast cancer | stage:2,Diagnosis:breast cancer | stage:2,Diagnosis:breast cancer | stage:2,Diagnosis:breast cancer | stage:2,Diagnosis:breast cancer | stage:2,Diagnosis:breast cancer | stage:2,Diagnosis:breast cancer | stage:2,Diagnosis:breast cancer | stage:2,Diagnosis:breast cancer | stage:2,Diagnosis:breast cancer | stage:2,Diagnosis:breast cancer | stage:3,Diagnosis:breast cancer | stage:3,Diagnosis:breast cancer | stage:3,Diagnosis:breast cancer | stage:3,Diagnosis:breast cancer | stage:3,Diagnosis:breast cancer | stage:3,Diagnosis:breast cancer | stage:3,Diagnosis:breast cancer | stage:3,Diagnosis:breast cancer | stage:3,Diagnosis:breast cancer | stage:3,Diagnosis:breast cancer | stage:3,Diagnosis:breast cancer | stage:3,Diagnosis:breast cancer | stage:3,Diagnosis:breast cancer | stage:3,Diagnosis:breast cancer | stage:3,Diagnosis:breast cancer | stage:3,Diagnosis:breast cancer | stage:3,Diagnosis:breast cancer | stage:3,Diagnosis:breast cancer | stage:3,Diagnosis:breast cancer | stage:3,Diagnosis:breast cancer | stage:3,Diagnosis:breast cancer | stage:3,Diagnosis:breast cancer | stage:3,Diagnosis:breast cancer | stage:3,Diagnosis:breast cancer | stage:3,Diagnosis:breast cancer | stage:3,Diagnosis:breast cancer | stage:3,Diagnosis:breast cancer | stage:3,Diagnosis:breast cancer | stage:3,Diagnosis:breast cancer | stage:3,Diagnosis:breast cancer | stage:3,Diagnosis:breast cancer | stage:3,Diagnosis:breast cancer | stage:3,Diagnosis:breast cancer | stage:3,Diagnosis:breast cancer | stage:3,Diagnosis:breast cancer | stage:3,Diagnosis:breast cancer | stage:3,Diagnosis:breast cancer | stage:3,Diagnosis:breast cancer | stage:3,Diagnosis:breast cancer | stage:3,Diagnosis:breast cancer | stage:3,Diagnosis:breast cancer | stage:3,Diagnosis:breast cancer | stage:3,Diagnosis:breast cancer | stage:3,Diagnosis:breast cancer | stage:3,Diagnosis:breast cancer | stage:3,Diagnosis:breast cancer | stage:3,Diagnosis:control | stage:-,Diagnosis:control | stage:-,Diagnosis:control | stage:-,Diagnosis:control | stage:-,Diagnosis:control | stage:-,Diagnosis:control | stage:-,Diagnosis:control | stage:-,Diagnosis:control | stage:-,Diagnosis:control | stage:-,Diagnosis:control | stage:-,Diagnosis:control | stage:-,Diagnosis:control | stage:-,Diagnosis:control | stage:-,Diagnosis:control | stage:-,Diagnosis:control | stage:-,Diagnosis:control | stage:-,Diagnosis:control | stage:-,Diagnosis:control | stage:-,Diagnosis:control | stage:-,Diagnosis:control | stage:-,Diagnosis:control | stage:-,Diagnosis:control | stage:-,Diagnosis:control | stage:-,Diagnosis:control | stage:-,Diagnosis:control | stage:-,Diagnosis:control | stage:-,Diagnosis:control | stage:-,Diagnosis:control | stage:-,Diagnosis:control | stage:-,Diagnosis:control | stage:-,Diagnosis:control | stage:-
1_11-Undecanedicarboxylic acid,Tridecanedioic acid,,0.0223,0.0363,0.0165,0.0088,,0.0057,0.0157,0.0268,0.0030,,0.0370,,0.0184,,0.0109,0.0090,0.0140,,0.0498,0.0067,0.0114,,0.0412,0.0344,0.0207,0.0113,0.0168,0.0130,0.0288,0.0308,0.0265,0.0247,0.0171,0.0071,0.0189,0.0697,0.0229,0.0113,0.0165,0.0150,,0.0187,0.0160,0.0116,0.0656,0.0232,0.0370,0.0210,0.0080,0.0191,0.0100,,0.0269,0.0245,0.0107,0.0297,0.0142,0.0169,0.1447,0.0119,0.0160,0.0101,0.0034,0.1105,,0.0188,,0.0133,0.0128,0.1543,,0.0692,0.0226,0.1026,0.0355,0.0276,0.0700,,0.0184,0.0208,0.0128,0.0049,0.0844,,0.0431,,0.0283,,0.0084,0.0992,0.0212,0.0196,,0.0079,,0.0190,0.0040,0.0036,0.0497,0.0220,0.0439,0.0403,1.0200,0.6306,0.9311,0.6904,0.5770,1.0574,0.4707,0.8732,3.1030,0.8425,0.8375,0.7210,0.6078,0.8220,2.1067,1.1079,1.4511,1.0258,1.6663,1.1869,0.8696,0.9419,0.8505,1.1720,1.4156,0.6639,1.7137,0.7482,12.2327,1.1442,0.7122
1-Methylxanthine,1-Methylxanthine,21.4601,37.1186,20.3045,13.5840,40.6384,29.8803,25.3935,44.0442,41.6585,22.9633,33.8156,28.9416,27.0223,28.4868,30.6282,19.6356,33.9473,43.0546,33.1952,28.3001,26.9281,40.2020,35.1182,30.8719,24.9467,36.0312,23.6175,28.4823,24.0683,31.7138,29.5631,40.1101,14.5500,9.9844,29.3006,17.0276,34.9776,30.9251,24.0628,33.4495,18.2290,21.3163,24.8922,29.4791,26.9270,5.9094,18.5378,26.9251,21.1619,38.7382,17.9666,26.4943,23.6169,18.3659,16.9641,25.7625,8.1891,29.5771,30.4431,4.4749,39.3899,40.7609,42.6097,19.6233,23.3531,38.6204,34.4462,37.0320,56.9681,35.3796,8.5188,23.3249,37.4149,34.7814,9.4309,30.3271,32.7036,15.8055,20.9542,14.3706,31.8638,14.0120,37.8860,8.3061,23.6613,15.4838,44.3644,19.2417,26.5299,30.0052,11.2064,55.2472,28.7799,18.0268,24.4105,34.8025,34.3287,45.4140,65.1423,15.8113,25.1217,16.1355,32.0785,15.0842,36.6796,17.2551,11.2200,15.4710,9.1309,15.0828,13.2008,15.7429,10.6672,13.3978,12.5208,4.5428,9.2718,15.8400,2.0027,22.2156,16.0760,13.0559,12.7925,12.4857,8.7974,8.0474,15.2374,20.0127,30.3200,18.9119,11.5366,25.8380,10.3292,12.9906
20-Carboxyleukotriene B4,20-Carboxy-LTB4,,0.7189,0.1600,0.0521,0.0331,,,0.1698,,,,0.1244,,,,,,0.1944,,,,,,,,,0.1358,,0.0961,0.0881,0.1429,0.2302,0.1016,0.1373,0.1521,0.1298,0.0887,0.1147,0.1295,0.0898,0.0929,0.0479,0.1008,0.0366,0.0475,0.1284,0.0478,0.0870,,0.0154,0.0331,0.0100,0.0455,0.1160,,,0.1735,,0.1655,0.1993,,,,0.1162,0.1057,,,,0.1347,0.1697,0.1729,0.1538,0.2460,0.0941,0.1440,0.2322,0.2377,0.1042,0.1984,0.1671,0.0709,0.0939,0.1755,0.1030,0.0835,0.0628,0.1615,0.0654,0.0052,0.0388,0.2144,0.2791,0.0650,,,,,,,0.1427,,,0.2657,1.1995,1.5552,2.4009,1.5667,1.1323,1.4148,0.4572,2.4941,2.2018,1.2286,1.5783,1.4899,1.6006,1.1997,2.9364,1.7997,0.3428,1.7965,1.7208,1.3747,1.2503,1.0048,0.9145,1.4555,1.3966,2.8404,2.5430,1.5045,0.9422,0.7127,0.6554
2_4-Dichlorophenol,"2,4-Dichlorophenol",12.6146,15.1118,18.1847,11.4665,15.7937,11.9740,12.0193,20.1328,15.5402,11.0460,11.3410,16.6960,12.4343,11.7458,8.6912,9.5178,13.3283,17.4538,11.1989,13.3184,10.7768,14.6038,14.5443,15.0420,11.9900,10.7469,17.6979,13.1183,13.1956,17.2690,15.6872,17.1582,18.9319,16.3811,18.9497,16.5827,17.3664,19.0916,15.9862,16.9910,13.8053,14.3272,17.5366,13.9714,15.1051,15.3698,18.3678,16.6379,13.2202,18.7056,18.6044,16.6382,17.4981,17.7828,17.1679,12.4289,12.3829,18.3590,17.4694,17.1636,0.1458,8.9460,9.8938,14.6975,16.8438,11.4711,13.0805,11.3066,19.0900,15.7175,16.7499,18.8443,16.4574,18.2563,15.6334,18.0275,19.4674,14.2349,17.9322,21.1208,14.7780,9.4985,18.9553,15.1282,15.6214,16.5031,26.1181,17.0935,12.6662,13.8159,15.5595,22.2535,17.2628,11.0105,10.4106,18.4587,16.5136,16.4756,15.6887,14.7750,12.6961,16.6589,19.9567,9.7331,4.1799,13.0730,9.4175,10.7236,12.5581,11.5244,11.5963,9.8679,12.8717,10.6390,15.0688,11.8702,14.1577,15.1167,11.5282,14.0598,9.7863,12.0249,16.8754,10.6880,12.0899,14.0153,14.1667,12.3803,10.5340,15.5138,12.6672,12.9228,15.7770,10.5796
2_8-Dihydroxyadenine,,2.2618,4.1965,2.5297,1.8004,3.3137,3.4269,3.1637,5.4817,4.3748,2.5923,5.5753,2.9220,3.2556,3.2979,3.2707,2.7547,3.7794,5.2897,4.0139,3.6594,3.1361,3.8539,4.1684,4.8588,4.5825,4.7688,2.5654,4.8472,2.2896,3.4804,4.5261,3.4361,2.0987,1.7270,3.0921,2.0143,3.5686,3.9437,2.9140,3.8923,3.0019,2.5434,3.7449,3.8652,4.3005,0.7999,2.6257,3.9425,3.2539,5.3706,2.4873,2.2429,3.7200,2.4281,2.1818,2.9066,1.2841,3.6763,3.8472,0.6993,4.6324,3.1416,4.4953,2.9173,4.0095,4.7042,3.9623,3.3053,5.6090,3.7528,0.8770,2.9169,4.6142,3.5390,0.8866,4.9302,3.6202,2.1393,2.5939,2.1602,3.7553,1.8773,2.5645,1.0897,3.2788,2.2879,5.9507,3.0287,4.4317,3.5461,1.4401,6.1185,3.2405,2.6755,3.3304,4.1516,3.6101,6.2978,6.2209,1.5968,3.4738,1.8990,3.2197,2.2164,5.5995,3.3008,1.4701,2.7198,1.5992,2.5304,2.5866,2.5702,1.4323,1.5443,2.1414,0.9540,1.4949,2.0129,1.1882,1.5179,1.9833,1.7149,1.6639,2.2980,1.1808,1.7698,1.6585,2.5342,3.2930,3.9044,1.1181,2.7261,1.7543,1.6229
2-Aminobutyric acid,2-Aminobutyric acid,0.6382,1.0879,0.3046,0.8437,0.0948,0.3514,1.4558,1.4942,0.1203,1.6783,2.0272,0.2687,0.9143,1.3231,2.3427,0.4755,0.1605,1.8340,1.0462,1.1302,0.5196,0.1836,2.3123,1.6962,1.4111,1.3018,1.4726,2.4635,0.1062,0.3806,1.0384,0.1594,0.0903,0.0424,0.7767,,1.3987,1.0035,1.7571,1.2215,0.0494,0.8962,1.0607,0.4130,0.5650,1.1221,0.1432,0.7911,0.9271,1.2095,0.3855,0.9551,1.8417,0.8985,0.0676,0.1013,0.0419,0.7487,0.2993,0.9574,1.0493,0.5446,1.1850,0.6091,1.3187,0.6836,1.2275,0.4619,0.2860,1.2623,1.9508,0.7893,0.9660,0.1135,1.4478,0.8710,0.8790,1.7524,1.6685,0.2297,1.9290,0.1026,2.4579,0.3833,0.6515,2.1049,1.6498,0.0301,0.6800,1.1239,1.7460,1.7274,1.2383,0.2264,2.4246,0.0735,0.0509,1.4368,0.2178,0.7636,1.0009,0.2608,0.1303,6.6936,6.2704,6.8697,6.7589,5.6247,7.2994,5.4888,6.1904,7.2229,6.7002,11.0666,6.3465,12.6693,8.1230,6.0275,8.1634,13.1057,7.5075,8.2193,9.8608,7.5635,5.0638,6.7709,10.5296,13.5460,9.1573,10.9326,11.0924,10.1735,5.1772,10.3978
2-cholo-phenylalanine,,15381106,16109640,15435691,13217114,12329912,11256458,14222316,13536026,14201855,66088992,8179737,18309765,12957351,14183793,13824626,13930424,13457645,15278971,15446057,15329871,18588548,11022506,15250607,14055960,14475474,14490627,30405296,13512763,11659540,13235654,19074138,14994909,17566975,16757641,18050879,31520884,16878888,11675541,28294433,12946125,13580255,13131478,9411993,11464634,11909601,18205722,11926376,11794385,12828064,11845151,12151248,11997745,12732226,13237265,13664864,11891783,18716890,11911481,11805538,18441556,14133392,13661433,15085071,18513115,12636230,14921612,18981121,10972909,14171967,17252486,14923079,16673154,19633125,15840450,17983628,16969788,14625133,15373561,11595370,13200536,15221378,15622079,18114674,18110239,10830255,4181,8976180,12540793,12039615,10678322,17944560,10416570,11004729,12379320,12017942,12321891,10780144,11796500,13243990,17981345,10346217,14425221,14867760,15112845,14205857,12384798,14396376,14570843,17835566,12547577,14824953,14152593,15986556,15988948,17505461,16532735,14818718,15168482,15485907,16350273,15729629,14255897,12092117,10117683,10473110,10007353,9490044,11233051,11695912,12111170,14763788,9390914,11711433,12300088
2-Deoxyribonic acid,2-Deoxyribonic acid,3.1105,3.6289,4.3245,2.4023,5.2060,4.2418,3.5911,4.1880,4.0182,2.9426,4.4884,4.9219,5.0896,3.6960,2.3865,3.1298,5.0435,3.8313,7.9895,3.3485,3.9451,3.3515,3.0917,2.9623,4.5439,2.5601,3.9408,3.6472,4.5954,4.6158,4.7667,3.3924,3.3425,4.4755,4.8455,3.4308,4.5948,3.9114,5.3011,3.5774,5.9646,3.1158,3.4042,3.5683,2.6566,3.0465,3.9475,3.8860,2.9126,3.9263,3.7811,4.1196,3.2916,6.9050,5.7252,3.6544,4.1830,4.0681,6.3327,4.4012,4.8196,2.7779,3.3364,3.8447,4.9260,4.3329,4.2590,3.9052,4.2195,4.2367,4.7042,5.6138,4.6224,2.9427,3.8675,4.5158,3.9484,5.1396,3.6601,4.6583,5.6322,3.6612,3.1789,6.1187,3.4987,2.7925,3.6810,3.2658,3.0724,3.9641,2.8437,3.9057,3.0838,1.2303,4.5529,2.8166,3.3125,2.8669,3.4444,5.8737,2.7986,6.1501,6.9671,2.8456,1.3711,2.9526,2.1025,1.2342,3.7750,1.2626,1.3612,1.0916,2.8152,2.7605,2.7730,1.6344,3.1098,2.6614,2.9179,3.9067,2.7748,2.7425,3.7534,2.9865,3.0751,4.2522,2.6385,2.7913,1.1923,1.1765,2.0045,0.5001,1.7118,2.6070
2-Furoylglycine,2-Furoylglycine,1.3801,1.5374,3.1099,1.3840,1.8268,3.1194,2.8053,3.0766,2.0002,1.6426,2.1977,1.7758,1.5487,1.8452,1.7045,1.7421,3.8938,2.6817,1.7811,2.5506,1.6138,1.6969,2.7790,2.2016,2.1679,1.5009,2.8110,2.4941,1.6741,1.5547,2.1081,1.6486,2.3095,2.3788,1.8021,2.0029,2.1859,2.3508,1.9117,1.8558,4.1278,1.1361,1.9752,1.1350,2.4120,2.4231,3.4057,3.7690,1.4989,2.1446,1.8331,1.3646,2.6555,3.2201,1.6491,1.5512,2.3119,1.9262,2.3163,2.2884,2.8821,1.2183,1.2361,3.5953,2.2719,1.9253,1.6047,1.6357,1.4837,2.4871,2.0545,2.2018,2.3119,2.1517,2.0975,1.5078,1.7322,2.1208,2.4486,1.6863,3.8364,1.5537,2.8000,3.0030,1.7279,2.3136,1.8754,2.4312,1.5658,2.1810,2.8409,2.3675,2.0098,1.8626,2.2523,2.8540,1.5212,1.8924,1.3516,2.9284,1.5609,1.7046,2.0080,4.0595,4.7968,5.3771,4.2358,4.1179,5.3107,3.6670,4.8285,5.0866,4.4877,5.2942,3.7463,5.4179,4.1616,3.2858,4.9957,6.7471,4.1033,5.5284,5.8203,4.7783,2.6576,3.6456,5.7489,6.5210,5.7269,7.2186,6.2351,6.0980,3.5621,4.8628
2-Hydroxy-2-methylbutyric acid,2-Hydroxy-2-methyl-butyric acid,7.7790,7.6813,9.1813,5.8133,7.7516,5.5119,7.0014,11.4566,9.7773,6.4659,6.3409,6.8761,7.8925,7.4042,6.0499,5.9619,8.7368,10.5989,7.5827,9.3756,7.5779,16.1650,9.1905,9.7258,7.9149,6.6819,7.3543,8.4778,5.5403,7.4597,6.7750,7.8808,8.5372,7.5857,8.1941,7.8625,8.6849,8.8254,8.4485,8.8183,6.7417,6.1608,8.7561,6.7642,6.6156,6.4080,8.9082,7.9568,5.8963,8.6470,8.6668,7.9064,9.6870,9.0193,9.1744,6.4159,5.7972,8.6452,9.2098,6.2368,0.8294,5.8865,6.7499,6.6263,10.9387,6.6064,8.6878,6.6197,12.6163,7.1230,6.7464,7.9129,7.2435,8.3096,6.1422,8.5719,9.6233,6.6467,8.2199,9.0896,7.5867,4.9754,10.1115,6.4008,8.4989,7.8582,10.8228,7.3658,6.2182,6.6415,5.8746,9.5510,8.8583,5.5606,5.6765,8.1193,7.9772,8.1436,8.3266,5.5376,7.0089,7.8226,9.9493,6.0427,2.0522,8.6512,6.2531,6.7967,5.5217,7.6728,7.0595,6.6523,6.1497,5.0688,7.1216,6.4489,7.2094,7.4763,6.2339,6.2044,5.3779,6.6651,7.5960,6.0333,6.4785,7.8372,6.7322,5.7722,5.7369,7.0717,5.0279,7.0349,8.1112,5.9034
2-Hydroxyethanesulfonate,2-Hydroxyethanesulfonate,1.2472,2.1553,1.7185,2.7984,3.0744,1.7993,3.4956,3.2314,1.9801,1.7493,2.4791,1.6543,1.7863,1.8340,1.6631,2.3237,1.9674,3.3003,2.6342,2.5510,3.2891,2.4608,2.4366,2.5234,2.0093,2.0853,2.8497,2.6108,1.1324,4.2988,2.8442,2.7115,1.9765,1.1298,2.8816,1.0763,3.0336,2.8545,2.3443,3.3650,3.2787,2.2252,2.2743,1.8678,1.8308,2.0841,2.9078,2.5523,1.6896,2.2321,1.9279,1.5109,2.2315,1.6792,1.9495,2.4084,2.2131,3.1517,2.6543,2.3284,2.4583,1.5453,3.1120,2.8077,3.0106,1.7238,1.9273,1.5070,2.6030,2.0941,2.9196,2.5328,2.6822,2.7026,5.3803,2.3129,1.6967,2.5077,2.6473,3.3750,3.3807,1.0333,3.6058,4.5186,2.9909,1.3490,2.9532,1.8567,3.5557,2.4042,3.1333,2.3938,2.4749,1.2245,2.0656,2.8203,1.0635,1.4006,2.3003,3.6117,2.0599,1.4786,1.7027,2.0229,2.4827,2.3474,0.9264,2.4751,1.8388,2.1214,1.5024,1.4189,1.8660,1.3575,2.0214,0.1558,3.2590,1.7061,0.0412,2.1084,2.6424,1.7598,1.4657,1.5279,0.1489,1.4234,2.6253,2.1541,4.2633,1.9824,1.6491,1.1276,1.9361,1.1507
2-Methyl-3-hydroxy-5-formylpyridine-4-carboxylate,2-Methyl-3-hydroxy-5-formylpyridine-4-carboxylate,8.9396,8.4919,9.2100,4.8537,10.0036,7.0829,10.4871,12.5571,11.9259,6.6481,12.7674,12.1872,8.5749,6.8183,8.0211,6.9784,10.0048,10.2702,14.6602,8.8724,7.8338,7.3737,7.9701,11.3081,8.1063,8.0515,7.2811,10.3642,4.8474,10.1852,6.3681,8.3218,7.0499,7.9524,10.3908,7.7914,6.7672,7.7591,7.4744,9.2430,8.7315,9.7476,6.2946,7.9677,7.8236,4.0801,5.5785,7.0295,6.1637,11.2368,9.5124,11.4750,6.5861,7.0887,12.0224,7.7528,4.6835,14.0365,13.5672,6.9434,13.9116,8.3837,7.4454,5.6561,9.0101,6.7150,10.5307,10.0604,18.3127,7.4669,8.2886,8.7817,8.7608,10.3545,8.1922,11.5767,11.6432,5.4358,7.6090,7.7202,10.6903,4.8004,10.1253,6.1703,9.5712,6.9175,7.4160,7.3686,9.5784,9.1286,8.0240,8.5574,7.5075,5.1649,8.5909,10.4635,8.6760,10.2650,8.5938,6.5802,7.9565,5.5364,8.6763,8.4430,16.0411,24.7922,24.3408,21.3698,14.0551,23.0078,8.5913,17.0473,9.1521,14.2429,36.1862,12.3249,8.8847,16.4224,8.9528,6.1907,10.4570,13.1137,11.5016,5.4365,9.5286,6.2495,10.3875,9.6602,9.7756,7.3895,8.7228,9.0915,7.6321,22.4326
2-Phenylacetamide,2-Phenylacetamide,0.2707,5.2199,0.4564,3.1403,1.0161,0.4616,0.2068,0.6059,0.0618,0.8062,1.0445,1.9154,3.3924,0.3472,0.2664,1.0879,2.7400,3.4128,0.2050,0.6061,1.3466,1.9918,0.7861,0.5324,0.5917,0.8321,1.1921,0.9142,0.6148,0.3683,0.5855,4.1967,0.1078,2.0003,0.5390,2.2189,0.4674,0.7180,0.8877,4.5269,0.2321,10.5179,0.1439,0.2587,1.3046,0.7076,0.2910,0.4563,0.8888,1.1958,0.2916,6.3840,0.6788,0.1250,1.4436,1.1304,0.8874,0.8696,1.6400,0.3568,11.8098,5.2780,1.2390,5.6582,2.3323,2.4001,0.5586,0.5568,0.8496,2.3521,1.3474,1.2686,3.0535,0.2296,0.2476,0.8912,1.6095,1.6479,1.2082,0.6396,4.5014,0.3292,2.2950,7.8046,1.9662,0.2399,0.8184,1.0130,1.7512,1.2325,0.9747,1.0027,1.6345,0.4048,0.6230,1.9007,0.9668,3.8796,4.4182,2.1677,5.3593,0.7057,1.7732,0.4961,0.8887,5.6200,2.1847,0.6000,0.2267,1.6409,0.6521,0.5964,0.5321,1.4452,1.1051,0.3682,8.7209,0.1827,0.2388,4.8533,0.4572,3.8937,0.1868,0.5970,1.0002,0.3330,0.3089,1.9504,1.5501,0.7163,0.3371,0.2265,0.8302,1.5946
3_3^_4^5-Tetrahydroxystilbene,Piceatannol,1.9947,1.0707,2.3806,0.6248,0.4973,2.4087,4.2304,3.2073,3.0326,2.2895,2.6860,0.3284,2.4380,2.8948,1.8178,2.4458,2.9329,2.8775,1.8429,1.2458,2.7673,2.3603,2.0026,3.4624,3.5658,2.8970,1.3953,3.1810,1.6282,2.5652,3.1052,1.5383,1.7933,2.0342,2.6725,0.6419,2.7985,3.9237,3.0960,1.5964,1.5812,1.7308,2.2636,1.5934,2.2661,2.5410,1.0258,2.2852,2.1106,4.1663,2.4932,1.9943,1.3647,1.6817,0.8752,1.1279,0.4003,2.5039,2.8157,1.5575,2.8124,1.6174,0.9057,1.2844,0.7789,3.2664,0.6887,0.9454,3.4966,1.4482,2.4463,2.0634,1.9355,2.3740,2.4151,3.5202,2.5392,2.6915,3.0358,2.1927,2.2575,1.4794,2.8043,0.4506,1.9404,1.6533,2.2401,1.9011,2.0774,1.0975,2.6973,3.0865,0.8988,3.2079,2.5679,2.6398,2.7475,2.9018,0.2409,1.3005,1.8159,1.4990,1.6542,1.2335,3.2576,3.0092,1.4534,3.2829,0.3618,2.4481,2.8013,3.0717,0.9449,1.6096,1.5268,2.5781,1.7691,1.5991,1.3847,3.2753,0.0508,1.5178,1.1682,1.7741,0.9629,0.7199,0.2139,2.0644,1.0443,2.9689,1.5601,0.0272,3.2096,1.7052
3_4_5-Trimethoxycinnamic acid,"3,4,5-Trimethoxycinnamic acid",6.8218,2.0023,8.3998,1.3862,2.5211,1.6825,8.6220,3.1052,0.8016,4.2967,3.1978,0.6560,5.6641,1.0451,0.6071,2.8450,2.3268,5.8292,6.9905,2.3392,9.1748,1.2915,0.8453,1.0450,2.3706,0.5755,18.6952,0.4273,0.5699,14.1313,2.3615,1.4534,0.6740,1.0393,1.8013,0.9645,10.9851,4.8717,3.8285,9.3607,10.9886,0.5946,0.5061,6.7686,4.5659,0.6379,1.2170,3.1589,0.7584,2.3135,9.2543,4.7216,0.5144,0.3949,8.3274,5.3560,1.4457,6.8920,1.8546,0.8261,10.4336,0.4617,2.8328,1.9006,8.6525,8.9532,0.8498,0.5523,6.3807,1.0316,1.2156,3.8280,0.5450,1.5095,0.9544,4.9715,3.3953,0.7106,2.1071,0.9275,4.8740,0.3515,1.5283,1.4644,3.8640,2.7298,12.3115,1.4143,2.7168,0.3369,1.0633,3.5055,0.7387,2.3259,0.2741,17.8951,0.3561,0.8210,1.7538,5.0291,2.6960,0.4127,5.0779,0.3488,1.0847,1.1740,0.7349,1.0060,0.6558,0.8200,1.1393,1.1641,0.7106,0.5887,0.5793,0.6920,0.5896,0.7742,0.4265,0.7150,0.3441,0.4314,4.2919,0.4836,0.8247,0.3933,0.3154,0.6899,0.3881,0.4429,0.7207,0.6549,0.3836,0.4648
3b_16a-Dihydroxyandrostenone sulfate,"3beta,16alpha-Dihydroxyandrostenone sulfate",10.3993,4.0198,2.1294,1.6564,1.4505,1.9748,6.4150,10.2326,7.4350,2.8286,7.6504,3.0007,2.0548,1.8346,1.0203,,3.8503,17.6975,1.0834,1.6404,3.2186,1.8437,8.7215,8.5121,2.2401,2.1940,1.1997,2.2813,4.4188,3.2068,5.9555,0.7470,1.2729,5.3943,5.7217,5.6152,0.5395,2.5662,38.8895,5.4709,0.4659,1.1129,7.1319,6.0066,2.1684,1.3283,2.8494,22.0652,1.1151,5.9522,1.9500,2.0671,2.6781,2.1311,8.0375,5.7860,1.2784,1.7932,2.4352,7.3422,3.1621,1.5382,2.5338,2.4389,2.4904,2.6888,13.5825,10.2940,2.3061,5.5155,15.6832,2.5777,3.1722,1.3944,1.7150,2.0512,0.9891,1.0235,2.6119,5.0700,4.3890,12.9423,5.5233,2.8854,7.2064,2.5476,6.1608,1.7753,1.1711,1.1913,1.7630,4.6914,0.5205,2.0671,0.2409,3.4636,6.6930,3.8620,5.9322,2.3306,2.3568,11.4655,2.9529,8.6321,6.4199,10.2913,8.2218,8.7192,10.2276,6.0955,10.2735,10.4212,7.2431,4.4085,8.9311,6.7762,7.4219,7.3974,3.7925,7.2707,8.0943,12.6121,23.9292,7.2607,6.7986,3.0573,4.8196,4.8784,11.8066,13.7660,9.2637,4.8995,5.6410,4.8908
3-Furoic acid,3-Furoic acid,2.4215,2.0168,1.2710,2.7681,2.3013,2.5118,2.4995,2.6746,1.8716,1.6363,1.7188,1.7809,2.7812,1.6793,0.9852,0.7808,1.9035,1.6006,1.6960,2.0463,1.8130,2.3365,1.4253,1.6653,1.5011,1.9174,0.9625,2.3648,1.5022,1.5648,0.9419,2.3729,1.6289,0.6905,1.5083,1.1527,1.5824,1.8651,1.4262,2.1414,1.2919,1.6346,1.7595,2.2616,2.7589,0.6997,2.0113,2.5990,1.5579,1.5451,1.9751,2.2813,2.0709,1.6493,1.5624,2.3285,1.2386,1.6099,0.7349,0.9489,1.8434,1.5432,1.7203,1.5897,2.4053,1.3228,1.4116,2.2977,3.2847,2.0747,2.0937,2.3615,1.5540,1.7122,1.3681,2.2407,1.1805,0.9312,1.6984,2.3232,1.9934,2.3179,1.7476,1.6461,2.8404,1.2585,2.4582,3.1810,2.7283,2.4062,1.5566,2.2567,2.5461,1.5191,1.0893,2.1300,3.6169,1.7167,1.7996,2.6992,2.3966,1.8489,2.1027,2.3940,1.0964,1.6416,1.4148,0.9967,1.2026,1.0144,1.5286,1.2973,1.7134,0.7715,1.3897,1.4807,0.9922,1.1773,1.4706,0.9800,2.0180,1.4995,2.0344,2.1881,0.7457,1.7733,0.9601,1.2648,1.1685,1.6771,24.6513,1.5474,1.4966,0.9275
3-Indolebutyric acid,3-Indolebutyric acid,0.3735,0.6321,0.5508,0.4759,1.5758,0.7841,0.5382,0.8431,0.5904,0.4114,0.6728,0.5357,0.2291,0.7380,0.5406,0.5246,0.7773,0.4487,0.9010,0.9673,0.7951,0.8751,0.5706,0.4327,0.7184,0.3795,0.5375,0.4019,0.4527,0.5163,0.4996,1.0315,0.5589,0.5328,0.6249,0.5780,0.6986,0.7285,0.5945,0.6820,0.4849,0.6094,0.4400,0.3726,0.6347,0.2322,0.5400,0.5250,0.3293,0.5847,1.3730,1.2208,1.8331,0.6424,0.6318,0.4282,0.5548,0.6577,0.6898,0.2912,1.0493,0.4124,0.4638,0.4539,0.5651,0.9024,0.4941,0.4507,0.6218,0.5069,0.3568,0.6421,0.8537,0.5085,0.3326,1.5369,1.6111,0.5328,0.5155,0.6325,0.6355,0.4422,0.6318,0.2470,0.3708,0.4782,0.5875,0.6546,0.5184,0.5061,0.4273,0.6282,0.5984,0.5312,0.4730,0.4353,0.9402,0.6165,1.3365,0.4640,0.4224,0.8473,0.6869,2.2006,4.1392,8.3539,10.4535,2.2395,6.4116,2.8944,2.3402,2.2380,5.3862,3.7982,6.0551,0.2494,6.0487,7.2082,0.2063,1.7629,1.8496,5.9934,3.8898,0.5110,4.6693,3.9865,3.1754,2.5520,1.3425,1.3835,3.4233,0.5475,2.3071,3.8404
3-Methylglutaconic acid,3E-Methylglutaconic acid,12.1835,27.7694,18.3090,9.5388,10.0442,13.6860,8.5905,13.9551,13.4472,15.5712,26.5501,35.7164,24.0108,24.9351,22.5478,7.1916,15.0284,12.1572,7.3093,8.7703,9.1148,21.1306,24.8686,10.7664,10.2148,5.8634,10.9313,7.3301,25.6541,11.5894,12.8613,11.5853,2.0811,19.0847,11.6934,39.3401,11.4546,10.5913,12.9711,34.9403,12.9393,7.6253,22.2079,7.0504,20.2862,14.2547,8.9078,16.9872,7.9248,9.9227,12.1684,10.5448,24.7062,17.2198,13.0908,8.9026,12.9337,10.4474,14.1749,12.2454,30.1271,15.6970,6.3556,20.5947,10.8459,7.4308,17.8615,14.6769,19.5175,28.7422,9.5386,10.6279,11.2004,15.3378,1.5889,24.7396,12.9358,11.0493,11.4286,12.9858,12.7410,13.3734,12.9159,8.6021,9.3782,10.2985,8.3584,12.9242,10.3408,6.9565,28.2464,16.0004,19.8103,11.3048,11.1755,12.5469,27.8004,15.6969,11.9219,5.9909,7.7828,16.2991,19.8451,7.6387,7.8594,10.6296,7.9610,7.8112,3.7300,6.7407,0.9111,1.0722,8.4985,7.8433,10.3546,0.5268,9.1339,8.9193,1.7240,9.3043,7.9238,9.8450,8.4570,0.6059,15.2682,7.4273,7.4427,7.1860,7.2534,6.4118,8.2459,5.9884,8.8798,7.1637
3-Pyridinebutanoic acid,3-Pyridinebutanoic acid,66.2743,78.9430,52.7730,50.8182,64.9582,52.9272,70.1547,67.2645,56.9766,51.9819,71.2938,53.8172,71.0035,72.5471,53.4804,50.6817,56.2492,71.3796,101.4865,62.2882,67.8722,68.2431,61.8996,68.9385,71.4631,56.7230,45.6825,84.4163,57.6397,62.9313,70.3078,50.6418,45.2236,53.7785,53.7662,38.4759,54.9701,68.9565,61.8375,52.9513,95.6441,70.4722,67.6227,62.0581,65.1992,49.2946,56.5048,70.0612,60.1290,70.8612,44.5135,67.5659,63.1311,78.6808,79.4022,61.7828,55.5243,61.2276,93.8431,68.8582,64.0878,71.6480,58.9986,61.3566,74.5128,68.5676,56.3418,56.8816,62.7473,58.4387,68.7246,59.6830,64.8402,64.9610,81.3616,66.9482,57.8659,81.1700,66.2582,55.5716,82.9237,60.6835,31.6107,66.8012,58.8065,69.7671,90.5553,63.4084,47.8547,74.5479,52.8750,73.1490,48.9289,43.8368,80.3683,43.0536,64.9133,56.4281,41.7099,87.7932,60.8996,61.8054,81.1722,189.0086,175.5517,185.0543,169.0114,136.9470,126.4289,123.6205,121.2744,145.3399,130.7849,164.6479,145.9871,150.6949,146.3347,139.7140,133.7282,113.3721,193.6954,180.2347,194.2618,182.8889,153.5351,161.9627,115.5616,153.2618,152.0203,107.9693,137.8752,133.8004,113.2176,172.0851
3-Pyridylacetic acid,3-Pyridylacetic acid,2.3565,3.5653,3.4300,4.0299,2.9103,1.7650,2.6873,4.1064,4.4707,2.8706,4.9296,4.0138,11.4830,3.0274,1.5207,2.4570,3.2363,21.1842,18.7709,10.7969,4.0266,8.0745,5.3117,5.5334,2.4431,4.5291,12.2549,2.9577,3.4233,3.4273,6.9702,13.9606,3.9264,7.2748,5.0044,14.0400,5.2411,2.5335,3.2697,17.5887,4.6054,1.7043,2.3496,3.0475,2.2610,2.5658,4.8472,3.3165,7.8703,4.8505,3.8815,6.4996,8.7144,5.4805,4.9450,9.0349,2.7223,28.6176,8.0875,3.8637,16.5321,4.3289,3.6766,3.0683,9.0344,4.1907,2.4156,2.6966,3.7726,7.0375,9.5167,2.3500,2.6568,5.6247,3.5145,5.9829,2.5574,8.0336,6.3060,4.2426,5.0781,2.5813,5.5595,3.0245,4.6878,2.8480,5.0608,2.7262,4.2653,2.5057,8.5064,3.7053,3.2212,1.6686,2.7767,3.3184,5.9762,2.7728,14.7702,3.6553,4.6337,4.9439,5.3494,6.1941,3.4016,3.8504,2.5803,1.5160,1.9756,2.0122,6.2662,5.8858,3.9928,2.9032,4.2649,2.1619,46.3104,3.6423,1.9984,3.3264,5.8843,2.0442,4.1247,5.3895,8.4677,2.7901,5.2714,7.7047,12.0566,7.8677,3.6280,7.8937,8.1950,2.8870
4-Hydroxybenzoic acid,4-Hydroxybenzoic acid,8.3844,9.9989,5.3749,4.7350,10.2687,5.9286,8.1770,6.9862,5.3902,7.1205,13.3810,5.1572,5.9889,5.2520,6.2795,11.1966,8.3052,6.6288,5.4982,7.5512,6.8005,8.5652,5.9415,15.4596,8.5604,3.4800,7.1186,8.9048,5.2229,6.5907,5.1805,12.2066,7.8217,6.1902,4.4623,5.9989,5.0734,4.6392,14.9736,8.7310,7.4035,3.6955,5.4983,8.3762,5.7125,3.7862,3.6204,6.7321,4.5683,7.7032,5.3890,37.1966,5.3708,3.3085,7.1531,4.3223,2.9001,5.8576,4.7666,4.6445,15.5693,7.7645,4.4675,9.7396,12.9460,8.9962,41.1735,11.2639,5.1684,6.7862,5.6012,7.1604,6.0272,7.6523,9.4495,8.5133,4.7796,4.7388,4.1901,6.4563,4.6768,3.4936,7.0548,9.2888,4.9968,3.7539,16.9404,5.5767,3.6613,4.2844,5.8842,58.6604,10.6135,3.9825,5.6139,7.7691,6.8467,4.4262,5.6979,4.6203,4.1000,9.9676,5.9804,4.7313,57.1809,9.6702,522.8788,8.1604,1898.4390,7.6142,7.3213,7.7750,507.5897,6.4493,5.9658,5.0140,5.1415,4.5881,1522.0978,4.2861,4.3032,11.5346,3.8397,1033.4161,4.8121,5.2809,4.1572,8.6899,5.3159,5.3987,4.1627,4.5744,3.9251,6.1506
4-Hydroxybutyric acid,4-Hydroxybutyric acid,105.7055,63.5691,98.4370,68.0193,70.5142,151.4888,153.2237,72.9234,112.7939,49.9171,86.1512,23.5845,129.2294,128.1463,153.0722,63.5389,70.3460,89.6111,69.8296,137.0666,102.6082,180.1459,78.6339,92.0578,128.8787,91.2031,104.4156,47.7469,135.3687,56.5120,94.1391,60.8987,94.0561,51.2076,72.3953,55.6529,89.6265,85.4931,126.1858,53.0296,151.2344,52.2009,126.4885,80.4241,154.2937,109.7787,107.5687,98.3447,81.7717,64.7096,94.8054,77.4920,102.5564,250.6572,82.0777,52.7684,83.0081,80.9405,164.3016,163.3959,80.6578,69.4508,67.1830,106.9767,224.8573,62.4852,94.0904,108.1800,129.8142,63.3097,79.8692,115.0445,77.5397,88.7928,61.8459,98.2039,83.6002,74.9177,79.7149,58.7725,86.2282,130.6279,41.6188,63.1181,80.2645,138.0825,81.3418,90.3449,49.9423,152.8849,51.2510,74.4159,23.5888,98.8685,200.2775,107.8810,157.6569,164.0943,29.8068,69.5870,84.0315,123.9080,195.2954,120.8372,115.1650,83.2214,85.8745,123.0732,116.5162,90.6436,80.5547,104.0054,47.3134,73.0005,47.8323,84.3267,42.4597,73.1773,41.1470,58.5722,116.2496,59.0128,32.0165,98.9929,159.8257,93.6379,87.6216,57.4831,38.7558,220.2339,76.4394,64.3974,54.2989,81.4804
4-hydroxy-proline,cis-4-Hydroxyproline,3.9839,5.8639,8.5673,3.6917,8.2324,7.9303,4.2621,6.8417,8.8923,3.8922,6.4759,5.3197,6.8436,5.2347,4.7097,5.8615,8.8517,6.7908,12.9597,6.5575,3.7643,4.3777,8.2158,8.5510,12.7039,7.4585,4.0779,3.1987,4.6908,7.4542,14.9425,4.8735,4.7251,3.1732,3.5133,4.5207,4.3921,4.7710,8.9794,4.0534,12.1390,6.1464,3.8888,6.8086,7.2770,5.8763,4.0534,6.1043,3.0318,5.8948,8.1225,6.7146,9.2228,6.0160,6.5289,3.6147,8.5265,9.9143,7.1837,5.9048,8.0099,3.7114,7.0461,8.0842,8.1437,8.8750,3.0371,5.7997,7.1366,4.5115,6.8195,5.2749,9.5861,6.3098,3.6285,13.7388,6.9732,5.7165,6.7148,6.2408,4.5911,6.3033,6.2811,4.9400,5.7750,6.1365,7.3839,8.0392,3.1909,4.6288,6.7766,6.8465,6.7316,6.4462,3.6260,5.3203,4.2796,6.9343,3.6595,3.1566,5.1662,3.5369,7.2563,8.9528,7.5071,6.5318,3.7226,6.3853,7.5714,5.3334,5.2193,4.6430,6.2488,4.0402,7.5995,4.4343,2.8764,7.3124,2.5512,4.6390,9.7760,6.8434,5.5001,7.0432,6.3772,8.1779,3.1290,6.3611,2.4457,6.4064,2.9909,4.1874,4.1749,4.2752
4-methyl-2-oxovaleric acid,Ketoleucine,96.1092,87.3218,95.2931,58.5674,89.8222,90.1109,80.7063,130.6014,105.1284,82.0801,70.3443,88.7707,136.0389,108.9839,99.4938,74.6421,87.5006,73.4344,118.4956,85.9101,110.0259,81.8320,80.4270,75.9517,121.0871,70.5156,65.0353,61.4010,108.3879,69.2048,75.5964,57.3141,93.4185,70.3382,105.2140,57.8639,64.1033,80.1733,82.5181,55.6284,110.4877,63.1025,84.4547,105.7874,75.6860,75.8481,77.1384,98.2559,67.0538,109.6637,73.2221,70.1386,98.1286,122.8888,88.9500,106.0018,53.8804,80.3067,157.8479,96.2230,85.3505,99.0691,85.9596,67.6795,150.2301,120.5028,71.5504,114.7572,139.0226,35.3044,83.9839,78.8240,96.2823,50.0023,75.9028,102.0904,74.6853,99.0409,66.1122,68.8097,77.1710,72.3508,44.1320,93.3738,91.4011,96.7402,70.5086,79.6467,74.1864,117.9344,50.5955,86.0675,142.7757,89.3018,114.4072,72.2310,86.8523,109.0393,58.7879,90.1471,73.9072,97.0750,111.4848,10.7025,23.0661,50.9456,25.1305,20.5729,29.1431,22.5044,19.5126,16.6853,36.5040,39.6307,42.7042,54.7298,54.4683,22.9242,22.4944,42.4723,10.0488,34.2360,25.5968,41.7713,76.4030,73.7929,48.1532,26.9364,12.7704,19.4208,23.3575,1.2804,28.1219,47.7625
5-Acetylamino-6-formylamino-3-methyluracil,5-Acetylamino-6-formylamino-3-methyluracil,11.8106,8.7181,10.0909,13.9183,9.9551,10.7892,8.3122,12.0986,11.7004,6.6628,5.7394,13.8788,9.0187,11.3163,8.4119,7.1129,13.2985,10.2574,8.0347,8.9445,8.9871,16.3717,8.4390,10.3740,8.8714,6.5498,7.2485,7.7830,15.9902,8.3893,10.3896,8.9767,7.2984,14.4599,8.5890,16.7191,8.3303,8.5070,9.5526,9.1726,18.7196,8.8303,14.3589,7.3105,19.9183,10.6312,9.0176,11.5280,8.1784,9.3499,10.2553,9.9943,8.2884,13.7717,11.0161,8.0231,14.1446,9.6169,14.6328,9.4364,9.5451,10.1290,6.2627,16.7101,11.7956,7.3436,8.7201,8.9574,13.2879,7.3184,9.5898,7.6502,9.8276,12.0920,8.9389,10.6779,9.7038,7.5760,8.4922,8.4029,12.3980,13.4320,9.8820,8.7502,12.9882,9.1723,6.5788,11.9370,9.2064,7.2762,7.7062,11.9037,11.9832,12.7602,9.7467,8.8759,20.3866,12.5036,9.5364,6.6093,8.4779,13.0391,15.9492,11.5045,9.1265,10.9624,10.8578,7.5960,7.9332,4.6201,3.7568,5.9196,8.3972,8.9969,10.4127,0.2525,10.1426,9.5786,0.2965,9.9743,11.4986,10.1189,18.0872,8.2890,21.1820,8.8856,8.3871,9.9920,10.3056,6.3354,8.2672,5.3688,8.5131,9.4484
5-Amino-6-ribitylamino uracil,5-Amino-6-(D-Ribitylamino)uracil,0.0526,0.1479,0.1258,0.0906,0.0950,0.0932,0.1206,0.1182,0.0709,0.1080,0.1291,0.1337,0.1281,0.0543,0.0433,0.2535,0.1025,0.1145,0.0640,0.1039,0.0696,0.0634,0.0743,0.0540,0.0971,0.0725,0.6734,0.1672,0.0924,0.5601,0.1376,0.1446,0.1633,0.1187,0.1314,0.1146,0.1532,0.1079,0.1303,0.1865,0.4555,0.0974,0.1603,0.3203,0.0769,0.1183,0.0957,0.1300,0.0831,0.1043,0.1182,0.0815,0.0965,0.1776,0.0768,0.0677,0.1136,0.1839,0.1177,0.1280,0.1499,0.0713,0.0649,0.1463,0.1381,0.0803,0.0738,0.0634,0.1639,0.1438,0.1646,0.1834,0.2264,0.1288,0.1368,0.0979,0.1784,0.1271,0.1942,0.1118,0.1155,0.0690,0.1175,0.3330,0.1396,0.1208,0.1791,0.0895,0.0858,0.1209,0.1822,0.1615,0.1180,0.0455,0.1493,0.6949,0.1108,0.1267,0.0932,0.1085,0.1472,0.1323,0.1215,0.8199,0.9853,1.4556,1.0435,1.1495,1.0659,0.9167,0.8228,1.1206,0.4630,0.6528,0.9272,0.5556,0.7752,0.7804,0.8448,0.4613,0.7891,1.3904,1.3237,1.1237,0.5838,0.9003,0.3912,0.5574,0.6134,0.7195,0.7100,0.5998,0.8422,0.6348
5-Methyldeoxycytidine,5-Methyldeoxycytidine,13.1260,2.6691,4.5785,5.0438,1.5892,1.0968,17.6202,2.4329,0.5823,1.6984,1.6519,0.3544,4.9621,1.3781,0.6052,8.8567,1.2504,11.6277,10.7837,5.5139,16.4054,4.0498,0.4674,1.1096,2.5774,0.8546,17.4244,0.3184,0.1273,10.2158,2.6669,0.4643,0.4470,1.9850,1.1604,2.1837,5.2895,4.1825,1.4173,16.8886,12.4953,0.6839,0.1289,5.6576,5.6964,0.4660,2.7088,5.3676,0.6033,9.0554,7.7077,10.7981,0.7530,0.2017,3.5574,2.8657,2.8948,19.8075,1.8149,1.2490,12.2827,0.4082,3.4547,4.3284,28.7702,10.3303,1.6476,1.1633,4.3926,0.7029,1.6059,2.1062,0.3217,6.2855,0.7688,3.9978,2.1770,0.7885,1.5680,0.7937,10.3580,0.7886,2.0248,1.7778,12.9372,2.9443,24.9463,3.1068,2.0228,0.4438,0.8417,3.7689,2.7088,10.9250,0.1746,42.0345,0.4357,1.5615,0.1363,6.4129,5.0654,0.1629,5.2425,0.6231,0.5252,1.2643,0.5974,0.8882,0.3686,0.8538,0.5672,1.1708,0.4980,1.3499,0.2361,0.2363,0.6115,0.2553,0.3638,0.5349,0.4624,0.7766,0.6532,0.7804,0.4783,0.2475,0.1834,1.6409,0.8115,0.5536,2.2510,1.3128,0.3495,1.4901
5^-Phosphoribosyl-N-formylglycinamide,FGAR,1.2127,0.9393,0.9327,1.1367,0.5718,1.2173,1.3007,1.4408,1.5095,0.3624,0.1936,0.9479,1.4170,2.3243,1.9318,0.7267,0.8526,1.3542,1.2582,2.1302,1.1127,1.0416,1.2188,1.3157,1.0636,0.2722,0.7446,0.5073,0.6241,0.5675,0.8116,0.8177,0.7316,0.5323,0.3806,0.7630,0.1207,0.7966,1.6270,1.1846,0.9578,1.0022,1.0462,0.7707,1.6880,1.2678,1.3053,2.0283,0.7647,0.5336,1.5009,1.4386,1.6622,2.0720,0.9888,0.6184,1.8697,1.2467,0.5608,1.1331,1.3172,0.8392,0.9377,0.8660,1.6735,0.6448,0.5887,1.1087,0.9997,0.2685,1.3788,0.1309,1.1950,0.9363,2.3577,1.2818,0.9859,0.8560,0.5335,1.1109,1.9283,1.0049,1.5712,1.6659,0.9802,1.1335,0.3604,1.5403,0.6716,1.2150,1.2810,0.9763,1.7857,1.0434,2.7896,1.3047,0.7162,1.0707,1.0963,1.6135,0.9241,0.9469,0.6904,0.2081,0.4274,0.0681,0.1547,0.1402,0.2603,0.0887,0.0128,0.3883,0.1841,0.2419,0.1644,0.2069,0.2231,0.0532,0.0841,4.5604,0.1599,0.1132,0.2842,0.0831,0.2238,0.2062,0.1500,0.0937,0.0597,0.1571,0.1798,0.1729,0.0823,0.2313
6-Hydroxynicotinic acid,6-Hydroxynicotinic acid,1.4854,1.3913,1.3888,1.1622,1.5909,1.4567,1.3767,1.9919,1.4412,1.3289,1.9602,1.4223,1.4410,1.1704,1.2040,1.4680,1.5996,1.9270,1.3521,1.5124,1.3722,1.4854,1.3181,2.0683,1.5679,1.0484,1.4188,1.4841,1.0889,1.6882,1.3674,2.0178,1.6409,1.2632,1.1915,1.0808,1.1411,1.4620,2.0760,1.5856,1.4247,0.8911,1.2911,1.3430,1.2729,1.2166,1.2389,1.3654,1.2538,1.4661,1.3373,3.7266,1.3073,1.2823,1.6592,1.0797,0.7971,1.6526,1.3516,1.6288,2.3886,1.2937,0.9394,1.6911,1.9765,1.4448,3.6846,1.8549,1.7228,1.4344,1.4868,1.4431,1.7579,1.6001,1.8834,1.5210,1.3072,0.9508,1.1401,1.3365,1.3368,0.8265,1.7415,1.7481,1.3059,1.4041,2.5211,1.1959,0.9204,1.3122,1.7570,5.3092,1.8503,0.8606,1.1247,1.6501,1.3391,1.4667,1.7031,1.3427,0.9801,1.8549,1.5686,1.1276,5.1936,1.7849,40.6635,1.5342,163.5174,1.5692,1.3610,1.3158,40.6505,1.6687,1.5650,1.3389,1.3745,1.0241,126.5218,1.4814,1.1587,1.6342,1.3204,82.1408,1.1877,1.2558,1.3230,1.4800,1.1659,1.4057,1.2238,1.3510,1.2498,1.3224
7b-Hydroxydehydroepiandrosterone,,0.4893,1.7322,2.0304,0.9114,1.1609,1.9398,0.3704,0.5326,0.6723,0.4422,1.0681,0.5649,0.1761,0.3451,0.3212,0.2883,0.3667,1.2664,0.8448,0.6669,0.5305,0.5297,0.8397,1.4480,1.6812,1.0243,0.5527,2.2262,0.5871,0.4991,0.6339,0.7043,0.2472,0.4267,0.6140,0.7060,1.0880,1.2378,3.1893,2.6738,0.8770,0.8518,0.2710,0.5101,0.3650,0.0147,0.8877,0.8100,0.6343,1.1029,1.0309,2.0839,1.3409,0.0490,0.0351,0.1135,0.2468,0.2810,0.1823,0.0298,0.9859,0.4954,0.5804,0.3859,1.2456,1.7039,1.5188,1.3381,2.1570,0.6705,0.0354,0.6906,0.9486,0.5559,0.0263,1.6519,2.0741,1.6283,1.5134,1.3881,2.4568,1.7584,1.9230,0.0160,0.8186,0.7798,1.2299,0.5719,0.9165,1.3124,0.0900,0.9525,0.5585,0.5378,0.7844,1.7756,1.5674,2.6806,0.9596,0.2119,0.0478,0.0241,0.0076,0.1363,0.4085,0.0644,0.2951,0.2514,0.1441,0.3128,0.1432,0.1144,0.2289,0.2290,0.8355,0.1004,0.3153,0.5438,0.1313,0.0073,0.3815,0.7142,0.3441,0.0742,0.2621,0.4133,0.1848,0.3183,0.0454,0.1552,0.0271,0.0453,0.0514,0.0057
Acetylcarnitine,CAR 2:0,42.8520,21.7447,57.7115,49.5377,65.9167,56.3331,76.6151,86.0397,46.0051,46.7625,38.1714,30.0532,37.8649,40.6244,33.7309,24.5713,51.6471,43.7997,40.9309,109.2537,61.1929,41.1080,24.9280,83.6819,30.1519,44.4290,88.3778,41.2087,48.2694,42.4579,58.8708,47.5281,46.9741,44.9619,57.6422,56.1512,68.7569,47.7787,77.5392,55.3682,22.9094,34.4377,45.7778,23.7434,49.5200,54.0207,57.3837,36.3598,36.1949,40.0388,45.8748,37.6532,36.8982,90.1772,53.9428,38.5022,47.1156,49.5124,65.1636,100.7485,83.0334,27.5228,37.1180,36.1715,84.2549,35.8195,46.5438,42.9579,52.6648,53.9291,50.5251,49.0030,57.9543,47.5636,80.1152,41.6028,45.1365,39.7032,54.5771,67.1539,38.4450,30.7342,47.4898,37.3088,50.5415,39.5784,32.5991,29.7313,52.6269,46.3771,26.0403,42.3785,59.1277,38.3990,55.2479,72.7709,46.1966,45.1301,30.9117,49.8148,46.2684,69.4198,54.8480,40.9022,42.5787,51.5273,47.8652,59.1240,64.9741,44.3560,43.8439,34.2498,34.5613,40.7688,27.7361,44.6404,28.9847,32.1176,39.5984,22.3062,36.1567,35.8343,35.0325,43.4885,27.0857,36.8910,40.6555,37.9830,58.3706,114.0437,45.7236,8.7183,28.5969,41.0600
Acetylglycine,N-Acetylglycine,5.0011,3.4498,3.5482,4.7838,7.2800,3.2089,2.7695,13.2851,4.0912,8.4277,7.0254,6.2668,7.8936,3.5085,2.8256,4.5560,6.9816,9.6148,4.0557,5.5347,7.3780,4.9860,6.2426,10.4814,2.5388,8.1330,5.3878,5.9378,2.0143,4.0862,6.6778,7.6745,5.1705,4.2492,8.8030,3.6104,6.8753,4.7645,6.9495,9.9110,1.8493,4.5824,4.5589,5.6058,3.8999,0.9515,4.5465,3.6953,4.6477,6.1102,11.2445,3.0137,10.3181,2.4484,4.2412,3.7224,0.5950,4.5118,4.1964,1.0420,6.4593,2.3657,3.9412,3.4370,9.3963,4.6360,4.4563,7.1152,16.0991,5.8029,0.7170,5.5131,7.6471,6.1602,2.0701,9.6651,7.2453,2.7936,3.1830,6.7894,5.2408,2.8093,4.3667,1.1382,3.6906,1.7342,5.8567,3.2857,4.4954,2.4240,1.1860,8.3688,6.8071,2.2848,3.8841,7.4973,6.5587,5.0503,19.6472,0.5845,4.7779,2.2151,2.8758,3.1171,13.1142,4.1235,4.3123,9.8483,5.1200,7.9015,6.4412,6.3821,3.6918,3.0671,17.7904,6.1740,11.6155,12.7335,1.4559,1.2119,2.1395,6.1968,4.8969,2.8889,4.3484,6.4124,4.0457,3.0240,3.4229,9.2314,0.8404,4.3374,7.5726,3.2045
Allyl isothiocyanate,Allyl isothiocyanate,3.1226,6.8518,6.6208,4.4651,3.0989,4.6575,3.9900,6.4155,5.6510,3.5163,5.6556,4.8046,4.2075,5.0203,3.5958,3.7926,5.3948,7.5468,4.6987,5.9756,5.5319,4.8479,5.8224,5.5734,5.4446,2.7906,7.1795,4.3227,4.4942,6.2405,5.6349,6.5199,5.7817,8.0964,7.6651,7.4428,6.9124,7.8137,6.1371,5.7694,2.9640,2.8853,3.6028,2.6322,4.0026,1.9687,3.6053,3.9256,1.4664,3.0227,4.9336,4.5945,3.7322,2.7619,4.4579,2.9905,5.4946,5.8048,3.5412,1.8293,6.8132,2.5185,3.3304,4.5042,9.5893,6.2106,6.2124,4.4782,5.6263,4.5867,2.5248,6.1065,5.8008,8.0826,2.9850,7.7305,7.5026,4.9556,6.8591,7.8650,5.3167,5.5024,7.4123,2.5040,3.0141,2.7795,5.1365,5.3372,4.2004,2.7127,5.4058,3.0230,3.7021,2.9703,2.1988,2.9577,2.8724,1.4557,3.0463,5.2687,2.0823,4.3149,5.3501,0.4321,0.3880,0.7241,0.7122,0.3202,1.1540,0.4331,0.3679,0.2751,1.7930,0.8372,1.7532,0.4560,1.1910,1.2361,0.3454,1.8847,0.3705,1.1520,0.9494,0.5898,0.7353,0.9002,0.6880,0.5807,0.3695,0.4920,0.5523,0.5028,0.6207,0.8981
Alpha-N-Phenylacetyl-L-glutamine,alpha-N-Phenylacetylglutamine,0.8922,1.8087,4.2291,4.5982,6.0082,2.6776,4.5616,1.5284,4.7604,2.3294,2.7920,1.5402,2.1511,1.4434,1.0774,2.6373,4.7183,7.2707,0.5469,7.7054,2.2038,2.7744,4.0731,0.6230,4.0760,2.2759,1.4720,3.4828,0.5511,1.3047,1.5917,2.2022,7.1257,8.1079,0.7599,8.9880,7.4582,1.8447,2.5835,3.9245,0.6236,1.8200,0.4312,0.6873,2.3267,3.3454,7.4953,0.6018,1.5335,0.9663,1.9487,3.7168,6.9849,5.4044,1.3167,4.1340,5.6738,0.8787,2.1434,3.0292,3.6041,0.7777,0.5076,8.4949,4.7098,2.9336,2.8409,3.5362,2.6529,6.8574,1.3800,3.7609,12.3575,2.0894,0.9937,0.7868,1.5222,1.1621,1.5820,6.3638,16.6800,1.8136,0.7413,2.6937,4.4574,1.3743,3.0661,4.2161,5.2355,4.1553,2.1563,2.7123,3.1678,0.9517,2.4954,1.1912,1.9399,1.5937,3.8925,1.3903,1.7098,3.0153,2.4269,3.5503,2.2022,1.7379,0.5539,0.8043,1.9983,0.7588,2.8251,3.2565,1.7266,0.5343,1.7890,0.9194,1.7154,4.3001,0.4709,1.8298,3.3031,2.9780,3.7581,0.2233,0.4415,1.0398,20.2455,3.4822,13.8700,1.1710,1.3497,1.5893,7.4338,0.4972
Androstenedione,Androstenedione,0.6755,1.6122,1.6308,0.9950,1.0672,1.7251,1.4500,3.3765,1.7475,0.9977,1.2750,1.5118,0.5660,1.8268,1.4391,0.7697,0.9789,5.2603,1.6334,5.4303,1.2380,1.3466,2.9143,1.9373,1.5199,1.0316,1.1862,3.7284,0.7087,3.0182,0.9994,0.4559,0.9316,1.7829,1.4893,1.2700,3.1520,2.1303,2.2216,1.6441,1.2904,0.8964,0.4987,1.0014,2.5930,1.8722,2.0944,2.8237,1.9112,0.3050,1.4867,0.8500,3.2463,1.6769,0.9010,1.2405,1.0627,4.1895,1.2813,1.7859,3.4419,0.7236,1.8479,1.6611,2.0170,0.6916,1.6263,2.7663,1.6538,2.7075,1.3606,1.5969,2.7179,1.0189,1.0178,2.1194,1.7439,0.7161,1.6087,1.8002,2.6765,1.1346,3.1884,2.2239,2.1091,1.2630,2.3059,1.9299,1.9898,2.2220,1.4304,1.3518,4.7320,1.3207,1.0865,2.9321,0.8945,2.1430,0.3415,2.2886,0.7634,0.9091,1.2247,1.1426,1.0432,1.4734,2.1470,1.4662,2.0858,1.1496,2.0698,1.9366,1.5785,2.4702,1.2247,1.1939,0.6652,0.4709,0.9505,0.5048,1.2048,1.6559,2.4253,0.8739,1.4691,1.3875,2.3363,3.5226,4.6014,0.7320,1.6629,1.0958,0.3301,2.4386
Arabinose,Arabinose,3.3591,6.3744,3.9430,5.0314,6.1993,3.1738,4.9262,6.8782,5.8334,3.6653,7.4769,8.2655,13.3816,4.9033,4.5283,9.7303,5.7813,18.7403,7.7122,8.7008,8.0478,8.0391,5.3885,5.9512,11.9988,7.4900,6.0851,4.9047,5.7471,7.1536,9.5116,37.8689,3.9856,4.9485,4.2848,9.3610,4.9495,4.9510,3.8697,18.9498,5.0616,5.7274,5.6680,4.0820,4.4192,3.9915,5.9352,6.2057,5.9566,16.1850,3.4945,5.7563,17.8296,4.2438,7.8956,5.4223,5.9765,17.2252,6.5378,3.6631,18.5129,5.9204,5.8766,6.3966,10.1490,6.0800,3.6273,4.7436,6.2000,9.6169,10.8987,3.5633,5.0513,7.6270,5.6850,8.3619,10.6203,6.7982,6.7445,5.3743,11.8843,3.8059,7.9801,4.2947,4.3988,5.5887,6.1654,5.2363,9.6739,4.5167,11.9310,7.2306,5.8969,5.6632,6.8945,4.8556,8.2170,4.4026,10.5350,8.6072,8.8073,12.4289,15.0510,11.6806,20.2286,14.5099,4.1492,4.1101,6.3031,5.9609,5.2025,6.8338,12.7672,10.7570,10.5316,8.2150,22.7378,9.7219,5.4242,7.1651,11.1641,8.0426,7.6420,10.8435,5.3322,8.9838,9.2596,9.6456,32.2731,10.7312,6.1298,15.5649,7.1987,10.4326
Arginine,Arginine,1.1257,1.6303,1.1424,1.1750,1.6410,1.1011,1.0543,1.4680,1.8423,1.0478,0.9034,1.5148,1.2990,1.0338,1.1057,1.1458,1.1266,1.4580,2.3115,1.0335,1.1249,1.2776,1.1199,1.3921,1.2789,0.9539,1.2687,1.3452,1.0139,1.2247,1.5817,1.0950,0.5886,1.1114,1.1147,0.7511,1.1725,1.1672,1.2727,1.4919,1.2863,1.1603,0.8548,1.6019,0.9071,1.0603,1.5368,1.4056,0.9773,1.2088,1.1767,2.5522,1.2188,1.6388,1.2787,1.3100,1.0523,1.8003,1.3604,1.2105,1.6363,1.4025,1.0815,0.6960,1.3531,1.6079,1.0945,0.9914,2.0036,0.9991,1.3463,1.0655,1.4242,1.0765,1.3310,2.3148,1.8367,1.3837,1.2272,1.0077,1.3135,0.8724,1.3795,1.6141,1.1331,0.8319,1.5000,0.9090,0.9753,1.2433,1.2238,1.2325,0.6978,0.6766,1.2599,0.8782,1.0927,1.0091,1.4733,1.6976,1.1161,1.5370,1.4633,7.1087,4.1531,4.8607,5.6596,3.4744,4.2266,3.6477,2.7760,3.8834,3.9159,5.5392,5.3715,4.8353,3.1410,5.1966,4.4269,3.8939,7.1931,5.4689,6.8380,3.9314,3.2020,5.0397,3.7494,7.1150,4.0098,2.4118,5.3476,5.6260,2.6630,5.4814
Aspartic acid,Aspartic acid,2.3280,2.6503,2.2437,1.7966,1.0707,0.9013,4.5602,5.9590,1.4046,3.7412,4.4327,0.9491,2.7766,2.1029,2.3404,2.1258,1.5652,4.3558,3.3246,3.4931,2.8355,2.9382,3.5296,3.6265,3.2596,3.2087,0.6896,6.8320,0.7661,2.3017,2.1041,1.1719,2.5152,1.4868,1.9698,0.5466,3.8789,3.1019,2.0839,3.3170,0.9603,2.2185,3.1718,2.2893,2.0111,1.7790,2.8031,2.3639,3.2817,2.9337,0.6303,0.8940,1.2316,1.9328,0.7550,2.3305,1.9643,3.0939,3.5239,1.6518,3.7930,2.3458,2.9666,2.6203,3.6503,2.3990,2.1781,0.8778,1.6656,2.8212,3.8054,1.9620,1.3738,1.4871,3.4061,1.1000,1.1450,4.4414,3.3269,2.4957,6.0507,1.3967,1.1377,1.8644,2.8447,2.5517,3.7345,2.3508,2.9903,2.5379,2.2559,4.1390,1.1312,1.9699,4.3837,0.7496,1.1709,2.5381,1.2165,3.0793,3.3189,1.6278,1.6201,13.0405,4.8657,13.8051,7.3968,7.1619,5.8544,6.9966,8.1480,11.2075,7.3967,11.6863,7.9620,9.5049,4.9684,12.8367,15.9016,4.6694,14.1048,10.4385,14.9023,10.4072,2.9494,6.5614,6.1726,12.6508,17.3032,10.3893,10.7403,18.5026,8.4357,10.9673
Benzaldehyde,Benzaldehyde,5.6394,7.0476,5.5444,4.1432,5.8527,5.1811,6.6749,6.7976,6.0754,4.7728,6.6724,5.3513,6.3707,6.4727,4.3063,4.2409,5.6988,7.0935,7.6377,6.3530,6.0367,6.2250,6.1579,6.8618,6.6953,4.9749,5.4410,7.6613,5.6346,6.3840,6.1797,5.1593,5.5184,6.1251,6.1160,5.5930,6.7536,7.0137,5.9751,5.5507,7.1144,5.3026,6.2046,4.7143,5.8828,5.6097,5.1613,6.2294,4.6265,6.1017,5.1651,5.4776,5.8730,8.0529,7.5716,5.3030,6.3215,6.3669,8.8704,6.6927,7.6101,5.3205,4.8385,6.1824,7.4178,6.1065,5.9245,5.5427,6.7571,6.3179,0.9480,6.3013,5.1157,6.7655,6.7213,5.8198,4.4620,7.3380,6.8827,6.0734,6.8637,4.6391,3.6663,5.6492,5.4772,5.7244,8.0567,5.7776,4.6404,6.0263,5.5715,7.6213,4.9471,3.5953,6.7485,4.3218,5.5432,5.1402,4.4180,6.8005,4.7849,6.7958,8.4614,11.6360,13.6851,0.5543,11.3928,10.5331,9.5438,9.6432,10.1679,11.2598,9.8684,9.5824,11.1150,11.3176,11.2978,10.6096,10.9651,8.3930,11.0768,11.9852,11.7033,11.5713,9.1404,10.1530,8.7394,9.7133,10.8392,8.9622,9.3848,8.8496,9.0479,9.7501
Beta-alanine,beta-Alanine,3.1018,4.8937,7.3536,3.1145,6.0712,6.2762,3.3572,5.2154,7.0842,2.9368,5.1060,4.0991,5.4958,3.9750,3.4674,4.8988,6.8391,5.2700,10.4979,5.3517,3.0339,2.8529,7.1136,7.3607,10.7265,6.0476,3.5519,2.4803,3.5362,6.3146,14.0301,3.0695,4.7042,3.3270,2.5340,4.1158,3.1978,4.2247,6.9999,2.7571,9.3151,4.4158,2.8410,5.3005,5.6778,5.6216,3.3028,4.7128,2.2119,4.0561,6.4431,5.4312,7.6756,4.7407,5.5208,2.4795,7.8633,8.1793,5.5832,6.0492,6.0558,1.3225,5.3194,7.4599,7.2404,7.3609,2.3014,4.6669,5.0285,4.1545,6.8768,4.5805,9.1251,5.1942,3.2885,12.9910,5.8829,5.1852,6.1660,5.8065,3.5885,5.3498,4.4049,4.6091,3.8023,5.1635,5.5847,6.4064,2.0931,3.2453,5.9836,4.1305,4.9562,5.2541,2.4890,4.0749,3.2454,5.4588,1.6751,4.3063,4.0120,3.0928,5.5186,8.1993,6.6176,5.9983,3.5284,5.6135,7.5885,4.9934,4.7824,4.6965,5.4214,4.7767,7.8093,5.8901,3.4926,7.7102,5.6348,4.8696,9.0371,6.2167,6.6350,6.1478,5.6040,7.2511,2.7737,5.6739,3.8128,5.9563,4.4421,5.8516,3.9532,4.1792
Betaine,Betaine,518.4311,647.8539,659.0622,326.1993,491.4390,649.1351,492.2341,357.7013,518.7678,390.4246,541.7140,505.2685,583.1354,554.0062,501.9779,367.4878,510.5801,524.8969,759.0409,488.4459,442.2455,429.8598,497.5642,563.5070,680.2221,428.2697,580.9558,488.5156,770.8644,581.3907,657.7140,477.7128,649.3879,683.1570,662.2304,582.5732,576.6467,726.6780,550.7813,441.5247,663.2549,404.1721,478.0669,435.6958,622.3492,684.0515,479.9441,593.4823,386.8161,576.1111,402.3822,623.3286,542.8206,543.7389,476.3567,409.9333,666.7114,487.2126,853.7880,619.4072,474.2169,573.3898,382.4876,671.2476,657.1267,625.7425,526.6722,572.4085,561.8776,457.4354,604.8962,671.7850,542.2898,573.5557,618.4460,613.9701,608.7072,789.0477,577.0785,511.0215,583.1145,412.8539,357.5404,694.5757,427.0235,471.3799,598.1110,663.7742,378.4314,691.6944,531.4313,628.9198,669.0117,579.5655,405.9053,499.7482,478.9068,585.2171,332.3210,582.8647,354.8376,411.4169,426.5340,588.4064,496.8228,810.8741,639.9003,545.0931,659.2561,476.8909,527.0802,591.4595,576.6029,571.2630,510.6282,681.2524,568.4670,631.9997,745.1729,522.3040,562.9287,705.7095,568.7056,611.4796,591.1993,698.9271,644.3052,612.6892,649.2898,532.5658,636.4229,589.1015,503.8389,512.9377
Biflorin,,,,,,,,,,,,,,,,,,,,,,,0.0074,,,,,,0.0264,,,,,,,,,,,,,,0.0306,,,,,,,,,,,,,,,,,0.0073,,,,,,,,,,,,,,,,,,,,,,,,,,,,,,,,,,,,0.6246,,,,,,,,,2.8883,2.1525,1.9583,2.5313,1.9293,0.9625,0.8626,,1.0147,1.2331,2.1274,1.2037,1.7627,1.0277,0.9039,1.5034,1.1875,2.8320,2.5627,1.6082,1.9338,1.0969,1.4375,1.3133,2.6294,3.4191,0.4894,1.7419,0.3937,1.1630,2.7469
Bilirubin,Bilirubin,9.3905,4.4499,7.7219,2.6611,6.0662,12.7833,9.4115,8.8312,7.0307,6.3629,5.3979,3.7392,4.2169,9.8594,4.1544,3.2044,8.0876,2.9346,6.9776,8.8066,7.9953,12.3840,11.0956,10.8352,5.2414,4.0830,6.1567,18.4809,2.5709,5.1030,5.3214,5.5592,10.2064,3.8006,2.1728,4.1723,5.7494,7.2488,24.2304,12.8564,5.6037,5.7489,2.8839,4.0249,7.3803,16.2397,11.6307,9.7998,3.7877,3.0740,8.8673,5.3769,12.0114,5.7321,4.7375,5.1711,7.4371,14.1379,2.0955,16.8121,7.3469,2.1209,2.0646,6.3745,19.7423,1.8036,22.1697,16.7463,8.3445,3.4665,6.9014,4.8921,5.4249,4.0227,13.1563,5.0684,5.8885,1.7745,13.8872,7.1489,11.0869,2.5377,7.1097,5.0101,3.2527,6.8562,7.9109,5.1328,6.4392,4.0473,2.6481,6.7157,6.3217,3.4667,5.5421,6.1268,8.2224,5.6561,12.3291,3.5021,4.1864,10.5649,3.2133,0.0071,0.0930,0.0775,,,0.1634,,,,0.1804,0.2705,0.0845,0.3613,0.7330,0.0509,0.1056,3.5101,0.0460,0.0552,0.1499,0.0775,0.1067,0.0799,0.6030,0.0517,0.0549,0.0761,0.0448,0.0682,0.0492,0.2022
B-Sulfinyl pyruvate,,0.8227,0.9816,1.1123,0.9139,0.8912,1.1448,1.0861,1.4679,1.0120,0.7731,1.0089,1.2068,1.0012,0.8132,0.6675,0.6091,1.0555,1.3658,0.7486,0.9965,0.7313,0.9815,0.9139,0.8053,0.8023,0.7751,1.0257,0.9683,0.8817,1.0758,0.9213,1.2037,1.2961,0.9787,1.2000,0.8929,1.1734,1.1742,1.2319,0.9992,0.8883,0.7207,0.9408,0.8157,1.1372,1.0798,1.1431,1.1264,0.7563,1.0994,1.0446,1.0210,1.1557,1.0650,1.0789,0.9253,0.9094,1.2110,1.1712,1.0682,1.2259,0.6141,0.6102,0.9663,1.0017,0.6865,0.9074,0.9378,1.3931,1.3308,1.0268,1.3435,1.0401,1.1386,0.9752,1.1483,1.0974,0.7602,1.2313,1.0724,1.0297,0.7301,1.2884,1.0356,0.9914,0.9546,1.4110,1.1687,0.9488,0.8874,1.0417,1.3155,1.1400,0.6947,0.8293,1.1578,1.0611,0.9974,1.3081,0.9369,0.7519,1.3247,1.6074,0.7566,0.8497,1.1649,0.7264,0.6775,0.6805,0.8800,0.9143,0.7390,0.8502,0.5927,0.8385,1.1951,0.7420,0.8849,0.7507,0.6964,0.8408,0.8074,0.9448,0.6943,0.5621,0.7028,0.8291,0.8227,0.8608,0.8680,2.0655,0.4638,0.8379,0.6237
But-2-enoic acid,Crotonic acid,2.3185,4.1267,4.0034,1.1580,4.8814,3.4553,2.7867,4.1659,4.4979,2.4809,2.9387,4.1487,3.8158,3.3041,3.4091,1.9237,4.5230,4.4691,3.1518,2.6616,2.0302,4.0664,2.4152,1.8530,1.7192,2.3595,3.3900,1.2873,4.3586,5.1593,4.3630,6.4805,2.4525,1.7359,4.6243,3.6525,5.2263,3.5885,4.4762,3.8657,5.2278,4.1511,2.4242,3.0600,2.9761,2.5768,1.6089,2.5688,2.0845,4.8627,2.1156,2.5721,1.8613,3.2553,1.9130,3.3661,1.9820,3.2047,3.6094,1.6280,4.2905,5.1050,3.7583,3.0054,0.4841,2.3114,2.5240,2.9536,3.7355,3.3646,2.5486,3.8469,4.9948,5.9533,2.7242,3.6665,4.1329,3.3404,3.6514,2.7029,3.5228,2.3343,5.8106,3.0082,4.7090,1.3705,4.2505,2.1094,3.0340,3.5892,3.8337,6.7111,4.0729,1.6655,2.9648,3.1137,3.2228,3.1013,4.0707,5.1529,3.0035,2.4600,4.8837,0.1846,0.1727,0.2781,0.1062,0.0807,0.2306,0.1079,0.0904,0.1730,0.1972,0.2124,0.3318,2.0016,0.8388,0.2471,1.0800,0.2288,0.2049,0.2100,0.4911,0.2729,0.2482,0.1391,0.1521,0.2255,0.7284,0.2648,0.1186,0.3168,0.2400,0.1745
Butyrylcarnitine,CAR 4:0,2.6724,3.3264,5.7364,3.0107,6.0255,4.1493,7.3354,3.9470,2.8556,3.9620,3.7676,2.9439,4.0390,2.2265,2.9025,6.7086,3.8589,1.8586,5.5935,6.7213,3.0549,3.6609,3.1537,3.1070,3.8756,4.5140,7.5811,3.2442,3.3420,4.1410,6.3484,8.2089,5.0314,3.3092,2.6203,4.0257,3.9749,4.4262,3.1337,4.4150,3.5228,3.4482,1.1064,1.8024,2.8041,3.1491,3.1027,2.6335,3.3340,3.5094,2.1872,4.8952,5.0443,4.5642,4.6789,2.1355,4.0982,6.2985,6.6362,5.0642,5.8235,2.1091,5.1910,13.3211,5.7455,7.0276,8.0763,3.1485,4.3615,3.2295,3.2006,2.1527,3.4644,6.8743,10.6821,2.9095,3.7495,4.4066,3.0150,4.0487,5.1285,1.9823,2.7896,3.9509,4.2452,2.7729,6.2587,5.5433,3.4549,7.1775,2.7887,3.9390,8.3811,5.6062,5.5768,3.1871,2.0650,7.9189,1.0189,15.6121,7.3794,4.0939,4.1773,2.5372,3.8485,,2.9481,1.4902,4.9027,1.0832,2.5612,2.3133,2.0185,1.5177,1.8597,2.4479,2.1258,3.3677,3.6141,2.1446,2.3293,2.7463,2.5111,4.0208,1.7530,4.1006,3.1023,3.6167,8.8682,1.2766,2.5081,0.9477,2.3609,1.5415
Carnitine,Carnitine,159.3675,150.6911,250.5516,150.6606,186.9025,221.1920,202.3038,228.2054,241.4448,136.4855,146.7843,169.8177,179.7505,182.6942,138.1865,122.0048,194.1806,185.9214,144.5695,204.8978,180.9883,177.9604,134.5864,220.4899,141.2456,143.8426,243.7609,142.0705,255.7196,207.0151,252.6883,212.9970,234.0488,227.8414,211.3478,255.2203,200.9720,221.5150,244.0705,200.7966,86.0733,170.9389,193.6384,108.1272,188.2717,211.1694,167.6847,208.0018,155.4176,179.6874,167.6471,180.3354,177.0312,336.4817,269.3616,128.2565,212.4887,198.2846,236.2130,261.0876,246.9522,112.9121,145.9114,181.1466,210.5949,163.0669,162.1380,175.0119,282.4865,191.8212,200.6891,203.6531,214.8584,272.2843,228.6487,159.4992,222.6206,149.8175,176.1143,220.2132,161.1777,149.4031,263.9255,180.1236,182.9877,206.8352,189.8305,181.1314,190.4707,160.8888,167.0299,236.7759,209.6036,144.4314,219.0886,216.6836,186.5904,179.3553,148.4127,173.2067,180.7140,275.4549,299.4385,81.2021,107.9575,131.8579,88.4593,89.4386,88.7175,88.8349,65.2616,44.4852,99.9529,95.1441,118.8236,65.8485,111.9065,100.0043,68.2802,93.8162,81.2744,99.0246,92.0176,60.4014,89.1240,78.1151,77.2796,79.2221,98.2254,70.4041,110.3232,32.2909,78.0797,83.2620
choline,Choline,2.3577,4.2224,3.0837,2.8845,2.7932,3.2091,4.2319,6.1009,3.7639,3.7037,4.9402,4.2952,3.8642,4.1350,3.6805,2.4963,4.3799,5.6717,4.9213,5.3358,3.1467,3.1765,4.5291,3.7601,5.1791,3.3787,3.5832,5.7334,2.5555,3.9235,3.6933,4.3726,3.9517,3.9658,3.5190,4.0404,5.2947,4.3418,3.9517,4.4707,3.5282,2.7805,3.6818,2.3934,3.6770,4.1304,3.9111,3.5419,3.7768,2.9853,3.2018,3.1229,3.8167,3.1431,2.9821,2.1297,4.3163,4.3036,4.1582,4.2822,4.6846,2.3245,3.7719,4.9959,5.4264,3.4027,2.5464,3.3013,4.2502,3.2331,4.7213,3.9560,4.4383,4.2154,4.0857,4.2580,2.5899,4.5988,4.6989,4.9463,6.7131,2.4920,3.6336,3.6126,4.1428,3.4177,4.7542,3.7750,3.4107,3.0389,4.5059,4.7897,4.3263,2.6686,4.6319,2.5009,3.2465,5.0865,2.9062,3.7046,2.6589,4.2820,3.4963,20.6383,22.8500,25.7051,18.7966,19.7834,25.5512,18.7900,19.1375,25.0101,25.0243,23.3186,26.9326,21.2992,28.3445,28.6310,20.5306,31.6693,21.4967,27.5104,25.7851,21.2731,21.8900,21.3269,23.0237,21.1851,18.1106,24.5951,23.8721,35.4608,23.6494,20.6670
cis-5-Tetradecenoylcarnitine,CAR 14:1,5.7505,1.2172,8.2333,7.3593,6.9583,11.5771,14.7988,13.2170,6.0866,5.5625,4.8933,1.3277,2.9390,6.1639,6.8922,2.7814,7.8200,4.1672,1.5980,19.2195,9.3062,6.6569,4.8721,12.8150,3.4841,4.2002,6.4927,6.4239,1.6536,3.4498,2.3899,0.3983,3.1543,2.6920,7.7004,6.2361,11.5301,5.9228,13.3078,14.3538,2.6145,5.0592,8.4467,2.4741,9.3277,1.6228,15.2912,3.9891,3.8131,3.5445,7.0557,3.0658,6.5640,19.7598,4.2233,8.6538,1.3872,8.8775,5.8451,6.7916,4.9506,1.6052,2.5716,3.6165,14.8660,2.5679,9.6299,3.9729,6.8669,2.4709,2.2080,6.1725,7.8143,13.1751,4.5713,1.0829,2.8370,1.5107,7.8325,8.6751,6.9952,2.6562,7.7914,1.9287,5.8764,5.3065,4.4631,2.8016,7.4978,4.7380,1.5357,3.9761,6.8519,3.7387,8.5459,14.7218,11.1323,7.0218,3.3143,3.3173,10.3893,5.5903,6.0319,2.6056,5.0985,3.7633,6.1635,7.5186,4.1395,4.8906,3.8353,2.9889,2.1224,1.3771,1.7004,2.9362,2.9117,0.5336,1.1360,0.6374,2.3235,2.8305,3.6513,4.7864,3.0077,3.1018,5.0035,3.8646,4.9294,12.2222,2.4930,1.6512,3.0026,2.6248
Citrulline,Citrulline,5.8932,5.7730,7.9406,7.7519,13.2584,6.0621,9.2242,11.4156,8.8786,8.8655,7.6162,6.0860,8.0146,6.3244,5.8678,5.4154,8.6077,11.2517,11.4004,8.8519,5.5512,10.3639,5.5596,6.8896,4.6367,9.8771,7.1275,6.3127,2.2189,12.2540,7.4900,8.6983,4.4524,6.2645,9.3491,7.1300,11.5487,7.4678,10.1306,11.4970,6.5479,10.4820,5.7170,8.7624,7.5326,7.5684,10.6778,9.1095,9.3253,11.1542,9.9788,5.1641,8.9506,10.2897,6.6273,5.2081,5.4083,11.7420,13.4502,10.4690,10.8734,10.8220,7.5833,4.8149,7.4020,7.6094,6.5213,8.6372,8.0909,1.6445,8.4283,3.4565,10.5445,3.8522,10.2448,13.5167,7.9276,10.3062,7.7423,8.7566,13.2291,4.8820,20.6628,8.5985,5.5061,3.5945,10.2297,10.3321,8.7124,5.5473,9.5024,6.3393,6.5813,4.0319,6.7422,8.4893,3.9830,4.1942,8.4302,8.4919,6.2056,13.5500,6.3735,13.6538,7.5561,7.3975,7.8407,7.6989,7.5671,5.7435,13.0492,12.9351,9.5224,8.6914,6.7293,5.7089,9.7843,15.4435,2.8156,11.9119,15.0204,7.6602,8.3513,11.2990,5.9317,14.2203,13.7794,17.4379,16.5221,14.0071,9.0799,12.2418,10.1521,8.3746
Coproporphyrin,,3.9324,2.9877,3.8061,5.9727,4.2125,5.6931,3.2587,6.5340,7.3315,0.5445,1.0456,5.7243,3.4269,4.7003,4.5652,2.7676,3.3430,8.2346,1.1134,8.4550,3.1012,3.4540,2.8220,4.8677,7.2816,3.1561,1.9473,6.5626,5.9539,4.3979,7.4799,13.2905,9.0443,11.2634,3.8838,5.8396,3.0607,8.1379,4.0605,6.4715,2.3916,3.5420,3.4044,4.8443,7.0557,11.7095,7.3517,4.3462,3.2106,2.3727,0.7743,1.7191,7.6103,5.0135,4.1951,2.2162,14.0521,3.3047,5.3631,7.6060,5.5135,6.0098,4.0059,5.9011,2.8423,2.1520,3.3954,3.7438,10.7545,5.5950,7.2181,3.4645,9.7258,7.9728,9.0272,6.6687,6.8147,3.1874,1.2239,8.3885,5.9134,5.5935,2.6365,3.8664,7.0680,4.4341,4.2462,5.3799,4.7352,6.8218,10.4972,3.0083,10.8482,3.3678,0.6815,5.9307,7.8672,8.0265,9.8770,6.2384,6.5467,5.2058,6.0073,0.1833,0.2091,0.4207,0.3134,0.1984,0.1548,0.2408,0.1816,0.1964,0.0954,0.0626,0.1970,0.0630,0.1685,0.0812,0.0533,0.0395,0.1756,0.1758,0.1630,0.1083,0.1223,0.1708,0.1062,0.1169,0.1213,0.0847,0.0981,0.1821,0.2082,0.0407
Cortisol,Cortisol,0.5670,0.6506,2.4386,1.0743,1.1641,1.0877,1.3293,1.0696,1.6102,0.2458,0.4635,0.9092,0.9310,0.5820,0.1228,0.3210,0.9981,2.7436,0.7689,0.5437,1.0304,0.5044,0.7676,0.7074,0.5278,0.1228,4.6179,0.5658,0.8383,1.3175,1.1514,1.9414,2.3725,0.6000,1.3363,1.4011,1.4352,0.7854,0.6955,0.8798,0.2496,0.9801,1.1497,0.6877,1.8459,1.3880,2.0467,1.1945,0.2865,1.4677,1.0603,0.8249,0.6490,0.2050,0.0290,0.6771,0.9392,2.2311,2.1964,0.1900,0.4941,0.3098,0.1936,1.4356,1.4250,0.3982,0.7978,0.9104,3.2023,1.2352,1.5117,0.3315,1.8985,1.7765,1.2337,2.0843,0.6843,1.1855,3.8391,0.5950,0.8259,0.9050,2.2966,1.2537,1.6580,0.7475,2.0709,0.7051,0.9628,1.3383,1.0346,1.0889,0.9196,0.6290,0.0238,1.6574,1.5602,0.9821,0.4221,1.1137,0.1870,,0.2499,2.5365,0.8501,1.0498,0.4460,0.6814,0.3925,0.3779,0.6444,0.6597,0.3603,1.2350,1.0327,0.9213,2.1481,1.7393,1.1374,0.8313,3.4667,1.7907,0.7476,1.5048,0.9032,0.7010,0.5618,0.8250,1.2310,0.5113,0.7569,0.4881,0.7869,0.7725
creatinine,Creatinine,21.7201,31.1788,32.8432,41.1133,33.3023,28.3922,43.9142,54.2837,28.5988,23.9875,32.0565,30.7860,26.8793,28.2097,18.6995,30.3982,33.6391,46.8836,22.3925,35.3183,33.3540,32.6128,31.2218,34.3751,30.8801,19.1823,32.4735,28.7235,23.9669,43.0279,35.0062,34.4903,33.6724,36.8578,33.7059,28.3191,33.7913,33.4579,36.5745,47.0931,31.5388,24.0055,32.2679,20.1345,22.0928,19.5876,35.3383,25.6670,33.0588,24.6676,44.1368,36.0842,39.8428,35.8270,22.8817,25.1551,44.5771,27.9366,37.3766,23.3265,38.5804,17.9964,13.1076,40.0769,30.6482,20.8164,28.8031,34.1578,41.5263,40.1047,34.9718,37.7488,22.3442,27.0506,46.4802,26.2294,25.7571,22.6020,48.9548,45.8206,43.2406,32.4268,44.2116,28.4967,46.0362,23.7794,38.7051,35.9292,24.9439,28.8743,37.0628,39.6283,43.4020,17.5128,19.2335,40.5500,25.3129,20.1398,42.4990,36.2025,24.4678,31.2996,30.3878,42.7828,36.1293,39.1592,24.0047,31.0029,31.1120,27.7118,28.8912,26.9900,43.6877,17.8165,23.0792,18.8951,30.7454,35.3686,21.0560,40.6037,43.4508,33.3403,38.9654,15.0476,19.0803,24.6433,31.2689,22.2373,73.8943,27.1983,32.5352,21.1475,36.7212,13.7054
Cysteinylglycine,Cys-Gly,0.6286,0.9873,0.9155,1.2921,1.2978,0.9138,1.2859,1.2173,0.9146,1.1156,1.3322,1.0336,1.2029,0.8386,0.8868,0.6114,1.0495,2.1669,0.9885,1.3825,0.8870,1.2686,0.9244,1.2751,1.2683,1.1887,0.8014,1.6793,1.2308,1.0093,1.4303,3.1199,0.6464,0.7290,0.7768,1.0437,0.8942,0.9931,1.0619,1.7101,1.0223,0.9378,1.3562,0.8768,1.6725,2.0006,1.1145,1.3539,1.0836,1.8473,0.6846,0.8829,1.5641,1.1386,0.9674,0.6812,2.1145,1.4202,1.1245,3.6362,1.6611,1.1496,0.9480,0.9768,1.3654,1.0145,0.9137,0.9964,1.0692,1.1643,6.2332,0.7081,0.8219,1.0702,3.4959,1.3024,0.8351,1.1139,1.3512,0.8749,2.7576,0.8178,1.4704,2.8700,0.9317,0.9534,1.3868,1.2604,0.9023,0.9353,2.6415,1.3896,1.0356,1.2399,0.8519,1.0582,1.9127,0.9939,1.1901,2.4726,0.7632,1.3950,1.8527,1.8556,3.5321,2.1155,0.7996,0.8634,0.9804,1.0109,0.8290,0.9095,1.7494,1.3528,1.1242,6.1617,1.2932,1.2842,5.9035,1.7917,1.7804,1.1641,1.5585,1.3464,0.8693,1.2356,1.2807,1.2186,2.8822,1.8384,0.8468,0.9576,0.9228,1.6339
Cytidine,Cytidine,0.3968,0.1307,0.1152,0.2611,0.1530,0.2586,0.3896,0.6363,0.3426,0.2374,0.1037,,0.0908,0.2459,0.1052,0.1521,0.2498,0.3399,0.0984,0.3933,0.3411,0.2558,0.1494,0.4247,0.2022,0.2121,0.2492,0.6275,0.2255,0.1496,0.2041,0.3976,0.5276,0.6075,0.4586,0.6191,0.3053,0.3704,0.2252,0.1377,0.1454,0.1944,0.6179,0.3005,0.6970,0.3482,0.4844,0.3283,0.3395,0.2866,0.3186,0.2411,0.0941,0.5392,0.4728,0.4109,0.4043,0.2860,0.7250,0.3094,0.2179,0.1889,0.2176,0.2392,0.4798,0.0758,0.5066,0.1417,0.2943,0.0762,0.3265,0.3323,0.2667,0.6068,0.4519,0.1189,0.2596,0.3086,0.2515,0.3049,0.4289,0.2099,0.2462,0.2688,0.3342,0.4555,0.4533,0.7487,0.3379,0.2724,0.0837,0.5481,0.3991,0.2014,0.3760,0.3749,0.3651,0.3197,0.2527,0.2076,0.3306,0.8971,0.6073,0.4354,0.5132,0.5056,0.4323,0.4673,0.2281,0.4150,0.7294,1.6318,0.3329,0.6526,0.4186,2.5549,0.5013,0.2533,1.4756,0.2897,0.3855,0.4438,0.5651,1.4719,0.5336,0.4989,1.2728,0.5159,0.6404,0.6002,0.5041,4.1433,0.4030,0.7957
D-Alanyl-D-alanine,D-Alanyl-D-Alanine,23.0320,21.3670,22.3000,19.4875,24.6332,25.8262,20.0436,33.6164,26.5842,21.4273,24.6439,24.3419,24.1939,24.8353,20.1357,19.5744,25.7519,32.7349,25.3418,25.2120,24.0225,21.8744,27.0165,27.0695,24.7650,21.3623,21.9410,24.1713,19.5637,24.6218,23.4747,22.7492,21.9887,20.6167,24.2670,16.4021,22.2694,23.8084,22.6824,23.5567,20.8543,20.5898,21.2390,20.0953,19.4912,21.0219,20.9482,21.8832,20.4149,25.2604,27.0436,27.6648,25.9266,22.8442,26.2158,19.3969,17.3262,25.2196,26.8683,22.5312,26.3449,21.7355,22.0165,22.3328,31.6645,23.0184,22.3893,25.5100,28.7908,19.8740,30.2045,21.3039,26.0380,24.5361,25.6536,28.1656,25.3631,18.2726,23.3563,23.8819,23.1730,17.1799,23.3242,23.6776,22.0115,22.0253,30.2187,23.1185,19.1603,22.1062,29.3659,28.3219,24.8996,18.7086,19.4236,26.8306,26.2771,26.0423,28.0251,25.5912,21.1671,22.5863,27.7081,22.6228,24.7296,23.7669,16.5043,22.9546,14.7532,26.0784,20.8306,20.1292,17.9899,23.6640,23.3159,20.9011,23.3899,21.8408,10.6369,25.3668,19.6687,21.0596,24.3576,12.8562,18.1837,21.2915,23.4062,22.1839,19.1926,24.0711,21.9116,22.6427,21.7266,25.6160
Decanoylcarnitine,CAR 10:0,14.1732,2.2252,12.2268,17.6086,10.0673,46.9237,28.7605,25.8819,7.4540,7.1739,6.7935,1.1628,2.4618,8.4266,15.1677,3.6850,15.4686,4.1640,1.1034,20.8918,13.9758,13.2579,6.1944,20.8896,4.9657,3.9102,18.0565,13.2482,3.7874,10.2559,4.1204,1.9609,10.0380,7.5832,14.2518,15.1478,30.2564,20.9536,27.0412,19.8662,1.9390,5.9499,17.2929,3.6629,8.9112,5.7331,31.3035,3.2698,7.9811,3.3051,9.1745,2.7462,12.2948,16.7992,4.5253,16.1735,5.1913,17.4801,4.9219,9.2717,4.7893,1.7569,2.8274,5.1973,11.8590,2.9881,33.8803,4.6293,13.4718,6.9952,5.2265,10.7752,14.3104,59.3268,8.8109,1.5098,9.4098,3.9464,7.5478,13.5830,10.1287,3.4725,6.7695,4.6809,6.9973,8.0483,3.4419,1.8693,7.8266,12.1012,6.9582,3.1509,9.5713,4.4429,19.5421,23.9896,22.2398,5.8288,2.4692,4.4321,28.4987,4.5130,8.4333,3.5510,5.7315,2.7556,6.8830,4.3001,5.8119,2.7746,3.1082,2.4529,2.1233,1.4783,2.5218,2.3867,2.9917,1.1995,1.3142,0.6787,3.1873,2.9579,2.7539,5.8841,1.3516,2.6599,3.2635,2.9210,6.8719,5.2648,5.0217,0.4632,2.9410,1.5802
Delta-hydroxylysine,5-Hydroxylysine,12.5423,11.7911,20.0266,12.2236,14.8947,17.4400,15.8199,17.6505,19.0802,10.7460,11.3845,13.6410,14.0726,14.3689,11.1423,9.7577,15.5927,14.9085,11.6040,16.4733,14.4722,14.0056,10.8517,17.4951,11.1346,11.4717,19.6819,11.2282,20.9788,16.5806,20.5260,17.0121,18.6325,18.3808,16.9367,20.4844,16.0693,17.4922,19.3580,15.7761,6.9516,13.7495,15.5289,8.5518,15.2448,17.3108,13.2678,16.3044,12.3146,14.0770,13.4294,14.1310,13.8987,26.5072,21.6325,9.9530,17.4804,15.4172,18.3825,21.6692,19.8477,9.0128,11.8350,14.8600,16.4278,12.6717,13.1130,13.7053,22.2918,15.6716,16.3764,16.2344,17.2380,21.9663,18.7115,12.8042,17.7960,11.8628,13.8169,17.5391,12.6818,12.0635,20.6862,14.7481,14.7654,16.4225,15.0249,14.3821,15.1840,12.6910,13.4501,18.7913,16.6301,11.6248,17.5233,16.9639,15.2624,14.3781,11.6676,14.2008,14.4765,22.1462,23.9074,6.3805,8.5501,10.3929,7.0470,7.0672,6.9942,6.9740,5.1874,3.5459,7.6966,7.5336,9.4875,4.9831,8.8944,7.7233,5.1981,7.4746,6.3436,7.6684,7.2820,4.7465,7.4067,6.1388,6.0584,6.2162,7.7176,5.5418,8.8172,2.7458,6.1861,6.6409
D-Glucuronic acid,Glucuronic acid,3.6138,4.2896,3.5647,3.3384,4.8748,3.4629,6.5935,5.7302,4.3619,3.8525,5.2795,5.4513,6.4895,3.6449,3.1824,2.9104,3.9754,6.7877,4.3547,15.4093,2.9175,3.6345,3.4150,4.1912,3.7272,3.6561,4.3723,3.9249,2.9102,4.0964,3.9839,5.0498,2.4835,2.8060,3.9903,2.3186,4.7804,3.9425,3.8066,6.1062,3.4647,4.7162,3.6448,4.0332,3.6758,2.3858,5.2938,4.0886,3.9773,5.9984,3.1545,4.0691,7.3767,2.8796,2.7206,3.5719,2.8636,4.8112,4.2713,2.3652,6.9254,4.9261,7.3511,3.9801,5.3425,3.9405,3.7186,3.8055,5.7055,5.4070,4.4856,4.5681,5.6553,6.0192,4.0313,6.2295,4.1806,3.8124,5.1590,3.8964,5.5466,3.4784,5.3849,4.1372,6.1993,4.3676,6.9179,3.2992,4.2227,4.6034,4.3002,7.3058,5.7683,2.8439,3.6038,5.0671,3.3031,5.0411,7.8713,5.2272,4.5035,3.7586,3.2395,5.1818,4.2464,2.9621,2.1009,2.4038,3.1721,2.6165,3.8087,3.4932,3.0720,3.3245,3.4671,1.6984,4.5256,3.6255,1.2560,4.8435,4.9666,4.2298,12.9708,4.7793,1.3248,2.6503,4.7849,3.4492,13.8918,3.5549,1.8890,4.1386,5.6188,3.1697
Dihydrothymine,Dihydrothymine,1.4384,1.4886,1.7476,1.5690,5.2106,1.5706,2.9272,5.9921,1.8260,2.4582,2.4337,45.2568,1.8384,1.4585,1.5535,1.4881,1.4664,7.4297,2.0905,15.4492,1.7466,1.6938,1.5021,1.7810,1.6067,2.1833,1.8376,2.5795,1.0907,1.8483,1.5899,2.6924,1.1941,1.0794,2.2201,10.2689,2.9306,2.2003,2.1640,2.7835,1.1345,1.8124,1.2045,2.0126,0.9365,9.1086,47.5056,7.4048,7.3670,1.9552,1.8125,1.6054,1.5797,5.0406,1.2089,1.7884,0.8880,2.0551,2.1683,2.1398,1.7850,2.1235,1.7992,1.8194,2.2699,19.9163,1.7208,2.2859,2.5840,1.9179,41.7055,2.5239,64.3043,1.4269,5.0479,2.3465,2.4094,1.6528,1.7970,2.2586,2.5799,1.0782,5.2578,2.6530,1.5262,1.3015,8.3873,1.0923,2.3689,2.1296,1.8574,1.4537,60.1455,0.8555,1.3701,2.1409,0.7988,0.7479,1.9798,3.1634,2.0072,2.0387,1.3538,1.3330,1.0062,1.4690,1.2083,0.9960,1.1971,0.8468,1.0695,1.2196,0.9020,0.4194,0.6767,0.2341,2.1059,1.4327,0.1652,0.7514,1.5274,0.9888,2.6979,0.5127,0.1985,1.3051,1.0591,0.8363,2.7549,1.2569,0.7819,0.6418,0.9475,0.4154
Dihydrouracil,Dihydrouracil,2.2153,2.4779,3.1880,3.0943,2.4512,2.6040,3.0918,4.2777,2.5242,1.6257,2.0151,2.1935,1.2655,2.2281,2.4423,2.1337,3.1892,3.2822,1.7401,3.2064,2.3309,2.5408,2.3470,2.9156,2.4309,1.1604,2.8323,1.8296,2.6808,3.3693,3.0288,1.5683,2.9129,2.9872,1.7964,3.3437,2.9593,1.4896,3.4087,3.7020,3.5074,1.8090,2.6873,1.1306,2.8305,2.5071,2.2956,1.4601,2.3905,1.4200,3.7297,4.5269,3.3172,3.4181,0.8114,1.1346,4.4452,1.2216,2.8490,0.9349,3.3355,1.5162,0.7511,3.4980,2.7589,1.8365,2.6342,2.5190,3.3542,2.7711,2.5552,2.6054,0.9287,1.1148,3.6022,1.8525,1.4292,1.9550,3.6630,3.4100,3.3935,2.7156,4.2428,2.0681,2.9870,2.8517,2.1388,2.5971,1.4863,2.1428,3.0243,3.0907,3.2498,2.0010,1.7172,3.7293,3.6077,2.7254,3.0647,2.4599,1.8012,3.5926,1.5317,3.4297,4.0400,3.7191,2.6835,3.2113,3.7556,2.8166,2.8336,4.0162,3.9162,2.9496,2.9526,5.9478,3.5351,3.3282,6.2517,3.7298,3.3398,3.5909,3.6450,3.5880,2.9202,2.7194,3.3959,3.2566,4.9083,4.0750,2.6623,5.5829,3.4733,2.6239
Dimethylallylpyrophosphate,Dimethylallyl-diphosphate,15.6420,22.2662,38.2679,14.7127,24.1738,17.2236,28.5625,48.2943,19.3995,15.2118,34.3693,33.1277,16.1435,35.4813,14.1484,13.5014,27.1343,33.4356,17.4419,28.7727,17.0408,23.6199,36.6234,35.4217,28.8159,14.7251,21.7562,34.0797,27.3877,18.7801,25.4679,23.6741,26.3374,33.8183,35.0790,12.8825,26.2118,37.9586,18.1532,39.9700,17.0488,24.6459,27.1312,16.1126,22.2504,17.2140,19.3849,17.6060,21.0007,18.6092,20.3536,20.1330,21.3141,30.6323,18.1900,20.4257,13.5254,38.3279,38.2123,18.1723,24.6377,14.9894,14.3967,22.2214,21.8503,21.0661,16.3037,36.1934,21.0848,32.5476,28.7825,26.9554,19.5107,19.0592,20.6462,22.7488,19.9162,14.7082,26.8728,19.0279,18.6291,13.3659,18.9315,24.6987,23.8949,17.6442,25.2155,31.6581,23.6434,19.6661,25.9120,21.3607,46.0513,18.8428,18.1923,19.5438,17.0806,33.6933,19.5487,26.7057,14.6105,35.7379,19.4571,28.9332,18.0154,31.9511,23.5314,28.0796,16.6454,26.6612,27.7228,27.3941,47.1664,69.8046,20.5735,28.9000,26.9846,39.3208,26.6898,38.3004,28.5880,36.0746,71.4327,22.0032,19.3341,32.4304,30.0455,22.4413,14.5708,17.9629,32.1902,18.7902,16.1864,75.7378
Dimethylbenzimidazole,Dimethylbenzimidazole,0.8946,1.0440,1.0130,0.4988,0.9144,1.1650,1.0170,1.6451,1.3273,0.5550,1.2252,0.9783,1.0730,1.0687,0.6316,0.6643,1.2316,1.5659,1.1462,1.3800,0.8143,1.0331,1.4000,1.2505,1.2530,0.9408,0.4000,1.0309,0.5034,0.9573,0.9612,1.0850,0.8324,0.5864,1.0141,0.4281,0.7688,0.7963,1.0373,1.3413,0.8702,0.4788,0.8838,0.6056,0.6691,0.4941,0.8759,1.0621,0.4152,0.9789,1.2032,1.1241,1.3109,0.9691,1.3418,0.8481,0.2211,1.4657,1.3088,0.7013,1.1515,0.8775,0.8238,0.9989,1.5926,1.1164,1.0628,1.1059,1.5489,0.7534,1.4278,0.5905,1.3334,0.9311,1.0340,1.6519,1.1156,0.3875,1.0400,0.6971,1.2061,0.3049,1.1010,0.8323,0.6897,1.1623,1.4521,0.9545,0.5570,0.8223,1.1782,1.2646,1.3100,0.3185,0.4958,1.2292,1.0504,0.9949,1.2706,1.1321,0.4071,1.0920,1.3057,4.4724,5.0633,4.3325,4.9949,4.7847,2.0818,4.0977,5.3034,10.0363,2.0045,3.3593,3.2371,2.3448,2.1781,2.9422,1.8051,1.2928,3.8116,2.5796,2.6505,2.7519,2.8281,2.1085,1.9616,3.0878,4.0934,5.5025,2.8546,16.7235,2.5092,3.9633
Dimethyl sulfone,Dimethyl sulfone,0.8882,0.8735,0.3863,0.7177,1.0760,0.7531,1.0434,1.2828,1.0582,0.9497,1.5272,0.7381,0.9296,0.6870,0.5211,0.9616,0.4746,2.5522,0.7798,1.6593,0.6732,0.9406,0.6186,0.5808,0.5269,0.6767,1.6182,1.0013,0.8737,1.0772,1.1126,2.0863,1.1970,0.8136,1.1132,4.2671,109.6236,0.7694,1.0835,2.6847,1.5321,1.3594,0.6569,0.5464,1.2614,4.2726,0.7821,1.3459,0.6503,0.7746,0.5698,17.9731,1.2707,0.9731,0.4795,0.7906,2.9867,1.4380,1.3250,0.6152,1.9738,2.1844,0.5183,6.4990,0.6634,0.8452,0.7706,0.6692,0.9300,0.9791,0.6987,1.6008,1.6740,0.6916,1.3643,1.2235,1.5807,1.0883,1.1756,0.9861,11.6680,0.6132,1.9762,0.7235,0.6840,0.4579,1.1455,0.9787,74.5672,0.6514,0.9603,1.4919,0.9956,0.6870,77.4177,1.2696,0.9602,1.5109,27.3567,0.8483,0.9712,2.0590,1.9176,1.0372,1.2848,0.6638,0.2400,0.5916,0.3998,0.4219,0.4061,0.6099,0.2639,1.0426,0.8451,0.4273,3.0854,0.4513,0.7175,0.3540,1.0707,0.7091,0.8517,0.8211,0.2006,0.9972,1.0564,0.9326,0.6816,1.1437,0.3690,0.7121,2.2646,0.9800
Dimethyl sulfoxide,Dimethyl sulfoxide,758.0366,1222.7059,1352.9391,857.0697,871.2998,691.6427,800.6416,1381.9707,1054.5566,712.6667,739.5485,1440.6310,816.5891,765.2055,595.2529,607.1922,926.2310,1147.2328,671.3561,918.5812,753.5558,1202.3773,973.7386,980.7295,773.0738,675.5819,1506.4139,840.7404,1046.1268,1514.8042,1315.0434,1542.6032,1543.3224,1309.2957,1372.3833,1316.5138,1475.9246,1409.8124,1195.3109,1293.7474,835.5880,833.4712,1052.0452,809.1898,819.5280,1520.8941,1065.9590,950.0140,769.0462,994.6563,1040.4736,880.0740,1033.8761,995.4702,986.3941,679.4265,1267.8067,992.7833,937.9374,1634.4797,3.6051,556.3693,661.2452,1268.2712,1097.1977,696.2963,886.3710,724.2549,1245.8022,1422.2053,1708.4229,1415.3240,1385.4266,1494.8506,1554.9631,1369.2696,1537.1665,1031.8947,1409.6146,1468.0808,1118.3070,703.1092,1511.9485,1487.6730,1133.9153,1003.9586,1355.2850,934.7624,805.3278,791.0121,1633.0424,1203.2044,974.8669,588.3891,670.7901,970.1027,876.1030,874.7871,993.3191,1318.7028,735.3470,908.4755,1172.7604,657.0664,370.0948,857.5157,597.9735,693.4463,1074.9394,797.8025,723.8075,625.9027,1189.5537,944.5832,1262.3933,1085.7801,1174.5772,1146.1065,863.6960,1540.3218,759.9029,876.7700,941.4541,700.7577,698.4532,755.3858,833.1786,682.4364,698.1738,804.8638,1080.7570,687.9713,824.1298,647.0711
Dimethyltryptamine,Dimethyltryptamine,2.7392,4.2488,5.7788,4.4644,3.9475,5.3540,2.5149,2.3981,3.6617,1.3414,2.0691,2.3126,1.2472,2.3053,1.1514,1.7750,2.0967,3.9646,2.8134,3.5954,2.0953,3.0510,3.9503,5.7108,3.0333,3.3742,3.2316,5.6818,3.5679,2.3835,2.9853,2.0200,2.0599,2.6462,2.2274,3.1772,4.1502,4.0966,6.3436,8.3941,4.6136,1.9112,2.0542,1.4053,2.3321,2.5695,2.4699,3.2049,1.9942,3.7236,3.8330,6.0999,5.2806,1.8242,1.4289,1.0134,2.9594,1.9877,1.9116,1.2024,3.4117,2.0200,1.4317,2.3493,4.4677,3.0806,5.2061,5.1192,7.9812,2.2948,1.9554,3.2363,3.3715,2.4383,1.2669,4.1099,4.9810,4.7075,7.9546,3.9631,6.7813,4.4145,10.9735,1.1811,2.8739,4.1446,2.8230,3.4537,3.7153,2.6162,1.7556,3.1606,3.9413,2.4181,3.6226,6.2563,5.4341,5.0809,5.5280,1.8803,1.0429,1.3828,1.8237,1.3312,3.0769,0.4688,1.8271,0.6143,1.3253,0.5930,1.3551,2.5514,1.8807,2.5144,5.4325,4.0559,3.0315,3.3785,3.8091,0.3105,3.7155,6.4495,3.4184,0.8202,1.3753,2.5716,2.8392,5.4217,1.8623,3.5172,0.5177,5.4869,0.5795,0.2604
DL-2-Aminooctanoic acid,2-Aminocaprylic acid,0.7323,2.5287,2.3187,0.6553,0.9029,1.1976,3.0157,3.8428,0.9708,0.9111,1.4526,4.9709,3.3087,1.4815,0.3097,1.2411,2.1708,3.0570,0.8178,2.1067,1.3501,0.9428,1.4616,1.6777,0.9467,0.4917,0.9216,1.1105,0.3179,1.9021,0.9621,0.9257,1.0108,1.0734,0.9048,1.1429,2.4854,1.8092,2.3119,1.0404,0.9573,1.0466,5.5308,1.7552,1.3870,2.0778,2.1291,2.1104,1.4054,1.0422,3.4380,1.9621,1.2667,0.7878,0.9065,4.3079,1.7669,3.6440,1.2623,0.4639,1.4925,0.9338,1.7225,2.1899,1.2690,0.9429,0.7008,2.4230,1.1750,3.2258,1.2299,1.8902,2.3817,1.2437,0.7138,1.0885,2.1215,1.2237,1.4806,1.3628,1.2991,0.3499,1.7453,1.1740,1.6387,0.8468,3.0843,0.6362,2.5743,1.2359,0.6550,1.1880,1.8848,0.6712,1.2116,0.9577,1.6482,0.6744,1.1399,0.8172,1.0238,1.6700,0.6468,1.6818,0.9812,0.9317,1.2124,2.0423,0.8677,1.3393,0.6023,0.6789,1.2802,0.9479,1.6926,0.8556,0.6681,1.8702,0.7642,0.7519,1.7198,0.4377,0.4384,0.9055,0.4898,0.6124,1.2800,1.4757,0.7018,1.2392,0.9531,1.3242,0.8162,0.8881
Dodecanoylcarnitine,CAR 12:0,5.0094,1.3199,5.6393,4.2382,3.4889,9.5051,12.6523,9.7950,4.2939,3.2362,3.0776,1.1003,1.5135,4.2810,4.9013,2.3378,5.8220,2.1498,0.8372,10.1108,8.5515,5.2656,3.1826,7.9843,2.5750,2.1565,5.4553,4.1760,1.8591,2.3588,3.9406,2.1061,2.6621,3.8538,4.5445,5.9492,7.7627,4.8763,8.9179,6.6931,0.6614,2.1760,5.3023,0.7567,4.2732,2.3199,10.5848,1.9564,1.7017,1.6889,3.7587,1.5135,5.4376,12.9368,1.8357,5.1734,2.3132,6.0138,4.3790,3.7397,3.2783,1.0230,1.5391,2.1516,8.6244,1.9193,7.7671,3.1066,5.4029,2.9151,1.8186,4.0086,6.2348,13.4084,3.2392,1.0309,2.0630,1.6776,4.1985,4.7851,5.2238,1.4564,2.5258,1.8513,2.7703,3.0796,1.5936,0.7065,3.3097,3.6382,1.7570,2.4473,4.8064,1.6278,4.8282,11.7526,8.4624,3.3047,1.4806,1.9959,6.9280,3.5193,4.0276,2.2531,4.4701,2.2529,3.6215,3.9148,3.1030,2.5212,2.5148,2.4757,1.7627,1.2016,1.9423,2.0525,2.6034,0.8032,1.5356,0.5672,1.9070,1.7803,1.7842,3.8313,1.4689,2.3695,2.5552,2.3278,4.2242,5.4811,2.7022,1.4787,1.5904,1.3232
dUMP,dUMP,11.9890,13.0145,11.0857,10.7779,8.4698,11.4931,9.3242,14.4857,10.3190,12.0975,15.3372,20.5509,15.4044,10.6673,7.1846,7.9792,11.3257,14.3199,14.6714,9.5684,8.7439,12.2863,11.6553,10.1980,11.0207,14.8156,9.2586,14.0411,21.2785,18.9441,17.9963,14.2507,15.7995,12.0965,15.5559,11.7649,13.3035,14.2554,10.7480,13.3644,16.5053,10.4342,17.9024,11.7067,13.7493,15.2435,7.1003,11.4147,11.8877,14.5902,8.1925,8.0505,10.8597,12.0152,16.5080,10.0411,9.1611,9.4592,14.0153,11.5081,8.9515,8.9406,11.9959,18.3632,11.0485,13.0427,17.1844,9.5125,13.6105,17.7931,25.0949,20.5842,18.3159,11.5621,17.0953,16.6528,9.7978,12.8896,16.5667,10.7030,12.5537,10.3398,13.1040,14.8519,14.6135,16.7458,24.6682,11.9267,10.9939,9.7216,14.7015,18.2156,13.0810,10.0846,11.8963,10.3319,13.6990,13.7733,11.5993,16.6611,11.3728,16.2181,19.9165,10.5052,15.0516,15.9573,9.4457,13.0307,12.7841,15.0975,33.5043,17.8005,8.0760,9.8674,9.3016,14.1200,16.6809,9.5015,9.8218,13.0214,11.9651,8.5039,17.9088,10.1065,16.8572,13.3784,14.7192,7.2251,8.4974,26.7239,15.0266,15.6080,9.8239,7.7421
Ecgonine,Ecgonine,1.2867,1.2517,1.5621,1.2478,2.1359,2.3650,2.9104,1.5559,2.7165,1.0710,1.8536,1.4972,1.9366,2.0917,2.0532,0.8290,1.3942,2.6018,1.6089,3.6676,1.6705,0.9118,1.5317,2.0725,1.2926,1.3931,2.1582,1.7822,2.7231,1.8846,3.1891,1.7561,1.3826,1.2645,1.2317,1.5761,1.3006,2.4767,2.3334,1.6761,1.7161,1.6106,0.6448,0.4389,1.5641,2.0716,1.3698,1.7747,1.5692,1.2293,0.9754,1.7023,2.0211,2.2155,0.5559,0.3428,5.3690,2.0714,3.4761,2.6893,3.6958,0.7161,1.3117,1.1033,1.8454,1.8245,2.6450,1.2254,1.7118,1.7477,1.9569,1.4737,1.4866,2.4629,1.3331,1.0457,1.3879,1.2893,1.6874,1.9042,1.2179,1.0628,0.7455,0.6624,1.3034,1.5393,2.0333,1.3695,2.0430,1.4325,1.1868,2.4970,1.9939,0.9652,3.8378,3.1739,1.7817,1.3872,0.4022,1.6324,1.9578,3.9384,4.0308,1.8793,15.8028,4.0053,2.4497,1.6991,1.7976,1.6783,3.6095,3.2676,2.1010,1.2320,1.3384,2.3969,2.1493,2.8127,2.1199,1.9373,1.6816,2.2402,1.7026,1.3006,1.0399,1.5236,2.6123,1.9522,0.9950,4.2089,1.5132,1.3615,1.2971,1.3091
Estradiol-17beta 3-sulfate,Estradiol-17beta 3-sulfate,0.6228,1.0593,1.2707,0.7932,0.8912,1.0584,0.8002,1.3716,1.0301,0.5210,0.8306,1.1818,0.7937,0.7577,0.3416,0.3532,0.8356,1.3129,0.6582,0.8144,0.5466,0.6197,0.8448,0.8867,0.7870,0.3990,1.2459,0.7027,0.9670,1.1267,1.0410,1.5925,1.2187,1.1844,1.2773,1.4157,1.2393,1.2445,1.2145,1.4114,0.8264,0.8136,0.9629,0.8042,1.0612,1.4641,1.0110,0.9973,0.6803,0.9584,1.2861,0.9523,1.1140,1.1035,1.0279,0.5080,0.9533,0.8862,1.0877,0.9887,1.1417,0.3531,0.4356,0.9608,1.1259,0.6435,0.7725,0.6783,1.2915,1.0982,1.0533,1.2132,1.3398,1.2516,1.0475,1.2806,1.2363,1.0806,1.3055,1.3661,1.6150,0.7107,1.3322,0.8625,1.1405,0.9300,1.3498,1.0309,0.8661,0.7454,1.4026,1.3477,0.9984,0.5736,0.6953,1.0764,0.9487,0.9669,1.0293,0.9592,0.5554,0.9391,1.2355,0.6385,0.8330,0.9622,0.5940,0.6741,0.8124,0.7201,0.6151,0.5460,0.8638,0.7082,0.9714,0.8788,0.9844,0.9061,0.7739,0.9381,0.6944,0.8358,0.8905,0.6772,0.6209,0.7631,0.8482,0.7026,0.5038,0.8037,0.7059,0.6372,0.7726,0.5988
Estrone sulfate,Estrone 3-sulfate,0.0948,0.0238,0.4777,0.4883,0.4316,0.7875,1.4763,1.2226,1.2985,0.5672,0.1463,0.7135,,0.8367,0.5927,0.5017,0.4853,1.3010,0.7623,1.0283,0.1325,,0.8136,1.4153,0.4903,0.4289,2.4339,1.3962,0.0729,0.4196,0.8914,0.1324,0.8015,0.0829,1.0234,,0.0583,0.7951,0.6586,0.3137,0.0032,0.7097,0.0431,0.5844,0.0097,0.0047,0.9396,0.3143,0.3926,0.4080,0.7251,0.5036,0.4511,0.5120,0.2905,0.2761,0.2623,0.7116,0.3356,0.8173,0.7015,0.2430,0.3457,0.5109,1.1883,0.9858,0.4491,0.7944,0.6952,0.1510,0.9487,0.4728,0.3875,0.2167,1.1068,0.4044,0.5566,0.7729,1.0426,0.5035,0.0148,0.0053,0.5207,0.4577,0.8930,0.9089,0.5028,0.4540,0.4477,0.3986,,0.7414,0.7851,0.0770,0.4989,1.2285,0.0077,0.0934,0.6033,0.1147,0.2840,0.2965,0.2384,1.2238,0.7964,0.8553,1.8581,1.4313,0.8602,1.1445,0.8205,0.7938,0.7745,0.9703,0.8203,0.6614,0.6498,0.9703,0.2869,0.0356,1.0446,1.0442,1.4534,0.3200,0.0049,0.8057,1.2329,0.6935,0.2068,0.8282,0.5494,0.6763,0.5907,0.9895
Galactose,Galactose,65.7065,46.1506,56.0562,41.7806,40.7685,64.1522,35.1427,58.8198,60.6441,22.1490,18.0941,39.4159,40.1891,60.4393,33.7979,33.9363,87.6232,52.2774,27.9719,30.0038,32.9542,83.8324,44.4303,43.6057,34.0303,18.1998,37.4095,23.6202,119.3549,50.7423,52.4644,39.8070,44.8823,102.1618,41.9557,154.9901,40.8956,35.8395,47.2182,48.9325,83.2706,31.6681,102.0832,27.5598,141.7503,86.0687,35.5073,52.4797,33.1994,36.2089,62.6582,46.5178,41.1631,89.9606,56.9815,42.5561,70.8856,38.3531,66.9392,42.0792,53.9469,51.5540,20.9735,76.1921,44.2777,26.5180,48.2477,42.1813,56.9339,41.6479,39.4169,41.8800,38.6999,65.2201,41.1386,37.4869,47.1473,32.9373,47.2571,45.0430,47.8685,74.5165,47.4433,33.5304,36.3652,43.1248,21.0494,70.5685,40.6423,25.4489,53.4809,64.3213,71.7162,68.8769,35.4041,49.1413,142.8622,76.8221,54.2225,31.8346,32.7709,76.6422,109.3329,31.2572,29.4162,40.3401,33.3129,25.5841,26.8311,23.6349,14.9813,17.0113,29.6552,26.8547,36.5147,,32.1899,27.5209,0.3024,35.7501,31.0029,33.7342,29.6670,21.7792,88.9756,24.9991,23.0804,24.0263,26.7638,18.8111,29.5327,19.6466,31.8891,25.8669
Gluconate,Gluconic acid,5.5286,10.0531,8.6378,12.0937,9.3143,7.0174,9.1010,17.0368,10.2643,9.2373,11.9320,7.8734,10.1145,8.5241,7.8371,8.1253,9.3433,13.8390,7.9772,12.8793,8.0470,12.5333,10.8751,12.6288,8.9315,10.1349,6.1662,12.3693,10.1489,13.9588,11.0701,16.0043,6.8634,7.5483,9.1880,14.7998,10.0969,9.4015,7.3908,12.4887,7.4137,9.3004,12.2480,9.4313,19.5726,8.6718,10.9953,9.2807,11.3246,7.7718,10.4307,9.0185,12.8253,8.9025,9.7953,8.0065,18.5843,11.3734,14.6652,9.9071,15.1646,7.3910,7.4632,13.5601,15.7105,8.6607,12.1579,7.1531,12.2601,12.9371,10.6912,6.7958,10.9069,12.0149,12.1777,11.2876,7.4478,12.0817,8.7057,12.2417,26.0599,10.0185,14.4966,8.3810,10.7061,9.4084,14.1633,14.9027,9.5750,8.9199,15.8072,13.4461,11.6927,15.8816,10.8641,10.1261,19.6414,10.7983,10.6575,14.3041,10.5401,14.2334,11.7978,14.1071,13.1473,11.2747,6.7729,6.7559,8.8335,7.7356,7.4239,7.5878,13.5438,9.9324,14.7049,1602.2973,15.9512,10.2916,1554.9033,14.3509,14.6054,11.1304,15.4449,14.9295,17.6154,11.9403,14.8336,11.8171,30.7561,7.3204,10.0913,13.6314,13.8188,9.8788
Glutamine,Glutamine,32.2780,29.2710,47.0567,26.6552,43.3191,37.8916,30.7225,43.0150,41.7748,40.1662,46.0639,52.5421,35.0341,33.0965,26.4977,28.6387,39.2163,47.6283,36.0183,36.0735,37.0363,32.9660,32.2361,36.4261,31.0906,38.1967,36.7220,40.1519,24.5214,36.7414,36.2141,43.0164,27.2263,32.7918,48.7789,19.6634,47.4601,49.5846,53.1463,47.0281,28.3631,38.8097,29.3050,39.7878,27.1019,32.8520,47.6533,35.4428,27.6526,47.0898,42.2422,34.2742,30.8116,51.5704,29.7675,27.3319,23.2059,44.6047,39.2492,48.9166,45.6584,32.3172,30.3700,33.0536,48.1398,38.5279,28.0548,37.4211,48.6538,39.0522,59.2860,61.1228,49.7634,30.6270,51.7360,51.8360,45.8364,38.6875,40.1898,47.7355,45.5172,29.8230,93.7354,53.6214,29.8382,27.6288,56.7623,26.3626,32.7995,37.2255,42.2040,31.3827,38.3518,20.2662,34.2809,37.1027,23.9365,20.3719,42.9258,51.5590,32.9245,49.9924,38.9766,17.7857,17.4781,27.0500,20.1186,16.6237,18.2797,15.5949,18.3513,14.4435,11.5253,5.7928,13.3755,5.8370,17.3594,25.5806,3.1936,6.5505,20.5867,15.2904,23.7896,6.3204,6.5431,15.1780,9.9697,9.0713,8.2662,20.8844,9.1937,4.6592,17.9699,6.4007
Glutamylphenylalanine,Glu-Phe,0.4957,0.6182,0.4789,0.4615,0.4716,0.3905,0.7261,0.5234,0.5195,0.5245,0.7857,0.4527,0.5756,0.6175,0.4191,0.4026,0.5342,1.1523,0.6582,0.8418,0.5914,0.6029,0.4654,0.5996,0.6674,0.5231,0.5598,0.6462,0.6163,0.5497,0.5844,0.7359,0.3783,0.5968,0.5126,0.8923,0.6335,0.6008,0.6317,0.6337,0.6342,0.4749,0.5286,0.5852,0.5055,0.3915,0.8557,0.6245,0.5014,0.4614,0.4382,0.5135,0.8710,0.9840,0.8084,0.4375,1.0295,0.5531,1.0668,0.7126,0.8280,0.4954,0.4454,0.7566,1.0153,0.5366,0.5840,1.7653,0.4938,0.7095,0.5367,0.4041,1.4840,0.6509,0.8502,0.5703,0.4674,0.6236,0.5274,0.5296,0.9766,0.4794,0.7064,0.6363,0.4929,0.4346,0.6798,0.5547,0.4712,0.7009,0.5769,0.5351,0.5315,0.3216,0.7926,0.5051,0.4859,0.3718,0.5498,0.7749,0.5534,0.7277,0.6685,1.6331,1.7006,1.8732,2.8564,1.5157,1.8044,1.1890,1.0538,1.0623,1.3140,0.6951,1.5888,0.3485,1.6526,1.6594,0.7403,0.1976,1.5660,2.0949,2.1366,1.4252,1.5524,1.5476,1.0184,1.3814,1.1827,1.3987,1.1859,0.9306,1.6208,0.6439
Glutarylglycine,Glutarylglycine,1.2581,1.7460,1.3918,0.9275,1.2996,1.4350,1.6009,1.5576,1.7302,1.0114,1.4728,1.2766,1.4863,1.6178,1.0267,1.0014,1.4111,1.9140,1.7083,1.0699,1.4727,0.9805,1.2469,1.3913,1.4708,1.1191,1.3801,1.2417,1.6536,1.3061,1.5631,1.3674,1.6375,1.2916,1.8317,1.1644,1.4100,1.4221,1.6808,1.2951,1.2935,0.9680,1.1714,1.1766,1.0913,1.2083,1.1067,1.5236,0.9017,1.4360,1.0996,1.1068,1.5053,1.5599,1.8254,1.4083,1.2782,1.3509,2.3425,1.5764,1.5302,1.2331,1.1175,1.1961,1.5953,1.6950,1.1519,1.5732,1.4973,1.0841,1.4183,1.3463,1.4224,1.3966,1.4908,1.0446,1.5153,1.6788,1.1780,1.3029,1.1791,0.9868,1.1461,1.3429,1.3510,0.9100,1.4767,1.2346,1.3096,1.4816,1.2704,1.7077,1.0459,0.8396,1.1466,1.0413,1.2139,1.1021,1.1033,1.7895,1.0385,1.4033,1.6822,1.1714,2.0163,2.2818,1.5751,1.4762,1.2723,1.2651,1.3224,1.4284,1.3890,1.3264,1.5778,1.6419,1.6552,1.1308,1.2732,11.2919,1.1320,1.2811,0.7722,1.1493,1.3520,1.4265,1.1620,0.7259,1.1514,1.2239,1.2552,1.3277,1.3679,1.2996
Glutathione,Glutathione,0.7403,0.7485,0.9267,0.5418,0.4657,0.6724,0.6600,0.4075,0.4744,0.5336,0.6512,0.5902,0.4734,0.6793,0.6260,0.4997,0.5135,0.5657,1.0802,0.8576,0.7732,0.5556,0.5985,0.8819,0.7918,0.5294,0.4854,0.5244,0.9436,0.7443,1.0025,0.4818,0.5421,0.6228,0.6568,0.4554,0.5445,0.7812,0.7586,0.5414,0.9196,0.6248,0.7394,0.7280,0.7141,0.8049,0.8108,0.7907,0.3954,0.6457,0.3958,0.7720,0.6013,0.5576,0.4942,0.5632,0.8818,0.6003,0.8456,0.8802,0.5268,0.7467,0.4821,0.8264,0.9782,0.7853,0.5602,0.7111,0.5756,0.5903,1.2917,0.5689,0.6355,0.5959,0.9457,0.8619,0.6620,0.8676,0.6337,0.6511,0.9744,0.5398,0.4947,1.1795,0.5466,0.7524,0.6270,0.6984,0.4587,0.9017,0.7571,0.5531,0.6856,0.7027,0.3417,0.7888,0.4043,0.6840,0.3872,0.9555,0.6367,0.3207,0.2163,0.8422,0.5855,1.1708,0.8913,1.0556,1.2142,0.7758,0.6932,0.8115,1.1297,1.1775,0.6761,0.7745,0.7136,0.8202,0.9555,0.7750,1.1055,1.3408,1.1359,1.1884,1.0747,1.1197,0.7775,0.9605,0.8393,0.5486,1.2010,0.7389,0.8574,1.0511
Glycine,Glycine,0.5304,0.6547,0.7765,0.5267,0.8964,0.5309,0.4292,0.6613,0.6378,0.9917,0.9909,0.9011,0.7470,0.4602,0.3562,0.6125,0.8301,0.9421,1.4629,0.6125,0.5645,0.3720,0.6956,0.6396,0.7503,0.9307,0.7251,1.0065,0.3791,0.7013,0.9457,0.9188,0.6164,1.0318,1.1655,0.3832,0.8588,0.9512,1.0794,0.9480,0.3927,0.4902,0.2784,0.6076,0.2811,0.3930,0.7157,0.3015,0.4150,0.6640,0.7092,0.5453,0.6116,0.6586,0.6104,0.6399,0.3336,0.7603,0.9701,0.4950,0.6056,0.3938,0.5777,0.5634,0.8578,0.8801,0.4947,0.8435,0.6019,0.9158,1.3592,1.4250,0.9772,0.5521,0.8280,1.3972,0.8178,0.9380,0.7760,0.7291,1.1026,0.5109,0.4394,1.2540,0.7091,0.4584,0.9429,0.2188,0.3774,0.4730,0.5684,0.4273,0.4196,0.1922,0.6257,0.4293,0.2595,0.2346,0.7116,1.0443,0.6149,0.7004,0.6560,1.5540,1.0448,1.8370,1.0661,0.9528,1.2317,1.1085,1.4058,1.3519,1.1242,1.2094,1.0756,2.3544,1.3350,1.7432,1.9667,1.3132,1.6367,1.1736,1.5002,1.0853,0.5383,1.0803,0.9233,1.1468,0.8909,1.2571,1.1362,1.0526,1.2482,0.8283
Glycocholic acid,Glycocholic acid,4.2613,10.7448,122.4588,2.7359,18.0707,1.2300,1.0797,6.5910,4.9524,1.7947,7.8322,5.4271,13.5526,9.4944,2.1798,1.0796,5.2068,1.7784,8.1879,12.6744,8.1411,5.9980,1.8420,2.5470,9.2807,2.4448,3.1248,3.7883,6.4478,1.2610,5.6579,4.6941,3.5215,6.3595,12.9136,2.8869,1.4566,0.9388,1.9501,1.6096,4.7483,2.8075,4.8085,12.2357,6.5593,2.4754,9.2048,19.1395,32.3369,1.7803,8.4440,6.6576,5.5198,1.0686,7.2906,4.2382,7.6708,5.9980,13.1725,1.0115,11.7024,5.1774,1.7028,4.3024,17.5021,5.0151,7.0112,4.5478,3.2115,3.1435,8.5117,0.3943,22.4090,9.1918,14.6439,8.3689,2.2523,3.8225,1.5232,2.2147,3.0887,4.5761,32.9251,11.1945,0.8441,9.7277,29.7946,4.1616,1.3205,11.0402,1.0053,13.0950,3.4752,2.4118,0.6364,1.6076,7.0918,4.7608,1.5666,5.2368,2.8003,6.7899,5.8220,3.7425,9.2192,5.9770,1.9799,1.9389,10.3830,2.3634,1.7317,2.8664,6.7567,15.5042,4.6403,13.9903,1.6954,13.2948,2.3101,1.8718,3.1180,5.7136,4.6899,1.7373,4.2081,2.6677,2.1563,2.5948,4.6415,1.4657,2.8617,1.9044,1.9513,11.6055
Glycolic acid,Glycolic acid,4.0635,6.4785,4.8086,3.5580,8.6024,5.0678,5.5227,7.5102,6.6806,6.9079,6.9894,5.5494,5.3444,4.6981,5.5832,3.7506,5.9340,8.0401,6.2605,5.6271,4.4861,5.9902,5.2662,5.6567,4.8469,6.0123,5.9850,5.3508,5.0173,6.6551,6.0541,9.5430,5.2149,2.9424,6.5458,4.9012,7.7009,6.4575,5.2923,6.9620,5.8428,5.5629,3.8803,5.1322,4.7542,2.7769,4.2305,4.4454,4.6237,6.9142,4.3839,4.9307,5.3386,4.5690,3.9375,4.9037,3.3814,5.4419,6.0365,2.7766,6.9353,7.8713,7.3782,4.5703,4.4300,5.6782,5.1891,5.5467,7.4800,6.3467,5.2129,6.2673,8.2351,8.9453,4.7216,8.7010,6.6252,5.0120,6.3835,4.4468,7.0129,3.1746,6.6203,3.5022,5.9559,3.9666,7.7207,3.9399,4.2979,5.6011,4.2627,10.9513,5.3861,3.2389,4.5970,5.9738,6.1053,6.6823,8.7351,5.2521,5.3391,4.0022,4.8335,5.0560,6.8895,6.9617,4.1187,5.3417,4.3972,5.3267,5.8346,6.1379,5.8481,6.6187,6.0274,20.2270,5.1573,7.8892,16.2874,7.5505,5.1975,5.5775,5.1003,3.7849,2.9995,3.3820,4.7970,4.4885,4.5209,6.5835,3.6619,6.2083,5.0193,5.6108
Guanidinosuccinic acid,Guanidinosuccinic acid,0.0538,1.0265,0.6703,1.3498,1.4338,1.2857,1.0121,1.0172,1.4621,0.3504,0.6289,0.5705,0.3654,1.2569,,,0.1818,1.3592,0.3251,0.1636,0.3703,0.1141,0.3021,0.8056,0.2043,,0.6902,0.5758,0.7761,0.8865,0.7686,0.9555,2.0137,3.9751,1.5247,1.3393,1.0873,0.8053,0.7032,0.7535,0.6059,1.5591,0.5393,0.7145,0.4324,0.7053,1.8382,1.0846,0.3220,0.9730,0.4050,1.6829,0.6693,0.7196,0.6001,0.3424,1.0049,0.6515,1.2524,0.7923,0.1587,0.1145,,1.0910,1.4577,0.6430,0.4508,0.6051,0.5807,2.3644,1.5124,0.7734,0.8735,1.2706,0.7034,0.6771,0.5581,0.9450,1.1078,0.9167,0.9948,0.7463,1.1228,1.2557,1.7015,0.8027,0.8280,1.0536,1.3645,0.6369,0.4759,1.3246,1.3459,0.4825,1.1777,0.5682,0.4245,0.7924,0.4819,1.2557,0.5162,0.5948,0.9602,0.6649,0.3538,0.9399,0.6381,0.3152,1.9643,0.2378,1.4244,1.2407,2.8215,0.7267,0.9838,0.6659,0.6352,0.7282,0.8583,0.6329,1.0853,0.8417,0.4920,1.0092,0.5847,0.4865,0.5908,1.4716,0.7579,0.4599,0.8047,0.5292,2.7195,0.4310
Heptadecanoic acid,Margaric acid,79153878,112255178,107908382,81616726,75453416,72494027,80294030,115802291,85942729,71210478,66189220,101338227,54171217,69035164,196781,59874297,63453428,83148523,88013293,80616403,117163377,78023527,82121080,73773691,84027489,77317165,89403451,159454289,92194853,92854280,99818690,96133955,89148446,88892139,92186842,86328098,110373231,107147788,93345627,69608185,87047498,75477821,65261353,81549905,76829081,103221883,78799563,76938184,64905535,75846944,84994316,80918525,89485147,75649897,70399814,85868273,95641178,81657586,68229209,114467345,65967853,68086310,99966166,208517881,80419586,72851243,80987683,68082573,73205055,95184976,102922178,92208310,94859600,92220215,99096236,110721242,114427563,109077609,70285863,109029951,108007710,102267804,114392997,77244880,75954856,19713190,74713390,83348801,79879733,70482609,92850537,71799950,81686829,74461215,75950309,89012090,76753373,86618122,74611547,98577276,77912025,79668412,77740591,78979646,77894251,73561857,56742403,66888693,106747503,61227020,77071791,79474075,88741891,103220726,97345258,92572803,112578406,113829655,110295951,96989659,111604936,110585847,87575331,92758822,82177462,86114103,89532320,78484906,79535786,81238264,85360257,90263913,80616117,76310340
Hexanoylcarnitine,CAR 6:0,1.7964,0.5522,1.7252,2.3242,1.5317,5.2601,3.3208,3.1806,1.2520,1.1365,0.8811,0.4010,0.6361,1.5028,1.8209,0.5713,1.9627,0.8746,0.5768,4.0839,1.3649,1.6473,0.8715,3.2309,0.8988,1.0106,2.3091,1.6490,0.8540,1.5807,1.2542,0.7718,1.3423,1.0411,1.2578,1.5702,2.7034,2.0890,3.3263,2.3661,0.4822,0.7239,1.8596,0.6681,1.5150,1.3151,2.3862,0.8510,1.1855,0.6059,1.4969,0.8067,1.6158,2.6715,1.1821,1.0130,0.9025,2.0266,0.7825,2.0430,1.3022,0.4639,1.0320,0.8996,1.8649,1.0138,3.3567,0.9607,2.1871,1.0979,1.0479,1.1168,2.0487,7.3002,1.8632,0.6930,1.8335,0.7892,1.0027,2.1142,1.7625,0.7490,1.3930,0.8973,1.1136,1.1778,0.5860,0.7051,1.2245,1.6232,1.1741,0.8190,1.7228,1.0340,3.1520,2.4711,2.4791,1.6175,0.5028,0.7005,4.4047,0.9596,1.4363,0.6446,0.6740,0.5739,1.1823,0.6810,0.9947,0.5356,0.8049,0.6617,0.4025,0.3049,0.4624,0.5730,0.4520,0.3832,0.3065,0.1556,0.6119,0.3976,1.4902,0.6717,0.2440,0.5870,0.4552,0.5935,0.8726,1.7038,0.9149,0.0640,0.5764,0.3237
Hippuric acid,Hippuric acid,3.1604,76.1785,6.1746,43.5749,14.9855,5.9277,2.3160,6.6812,1.3989,10.4183,14.5958,27.1209,28.5269,4.9013,3.2041,14.9235,40.0950,50.3678,2.9836,7.7833,18.9798,26.1207,9.8948,6.3246,7.8669,10.8501,17.7393,11.5616,8.1097,4.0438,8.0366,60.2103,0.5945,29.3287,6.6221,32.7856,6.8630,9.4828,12.9132,67.0360,3.6167,163.2658,1.8294,3.7264,20.8278,10.9562,3.8672,6.4918,12.1846,16.4519,3.2229,97.4830,10.2013,1.4047,19.4834,16.0039,12.1011,11.5840,23.6052,4.0492,180.1529,79.5470,9.5538,88.3255,31.4150,33.6145,6.6381,7.1802,10.4246,33.2556,18.0056,18.8990,44.1728,2.1190,2.6805,12.2572,21.3038,22.1310,17.3445,8.5782,64.6647,4.3660,31.0223,127.5247,22.6382,2.9580,10.2852,13.1845,27.0471,17.2917,13.6773,13.8299,22.8628,5.4854,8.2042,27.1575,13.7417,59.8550,63.5183,31.5382,80.3221,8.8860,24.9824,5.8064,11.6049,82.6061,32.8676,8.4390,2.3238,23.1646,8.4348,7.3281,6.8341,20.3323,15.3618,4.6410,133.2270,2.2205,3.2628,74.5658,5.8299,57.5375,2.6449,8.5871,15.6993,4.8022,3.8102,27.9685,21.8446,10.2545,4.1288,3.8203,11.4602,22.2328
Histidine,Histidine,1.8059,3.1570,3.2248,1.0756,2.7086,2.9782,2.2294,3.8020,3.4980,2.1379,2.8053,3.5502,2.7757,2.5567,1.3359,2.1141,3.5510,3.7322,1.7501,1.5033,2.2000,2.5935,3.1150,1.6061,2.3955,1.3648,2.9756,1.5742,3.1469,3.8772,3.0297,3.7988,3.6310,3.9395,4.3262,4.2321,3.8150,2.4657,3.1644,2.8292,1.5553,2.1666,3.2182,2.6543,3.2823,3.6250,1.6982,1.5676,2.1960,3.0215,3.2980,1.8331,1.9243,3.3430,3.2102,2.4551,2.0114,3.4653,3.6663,3.3222,3.3904,2.1183,2.0708,3.0821,2.0793,2.3147,2.8347,2.7830,2.7763,3.2877,3.4575,4.3654,3.3070,3.3824,3.1816,3.0010,2.5622,2.4217,3.7810,4.0311,1.5802,1.9363,2.2308,4.0211,2.9569,1.0890,3.6070,2.0912,2.1348,1.4417,3.6960,2.4483,1.8381,1.6296,1.2806,1.8194,2.4992,1.2357,2.7303,3.8198,1.5100,2.7629,2.8471,2.8262,2.6588,3.5635,2.4244,2.3314,2.6923,1.9927,2.1522,1.9949,2.5645,2.6375,2.1557,2.6188,2.3863,2.2103,2.5154,3.0570,2.7205,2.3935,3.0374,1.8683,2.2897,1.9327,2.3909,2.4729,2.1191,2.2233,4.5234,2.0398,1.9333,2.1822
Histidylproline diketopiperazine,,2.5734,3.2123,4.0441,2.2531,3.9282,4.2349,2.3924,4.2003,4.8316,2.4103,3.2280,3.1573,2.9245,2.7163,2.0702,2.3159,4.5492,3.8439,4.0364,3.8238,2.3979,2.6091,4.2219,3.8275,5.2461,2.8279,2.6182,2.6157,0.9572,3.7263,4.6198,3.7193,4.1004,3.8467,3.1273,4.8074,4.4080,4.1779,4.0554,2.7672,4.9938,2.8796,2.4059,4.0339,4.6030,3.0786,3.6656,4.5533,1.9977,3.3686,3.5475,2.9773,3.3073,2.8524,4.7848,2.6094,4.3862,5.3275,4.6215,4.4780,3.9181,1.3510,4.0871,2.5570,5.1190,4.0809,2.2610,3.2994,3.4770,3.0994,2.9094,3.7941,6.7123,2.1455,2.1318,6.4813,4.4705,3.6950,3.7717,4.1545,2.6797,2.9201,3.2790,3.2167,2.9418,2.6215,4.2329,4.2276,2.2571,2.4124,2.9117,3.8085,3.2225,1.3292,1.9019,3.2176,1.8782,4.4967,3.0149,2.9007,2.3393,3.6455,5.0549,3.0532,2.9970,4.4414,3.3318,2.8035,3.3923,2.7039,2.8303,2.2844,2.6727,2.4651,3.9866,1.3959,1.5442,2.8520,1.5885,1.8319,2.8350,3.0073,2.5492,3.0430,2.8116,3.5479,1.8674,3.0401,1.4125,2.7866,1.4162,1.1662,2.6113,2.7401
Homocysteic acid,Homocysteic acid,1.0670,0.8808,1.5762,0.8339,0.9694,1.9551,1.5299,0.8996,1.3022,0.6039,1.0450,,1.7129,1.3093,1.2874,0.9716,1.2522,0.7886,0.6653,1.5016,1.0369,1.6779,0.9769,0.9128,1.1955,0.8131,1.6366,0.7019,1.7294,0.9404,1.0950,1.0942,1.6036,0.9836,0.3813,1.1912,1.4313,1.2750,1.5961,1.1117,1.9043,0.7002,1.6961,0.8765,1.7277,1.8379,1.4264,1.4546,1.0164,3.2223,1.3482,1.0896,1.3316,3.1715,1.0781,0.7301,1.5509,1.2092,1.9974,2.9611,1.2618,0.5746,16.5969,1.5645,2.0388,0.6639,1.1131,1.2310,1.4735,1.2783,3.3620,1.6939,0.4529,1.3179,1.0611,1.0406,1.3049,1.2225,1.3669,1.1832,1.0449,1.3978,0.7414,0.8474,3.2650,1.6453,1.4157,1.4149,0.8516,1.6146,0.8777,1.1381,1.4161,1.0690,2.0031,1.4661,1.6424,1.7617,16.1892,1.2057,0.8626,1.9278,2.4694,1.0224,1.1333,0.2489,0.8011,1.0853,1.6030,0.9605,0.9440,0.9066,0.7342,0.8029,0.6538,0.9579,0.6546,0.8930,0.6995,0.9484,1.1751,0.7363,0.4588,1.1920,1.3849,1.0830,1.0133,0.7543,0.4207,2.2019,1.1731,0.7484,0.7430,0.6672
Homoserine,Homoserine,3.8019,4.5968,8.4811,3.4279,7.2200,6.4957,3.9946,3.6295,5.7031,5.4946,7.0322,5.4944,4.8182,4.2749,2.9577,4.6598,5.8908,5.1268,10.4023,4.3289,4.4468,2.5196,4.0883,3.4830,6.3474,5.6131,4.9795,6.2548,2.3038,4.0569,4.5783,4.7877,4.5219,6.1841,6.0161,1.7555,4.5772,6.1405,7.4596,7.5393,5.1302,4.5637,2.3032,5.8740,1.4271,2.6832,5.8849,3.7264,4.5033,5.4650,6.4251,5.5570,3.9288,4.8242,5.5617,4.2382,2.7995,5.3130,6.5903,4.6358,5.5696,2.6572,5.3616,3.7859,6.3229,5.7772,3.3329,5.5334,3.5471,5.1641,12.5305,9.4180,6.0916,2.8674,5.8996,8.5527,5.1977,6.5556,5.9978,5.5191,7.8321,3.8927,2.0172,10.5386,6.6001,4.7485,8.3052,3.7109,3.0459,4.2351,7.9388,2.8900,2.4372,1.2850,4.0866,3.6179,1.4156,1.8669,3.8584,7.7204,4.7403,4.6580,4.7756,9.6954,5.4518,10.8948,6.8639,5.6374,8.1058,6.6638,7.2627,7.3415,6.3039,6.5821,5.2038,10.9469,5.5833,9.6144,10.1048,10.7904,11.0929,8.3895,9.1323,8.1648,2.8200,7.7778,6.1387,7.9600,6.0403,8.6591,7.8137,6.3590,7.1560,5.9837
Hydrogen sulfite,,0.5563,3.7411,3.0140,3.9195,7.8685,5.0582,4.9750,2.6403,1.3266,3.2482,5.1394,1.4397,3.7024,2.7570,2.0745,5.1968,2.1395,5.5335,1.6543,4.8759,3.4946,2.4238,6.6776,0.3874,5.0396,1.4907,0.5331,3.1800,0.2401,1.2972,0.9444,3.0611,9.4871,4.7499,1.3643,6.2758,8.4022,2.4539,2.8528,3.9618,0.2064,2.4123,0.5677,0.1770,2.5554,1.8907,5.3504,0.3683,0.8269,0.4540,2.9025,3.9445,7.3693,9.4644,1.3264,7.4858,4.0856,1.2843,4.2241,2.8389,3.4681,0.7374,1.7721,4.9166,3.3091,6.6425,4.0519,3.6235,1.9852,4.8297,0.7640,4.7437,2.7001,3.1791,0.3747,1.1858,0.7488,1.0402,3.0868,4.9671,7.2704,2.1572,0.8521,1.9558,3.9936,1.7056,2.0890,3.0468,8.0323,6.0230,1.9774,2.9561,1.3219,1.4995,0.8190,2.0701,0.0808,1.2422,1.8398,1.8542,0.2943,5.9092,2.3358,0.7497,1.8252,4.4640,0.1760,0.2100,0.9099,1.6707,8.0563,8.6102,4.9733,0.0540,3.6814,3.3005,3.8598,2.1518,1.5488,3.0867,0.5207,2.4522,3.0605,0.5348,0.1799,4.8831,3.5532,1.1248,5.4762,0.6111,2.0413,4.2159,13.3246,0.0469
Hypoxanthine,Hypoxanthine,1.4407,7.8070,7.7301,4.2984,3.4807,6.6481,9.0389,19.2003,8.9248,10.4187,19.1079,3.9958,7.9803,10.9391,6.9978,7.6637,9.2830,14.1733,6.5255,6.8294,5.7514,7.6349,6.4768,8.5323,8.9124,10.8404,3.8074,16.5045,3.4950,6.5367,7.1891,5.3336,7.8357,11.6475,8.4986,4.0054,8.0197,10.1066,9.4779,5.2040,5.6588,3.1301,10.2894,4.1925,7.7199,8.3529,6.6236,5.9419,7.6788,19.6364,5.5123,5.2064,7.4479,7.1650,5.8373,4.4591,3.4541,4.5838,7.1821,6.2331,6.7562,4.0143,6.5883,5.4122,6.1594,5.8092,7.7753,5.4197,8.8950,6.5557,11.1529,10.3386,9.0357,4.2693,9.6504,7.6822,6.7854,10.5278,11.7239,7.6450,22.4698,4.1230,6.0310,6.5314,9.9454,11.3056,11.3319,7.2522,7.7262,9.6957,9.5018,14.0964,5.8690,8.2681,9.6375,4.6923,6.3105,8.7630,4.1372,5.2548,9.0420,6.4801,7.1508,0.2061,7.6719,23.3799,1.0829,48.0580,0.4116,31.5153,43.8548,37.5494,0.5292,0.2731,2.1848,1.9310,2.1778,1.4032,1.7537,1.8350,0.2410,1.4183,5.0342,1.5343,1.1078,1.2986,4.2746,2.0268,2.1954,53.4813,0.2911,2.4350,7.7881,0.2928
Indole,Indole,2.7448,2.5912,1.8112,1.6122,2.5565,1.9149,2.6003,2.9156,3.1150,2.2032,2.6930,1.6479,2.9501,3.3360,2.0636,2.1894,2.8096,3.5954,4.0096,2.0208,3.0443,2.1907,2.3419,2.4255,2.9918,2.5234,1.4955,2.6305,1.9459,1.7458,1.0842,1.6399,1.9086,1.4850,2.3218,1.0199,1.5779,2.0252,2.3490,1.5228,2.5240,1.9466,1.7060,2.3855,1.6365,1.2454,1.7374,2.5623,1.7052,2.6586,1.8805,2.1900,2.8416,2.6142,3.1468,2.6665,1.0337,2.4872,4.3641,1.7192,2.2314,2.9974,2.4916,1.5221,3.1860,3.5649,2.2888,3.2879,3.0839,1.0490,1.6289,1.7252,2.1166,1.8734,2.2288,1.5980,2.0179,2.2093,1.5124,1.8548,1.8781,1.2826,1.6147,1.8311,2.2365,1.4953,2.3500,1.9930,2.0390,2.6973,1.4876,2.7264,1.5923,1.6623,2.2294,1.3918,2.5212,1.7496,2.0647,2.8546,2.2708,2.2093,2.7492,2.7844,3.8984,4.1318,3.2703,3.0934,1.8067,2.7716,2.6006,2.9019,2.1539,2.4792,2.4917,2.5963,2.9634,1.6171,1.6901,2.5406,2.1921,2.2945,1.4725,1.9102,2.9120,3.0696,1.9790,3.0802,2.1420,2.0753,1.6208,2.8424,2.7355,3.2152
Indole-5_6-quinone,"Indole-5,6-quinone",6.6064,4.4776,4.6443,4.5554,2.9924,3.7454,3.7092,4.6605,3.4424,2.6104,4.1373,3.6013,3.2921,3.5836,2.2914,2.6131,4.2778,6.0331,3.6350,4.5518,4.0150,3.7051,4.0940,3.6921,4.0031,2.4272,5.4560,3.0719,3.1062,4.1346,3.7911,4.1763,4.0104,4.8309,4.9438,4.6215,4.6993,4.1452,4.3982,5.0204,4.0058,2.5781,2.9455,2.8497,3.6314,1.0074,3.0057,3.7707,1.7818,2.9154,3.1212,3.7040,3.7922,6.5211,3.1716,2.1037,3.3641,4.9127,3.4274,1.5529,4.3505,2.8649,2.6439,4.7259,9.1202,8.2078,4.3805,3.3135,4.4556,3.8945,2.4718,3.8131,3.9071,4.5270,2.8699,4.5542,3.8739,3.7017,4.8388,5.2663,4.9790,3.3435,7.4018,1.2557,2.6938,1.9327,3.7702,3.6212,3.3896,2.4496,4.1321,3.1580,3.3841,2.0932,2.6423,3.0400,2.3465,1.9873,3.3617,4.1194,2.2100,4.2475,3.9672,1.0744,1.8901,0.7494,0.6329,1.1908,0.9213,1.1014,1.0631,1.0028,0.9382,0.6953,1.0470,1.6534,0.7470,2.3431,1.4539,0.8768,1.0267,0.6368,0.6521,0.9669,0.6914,0.7003,1.5406,1.8355,1.6171,2.0643,1.2217,0.9958,1.5314,0.6325
Indoleacrylic acid,Indoleacrylic acid,115.3657,153.7265,124.7230,82.0268,115.8225,124.5970,141.5289,136.0635,156.6675,92.0534,133.1985,110.0582,132.4535,145.6997,90.7700,87.9118,128.6210,165.8320,154.2064,89.5304,132.2082,86.1107,108.3894,119.4809,130.9340,99.7289,123.6780,109.1912,145.8436,113.7186,143.7533,122.1767,141.2160,115.3662,158.8773,107.0309,127.9507,126.0172,146.5532,111.0635,115.6888,85.0266,108.7857,106.9017,93.8795,104.2656,94.8639,135.7372,79.6520,128.5860,97.4206,100.1530,135.1957,140.7519,161.9357,124.5553,113.6795,115.3067,213.9819,137.2916,141.6228,114.5797,98.8393,109.5326,137.3731,150.5983,101.4533,143.4973,138.2606,93.5293,124.5905,120.6217,127.4317,131.0887,132.3189,85.2491,133.7730,149.5874,101.7108,114.8212,98.9457,88.3070,99.7875,120.2872,120.7181,77.4520,130.0283,112.5892,113.8415,129.4619,111.2687,153.9577,90.9994,75.4250,103.5450,90.0583,110.2620,96.1733,95.5661,159.3512,91.9179,126.4757,143.8829,108.7975,183.2509,209.9648,140.7614,136.6028,115.4009,114.7767,117.0733,129.2086,125.8295,121.6317,143.4938,150.5107,150.9042,101.3235,118.3622,134.4593,101.6916,116.3505,66.0951,106.1973,120.1239,128.6634,102.7268,105.0198,104.9564,108.2381,112.0408,119.9177,122.0515,117.7990
Indoxyl,Indoxyl,0.8074,2.5985,1.7633,0.8838,1.5443,1.3815,1.1167,1.0543,0.7523,0.6792,2.2819,1.9416,0.7470,0.9440,1.1995,1.3249,2.0625,2.2572,2.4069,1.7425,2.0051,2.0864,2.0793,1.6903,1.8596,1.9207,1.1182,2.8040,0.8840,1.4451,2.1134,2.9421,0.7232,1.5913,1.6969,3.1411,1.4779,3.3026,6.3070,3.7099,1.0035,0.7848,0.5514,0.5892,0.8357,0.6651,0.6366,0.7639,0.8316,1.3795,0.9676,1.3764,1.1155,0.4377,0.8926,0.4679,0.6860,0.8521,0.8252,0.9150,2.8767,0.8741,1.2968,0.8575,2.1675,1.8122,2.5763,2.0683,4.9190,1.0534,0.8691,1.3627,2.2554,3.2861,0.6841,2.0543,5.9691,2.0651,3.5135,2.2927,3.4106,1.0901,2.7407,0.6582,0.6011,0.7145,0.6453,1.0467,1.9789,1.2703,0.7121,1.2066,1.0050,0.3949,1.1235,1.6257,1.6641,1.6844,1.5394,1.2753,0.2888,0.5595,0.8552,0.9597,3.3552,3.2375,2.9975,4.8470,2.5681,5.3735,2.2792,3.6043,1.7013,2.1604,10.5594,2.1878,0.9201,4.4505,3.6064,0.5938,1.8602,3.4372,1.6145,0.5859,1.1893,0.9110,1.6875,1.7073,1.0145,3.2485,0.6417,0.7841,0.9168,1.4319
Indoxyl sulfate,Indoxyl sulfate,34.3537,61.3411,108.6498,15.8167,25.6023,21.7732,55.8446,18.6216,114.4965,30.2736,68.0643,75.9287,37.1326,29.6091,27.1698,39.2951,109.0843,69.0224,27.1226,42.1632,53.3407,32.3908,83.3067,20.1139,81.5618,39.5312,9.3423,44.9671,5.3534,36.2451,32.7237,54.5672,83.8655,37.6098,10.6561,76.8355,23.5919,28.3318,57.5372,21.7268,11.2741,14.5550,24.8933,21.6458,27.1553,25.0833,42.7504,11.0368,42.9707,12.3809,17.4402,23.5369,132.2455,86.3009,27.8112,23.3313,42.3350,42.2656,57.8033,49.5968,56.9121,10.8979,21.1499,102.8310,89.6364,49.4450,26.2688,70.1266,38.1448,84.5302,20.9604,13.2581,71.0044,22.1646,24.6173,30.0158,33.0177,15.9616,35.8078,55.0981,47.9054,43.7514,11.3501,37.8329,56.0332,27.5873,34.4254,101.5100,32.4042,67.3810,51.1699,48.3005,61.4334,26.8719,43.3965,58.0627,37.1515,35.7198,25.5575,52.1682,10.8909,64.0919,22.7223,39.6773,34.5222,74.2506,44.1865,30.4751,42.6640,33.7818,38.1125,32.8549,38.2476,36.2079,29.0577,41.5447,82.9761,41.4139,32.1350,47.5019,37.0946,61.4555,38.3802,38.9603,18.7882,54.4084,47.5480,50.4767,250.1190,10.2542,40.3440,42.8988,55.8596,40.2766
Isohomovanillic acid,Isohomovanillic acid,2.9965,2.1082,1.6791,6.5191,3.5052,2.8094,7.3998,3.2168,3.5102,2.2875,5.0232,2.5730,3.1698,2.7531,2.2446,4.1237,2.0816,7.4444,3.2149,5.2990,3.6193,3.9410,2.3384,2.3957,2.8579,3.2297,1.1323,4.8781,3.0261,1.4045,2.2750,4.4303,2.4006,1.8410,2.8615,1.7220,3.9339,3.3025,3.7449,3.2006,4.0795,2.7194,6.1052,2.2325,2.3442,1.0566,7.9536,4.3431,3.4092,3.1754,1.8687,1.7809,4.7646,4.5413,2.6181,2.4174,1.6021,2.9599,6.6220,2.2127,2.7757,2.9509,1.9009,4.5479,5.9525,2.2864,1.9248,2.5157,4.7668,2.6056,3.4410,3.0727,5.8406,2.8114,3.8807,1.7991,1.4471,2.6476,3.3536,3.3639,4.0341,1.5512,1.8553,2.8645,2.6387,2.1470,3.8340,3.6134,2.1126,5.9984,1.0169,2.4295,2.0885,1.5386,2.7661,3.3731,2.4659,2.3019,1.3422,1.2821,3.3820,2.3951,2.2100,5.9456,3.7417,3.5234,5.3055,2.0931,2.2320,2.3176,2.5704,2.7499,3.8456,4.0078,3.4839,3.9344,7.7335,2.6888,3.1736,2.5468,4.3375,4.0124,2.9204,3.5810,3.0222,4.2927,4.0975,3.6983,6.3479,4.4023,2.7276,2.6968,2.7344,5.4022
Isovalerylsarcosine,Isovalerylsarcosine,8.5217,13.3777,6.4907,4.1860,8.1399,10.0969,7.7552,9.0962,8.4679,6.4790,11.3665,10.0641,8.7725,13.1904,13.0324,8.4106,6.8735,8.3678,14.2618,9.0545,10.8181,7.6488,9.0986,13.7978,17.3434,9.4891,7.9285,11.2456,13.9373,10.0230,11.2139,6.4919,6.4618,9.6897,8.1858,6.8727,6.5568,10.8793,6.8580,7.2480,9.6600,6.0592,13.1783,14.4765,13.5604,1.3692,10.3932,17.4111,12.0786,12.0393,8.9911,13.3119,9.6060,4.7627,7.6747,8.9555,1.9051,6.6072,12.7574,0.5065,11.8685,11.1753,7.9157,8.1051,19.0402,17.3353,12.0884,11.4846,14.5401,6.6271,0.7661,7.4861,9.6932,9.6119,0.8229,12.6903,12.2315,4.9242,4.7536,4.5970,7.1875,6.6376,4.7065,1.1585,5.5792,8.7531,14.7391,14.0343,8.1942,15.6062,1.8318,13.0195,9.1112,10.3169,5.5574,9.6721,19.4554,24.5682,10.0749,2.4827,6.2492,3.5776,4.6409,11.2764,13.6265,6.2183,11.1945,8.4332,10.0549,7.6459,6.1379,8.1572,10.6775,11.1323,18.7692,9.1674,8.5760,9.6466,3.3180,0.6626,7.8566,9.1628,8.6240,13.4290,16.0809,15.1166,9.1916,13.4946,7.1672,6.3811,2.2124,11.5750,4.8101,10.2646
-Ketoglutaric acid,,3.8305,3.8716,3.4536,3.5245,2.6000,3.6053,3.8794,4.3803,4.4509,2.1405,2.9193,3.5026,6.4457,7.2724,5.8913,2.6331,3.9940,5.0907,3.4773,5.1831,3.7216,4.7345,5.0824,3.8778,3.2627,2.2019,2.6028,3.0763,2.8859,2.9200,3.6835,4.2843,3.8297,2.3557,2.1592,3.5397,1.9538,3.8135,5.1512,4.0700,3.8744,3.2955,4.5041,2.4819,7.2987,5.4166,4.2553,5.2632,3.1277,3.5336,5.2468,4.2684,5.0342,5.7007,4.0990,2.4342,5.3669,3.5706,2.9673,4.7839,4.5414,2.9609,3.5032,3.7321,5.9905,3.1556,2.8537,3.9672,4.9967,2.0539,8.6849,2.8532,4.6046,4.2892,9.7776,5.5336,3.2811,3.2107,3.7716,3.7875,5.7051,3.8966,4.9776,7.1436,3.5406,4.1088,3.2051,3.8094,2.8488,4.3382,5.8010,4.3842,5.2389,3.8346,8.0977,3.3063,3.6304,4.0487,3.2645,9.3134,3.8585,4.0969,3.6822,0.1797,0.1941,0.1582,0.1498,0.1404,0.1739,0.1558,0.1909,0.1183,0.2815,0.1571,0.1920,0.3947,0.2521,0.2364,0.0911,16.6359,0.1545,0.1732,0.1927,0.2045,0.2384,0.2682,0.1830,0.1759,0.1651,0.1432,0.1982,0.1917,0.2022,0.2111
Kynurenine,Kynurenine,3.3941,6.3260,5.7435,6.3617,3.3410,3.9655,9.2045,6.7499,7.5753,4.7053,4.3531,5.9211,4.0963,5.2796,3.8603,4.3764,4.7414,9.3930,5.1789,6.2395,8.2344,4.9496,6.7793,8.9958,5.3205,4.5370,4.4164,4.5394,4.8144,4.7655,6.8554,9.5707,6.6403,6.1470,8.4158,7.6641,5.7675,7.0992,5.0869,7.4561,4.1792,4.1898,9.2914,4.3583,3.7266,4.2302,5.9822,5.0778,2.9686,4.1270,3.8310,5.0793,8.6451,4.6291,4.8683,4.2344,8.8199,7.3044,7.1711,4.0065,6.6830,3.3727,3.5332,8.1022,10.0054,5.3596,3.4112,7.5062,7.6922,7.2783,6.3048,3.9485,5.6139,7.0928,6.8653,4.4300,3.8743,5.2285,3.6873,6.7149,7.1319,3.9422,7.6149,5.9392,8.2413,6.6597,6.9532,5.9209,6.9197,5.7411,5.2553,5.4516,7.0830,3.7809,4.5862,4.3840,8.2547,3.8797,5.1585,7.2573,8.8607,5.8533,5.1554,3.9508,6.9033,0.0479,4.4857,4.3091,4.0487,3.4091,4.7046,4.3680,5.6490,4.4369,4.2779,5.1006,6.0225,4.2004,4.7790,5.6464,3.7103,5.9830,1.9395,4.0416,2.6211,4.6845,4.0952,5.3561,12.0082,3.5906,3.9980,3.7437,4.1168,4.2004
Lactic acid,Lactic acid,1078.8367,1310.3271,1125.7885,1025.7131,777.3046,1083.4035,1257.2076,1561.0119,1106.7277,1278.6656,1719.1064,1436.5220,1636.8601,1240.1859,817.8086,860.4308,1207.0936,1470.7267,1524.1580,1156.5430,924.8750,1247.0436,1096.8230,1131.4102,1325.2299,1475.1080,564.2438,1584.5081,1528.8349,1367.7464,1392.4594,1241.6361,1232.1111,992.1909,1386.6530,1071.4979,1147.9726,1271.3807,1134.3528,1192.3342,1387.9352,806.8307,1615.5070,1037.3855,1082.8807,1101.9904,724.2775,1151.2736,989.2774,1447.2554,796.3348,785.6664,1098.7193,1351.0174,1640.8192,942.7675,772.2206,1057.5686,1418.2731,872.6150,962.2879,913.0326,1187.2856,1352.8309,1112.5317,1268.9554,1755.6256,1019.5565,1479.2977,1362.0879,1864.6815,1474.1865,1489.0904,947.9488,1301.9014,1658.4000,857.4187,1285.8219,1581.2120,880.2927,1392.2632,979.7963,1184.1726,1067.6334,1283.2790,1471.1961,1836.0152,1100.3656,1019.5870,982.2025,972.6672,1724.3986,1420.4070,1148.1233,1464.8311,1162.4408,1001.4707,1253.5757,1036.6755,1235.4868,1182.9673,1538.9085,1873.7905,1386.1175,1584.2306,1970.7754,1266.9055,1762.9903,1027.3041,1716.3013,2241.4410,2071.3875,672.6400,920.5037,812.1032,1368.2835,1635.8748,923.2646,1132.3242,919.6165,1446.8796,943.4853,1670.5664,1136.0009,1605.5528,1240.0606,1347.4518,904.8210,1204.6974,2583.8318,1124.5748,1504.8859,1035.4816,876.8797
L-arginine,Arginine,10.2438,12.2486,10.2357,8.8303,11.3877,9.8492,8.4397,12.8646,16.5724,5.6108,4.8055,12.8434,11.1090,9.7682,8.5361,9.8588,12.4444,12.8469,10.5162,6.2578,7.1302,11.1869,8.8502,7.8434,7.5457,4.3881,12.8524,5.3300,12.0508,12.5539,11.7823,8.1746,6.5984,13.6372,9.2455,12.4440,10.0618,7.8455,8.9399,11.8882,10.8430,7.6186,8.2314,8.9273,9.4432,13.4454,10.2269,10.1870,5.9022,7.6351,11.7400,14.9508,9.7615,21.8026,12.3133,11.9016,14.4380,13.0174,13.7555,10.0179,15.1040,11.2051,5.5149,7.8971,8.4348,8.1310,8.8204,7.1660,14.0347,9.5874,9.2480,9.1553,9.2922,9.9737,11.3022,13.6674,12.8939,9.2021,10.7074,9.5208,7.6700,7.7687,12.5704,12.2295,9.4416,6.0163,9.4206,9.8510,6.0074,6.6558,14.1880,10.4764,7.2445,6.0104,6.6197,7.6996,10.1475,7.2901,10.6756,12.6688,7.2922,16.1545,17.1904,16.8465,10.9459,15.1178,13.0418,9.8118,11.1598,11.1010,7.4244,7.3269,11.4235,10.5172,9.9969,9.9876,8.9607,10.4635,10.6969,12.3929,15.1045,12.8096,14.6197,7.6380,12.6355,10.0960,9.6388,13.0272,11.0114,6.6288,14.0827,8.7360,8.8940,10.5231
L-beta-aspartyl-L-phenylalanine,,3.7439,2.3640,2.1488,2.9459,1.2299,2.0940,3.8261,6.0140,2.1886,2.3322,4.2579,1.2327,2.5004,2.7668,1.7771,2.0795,2.2045,5.0884,2.9324,4.6223,3.4285,2.8952,5.5857,5.0215,2.7414,6.5923,0.3500,9.9456,0.5860,1.3370,1.4460,1.5752,1.7829,2.2382,3.0294,0.5675,1.9315,3.7607,2.4067,2.3245,1.6851,6.3354,3.6139,1.8150,3.4772,2.8713,1.5943,3.1697,2.8733,3.8403,0.4453,0.6483,2.2351,4.5210,1.7314,3.5826,0.5749,3.6965,2.7692,2.8828,3.1622,1.8708,3.7049,3.6687,2.9300,1.8461,2.5920,0.8771,2.8238,3.7302,5.5705,3.9065,1.8563,3.6967,4.4071,0.6458,4.0487,5.5111,3.3925,1.2276,5.2545,2.3835,0.5666,1.5924,2.6479,3.8249,4.3818,2.1581,1.6308,4.4169,1.4051,4.8014,1.4013,1.7513,6.1471,1.1918,3.6467,3.0454,1.4641,2.7174,3.4938,3.6930,3.5922,0.2933,0.6051,0.7280,0.3258,0.3780,0.0615,0.1723,0.1848,0.5242,0.1243,0.3839,0.0550,0.2494,0.0876,0.1419,0.0953,0.1104,0.2239,0.0703,0.0280,0.1314,0.2560,0.1187,0.1309,0.4271,0.3194,0.2407,0.1270,0.3878,0.0935,0.5223
Leucine,Leucine,26796076,27631658,16056898,19502646,28173022,28939635,25676414,12703316,17149701,23457223,15805671,23817833,29817464,30650194,33484947,27777544,22365739,16731449,61422336,19880040,37638843,15535631,21301791,24518658,43641024,28629190,17794641,24496776,27730322,16842613,37203799,10417933,20369014,24599826,22616166,18882631,18345218,15657140,18024486,17206456,49242651,25630773,13871063,25731465,27239944,27037538,26300675,31332506,27182607,24063374,18165401,32073168,23303441,27328088,17930381,26427600,36538869,12350943,33408017,26063948,23332280,30784840,21702204,28645568,29113732,35149834,27122856,18802988,16892701,23498869,15765352,30428312,20115344,11960490,22679294,18583398,13212764,41277927,14763522,13318986,18928946,25973037,9710505,43556159,17401022,4266035,14237336,26925208,21220771,45226950,19925905,22209982,22757112,34304651,27918079,16744296,25684712,29804886,15453987,33625103,21268615,19075729,13500139,89486787,43799808,57045317,59790232,55958609,55957903,41094745,53793756,76006507,42789183,67448831,35579299,66803939,36108156,34182178,90346338,36446018,92166661,56418982,58401705,63596610,68413915,54632175,40856514,73875944,65074586,44346660,63577462,73613035,41041697,57078749
Leucinic acid,Leucinic acid,6.5521,4.0373,5.2951,4.6881,5.0302,6.3054,6.8835,5.7826,5.6836,5.0969,5.9787,5.4414,6.8464,6.1508,6.2468,4.8435,5.6848,5.6616,5.4334,5.9913,6.7234,4.7997,4.9457,4.9862,8.0073,5.6824,3.1205,4.6658,5.9713,4.3736,4.9608,4.5397,6.0257,4.9820,5.9823,4.2423,4.2206,5.6713,4.9514,6.3225,4.3034,3.5997,7.2449,5.0750,4.2072,4.6083,6.4854,6.8426,5.0126,5.6087,5.1341,4.6390,6.9893,7.7964,4.3034,6.2819,3.8094,7.9223,10.2370,5.6034,5.3477,6.3677,3.9669,5.1856,7.6897,5.8297,4.2881,6.4715,9.0998,3.0820,5.7285,5.0440,6.8296,3.7768,5.6377,6.9881,4.4946,5.1364,5.2746,4.7525,8.9667,4.6388,3.5881,5.5837,5.1020,6.3947,6.1678,5.4621,3.9837,9.1084,3.8023,5.4068,6.5950,4.4159,5.8474,4.2322,4.6373,7.7126,3.9015,8.9784,4.8282,5.6330,5.7677,6.9444,7.2037,6.6836,6.5855,6.5775,4.0292,5.7026,5.5336,6.3032,5.9507,8.6635,3.9451,5.9124,5.2953,5.6681,3.6383,4.2270,6.5456,5.3646,5.2754,6.6190,5.1260,6.5599,5.7117,5.7603,7.7488,6.9332,5.4681,5.0997,4.1837,9.2293
L-glycyl-L-hydroxyproline,L-Glycyl-L-hydroxyproline,6.3521,6.4507,5.0347,3.1845,5.1286,7.3359,5.3731,7.4451,7.2047,5.4824,8.3565,9.2141,4.6837,7.1322,7.1858,4.4031,4.9495,9.1714,4.7183,5.7987,6.1411,7.0935,7.2115,9.0916,6.4472,6.5108,7.0742,8.4598,6.2526,7.6066,5.7845,8.1748,4.1293,5.9007,6.1892,4.3443,6.0989,8.6842,6.1939,8.7924,4.1542,5.5631,9.3183,8.3983,11.1361,0.9406,8.3121,9.0148,7.3437,8.8134,8.3112,6.0349,6.5428,5.0856,4.8400,4.1122,1.0197,5.8532,5.2971,0.6511,9.9704,5.7024,5.9791,5.7715,11.6842,9.6012,7.5883,6.8680,12.1353,6.1605,0.6989,7.9081,8.1768,8.3804,0.7408,9.3198,11.5833,2.2993,3.6787,3.6624,5.3373,4.3064,15.2340,0.6646,4.2483,4.7058,13.6586,7.0983,7.2212,6.1294,1.6878,7.6402,5.9279,4.9626,5.3958,8.0420,14.2428,11.3655,12.7103,1.5254,5.4283,4.3473,5.7539,4.4104,9.4416,3.3011,6.8862,4.3855,6.5915,3.4746,3.6424,4.6712,6.4882,7.8122,13.0573,7.4090,6.5376,6.7942,2.2275,0.5072,3.0790,6.3786,7.0286,6.8771,7.2841,7.7050,6.2135,10.7200,3.9304,5.6646,1.4484,7.1657,2.7920,5.5201
L-Rhamnose,Rhamnose,2.4974,2.9731,6.5150,5.8318,6.6614,6.3298,10.5362,9.5416,8.7542,5.0535,3.9657,8.8834,2.9276,7.7078,6.6941,5.3861,5.9563,10.3811,8.1303,10.1161,3.6469,3.3508,8.4955,12.5330,6.8086,6.2608,16.8325,11.8471,3.9501,7.5219,12.7441,4.3503,6.9198,2.9813,8.5997,1.4405,2.1545,7.8046,8.5441,6.2621,2.3534,9.1216,2.7375,8.0428,0.8086,1.4388,12.0978,7.0367,5.2446,6.5002,5.8829,5.9024,5.5507,7.4763,5.1322,4.8948,4.3705,8.4457,6.5875,8.9972,7.2970,5.1402,4.7400,6.9831,12.1982,10.4240,5.4685,7.0388,8.5634,6.1737,11.5959,6.6115,7.7623,4.6564,11.4246,7.3288,6.3886,7.6882,9.6054,5.8897,2.8651,2.2562,8.8277,8.1821,7.5583,10.4461,7.7070,6.9356,5.9725,6.2778,2.2857,7.7964,7.8323,2.4711,6.0706,8.5471,1.1443,2.6751,8.5953,4.1757,5.9294,5.6738,6.2228,13.1331,7.3464,9.2396,13.4231,8.7604,10.0744,5.9812,5.2191,6.0706,9.2054,12.7614,10.0009,7.8895,6.6882,10.3502,4.1124,3.1521,14.6974,9.9292,12.8334,6.7513,1.2907,10.0545,11.7903,9.7756,5.3113,7.4775,7.6351,6.3542,6.0709,12.0236
L(-)-Sorbose,Sorbose,112.3789,98.4179,113.5040,80.9167,88.8786,121.1158,84.5566,130.7401,126.5534,58.7231,57.0946,91.2338,92.2718,111.6377,70.9965,68.1317,148.4421,118.2390,71.1979,80.0131,78.2879,139.5490,95.7080,100.3506,82.8027,50.8381,89.2171,66.4759,175.8611,103.5352,101.8002,99.5804,99.4963,163.3053,95.9105,228.3394,98.5145,91.9107,104.1495,111.3604,131.3504,72.6463,157.4008,63.5214,200.2413,136.1607,85.9716,107.0416,72.2743,83.9544,118.0760,98.4613,94.4568,156.4026,117.6047,84.0711,126.3045,93.7300,125.4236,91.2624,119.6931,92.3856,57.1803,131.4371,104.3311,70.2028,102.0230,91.1656,125.7171,92.8077,86.2719,93.5273,93.4184,127.8206,84.9984,91.3372,103.7349,76.7267,102.4370,100.2918,104.5286,116.7800,113.0111,73.2156,85.0558,89.4168,69.1593,128.8199,88.7169,64.9352,104.4644,135.7506,130.5235,111.5279,81.3391,107.7251,202.3666,136.5716,107.4506,76.2747,73.5485,139.8678,185.1130,75.6925,84.1886,112.0830,84.4255,71.0841,73.3573,69.7759,51.0888,57.7972,79.0802,71.3488,92.5806,3.8773,90.5125,73.6149,8.8149,80.6368,74.0766,90.2266,79.2775,62.9483,140.3749,70.0192,65.0122,66.6317,68.9088,59.4765,70.8540,60.4989,80.2357,69.5157
LysoPC(16:0),LPC 16:0,2042.8100,38.8594,42.7666,2145.4610,1316.8298,1186.8494,1386.3977,20.4106,852.6536,2390.0732,1193.8894,20.7021,1049.8632,1174.3646,2359.3171,2765.9051,1045.5422,15.0645,729.2071,1097.1362,1827.2501,1171.4677,1270.7735,968.7418,901.0188,2470.7537,61.4328,1287.2577,26.8182,19.1961,19.6476,21.9475,22.2668,34.7833,23.4287,90.2859,36.0859,28.7008,115.8245,114.6806,827.3590,2015.2966,1084.7179,1852.8586,1023.7489,40.6290,1168.7022,786.0714,2337.2025,1230.1688,1638.5423,1134.1740,830.2303,14.5977,908.9679,2188.1314,56.9985,1165.2580,10.3988,0.9679,1439.2707,2189.9553,2456.8432,14.3567,13.6973,1486.6019,1363.6223,1592.0527,17.5918,33.7121,6.7132,32.5420,8.1185,20.9967,15.7365,153.9966,32.9439,194.4623,52.5217,201.9117,7.6722,2183.3801,345.0670,27.5399,1407.7075,940.6680,15.1894,1138.4260,1964.1069,1114.0286,27.4896,18.8176,931.4522,2456.8128,1853.6553,1053.0310,1104.9614,918.0388,1522.2961,16.7929,2232.1750,1112.3006,18.1416,857.4404,957.3744,13.9189,903.8381,1105.3957,4.2752,1287.1784,1009.6112,909.2689,17.0867,15.9723,15.7108,15.0657,6.0187,44.4461,70.5697,21.7613,26.3488,114.8635,7.6286,879.1192,490.3146,608.3066,960.1795,875.1661,948.9181,670.7637,21.2250,828.8308,1149.2710,1037.0857
LysoPC(16:1(9Z)),LPC 16:1(9Z),19.5820,36.7065,16.3125,17.6057,70.0780,27.6571,0.0157,36.1724,24.1179,17.6162,62.5887,0.2056,0.2164,43.1034,20.3259,18.8953,47.2668,40.5814,26.6334,14.6816,27.0275,0.6039,2.5243,40.9592,25.4503,15.8349,30.0281,27.0397,22.2106,24.6695,17.3996,42.5671,23.3625,22.5833,23.3648,24.7133,0.3416,40.6980,28.4704,33.9670,23.7008,19.4378,15.5516,14.4953,13.7174,26.0702,,10.7916,17.0435,,14.1596,,5.7307,55.3140,31.1627,18.0615,26.1303,0.2031,19.3190,0.1701,74.2669,14.6407,27.9316,22.4856,46.1072,14.5607,27.1769,0.3194,47.8905,12.1574,22.0762,0.4380,25.0004,15.8131,27.7348,23.2920,43.3286,13.2730,47.4887,0.2408,17.4860,14.5668,29.8729,16.1461,0.0453,30.2273,27.9801,20.4569,17.5209,30.1622,37.4422,42.5922,42.1713,10.5419,6.7734,4.1988,21.7865,7.2913,34.0040,22.3035,20.5928,0.1308,57.2197,8.8781,31.9203,23.7561,16.2586,11.2891,12.1370,0.1623,15.3714,7.1361,20.4731,32.2070,34.2183,27.1234,20.8979,15.6356,20.0475,22.6816,21.4232,16.8593,17.4431,15.0257,11.9281,20.7122,34.0121,22.8231,12.0436,35.5877,13.1340,13.8527,,13.9536
LysoPC(22:6(4Z_7Z_10Z_13Z_16Z_19Z)),"LPC 22:6(4Z,7Z,10Z,13Z,16Z,19Z)",42.3929,10.0819,53.2755,63.2136,26.3880,98.7756,0.9997,45.5484,10.1191,16.3375,12.9168,0.0265,0.6376,25.3808,12.4472,42.0148,25.4034,23.0929,18.1045,1.1305,29.5935,0.6530,2.6177,70.1421,17.7626,28.7207,40.2743,49.0175,60.3304,12.7101,21.1000,25.4485,17.0226,17.0874,24.6918,26.4904,,17.2317,10.5625,21.6916,16.3199,91.1425,13.1513,8.3268,32.6001,9.2520,0.2959,35.7264,23.2203,0.3448,2.5360,0.4555,2.2816,15.2406,19.1420,20.3317,23.5893,1.0006,37.9782,0.2039,35.5252,10.2273,48.2299,38.5119,42.7027,22.0246,30.0375,0.8264,46.4703,44.1869,13.3993,,33.3796,28.0158,11.9967,49.9124,57.6182,24.7874,26.8066,0.2564,22.3408,45.0154,49.2838,9.2552,0.4270,24.5560,44.1613,10.3693,21.5436,12.9690,22.7040,114.1653,19.1083,14.8665,43.7676,2.4059,28.0848,3.9352,42.4599,22.3697,14.1980,0.4648,31.2019,17.1200,26.5780,30.9820,33.1546,23.9895,15.7856,0.7504,60.8779,25.4236,20.9701,16.8706,23.6267,32.6910,47.7360,41.8506,32.1731,10.6672,33.9665,27.6653,43.4409,45.2811,21.3231,25.8647,42.6490,33.5578,24.8030,42.3057,13.4047,25.9338,0.5250,23.9009
Mannitol,Mannitol,1.3119,3.0054,1.1267,1.1486,2.5203,1.9017,2.3544,1.8302,2.4886,1.0971,2.2576,0.6038,2.4104,2.5535,1.5796,1.8107,0.3720,1.9201,1.6621,1.6415,1.3241,1.3325,1.4685,0.2917,2.8534,0.1214,1.4996,2.1024,1.8658,0.7484,2.1439,2.2096,1.4264,1.6398,0.2241,0.8139,1.6316,1.5051,2.1026,1.2523,2.1285,1.8510,1.3972,1.7910,1.6933,1.3627,1.5170,2.1257,2.1357,1.4221,1.9034,2.1713,1.1217,1.7354,2.3357,1.7384,1.7176,1.1517,3.4223,1.5642,0.5805,2.5705,1.0691,0.9622,2.7994,2.2668,2.5436,1.5678,1.6079,1.7634,2.4885,1.1257,1.9785,1.5949,1.8121,1.7742,1.7727,2.5698,1.7793,1.2917,2.2902,1.7362,1.3202,3.4314,1.1807,1.4535,2.0274,1.8852,1.0875,2.9763,1.3963,2.3672,0.5271,1.1238,1.7324,0.9136,1.8362,1.3150,0.3476,2.4370,1.6674,1.6991,1.9349,3.0287,2.2623,2.7712,2.7378,1.8165,2.1511,1.6427,1.7560,2.4660,1.7268,3.0697,2.5482,2.8395,2.3087,2.3724,3.0042,0.8947,0.2515,2.4973,2.5420,2.2201,3.3816,3.3150,0.6766,3.3905,2.4377,1.5194,2.3527,0.1247,2.5490,2.9084
Mannitol 1-phosphate,Mannitol 1-phosphate,2.7603,3.1202,4.1915,2.2152,3.8149,4.0103,3.2873,3.9085,4.8839,2.2412,2.7657,3.0572,3.5903,3.2452,2.1993,2.5580,5.3293,3.9726,3.1443,3.3884,2.6176,3.0590,3.8522,4.0970,4.4058,2.5959,2.7764,2.2211,2.6138,3.5962,5.1832,2.7736,3.5674,2.9253,2.6241,4.0636,2.9652,3.0136,3.7762,2.9014,5.4348,2.8489,3.1348,2.5254,4.8339,4.2276,3.1049,3.3997,1.9618,2.7452,3.5933,3.2520,3.8959,5.2246,3.9171,2.0736,6.1699,3.2575,4.1356,3.2940,4.2690,1.9264,2.9446,2.9357,4.0441,3.5037,2.5903,3.3608,3.7572,3.0049,3.0300,3.4382,3.8358,3.3092,2.4716,3.6775,3.1911,2.9018,3.7989,3.2012,2.8537,3.0793,3.9976,2.6457,2.8608,3.1815,2.9520,4.4301,2.2170,2.6386,3.5536,3.9025,3.4981,2.4964,2.3550,3.2479,3.1051,3.6692,2.5764,2.7730,2.5613,3.2930,4.9854,4.2330,4.3597,5.1567,2.9354,3.3200,3.7249,3.3091,2.5093,2.5349,3.2256,2.2648,3.3460,1.0680,2.5640,3.2406,1.1338,2.6624,3.8434,3.7143,2.9310,3.3249,3.6865,3.4951,2.0364,2.9932,2.1623,2.6538,2.6235,2.8750,2.7118,2.3295
Mannose,Mannose,20.9068,22.2202,20.4985,19.8140,22.6945,21.6962,17.7786,25.4960,26.2141,14.1362,15.8487,19.3744,37.8838,23.2775,17.8330,28.2907,25.6942,47.9742,30.5935,27.0411,25.2877,31.0593,18.5256,21.7506,38.0583,21.4414,21.7932,17.1812,33.3451,20.7706,30.9003,40.0677,15.5981,31.9330,18.3383,44.8859,18.0890,20.1708,20.5603,48.0569,26.8143,22.4284,27.6924,15.5728,37.5405,21.4239,22.7074,27.6258,23.4872,20.7111,19.4364,21.8102,39.7769,27.0514,24.4874,21.0968,19.6159,53.8734,29.6058,19.2805,46.9541,22.2067,14.4574,25.8470,38.7480,21.8287,17.5695,18.6511,26.3845,23.3908,46.2993,16.0059,21.4128,28.5550,18.9045,25.6973,20.8275,21.9623,20.5359,18.8633,31.2251,26.3884,25.2684,19.4231,17.3031,20.2333,18.4216,31.6143,29.5582,16.3291,38.6096,30.4294,25.6965,26.4599,25.3778,19.1934,38.3436,25.8441,24.4096,19.3186,33.2208,31.4994,31.2104,26.7393,29.6602,31.8947,22.5039,15.8190,19.2839,15.5015,13.7947,17.7938,31.9140,25.2116,28.5002,5.5754,93.3758,24.8653,3.8485,24.7711,28.5534,26.8158,28.2456,25.0330,43.8769,25.0081,22.9351,30.6698,57.1758,24.6858,23.2061,34.3180,24.8335,24.9816
Mesaconic acid,Mesaconic acid,29.7313,49.9734,51.4125,13.1367,67.5576,48.2002,38.6347,58.9728,66.0750,34.3213,39.5776,49.6983,49.2055,45.6307,47.9523,25.2842,60.9265,57.2249,45.0499,32.2570,26.2812,55.7133,33.4609,23.6679,22.5310,32.9099,39.3995,18.6917,48.8308,60.4889,49.4116,69.3289,27.1223,16.4891,50.6378,36.7297,59.6387,42.6420,60.2614,46.8087,74.0291,56.0310,33.1725,44.1573,38.4895,31.2397,19.8277,36.6177,29.2531,66.6678,30.9830,33.3374,22.6033,43.3000,26.1310,42.9933,21.9908,42.1271,48.8112,16.6372,53.3393,71.5906,54.5345,35.9000,4.0381,32.1419,34.1459,42.9199,54.2205,38.8810,26.3700,43.4422,57.2368,65.6901,31.1908,43.7823,49.7790,41.1397,44.7846,32.2617,43.0823,29.4236,73.9185,35.5117,65.8639,17.6916,62.7109,27.2145,41.9741,50.3712,44.6809,93.9835,53.7916,21.4860,42.0737,43.0126,43.8535,41.9075,58.1426,65.8812,37.9305,32.1070,69.1973,1.9052,6.1157,2.1209,2.7937,2.2429,1.8143,1.7539,1.5502,1.8980,2.8523,2.9238,4.0007,7.3029,2.6475,2.4096,7.1558,0.9449,1.6073,2.6528,2.7583,3.1572,3.3257,3.5680,2.3141,3.0031,1.4365,2.4521,0.9352,2.8452,1.1369,2.4508
Methionine sulfoxide,Methionine sulfoxide,0.0288,0.1753,0.0645,0.0576,0.8556,0.0373,0.0099,0.3418,0.3101,0.2593,0.3384,,0.0592,0.0520,0.0181,0.0190,0.0385,0.0949,0.4432,0.0689,0.0248,0.0184,0.0480,0.0654,0.1224,0.3192,0.1259,0.1135,,0.1585,0.1153,0.3380,0.0107,0.0215,0.3473,,0.5630,0.0102,,0.1094,0.0458,0.3716,,0.2601,,0.0303,0.0227,0.0087,0.0738,0.3298,0.0085,0.0420,0.0106,0.0858,0.0287,0.6424,,0.1100,0.3611,0.0450,0.1540,0.6597,0.6060,0.0170,0.0465,0.2235,0.4301,0.2525,0.1035,0.0670,0.0617,0.0712,0.1839,0.0663,0.0248,0.1860,0.0412,0.4407,0.0429,0.0675,0.1178,0.0603,0.0694,0.1602,0.3548,0.0466,0.7231,,0.1062,0.5784,0.0115,1.2418,0.0085,,0.0731,0.1513,,0.2872,0.5885,0.5634,0.3142,0.0534,0.0214,3.1678,3.4770,2.9252,3.5755,3.3886,2.2964,3.2630,4.2693,4.5790,1.3769,2.5004,1.5605,0.4464,1.3587,3.4084,0.7149,0.2773,3.3822,1.9383,2.6859,1.6401,1.1780,1.9955,1.8263,3.1493,2.0493,3.6530,2.7828,4.6725,2.0713,2.4166
Methylacetoacetic acid,Methylacetoacetic acid,35.9291,26.1960,40.1076,24.4934,22.9413,42.3098,32.5545,22.5887,34.0515,23.2318,22.8967,24.3344,39.9342,37.6554,35.9620,21.8433,29.1653,30.5377,30.7215,34.8281,31.5165,35.8637,34.7479,32.3622,36.0433,21.0118,23.3062,22.5320,29.5103,21.1929,23.9195,27.2601,36.4818,24.7768,32.0702,19.7581,21.3621,34.4095,33.9756,22.3307,27.9416,25.0792,28.4874,27.5195,33.9879,30.2857,28.7874,31.6147,24.7948,32.5282,26.5315,22.3346,39.6418,46.9717,27.4462,23.7494,21.1945,31.2265,34.9465,33.9058,28.9040,32.9318,28.0922,28.3638,42.6238,34.2742,23.7583,35.7001,54.0928,11.8710,30.6065,27.2550,34.9617,26.3606,32.6023,34.1508,27.8870,23.6987,26.4647,27.7508,26.3314,22.4015,20.1253,26.7823,34.6087,33.0692,29.9561,29.9497,23.4501,31.9302,22.1423,31.5289,50.8069,40.3915,38.3273,36.0576,31.4285,49.1033,22.1432,22.7743,31.0644,31.3042,37.5422,0.9661,1.1747,1.4789,0.9729,0.9796,1.5095,1.0496,0.8459,0.7937,2.1738,1.9086,2.5462,7.1159,7.7095,1.9693,1.4855,18.0855,1.8877,2.0763,2.2805,3.2352,4.6663,4.5831,1.8291,1.3494,4.2596,1.0803,1.5344,1.1247,3.7111,1.5362
Methylguanidine,Methylguanidine,38.1996,90.2240,106.7176,40.2964,43.1269,64.4049,42.0238,66.1671,49.6893,30.3100,67.3376,143.2528,46.5698,58.1780,56.9225,47.0756,67.1796,80.7171,48.1564,53.7839,47.9081,45.1411,56.5433,60.4033,55.5605,39.5575,118.1002,58.5670,93.9740,122.3087,111.3202,106.3605,64.8892,94.1994,73.5432,100.1514,74.1976,91.6024,113.4579,109.2297,67.6537,73.8063,66.6622,52.7339,55.9041,53.2007,55.6072,79.6432,56.5365,74.9435,84.4924,60.5717,55.8387,26.7561,44.9374,26.5148,85.7846,46.8696,30.2238,59.9020,110.8108,31.7820,32.0445,89.6080,72.4278,49.2639,67.3036,51.0919,96.2907,88.5890,87.5671,78.7034,103.8142,132.4996,51.5124,95.6460,154.0820,60.5929,121.1243,92.1416,88.6476,53.7906,97.6079,42.7885,105.6143,104.0867,118.9721,71.7391,74.7535,52.0222,87.9408,103.1647,57.4119,43.6385,39.0175,95.7468,72.2797,85.8880,71.3064,69.4378,25.4726,41.4815,46.8184,15.8758,43.3168,22.2239,27.2119,25.6018,58.2412,24.8930,18.3673,19.6364,69.2876,50.1751,118.9563,36.9691,40.4466,52.1441,24.5696,36.1507,26.6652,40.0118,56.3518,24.7642,28.4246,34.8652,30.7861,35.3140,18.9305,31.6660,56.6500,26.6684,19.0621,19.3619
Methylmalonic acid,Methylmalonic acid,2.5313,1.7345,1.7537,1.6170,2.1179,2.0885,2.4810,3.6912,2.1630,2.1108,2.5389,1.3757,2.2082,2.0356,1.9764,2.2801,3.4140,3.1765,2.7491,3.1386,2.1898,2.2762,1.4277,2.4815,2.2460,2.4727,0.9969,2.9632,2.1218,2.0013,1.5386,2.3022,1.6640,1.5629,1.8048,2.0040,2.6790,2.3229,2.6531,2.6433,1.4383,1.6495,2.3912,1.7874,2.5523,1.4184,2.4126,2.2550,1.6368,2.7207,2.5784,1.7915,2.1048,1.8414,1.7388,1.8353,0.9288,3.0901,2.5117,1.1212,2.9970,3.1783,2.0641,1.7829,2.3182,1.8593,2.1973,2.0353,1.9520,1.1368,2.1535,1.8478,2.6391,2.3036,2.3078,2.5983,1.5795,2.0705,2.0068,2.0243,3.4581,1.3413,2.1162,1.7418,2.1463,1.3491,2.2791,1.4680,2.1105,2.5449,1.1385,3.1713,2.4490,1.7602,3.3132,3.2622,2.4137,1.9400,2.3900,1.1369,2.3050,1.1570,1.3312,10.6383,17.7163,8.0187,23.2235,13.3921,6.3788,8.8883,16.1447,14.5811,5.6404,6.6757,5.3433,55.5343,10.9809,2.7448,24.6482,8.2590,8.9842,6.8010,8.2471,26.3838,13.2493,7.7309,11.1377,12.5169,6.7191,28.7595,11.1369,9.4213,6.6391,8.9918
Methylnoradrenaline,Levonordefrin,3.8759,4.2223,7.5642,4.2411,5.8056,5.5756,5.7505,6.4362,7.1101,2.9901,2.4586,4.4627,4.7443,5.0050,3.0179,3.3379,4.3749,5.6137,3.5646,5.0622,5.5892,4.4315,3.8792,6.4592,3.7085,2.6749,8.5487,4.2702,4.9803,5.9734,6.1525,6.6491,8.0395,6.1429,6.8651,7.1135,4.7982,6.1960,5.8511,5.7144,2.3074,5.0957,4.4441,3.3733,4.1447,4.6730,5.9081,6.7441,4.2421,4.5021,5.7127,5.8104,5.0075,6.9641,10.7766,4.1593,5.5380,5.3537,6.2260,6.7759,6.4737,2.4829,2.8781,4.2818,7.5619,4.4744,4.8113,5.5377,8.8138,5.0102,4.9633,5.9527,5.8743,9.8922,5.3992,4.6822,7.1632,3.4795,5.1960,5.8072,3.8562,3.2581,5.3067,3.4736,4.6869,5.5474,3.5106,6.7358,4.2608,4.1085,5.0283,6.0764,5.2788,3.3765,3.5913,6.6640,3.4667,3.9036,4.8954,4.2223,4.6395,6.2042,9.2920,2.1445,0.6686,1.1405,2.1177,1.2732,1.3672,0.6529,0.5620,0.4379,0.8095,1.3153,2.6051,0.5035,1.8643,2.0548,0.7694,0.2734,1.8979,1.9761,2.0244,0.9247,1.5063,0.6639,1.5963,0.2124,0.5650,0.7458,0.3647,0.3524,0.4948,0.7810
Mevalonolactone,Mevalonolactone,179.9895,134.8588,193.2446,103.2913,168.1407,183.1866,175.6036,174.5118,187.5054,162.4356,140.7375,151.2860,270.0097,213.5928,182.6391,144.5011,166.4195,118.8838,209.5593,141.0342,235.9072,180.7839,172.3842,148.7251,242.8523,150.6205,123.7905,104.3253,224.6082,125.5710,150.3702,116.0816,184.4839,135.2075,193.5914,113.1968,123.9836,188.6449,192.6106,85.9215,206.0295,124.0640,152.7835,192.0323,132.9192,158.5816,169.3307,200.4108,145.0071,212.8161,134.6317,138.7725,169.3687,288.4721,137.5028,233.4508,110.0015,195.4827,304.3520,211.9771,172.5326,195.5295,165.7063,156.5526,238.6271,229.5639,141.7516,216.2621,275.2884,72.5123,154.7533,167.9658,177.8193,100.1327,160.9528,180.8732,118.2653,181.6004,138.7519,147.8908,111.8939,133.9696,74.4050,223.9308,194.3255,159.3235,165.8470,165.3266,155.1049,236.0186,92.4745,171.6213,283.7276,175.0350,238.2353,151.1814,166.9402,244.6364,108.4071,204.9904,134.6501,220.5729,198.9148,2.7750,8.9071,35.6787,8.4406,4.8313,18.1146,9.9802,3.8647,3.7766,36.1699,26.8266,40.0367,75.7589,110.2030,9.8433,14.6264,116.5276,2.1790,25.6491,12.5107,27.5189,99.2580,85.8647,45.2564,11.4307,2.6299,3.9305,9.5868,2.1730,12.0712,28.2463
Monoisobutyl phthalic acid,Monoisobutyl phthalate,15.9030,4.2020,8.3178,6.0547,2.3488,1.7984,26.7870,4.2914,0.9181,2.3392,2.3424,0.3890,6.7393,1.7330,0.8281,10.5634,1.8165,16.2268,11.9035,7.2827,18.6557,4.5829,0.5395,1.3862,2.9406,0.7897,20.5714,0.3354,,14.5406,3.9562,0.7020,0.7622,2.8279,1.8537,3.8565,9.2541,7.0208,2.6256,28.3309,16.0661,0.8463,0.3904,6.8233,9.1389,0.4131,4.5935,8.4971,0.7401,12.2867,10.9239,13.5132,0.8120,0.3998,5.3132,3.8567,3.1276,28.2520,2.7674,2.5480,22.5298,0.4560,3.9632,6.5494,35.6119,12.2073,2.2835,1.3347,5.7831,0.6594,2.6554,3.0253,0.8192,10.1529,1.0472,4.6198,3.6191,0.9751,2.9691,1.3778,16.7179,0.8264,3.3726,1.5763,19.5098,4.2252,41.0164,4.9660,2.9272,0.7237,0.9815,6.0871,4.1433,12.6597,0.3015,60.9639,0.5091,2.0920,0.2819,7.1123,5.9468,0.4158,8.6136,1.0715,1.6070,2.8436,1.4634,1.7804,1.8853,1.6378,1.8372,1.9269,1.0421,2.0091,0.8718,0.8874,1.7726,1.0491,0.7763,0.6116,0.8985,1.0632,1.3925,1.4234,1.2920,0.8153,1.3768,2.5481,2.2860,2.1379,2.4958,1.4090,1.5218,2.1343
Myoinositol,Myo-inositol,2.7056,6.0640,4.8663,5.6696,1.5351,1.8346,7.0646,6.4356,11.6772,2.0201,5.9933,3.9265,0.3904,1.3034,0.2138,11.6683,1.4568,7.0457,1.3930,1.4153,0.9811,18.6184,0.5955,5.0362,1.7851,0.8381,1.3881,1.2398,0.2466,0.2421,4.6548,4.0704,14.8022,17.9322,1.5196,5.9106,2.0049,1.6086,15.8446,11.0027,0.1973,3.8676,3.6957,0.9205,0.7117,0.3728,12.1165,0.5861,0.8676,0.2238,0.3937,29.1835,11.6610,26.6675,0.2629,6.0035,22.8833,2.1883,8.1932,1.5738,2.8449,0.1664,1.0248,1.6795,3.4231,2.7637,0.4888,3.1440,17.0857,3.1564,1.1124,7.1908,0.9016,5.6666,0.4041,0.2583,0.2991,8.9897,12.6973,7.5278,0.4459,1.5384,3.4091,2.9418,1.5840,0.7956,0.4002,2.5749,19.4692,26.9041,2.0149,0.4049,6.9141,3.0575,5.2913,0.5949,0.2310,1.0902,1.4325,1.7592,6.2434,2.1535,1.2471,3.7355,0.2650,0.2453,0.4068,2.0320,1.0360,2.2033,0.5006,0.7446,12.8703,0.9473,1.6286,2.4183,13.5125,5.9036,3.5928,3.0761,3.6133,0.6414,0.7369,2.4144,4.1270,13.6420,15.5154,3.5133,2.6354,4.6605,4.2473,9.0777,5.2057,0.8868
N1-Methyl-4-pyridone-3-carboxamide,N1-Methyl-4-pyridone-3-carboxamide,2.9095,3.8023,6.1375,2.1138,13.1335,3.6772,8.4873,4.3394,10.4631,3.6046,5.7372,1.9704,9.5189,4.2442,2.0179,2.5682,4.7169,4.1151,3.4995,6.1892,2.0618,7.6069,9.0711,8.3873,5.2486,2.0585,6.4936,3.3306,3.7087,1.9108,4.7883,3.1428,2.7096,2.5468,1.8347,3.4374,12.4129,7.0457,2.2441,4.5874,6.3571,3.9157,2.1368,1.8875,4.4826,4.7412,2.8313,3.8906,3.2590,12.5712,3.4270,5.0999,3.4441,2.0133,0.6734,2.7122,9.2955,7.2599,6.1416,3.7379,14.7793,4.2332,20.8607,11.5156,3.3489,3.7158,2.6113,2.4419,3.3551,3.5925,15.3610,4.8342,7.8210,4.5579,3.0959,3.2074,3.8007,7.7021,5.1037,2.5023,5.2418,2.6785,4.4107,13.8548,13.8557,2.8808,6.5192,4.8079,10.2010,6.1801,6.9209,9.9358,1.5281,3.1921,7.3215,8.8712,2.4970,4.4454,18.7698,3.6996,2.4919,6.7873,3.6210,5.4856,3.2316,0.2873,3.2100,4.3077,3.4148,3.1057,1.7324,2.0132,3.2179,8.7228,2.6890,3.4925,3.8288,1.9468,3.9530,2.1850,5.4106,4.9214,0.4317,3.1994,1.7296,2.0271,3.6666,3.4952,12.2384,3.6940,2.5894,2.2740,7.0492,7.6382
N-a-Acetyl-L-arginine,N-Acetylarginine,0.4272,0.5140,0.8937,0.9276,1.1870,0.8512,0.5129,0.8201,0.7743,0.3961,0.5721,0.3816,0.2528,0.2138,0.3829,0.2779,0.3942,0.9600,0.6184,0.6772,0.4074,0.6782,0.5742,0.8363,0.6755,0.8223,0.7707,0.9208,0.9996,0.7784,0.6286,0.8779,0.3951,0.7194,0.8725,0.8133,1.0051,0.9555,1.3241,2.0569,0.5254,0.7121,0.1719,0.2895,0.3154,1.4147,0.7666,0.6738,0.6009,1.0012,0.7832,0.7533,0.8603,0.5157,0.2025,0.1880,0.9116,0.6565,0.6723,2.1075,1.1853,0.4223,0.4893,0.4687,0.9346,0.7993,0.7567,0.8809,1.3545,0.3219,2.0887,0.4959,0.7085,0.5991,1.9308,1.0624,1.5391,0.9266,0.9683,0.8198,1.2823,0.7735,3.1680,1.1529,0.4709,0.3333,0.7174,0.8076,0.7035,0.4217,1.6362,0.6084,0.4056,0.3238,0.5027,1.3493,0.7843,0.8015,1.0924,0.9951,0.1663,0.3483,0.2446,0.5727,0.7574,0.4606,0.4094,0.3352,0.6382,0.4012,0.7754,1.0082,0.7688,0.5361,1.0298,0.9006,0.7466,1.1941,0.7475,1.5280,1.3158,1.2363,0.8004,0.4696,0.3710,0.8996,0.8139,1.2043,0.8294,0.7878,0.7863,1.0385,0.2990,0.2086
N-Acetylgalactosamine 4-sulphate,N-Acetylglucosamine,0.6684,1.1355,0.8299,1.0170,0.6211,0.9358,1.1442,1.7182,0.9594,1.2103,1.5215,1.1451,0.7288,0.8257,0.7573,0.8872,1.1063,1.4204,0.8954,1.8293,1.3655,1.0992,1.1107,2.1818,1.4947,1.3479,0.6772,1.6150,0.6599,0.6976,1.1320,1.2800,0.7311,0.9848,0.8351,0.8854,1.1089,1.2044,0.9141,1.5456,0.5817,0.9075,1.5272,0.6977,0.9983,0.6431,1.2604,1.0529,0.9940,0.9755,1.0865,0.8028,2.3559,1.0758,0.9166,1.0281,1.2834,1.2565,1.5448,0.8964,1.1614,0.7097,0.9545,0.7887,1.8826,0.9603,1.2247,0.6327,1.0446,1.1441,0.9483,1.1525,1.1453,1.0245,1.5636,1.3368,0.9419,1.1323,1.1179,1.0322,1.6350,0.7927,1.0971,2.4024,1.1576,1.5931,1.6816,0.8535,1.3806,0.8431,1.6754,0.9046,0.9780,1.1402,1.2078,1.1948,1.1007,1.0497,1.6989,1.1161,1.3132,1.0873,0.7349,2.2501,2.4741,2.5365,1.2887,1.2982,1.5600,1.3421,1.4444,1.4716,1.4886,1.2427,1.4446,0.7451,1.4835,1.0363,0.6320,1.0579,2.0916,1.8624,1.5834,1.5351,0.8660,1.2152,1.0318,1.0095,4.5856,1.6334,1.0529,1.6722,1.0672,1.3422
N-Acetylneuraminic acid,N-Acetylneuraminic acid,0.8974,1.2448,1.1639,1.7146,1.0226,0.9298,1.6533,2.0009,1.4484,1.5304,2.4628,1.3745,1.1835,1.2820,1.1451,1.3494,1.4460,1.9585,1.1301,1.7405,1.4216,1.2483,1.5225,1.8844,1.4052,1.5314,1.1477,2.5958,1.2394,1.1207,1.5479,1.4347,0.9675,1.4602,1.1656,1.1228,1.3517,1.5688,1.5149,1.4084,0.9375,1.0089,2.3839,1.2854,1.6477,1.2578,1.4656,1.2853,1.1611,1.3251,1.2691,0.8801,1.5337,1.6033,0.8921,1.0639,1.2723,1.3358,2.3168,1.1052,1.2199,1.0219,1.2519,1.5126,1.7838,0.8885,1.2944,0.8787,1.5068,1.4979,2.0184,1.2100,1.6049,1.2807,1.8714,1.5102,1.1674,1.4671,1.7747,1.4174,2.8544,1.3319,2.6282,1.4962,1.3642,1.8212,1.9432,1.3881,1.6896,1.3939,1.7074,1.5044,1.5473,1.6110,1.9221,1.0234,1.8720,1.8326,1.3709,1.3801,1.4043,1.1987,1.2666,2.2890,2.6329,2.3196,2.1778,1.8789,1.8713,1.4032,2.8200,3.0363,1.7228,2.5104,2.0920,1.3783,2.2357,1.5731,64.9421,2.0680,2.5316,1.9591,2.2318,2.2064,2.7758,2.2687,2.3483,2.4775,4.5209,2.9030,1.9470,3.3535,3.5156,2.1077
N-Formyl-L-methionine,N-Formylmethionine,0.7624,0.7016,0.7414,0.3124,0.7484,0.7035,0.5926,0.6682,0.8526,0.6176,0.7439,0.7648,0.7337,0.7936,0.4285,0.5889,1.1623,1.0196,0.6347,0.4487,0.6151,0.9836,0.7480,0.5138,0.6327,0.4152,0.7892,0.5785,1.1334,0.8191,0.7761,0.6795,0.6761,1.2312,0.9112,1.2198,0.7707,0.8189,0.6934,0.5785,0.7526,0.5050,1.1380,0.5515,1.0947,1.1389,0.6477,0.6075,0.5486,0.7987,0.8473,0.6213,0.5469,1.1273,0.6482,0.6306,0.7458,0.7861,1.0747,0.7103,1.0724,0.7701,0.4775,1.0115,0.7972,0.5475,0.7213,0.7051,0.6897,0.7477,0.7671,1.0618,0.5592,0.6629,0.7940,0.6563,0.7823,0.6565,0.9826,0.7873,0.6233,0.6072,0.7275,0.9014,0.6831,0.3515,0.7554,0.8093,0.4842,0.4479,0.8535,0.8272,0.6984,0.5046,0.4159,0.5749,0.9314,0.4566,0.6758,0.9906,0.4337,1.1011,1.3606,1.1080,0.7572,1.3911,0.6942,0.6081,0.7464,0.4888,0.6976,0.5789,0.7223,0.7784,0.6122,0.7205,0.6232,0.6414,0.9872,0.9558,1.0286,0.8392,1.0619,0.6841,0.9087,0.5886,0.6939,0.8522,0.8958,0.5548,1.1123,0.7551,0.7422,0.7958
N-Glycolylneuraminic acid,N-Glycolylneuraminic acid,0.8438,0.5536,0.8384,0.5911,0.5969,0.9132,0.4056,0.6872,0.7092,0.2944,0.2246,0.4706,0.4220,0.6757,0.4659,0.3672,1.0858,0.5993,0.3574,0.3683,0.3944,1.0044,0.5400,0.5137,0.4083,0.2621,0.5688,0.3137,1.7003,0.5710,0.7513,0.4839,0.4299,1.3388,0.5090,2.0555,0.5767,0.4261,0.7484,0.7238,0.9957,0.3762,1.0804,0.3354,1.6253,1.0263,0.3698,0.6494,0.4513,0.5021,0.6520,0.5969,0.5719,1.1674,0.7543,0.4880,0.8699,0.4972,0.8896,0.6113,0.6903,0.6239,0.3156,0.9647,0.4893,0.3541,0.5956,0.5790,0.8050,0.4769,0.4613,0.4059,0.5540,0.9116,0.5416,0.5469,0.6564,0.5030,0.5656,0.6750,0.7369,1.1050,0.6763,0.4341,0.4853,0.5503,0.1751,0.7230,0.6314,0.2770,0.4745,0.8075,0.9350,0.8580,0.5581,0.6361,1.9306,1.1355,0.6766,0.3559,0.3918,1.1036,1.1862,0.4027,0.3452,0.4944,0.4174,0.3158,0.3441,0.2612,0.1863,0.1402,0.3989,0.3649,0.5210,0.0258,0.3713,0.4590,0.0172,0.4979,0.4951,0.4419,0.4164,0.2710,1.1579,0.3289,0.2846,0.3598,0.3131,0.2284,0.4911,0.1902,0.3461,0.3195
Nicotinic acid mononucleotide,Nicotinic acid mononucleotide,2.9071,5.1975,7.4637,5.3848,3.7507,3.8465,9.9994,8.1604,6.7714,4.2129,4.9570,3.6871,3.8346,6.8115,5.1272,4.4031,4.7661,5.4980,5.0248,7.6030,4.3883,3.7134,2.9333,6.2360,7.1312,3.1685,1.0662,4.5341,2.5405,2.6276,3.4618,3.3968,2.3926,3.0577,4.8128,3.2462,3.8708,2.9663,8.4262,4.5325,2.8645,2.4262,4.5375,4.9404,2.0566,5.0438,7.5345,8.7583,2.6232,7.0169,5.9663,6.5562,5.8398,6.2610,3.4179,2.4399,5.6809,6.8237,5.2370,4.6469,5.1758,3.5763,3.2798,4.0755,4.6580,2.5488,2.9841,4.7156,7.0583,2.0843,5.2425,0.7093,4.1834,3.1789,6.4670,6.2163,3.6788,3.7368,4.2871,3.5241,8.8709,3.7871,5.3997,4.9383,4.2270,5.7345,2.0951,5.1234,4.8131,6.1853,3.5281,6.1476,9.1215,6.8524,6.9924,9.6920,0.9505,3.9753,3.2440,5.5392,4.5037,2.6862,2.2798,8.8293,3.1554,6.8233,8.0717,8.3629,5.1526,4.8044,2.1267,2.8546,4.9659,5.1328,3.9175,4.5739,4.8474,4.9230,4.8691,4.1611,9.8866,7.9933,6.0398,6.8430,3.1714,3.9944,4.3679,11.1459,11.3990,2.5408,5.5175,3.0120,5.1122,6.2049
Norepinephrine sulfate,Norepinephrine sulfate,0.3989,0.7101,0.4135,0.4002,0.5491,0.5703,0.6567,0.6388,0.5619,0.3621,0.5529,0.5186,0.5610,0.5526,0.3643,0.4261,0.4793,0.6998,0.6689,0.4978,0.4514,0.5276,0.4742,0.5934,0.3949,0.3440,0.5515,0.6494,0.5374,0.6452,0.6093,0.4370,0.5402,0.6348,0.4991,0.5439,0.7085,0.6445,0.5931,0.4843,0.7246,0.5886,0.6599,0.5017,0.6075,0.5505,0.5521,0.6595,0.5158,0.6620,0.4546,0.6136,0.6371,0.8161,0.7688,0.5614,0.6335,0.6776,0.9368,0.6901,0.6739,0.3748,0.4206,0.5411,0.5473,0.5105,0.4633,0.4904,0.5415,0.6501,0.5690,0.6132,0.5786,0.6638,0.6549,0.5725,0.5664,0.7546,0.5960,0.6147,0.6368,0.4424,0.3040,0.5410,0.5389,0.5970,0.8852,0.7172,0.5208,0.6566,0.5686,0.7505,0.4038,0.3635,0.6959,0.4502,0.5637,0.5384,0.4639,1.0578,0.4825,0.7476,0.8302,1.1540,1.2926,0.0138,1.1056,0.9703,0.9933,0.8753,0.9224,0.9920,1.0376,1.0557,1.2200,1.1827,1.1853,1.0639,1.1496,0.8550,1.1683,1.2795,1.3788,1.3411,1.0268,1.1988,0.9722,1.1194,1.1766,0.9226,1.0352,0.9356,1.0005,1.0672
Norophthalmic acid,Norophthalmic acid,4.4888,2.8238,4.6567,2.4161,4.9058,5.8566,4.5623,5.8894,4.9027,6.5809,6.2841,6.3702,4.4929,3.5479,1.9548,3.4187,6.1208,16.2445,4.6712,4.8073,4.2934,4.6094,2.4656,5.0498,3.7261,4.7523,4.1490,6.4574,3.0099,4.1032,3.9785,4.3399,2.7997,3.2042,5.2357,3.6328,7.2284,4.7977,7.3666,6.9103,3.5157,1.9478,4.7490,3.1712,2.3023,3,4.6983,3.4830,3.6623,5.3221,4.6851,3.0630,4.2115,7.6628,2.8351,3.1568,3.6954,5.1665,4.4868,3.7087,6.7483,3.8460,3.7123,5.2864,5.1111,4.9153,4.4058,4.9674,6.7685,5.1402,5.1587,9.3499,4.1870,1.6787,6.8899,4.7429,3.7393,4.8458,6.4031,5.1632,4.8507,2.3908,14.7189,4.6593,3.7118,1.7758,5.9860,2.7790,4.5128,3.5660,3.6886,4.1630,5.1473,2.1518,2.3449,5.8103,3.3595,1.7249,8.0688,4.6410,3.4383,7.4943,4.3156,0.9117,1.0362,2.2712,2.0800,1.1237,1.0525,1.0410,0.8342,0.6097,0.3449,0.0083,0.4181,0.0435,0.6839,1.1453,0.1191,,0.7435,0.7574,1.2799,0.0741,0.1317,0.5397,0.1386,0.1797,0.1304,0.8920,0.1399,0.1848,1.3797,
Octanoylcarnitine,CAR 8:0,8.3230,1.2791,6.1160,8.8857,4.5972,29.2916,13.3196,13.6753,3.8621,3.9479,3.4055,0.8025,0.8897,4.2205,8.8599,3.5843,7.6534,2.7262,1.0342,10.3979,6.5418,6.7549,3.8321,9.7240,2.6714,2.8817,9.2641,6.9028,2.1884,6.6415,2.3428,1.0715,5.3536,3.5607,6.4995,7.5527,15.4632,11.6802,13.1235,9.9818,1.2362,2.8955,8.6868,2.2362,4.1525,3.5647,13.3668,2.2229,4.3762,1.7050,4.7272,1.5892,5.7845,7.8592,2.8469,7.2224,3.0753,8.4587,2.3739,5.3087,3.0440,2.4634,3.7674,3.1880,5.5256,2.2906,15.8702,2.8490,5.8630,3.8100,3.1611,5.6937,7.1228,35.5614,4.8855,1.1938,6.4487,2.0392,3.3651,7.0950,5.9290,1.7809,3.5664,2.5210,3.8491,3.5575,2.0297,1.2442,3.3817,5.7841,5.0181,1.6193,5.2776,2.3864,10.2919,10.7337,10.7931,3.1850,1.2812,2.3457,18.4117,2.2611,4.5621,2.0231,1.9215,1.2972,3.9773,2.5426,2.9868,1.5379,2.1010,1.6030,1.2257,0.7695,1.1453,1.2980,1.2078,0.6753,0.8114,0.4200,1.8237,1.4632,1.3602,2.7305,0.5541,1.3122,1.5522,1.3821,3.6229,3.0677,2.5422,0.2393,1.8786,0.7583
Ornithine,Ornithine,2.2841,1.9320,2.9499,2.7955,4.6192,2.4025,3.2210,4.1226,3.3850,3.2491,2.8267,2.0303,2.8986,2.1140,2.1729,2.2170,3.1112,4.3273,4.7504,3.2903,2.2445,3.6643,2.3658,2.7724,2.4201,3.7784,3.8573,2.3469,0.1031,3.8682,2.8512,2.6592,1.6129,2.1329,2.9705,2.1729,3.5655,2.6308,3.5393,3.7564,2.6399,3.6113,1.8662,2.9124,2.5317,2.4220,3.8260,3.0272,3.0001,3.5364,3.5097,2.3651,3.4434,3.7416,2.3259,1.8843,1.8429,4.4417,4.6985,3.1475,4.0769,3.8195,3.0678,1.6914,2.9769,3.1421,2.3663,3.3199,3.1844,0.2680,2.6796,1.0879,3.4434,1.2788,3.2415,4.9083,2.7402,3.4127,2.7258,2.7976,4.2721,1.6432,6.8050,2.6637,2.0330,1.4809,3.5614,3.5922,2.7243,1.9200,2.9547,2.0560,2.3088,1.4530,2.2085,3.0979,1.2981,1.2700,2.9682,2.7215,2.1569,4.9222,2.3824,5.3398,2.7385,3.1780,3.0189,2.8033,2.5496,2.4212,4.7722,4.4223,3.3180,2.7414,2.0974,1.3194,3.0252,4.8205,0.7912,3.2391,5.0848,2.4032,3.3409,3.7646,1.8348,5.1692,4.4921,5.8235,5.3341,4.6228,2.7709,2.9554,3.6121,3.1534
p-Cresol,P-Cresol,2.1027,11.7090,9.3749,14.0552,28.6752,18.1303,18.2467,8.7021,4.7428,11.6279,19.0231,4.4874,12.8201,10.3271,7.7491,19.0830,7.6724,19.6227,6.2422,17.9249,12.5736,8.2905,25.2313,1.3128,18.0966,4.7550,1.9007,11.4141,0.8388,3.8213,2.6725,9.2958,29.0440,14.2626,4.0567,18.5881,25.4302,7.7241,9.6954,14.3653,0.6231,9.1998,2.0442,0.7657,9.1809,6.3741,20.5316,1.4149,3.0414,1.6891,10.3490,14.9841,26.5122,35.8285,4.1559,27.3726,12.7220,4.6536,15.0241,9.0639,13.0458,2.2507,6.2037,15.5834,11.8036,24.8668,14.0336,13.5575,6.8422,14.7047,2.4277,14.3495,7.9140,9.4429,1.0663,3.7890,2.3761,3.3850,9.9413,16.4339,25.5286,7.6016,2.4172,6.5913,14.5264,6.4225,7.6412,11.7929,30.3154,22.2949,6.1395,10.4878,4.8026,5.8199,2.9401,7.0621,0.4086,4.4197,6.0019,5.6419,1.1081,21.6780,8.0566,2.7081,6.3825,16.7738,0.8266,0.7989,3.2786,5.9946,29.9875,32.3614,15.2312,0.2796,11.4305,9.5157,11.8338,7.1074,4.9280,9.4099,1.9778,9.2514,10.9980,2.0603,0.8780,18.9277,13.3729,4.2479,20.3508,2.4055,6.9196,15.8107,50.6620,0.3049
Phenylglyoxylic acid,Phenylglyoxylic acid,2.9815,3.7886,3.6559,3.7804,3.3608,4.3904,4.2740,4.8450,3.4262,2.8735,3.7318,4.1082,3.8067,3.2608,2.2577,1.9603,3.8709,4.8652,2.7104,3.6760,2.8088,4.1516,3.5393,2.8193,2.8537,2.8905,3.0770,4.1344,2.9543,3.8373,3.2096,4.3786,4.2320,2.8053,4.1239,2.5430,4.5627,4.2152,3.9075,3.8423,3.1161,2.8046,3.9498,3.0399,4.7600,0.4975,3.8640,4.1454,2.7793,3.5608,3.6761,4.4747,4.6605,4.1586,3.4703,3.7918,3.6516,3.4121,2.3010,3.3800,3.7638,2.2338,2.5921,3.0971,4.0339,2.5390,3.5586,3.3503,5.3843,4.9639,4.5149,5.0361,3.2968,3.6178,3.8083,4.1947,4.1718,2.5541,4.9401,4.3037,4.2345,3.1856,4.7287,3.3771,4.1703,3.0906,5.5835,5.3224,3.8999,3.3701,3.9135,4.9295,4.1323,2.6361,3.2485,3.9770,4.0932,3.6987,4.3284,4.1118,2.9631,5.0777,6.5505,3.1788,3.0921,4.2396,2.8444,2.3365,2.6840,2.9595,3.9126,3.4912,2.9100,0.3861,3.0683,4.7502,2.8539,3.0988,3.4651,2.4538,3.5434,3.3487,3.4148,3.1643,1.8109,2.3917,2.8744,2.9615,3.5921,3.1435,11.5796,1.4710,3.0062,1.7206
Phenylpropionylglycine,Phenylpropionylglycine,5.1012,7.6188,3.2249,2.9450,3.9428,4.3242,5.3057,5.9006,4.5787,3.2506,6.0570,4.7870,4.1231,6.2892,5.1254,4.1163,3.2761,5.6477,5.0574,5.2947,5.3509,5.7360,5.9907,7.6539,6.9046,4.4730,3.7941,7.8796,4.7466,5.8825,4.9672,4.7103,3.4950,4.3956,3.7777,3.6568,3.8071,5.9219,3.6471,4.4374,4.2971,4.5319,8.3116,7.1541,7.9691,0.6462,5.3678,8.3850,6.7584,6.3134,4.6115,5.3074,5.3281,3.8246,6.0700,3.9099,1.0993,4.0890,5.8798,0.4555,6.0148,4.4720,4.6558,4.7609,8.0867,6.8419,6.3832,4.9723,8.2632,3.7884,0.4328,3.5618,5.4399,7.8873,0.6099,6.1750,7.1500,2.1464,3.0127,2.6076,4.3124,3.2255,2.4786,0.5162,3.8425,5.0574,10.1761,7.2147,4.8607,5.7777,1.0509,7.6803,3.5350,3.9467,4.7039,4.6289,10.8249,10.9383,5.3605,1.3795,4.1582,2.6529,4.8784,7.0995,12.2418,4.5767,7.4176,5.8697,5.6445,5.5205,4.2131,5.1734,8.0534,7.3697,16.6976,5.9113,7.0694,7.4122,1.9116,0.3924,4.8110,6.6204,5.7397,8.8604,9.8867,8.4803,5.9399,7.5676,4.5317,4.2370,1.3415,5.8843,3.4579,6.7292
phospholic choline,,142.4922,247.3958,258.6618,205.8348,159.8596,163.9934,134.0108,211.3213,166.2051,134.9654,148.7270,228.8382,143.5250,145.5330,124.9844,119.7865,150.1874,196.2799,149.3020,153.8040,134.7711,139.0033,162.5249,165.3263,141.7285,126.7008,209.3929,143.6172,185.9696,239.1990,232.8836,228.5281,225.5856,204.3379,242.2888,162.5885,213.9447,272.2519,260.0826,273.6181,241.1987,223.6597,225.8354,228.5961,216.6187,197.9926,233.8948,237.6209,159.2662,5.0901,187.0920,180.2013,172.6177,148.0886,165.2143,125.5833,160.3579,166.8710,170.0223,187.5530,158.3752,131.5585,127.9904,194.5020,178.2337,135.0862,138.1197,155.5792,194.2969,188.0268,253.8838,227.0414,269.1987,251.7874,230.9386,314.9713,283.6507,210.8773,276.3095,282.7275,253.6937,187.7074,275.9262,219.5577,247.1869,256.4850,346.2833,234.3722,156.8104,165.7921,262.0151,5.7164,4.7295,3.4868,128.6790,171.2266,164.5971,162.9143,175.1941,238.0274,132.8442,144.7379,174.2556,138.6786,156.8816,145.4813,125.0900,134.9569,195.6592,151.5993,124.3723,117.2480,215.6126,230.4365,242.3471,178.9131,243.2575,259.7158,173.7713,232.0740,227.1888,231.1232,273.1465,191.9615,204.1052,232.6865,179.1767,4.6152,3.7129,159.7198,198.3799,151.8912,140.0584,160.0085
Pipecolic acid,Pipecolic acid,12.9183,29.3546,21.4464,10.9957,10.0157,20.1862,15.4746,17.7277,18.8823,22.2479,31.5610,44.7492,38.2128,33.2647,28.2918,10.0800,12.4034,24.8109,14.2034,13.5054,15.7835,19.4159,25.3004,14.1323,12.9318,28.9927,27.4476,9.9259,14.6471,26.8073,15.6417,16.3990,14.4333,12.0619,30.7547,28.2060,20.6885,17.0841,15.8173,37.6577,16.9588,10.4130,17.2485,11.8048,12.0863,33.5436,14.2264,31.7276,17.2017,35.2389,10.0716,25.1594,25.4562,14.9809,12.9375,17.6017,17.9045,19.9384,39.1838,18.1476,78.7698,21.3430,16.9791,25.8151,8.5390,20.9579,18.3528,10.4930,24.8821,76.9091,23.0012,13.6151,21.7400,14.0925,23.9890,60.6492,33.8492,26.5623,25.0125,13.1780,13.9915,31.1596,25.3888,17.0269,28.1993,27.9725,35.1598,13.9629,12.3757,14.4124,38.9798,24.9354,27.6687,8.4579,17.5939,11.1161,40.2417,10.8478,53.3728,21.8379,21.6957,11.1079,37.6172,32.0403,16.4421,12.6093,9.3500,13.4784,8.6610,10.1742,36.8846,30.5147,11.8876,10.1134,7.3083,7.7557,9.7228,14.1338,11.7168,15.3032,30.9950,10.3847,7.6348,11.6017,4.0927,7.5194,11.3839,14.1220,7.0070,15.3588,12.3074,8.6165,26.3435,9.1798
Pregnenolone sulfate,Pregnenolone sulfate,1.2846,6.3387,0.9770,2.6474,1.7111,1.3306,1.6370,5.1634,2.0441,3.6888,2.0750,0.1590,0.0098,5.5707,1.5473,0.4057,4.3928,6.4213,8.6857,5.7596,,0.0105,4.1302,2.9354,7.6204,2.8608,0.9800,1.7779,1.5393,2.1671,1.9058,1.6734,2.0812,2.4280,2.6384,2.0740,,,1.9730,3.1756,2.9119,0.3993,2.6223,1.4772,2.6349,1.0142,,3.0063,1.1835,0.0364,3.9874,0.0280,5.3764,3.2894,2.2654,1.3787,0.9442,0.0592,5.0614,0.0629,9.8665,0.5138,0.6019,2.6010,1.6825,0.1467,1.1949,,10.1590,2.4524,1.0928,,1.0890,3.2566,3.6743,1.1388,2.3053,2.9127,4.1055,,2.1504,1.4553,1.7299,0.7145,,1.4695,4.8422,2.7168,1.0797,1.1307,0.2760,6.5513,2.3501,0.5687,0.3889,7.3724,2.8007,2.6827,1.5572,2.1272,0.5079,0.7277,1.1761,2.8833,4.7373,2.9298,1.8663,1.7705,1.8062,1.3564,2.6981,2.5114,1.7365,3.3389,2.6198,2.2908,1.9671,3.5235,2.1518,0.8411,2.4209,2.9344,3.9413,1.6394,1.8237,2.5720,1.7118,2.2067,4.4523,2.7524,2.4220,4.0372,1.3369,2.6449
Progesterone,Progesterone,1.5803,0.5633,1.7083,2.1564,1.1302,3.3034,3.8350,4.4557,1.4350,1.4333,1.1693,0.5862,0.4884,1.4414,1.4473,0.4959,2.5509,1.1277,0.4686,3.6508,1.5620,1.7042,1.0802,2.5924,0.7417,0.5567,1.8963,2.5552,0.6897,2.5872,0.7418,0.2902,1.3719,1.3971,1.6980,2.3871,4.6528,2.7302,2.7494,3.1958,0.4424,1.1759,2.5637,0.7160,1.1702,1.0234,3.0864,0.9313,1.1131,0.4877,1.5767,0.5210,2.0593,1.8459,1.0874,1.7640,0.8635,2.9647,1.0160,1.5667,1.5578,0.2755,0.7792,1.4403,2.1848,0.5503,3.2090,1.1806,2.1278,1.5250,1.2406,1.4416,1.7429,2.7523,1.5811,0.6003,1.7478,0.6971,1.0403,2.0927,1.7952,0.7205,1.4621,0.9920,1.2703,0.9436,0.9724,0.5475,1.5512,1.4417,0.7683,0.6828,2.0739,0.8951,2.2021,3.5023,3.3087,1.0442,0.5821,1.0292,3.1483,0.9419,1.3394,1.2004,1.1958,0.7664,1.6996,1.4223,1.0254,0.9445,1.1099,0.9887,0.7360,0.5806,0.6518,0.6825,0.6720,0.3570,0.5960,0.2374,1.0048,0.8244,0.8499,1.0173,0.4482,0.5407,0.9651,0.8842,2.2315,0.9196,0.7104,0.4821,0.7156,0.6395
Proline,Proline,1.3572,3.4957,2.9625,2.2512,3.1048,1.7377,2.2214,2.0311,2.1134,1.7476,2.6461,3.4880,3.6551,3.0802,1.3457,1.5934,2.3021,2.5308,2.3961,1.6785,2.4689,2.7779,2.4902,1.6214,2.3088,2.2624,3.1182,2.3733,3.9180,3.0844,2.7371,4.2012,2.1134,2.4994,2.6725,2.0004,2.0106,1.5974,2.7513,2.3923,2.6077,2.2091,2.0023,2.6528,2.0789,2.1964,4.2319,3.5158,2.1614,2.0616,1.5536,2.3619,1.9611,4.3756,3.8418,1.8798,2.6104,2.1597,3.7203,2.4041,1.9505,2.9698,1.7931,3.0993,2.2439,2.3510,2.1239,2.3444,2.0270,4.1409,3.3827,2.9511,3.5807,2.2379,2.9513,3.8676,1.8814,2.6769,2.8766,2.2434,3.2112,3.1147,4.1497,3.8114,1.7709,3.0330,3.1965,2.8929,1.7988,3.3278,3.4342,2.1080,2.2851,1.4145,2.0771,1.3979,1.7417,1.5819,3.1550,3.9564,1.9370,4.2283,3.1289,2.4499,3.5389,3.5531,3.1546,1.8556,3.1851,1.1622,1.3314,2.1746,4.5205,4.3518,2.4611,2.7027,2.6758,4.5086,2.7385,4.3696,2.2290,2.6365,4.5384,2.7775,3.5543,4.0245,3.2150,3.8188,2.2037,2.1199,4.1348,1.6749,2.7822,3.7048
Proline betaine,Proline betaine,2.4430,278.0758,70.9946,5.9160,8.2488,21.7247,5.6047,99.9498,38.4540,112.0367,311.5513,418.9208,265.4147,172.6044,257.6893,2.0062,19.0057,91.4752,67.4678,10.3671,28.7507,97.4513,236.5874,4.5040,37.5530,14.6517,13.2174,4.1387,97.0234,119.9207,27.2470,23.9934,27.3725,8.0074,56.5712,190.2900,64.7670,5.3571,10.6528,281.9676,16.3095,2.3001,90.0435,47.2110,56.8978,36.2508,12.5544,73.0408,7.6359,16.0905,6.0654,7.5443,182.4141,30.4805,14.4819,8.4635,10.5513,21.1990,30.1133,2.0256,212.2268,79.2949,54.1652,88.3089,3.7996,66.3122,96.1837,62.0193,79.4328,315.1269,2.6688,4.3825,128.5230,10.6190,21.1071,173.5615,128.5430,39.0270,48.2541,24.8315,42.1721,7.9610,28.6769,80.9857,11.2164,3.7576,4.2494,13.2937,19.7060,3.7948,310.4050,52.0688,76.4854,22.8809,43.2783,41.4672,106.9479,23.8575,122.5622,77.3862,66.3683,5.2007,61.0158,6.5727,6.6669,14.8760,3.6637,23.3943,48.5779,16.6295,11.0168,10.8109,4.4374,9.0802,4.7490,4.4779,7.4101,16.0708,21.6542,19.3903,6.7934,30.1847,4.1934,6.6405,1.8849,4.6890,2.4481,2.3788,20.4865,4.4046,5.0481,40.2869,24.4896,9.2507
Propionic acid,Propionic acid,2.3008,4.7017,1.5660,1.7399,2.9014,3.6051,2.7843,1.5445,2.0808,1.4574,2.9028,0.4239,4.3506,2.5319,2.2106,2.1783,1.1893,2.0498,3.6101,1.9700,2.6537,4.6458,1.8869,1.4024,3.6980,2.0840,1.8892,1.5419,2.9169,2.0276,2.9447,3.3449,3.5567,2.6193,2.9774,2.3543,2.4060,3.1716,2.4025,1.6282,6.8474,0.8930,1.8101,2.5480,2.1935,1.6626,1.9820,2.4827,2.1099,1.4906,1.7978,2.9257,1.5157,5.0239,2.2641,1.7264,2.4896,1.5666,6.2509,2.1278,2.2854,1.9906,1.7871,2.5355,3.4455,3.4614,3.1691,3.2717,2.1438,3.5769,2.2733,2.3145,2.7919,2.6746,1.2752,2.7208,2.2479,3.6866,1.8225,1.5993,2.9059,4.0214,1.4132,2.7351,3.4660,1.6993,2.3645,3.2382,1.1122,3.5600,1.5901,2.5502,1.0261,2.4664,3.5762,1.2772,2.8180,3.0788,1.1468,3.2951,1.7596,3.1350,4.9808,5.2905,3.1670,1.0326,3.0238,2.4846,3.8805,1.6864,2.5119,2.2368,2.5809,4.7613,2.5941,11.1931,3.0329,2.2906,5.1067,1.8711,5.8283,2.8179,2.0724,5.5673,3.2877,3.5069,3.3245,2.8239,2.3011,4.2606,3.3008,2.3066,3.0831,2.4832
Pseudouridine,Pseudouridine,0.5571,0.6950,0.8760,0.8982,0.8014,0.8810,1.2102,1.6890,1.2107,0.6558,0.6301,0.6119,0.6225,0.6680,0.5797,0.7558,1.1652,1.4123,0.6919,1.3503,0.7600,0.7453,0.9893,1.3913,1.0441,0.6144,0.7559,0.7939,0.3993,0.9156,1.2046,0.7229,1.1283,0.7665,0.9067,0.7957,0.8222,0.9838,1.1587,0.8471,0.7621,0.7911,0.6981,0.6692,0.6534,0.4965,1.0877,0.8085,0.6687,0.6624,1.0945,0.7391,1.1403,1.0308,0.5763,0.5972,1.3346,1.1182,1.1837,0.8543,1.3002,0.3981,0.4796,0.6952,1.4645,0.7126,0.5560,0.9094,1.0838,0.7743,0.7768,0.9140,0.8022,0.7236,0.9734,0.8134,0.7880,0.7244,1.1610,1.2475,1.0372,0.7957,1.0650,0.7627,1.0566,0.9118,0.9648,1.1914,0.7654,0.6439,0.7186,1.1554,1.2363,0.4764,0.5258,1.0885,0.6546,0.7428,0.7544,0.7077,0.7115,0.5648,0.8783,1.2815,1.1474,1.1219,0.7299,1.1216,0.8807,0.9362,0.7497,0.7332,1.0474,0.7710,1.1525,0.9395,0.9490,0.8707,0.6152,0.6556,1.4099,1.1969,1.0276,0.6925,0.3590,0.9219,0.8951,0.7049,1.8031,0.8276,0.6874,0.6900,0.9099,0.8321
Pyrrolidonecarboxylic acid,Pyroglutamic acid,7.9686,5.3395,6.3414,4.7322,7.4415,7.4160,4.6133,6.6752,8.9694,5.7682,5.3636,11.3806,4.9120,4.0898,3.8530,5.0583,9.9789,10.9152,4.8604,3.9909,4.9329,3.0869,4.7207,6.9837,3.7861,2.4817,8.8871,4.9053,57.2598,7.2645,7.9920,8.3422,5.9667,8.4517,7.6594,4.1239,10.2722,6.7022,10.6788,6.5238,6.6219,6.1348,4.9078,5.7198,8.2302,9.5812,7.1903,5.6470,2.3613,6.2644,8.4516,5.2410,3.7329,14.0016,5.0713,4.5615,7.5121,3.7979,2.3407,8.1617,9.2584,4.5531,5.2979,82.5747,7.9667,2.6858,4.6731,6.9834,2.2514,6.3219,8.5000,13.1655,7.3929,52.6926,8.4229,4.6800,5.0423,4.9196,7.4525,9.2081,32.3034,5.8726,21.1765,7.5718,1.6205,4.3706,8.0489,2.1153,7.1418,4.0659,8.9703,4.6498,8.5333,27.2037,6.3121,8.9938,6.4600,2.4858,6.7663,9.2286,5.1726,11.4405,9.7550,4.7521,4.8034,8.3702,5.7866,4.7587,6.8680,3.6351,5.5162,4.3304,4.7367,4.7327,4.8597,5.9397,4.4641,5.4586,6.6032,6.4936,5.0449,5.9693,8.6606,3.8092,3.7444,4.1965,5.2511,6.2315,4.5527,7.4200,6.4934,4.0132,4.7567,3.7433
Quinone,Quinone,2.1670,1.9291,2.4894,1.7403,1.7485,2.4055,1.4465,2.4516,2.3730,1.1050,1.0473,2.0056,1.4626,1.9651,1.3884,1.2161,2.5820,2.0138,1.2560,1.5256,1.2994,2.4542,1.5857,1.8023,1.4456,0.9890,2.1948,1.2474,3.7508,2.3196,2.5303,2.2034,2.0865,3.7849,2.3604,4.7653,2.4166,2.0668,2.2955,2.3616,2.4290,1.3825,2.8186,1.3252,3.3311,3.0687,1.5791,2.0944,1.4045,1.7258,2.1506,1.9398,1.7055,2.9312,2.2029,1.4577,2.6317,1.8793,2.4747,2.5483,2.2209,1.6647,1.1089,2.7173,1.8346,1.2534,1.7331,1.7818,2.4352,2.0016,2.1217,1.9294,2.1764,2.9648,2.1826,2.0103,2.4901,1.6624,2.1560,2.4710,2.1809,2.3809,2.1957,1.8239,1.7429,1.7700,1.4284,2.2572,1.8721,1.2455,2.2735,2.5436,2.5142,1.9935,1.5404,2.0765,3.6826,2.7457,1.9701,1.7379,1.3723,2.7566,3.2064,1.2773,1.2641,1.6806,1.3366,1.2147,1.5246,1.0773,0.8389,0.8480,1.6144,1.4259,1.9689,0.0363,1.6770,1.5592,0.1265,1.9384,1.3713,1.5176,1.5048,1.0522,2.6569,1.1728,1.2543,1.1836,1.2785,1.1018,1.6872,0.9599,1.4539,1.1795
Riboflavin,Riboflavin,0.4647,0.7474,0.6829,3.2104,1.0214,0.8902,0.2123,1.0779,0.8932,0.1620,0.2574,1.4758,1.9092,0.3482,0.5970,1.4783,0.4903,0.3664,0.3477,0.6924,0.4991,0.4342,0.4655,0.5657,0.7333,0.2229,2.6850,0.2458,1.8534,1.2826,0.6973,1.0225,1.0344,1.1924,0.7610,0.9688,2.0761,0.8709,1.2557,1.1072,1.0678,0.6305,0.1654,0.9205,0.6696,0.9700,0.9327,1.2457,0.4123,0.5855,1.2835,1.1378,0.9995,1.0242,1.4336,0.6749,2.0915,0.6987,0.8160,1.1850,1.0112,0.9121,0.6998,0.6789,0.4546,0.3600,0.4714,0.5342,1.0468,0.4858,0.8323,0.4215,1.3725,1.4520,0.5020,1.5279,1.6356,0.3457,0.2557,1.1808,1.2052,0.8456,1.7896,0.6915,1.2472,1.5532,0.8187,0.6015,0.5559,0.8140,2.3414,0.6104,1.1557,0.4606,0.2541,0.8738,1.8274,0.7853,1.2227,0.7163,0.5534,0.6420,1.1288,0.9108,0.4232,0.8416,0.4942,0.4249,0.5638,0.3770,0.3232,0.4369,0.5011,0.7163,0.4192,0.6393,0.5513,0.4625,0.4425,0.7429,0.6843,0.4804,0.2798,0.4993,0.4860,0.4003,0.4070,0.4309,0.4034,0.4207,0.4987,0.3863,0.3458,0.7282
Ribothymidine,Ribothymidine,0.0331,0.0702,0.0952,0.0648,0.0510,0.0706,0.1121,0.0564,0.0526,0.0762,0.1106,0.1609,0.0461,0.0158,0.0178,0.0127,0.0438,0.0876,0.0177,0.0627,0.0491,0.0485,0.0343,0.0667,0.0387,0.1029,0.1200,0.2116,0.1173,0.1447,0.0856,0.1357,0.1176,0.0995,0.1167,0.1070,0.1197,0.1109,0.1143,0.0731,0.0369,0.0303,0.0759,0.0281,0.0419,0.1561,0.0433,0.0536,0.0373,0.0933,0.0419,0.0390,0.0450,0.0571,0.0325,0.0389,0.1418,0.0489,0.0351,0.2203,0.0491,0.0187,0.0300,0.1338,0.0997,0.0453,0.0487,0.0291,0.0847,0.1640,0.2137,0.1536,0.1196,0.1025,0.1704,0.1199,0.0719,0.0851,0.1128,0.0993,0.1456,0.0676,0.3150,0.1659,0.0483,0.0483,0.1208,0.0408,0.0676,0.0454,0.1701,0.0455,0.0397,0.0287,0.0733,0.0717,0.0410,0.0272,0.0593,0.1450,0.0338,0.0274,0.0179,0.5915,0.4456,1.1794,0.7829,0.6260,0.7925,0.4270,1.2126,1.5696,0.3081,0.1974,0.4348,0.1951,1.3745,0.7126,0.2817,0.1679,0.5807,0.8837,0.7466,0.2840,0.3505,0.6267,0.3082,0.5600,0.3102,1.6314,0.5398,3.3966,0.4784,0.1556
Sebacic acid,Sebacic acid,1.1315,1.5584,1.5147,1.5749,1.3095,1.3643,1.5715,2.4438,1.5504,0.8568,1.4460,1.5749,1.5644,1.3100,0.6988,0.7255,1.4784,2.5600,1.6088,2.0553,2.5409,1.1806,1.5227,1.8631,1.4683,0.9619,0.8425,1.4069,1.2715,1.3340,1.5127,1.7551,1.2029,1.4167,1.5176,0.7852,1.1535,1.3487,1.5032,1.6856,1.2475,0.9162,1.3968,1.0457,1.4971,1.0213,1.7832,1.5532,0.8723,1.1699,1.2365,1.7636,1.7394,1.7007,1.7063,1.2155,0.6679,1.4704,2.4577,1.4331,1.8198,1.0313,1.1317,1.4880,3.1955,1.6574,1.6679,1.6256,2.2893,1.5728,2.6904,1.4167,2.4821,1.6329,1.6233,3.7493,1.3996,0.7924,1.6458,1.4006,2.6371,0.9467,1.6609,1.5825,1.4534,1.3671,2.3676,1.6869,1.1743,1.4374,1.7970,2.4521,1.7353,0.7928,0.8098,1.4957,1.4381,1.4706,1.4118,2.1003,0.8323,3.9429,2.5704,1.7484,1.8743,2.0849,1.4027,1.7860,2.9092,1.6180,1.5634,2.1545,1.6743,2.1921,2.0334,1.5876,2.4255,1.6309,0.9277,1.5532,2.0944,1.6896,2.1946,1.6041,1.5758,1.6364,1.4273,1.5431,1.9445,3.2970,1.4251,3.0826,1.4263,2.1878
Se-Methylselenocysteine,Se-Methylselenocysteine,2.4877,4.8011,3.9148,3.7222,3.1351,4.2081,4.2519,7.4458,4.3769,4.3168,7.0020,2.6645,4.3709,3.9875,3.4932,3.9735,5.0268,7.1056,4.9037,4.6674,4.3289,3.4270,4.0469,4.9936,5.3426,6.3100,3.5260,6.7906,2.2417,4.0995,5.6636,3.2429,4.7495,3.7955,5.2478,2.0277,4.9797,6.2257,5.0451,5.2885,3.7212,3.4351,5.3426,3.3088,3.6469,4.0291,3.2957,3.9275,4.0137,6.8076,2.4027,2.0534,3.7237,3.9079,2.5410,3.7840,1.9907,4.2015,5.0764,4.2270,4.5783,3.4261,4.5471,4.0071,3.9413,4.3110,4.4103,2.8461,4.1936,4.9129,8.2016,5.2654,5.8177,3.1671,6.5455,5.5363,3.6354,6.2290,6.3771,5.2510,6.0008,2.8873,2.4017,17.0433,5.9890,4.2428,7.0436,3.4434,5.7193,4.4818,5.4143,6.9557,3.8575,3.2353,5.3332,4.2198,2.1657,4.6161,3.7293,5.5563,4.8278,3.4397,3.3001,1.4204,4.7617,5.5150,1.0949,4.4165,1.8657,4.1375,5.0040,3.7975,1.8425,1.6193,1.9071,1.7885,2.9318,2.0347,1.3793,2.2798,1.6463,1.7777,2.0483,1.4818,1.2824,1.7591,1.8303,1.9279,1.6190,6.1419,1.5961,1.6013,3.3493,1.5192
Sertraline,Sertraline,1.3468,2.1017,1.6383,1.6827,1.5032,2.5427,2.1458,3.6791,1.8526,2.0115,3.2286,0.8827,2.0669,2.2744,1.8249,1.9921,3.0176,3.6976,2.9311,2.1307,2.3756,1.8595,2.1476,2.7803,3.0891,3.2020,1.3410,3.8603,0.9274,1.7156,2.9405,0.8953,1.9771,1.8820,2.1772,0.4839,2.3599,3.3261,2.4519,2.4873,1.7088,1.5150,2.9919,1.6132,1.9361,1.8543,1.7872,2.1298,1.7349,3.3050,0.8789,0.5993,1.8687,2.1671,0.9106,1.6332,0.6749,1.9879,2.9945,1.7215,2.2707,1.3154,2.3730,2.2298,2.1893,2.4534,2.5436,1.1577,2.2127,2.5066,4.2976,2.6178,2.7379,1.1759,2.7564,2.5689,1.6243,3.1348,2.8759,2.2806,2.9680,1.2664,0.6310,9.1263,3.4330,1.8008,3.1790,1.5232,2.9335,2.0323,2.5420,3.4540,2.3319,1.8007,2.8621,2.3880,0.7194,2.6390,1.7425,2.6224,2.3741,1.8487,1.4268,0.4742,2.4506,3.0873,0.3561,2.3926,0.3073,2.3598,2.4304,1.8960,0.4052,0.4382,0.4349,0.0149,0.6005,0.3729,0.0270,0.4384,0.3233,0.3231,0.4355,0.4639,0.2206,0.3782,0.3425,0.5829,0.3928,2.5461,0.2748,0.7039,1.2763,0.3553
Sorbose,Sorbose,20.9068,22.2202,20.4985,19.8140,22.6945,21.6962,17.7786,25.4960,26.2141,14.1362,15.8487,19.3744,37.8838,23.2775,17.8330,28.2907,25.6942,47.9742,30.5935,27.0411,25.2877,31.0593,18.5256,21.7506,38.0583,21.4414,21.7932,17.1812,33.3451,20.7706,30.9003,40.0677,15.5981,31.9330,18.3383,44.8859,18.0890,20.1708,20.5603,48.0569,26.8143,22.4284,27.6924,15.5728,37.5405,21.4239,22.7074,27.6258,23.4872,20.7111,19.4364,21.8102,39.7769,27.0514,24.4874,21.0968,19.6159,53.8734,29.6058,19.2805,46.9541,22.2067,14.4574,25.8470,38.7480,21.8287,17.5695,18.6511,26.3845,23.3908,46.2993,16.0059,21.4128,28.5550,18.9045,25.6973,20.8275,21.9623,20.5359,18.8633,31.2251,26.3884,25.2684,19.4231,17.3031,20.2333,18.4216,31.6143,29.5582,16.3291,38.6096,30.4294,25.6965,26.4599,25.3778,19.1934,38.3436,25.8441,24.4096,19.3186,33.2208,31.4994,31.2104,26.7393,29.6602,31.8947,22.5039,15.8190,19.2839,15.5015,13.7947,17.7938,31.9140,25.2116,28.5002,5.5754,93.3758,24.8653,3.8485,24.7711,28.5534,26.8158,28.2456,25.0330,43.8769,25.0081,22.9351,30.6698,57.1758,24.6858,23.2061,34.3180,24.8335,24.9816
Sphingosine,Sphingosine,0.5361,0.8575,0.4097,0.6881,0.4519,0.7776,1.2929,1.4787,0.8810,0.4819,0.8788,0.1377,1.0002,1.0412,0.4125,0.5570,0.8579,1.5685,0.6279,0.7996,0.7912,0.7139,0.6832,0.6161,0.6526,1.0607,,2.0583,0.2087,0.2003,0.5503,0.4748,0.5274,0.3602,0.4699,,0.5284,0.7164,0.7025,0.7744,0.3488,0.5206,0.9747,0.3919,1.5524,0.3147,0.8111,0.8181,0.4994,1.5983,0.5760,0.5473,0.6650,0.9169,0.4705,0.8414,,0.7266,1.3645,1.3717,1.2110,0.4981,0.5213,0.5275,0.8309,0.4085,0.5005,0.3674,0.9207,0.6062,2.8924,0.1551,0.6378,0.5158,0.6922,,0.3243,1.0565,0.8182,0.5760,1.3680,0.3726,0.2965,0.2206,1.4625,1.1021,1.1211,0.8746,0.8783,0.5655,0.4706,1.2631,0.7133,0.6902,1.1527,0.6660,0.8705,1.2478,0.5092,0.3721,1.0337,1.2446,0.8784,0.4364,41.3268,19.5445,0.9543,13.4922,0.4447,11.2477,17.4757,12.8657,0.1998,0.7083,0.3885,0.3062,0.8536,1.2867,1.0263,0.2597,0.3495,0.5369,0.6158,0.5648,0.7668,0.6097,0.6197,0.5788,0.5454,16.4590,1.0412,0.3802,13.1392,0.3945
Suberic acid,Suberic acid,3.0180,3.6403,2.6426,2.4186,2.6435,2.8908,2.5720,3.4189,2.8612,2.2248,2.8070,3.1597,2.6074,3.0572,2.5836,2.3981,2.8229,3.4163,3.2439,3.1940,3.4931,2.6143,2.9597,3.5305,3.3590,2.5798,2.7641,2.9241,2.9710,3.2325,3.7955,3.0401,2.6864,3.1806,3.1115,2.3499,2.7687,3.0736,3.0739,2.9865,3.0779,2.4606,3.1246,3.1178,3.3843,2.2708,3.0843,3.5563,2.8309,3.2004,3.0157,3.4829,2.9388,2.4200,3.1149,2.4532,1.7905,2.9322,3.3135,2.4840,3.3309,2.6938,2.3812,2.8035,4.7875,3.3482,2.9362,3.1372,3.7799,3.4087,3.3448,2.8839,4.3273,3.3137,2.9633,4.4934,3.4471,2.2552,2.7140,2.8018,3.1573,2.3200,2.6448,2.6840,2.6499,2.7656,4.0580,3.3612,2.9959,3.3350,2.8142,3.6589,3.2414,2.3239,2.2445,3.0784,3.6075,4.3327,2.8548,2.9983,2.1642,3.5955,2.8402,5.6908,5.1187,3.4320,3.5037,3.4694,3.7661,3.4537,2.9913,3.9117,3.7407,5.8952,5.9374,3.9501,3.6681,4.2769,2.3627,2.9373,5.4980,4.2242,4.0283,4.0736,4.8309,4.0569,3.7325,4.4965,3.5462,4.5792,3.7256,7.7182,3.0609,5.7037
Succinic acid semialdehyde,Succinic acid semialdehyde,2.7321,2.2690,3.4814,2.3095,2.8995,3.6629,3.1061,3.9127,3.9146,2.1714,2.4361,2.1572,2.9223,3.0786,2.3342,2.1199,3.5119,3.1642,2.2911,3.4593,3.0605,3.3984,2.4713,3.7304,2.5212,2.3755,3.0020,2.4487,3.6431,2.6476,3.4174,2.8932,3.1219,3.5044,3.0668,4.1612,2.9112,3.0500,3.6461,3.2162,1.6784,2.4641,3.2322,1.6839,3.4707,2.9579,2.5690,3.1085,2.3168,2.7295,2.8961,2.7659,2.7571,5.3579,4.2833,2.2376,2.7740,3.1629,3.8333,3.2346,4.2485,2.1897,2.3432,2.6181,3.6693,2.7936,3.0795,3.1721,4.7816,2.5992,2.5211,2.6655,2.8821,3.8478,2.8165,2.3211,3.1738,2.2713,2.5918,3.1104,2.3881,2.4464,3.7665,2.3285,2.7322,3.0221,2.8175,2.9484,2.8020,2.2565,2.2022,3.7984,3.3594,2.5697,3.3030,3.3698,3.5907,3.2277,2.6160,2.1477,2.7915,4.5307,5.1342,1.4586,1.8095,2.2387,1.5130,1.4247,1.1145,1.5083,1.0840,0.8768,1.3239,1.3718,1.8286,1.2444,1.8500,1.4676,1.3302,1.3252,1.2595,1.4777,1.3392,1.1058,1.8100,1.3567,1.1941,1.2766,1.5753,1.2502,1.3565,0.6153,1.3631,1.4722
Succinyladenosine,Succinyladenosine,8.5032,5.9958,7.2244,5.3363,5.3439,8.3448,4.6654,7.8694,7.7897,2.8799,2.3641,5.1698,5.2377,7.7517,4.4493,4.3564,11.4456,6.9057,3.7727,3.9774,4.2970,11.1677,5.9351,5.7192,4.4382,2.4599,4.8555,3.1006,15.9895,6.4643,6.7484,5.1518,5.8255,13.5804,5.5417,20.9620,5.3758,4.9290,6.0801,6.3730,10.7455,4.1061,13.6587,3.6153,18.9946,11.7077,4.6533,6.8477,4.3710,4.7040,8.0430,6.0731,5.4349,11.5860,7.4847,5.5675,9.6157,4.9196,8.5601,5.6053,6.9463,6.6496,2.7848,10.1244,5.7556,3.5166,6.2327,5.5348,7.4453,5.4402,5.2938,5.3744,5.0445,8.4362,5.5999,4.9331,6.1359,4.2993,6.0426,5.8764,6.4187,9.8690,6.2656,4.4324,4.6995,5.6567,2.8686,9.4361,5.3516,3.3457,7.0572,8.3811,9.3230,9.2073,4.6477,6.4570,19.4198,10.0947,7.0712,4.2786,4.2034,9.8590,14.5183,4.0970,3.8330,5.2165,4.3571,3.4104,3.5373,3.0705,1.9650,2.2379,3.8744,3.5564,4.8517,0.0141,4.2871,3.6276,0.0180,4.6970,4.0387,4.3601,3.9143,2.8572,11.7816,3.2742,3.0087,3.3043,3.4939,2.5270,3.9318,2.6005,4.1832,3.3107
Taurine,Taurine,11.1838,20.3080,16.2290,15.2778,13.9741,18.9392,18.0425,33.0632,18.3291,18.3390,31.6207,10.1376,17.6904,17.7502,14.7074,17.3085,24.0941,31.3736,22.5726,19.4694,19.1576,18.1069,18.1005,21.8269,25.5090,31.4053,13.2042,34.4248,10.2139,16.1366,26.2663,11.8705,19.5352,20.2268,22.3700,9.1885,22.6531,29.0745,21.8460,21.6354,16.3314,14.2929,24.9860,12.9524,19.1962,18.5476,13.5444,17.0644,16.3777,30.8268,9.2730,7.4412,14.9769,18.8773,9.9059,16.2728,8.0332,17.7245,25.1953,19.0141,18.8190,12.8091,19.2515,17.9869,17.7233,18.7736,19.7444,12.5031,16.8932,22.6374,40.3050,24.9155,25.5533,13.4204,28.3314,22.6310,13.5559,30.3666,29.3148,22.3924,27.0260,15.1758,7.7809,96.5188,29.1681,16.6840,28.9039,15.5128,27.1034,19.3515,23.0829,31.1649,18.5148,15.0959,25.3852,17.1629,8.1952,21.5120,13.7307,23.4562,21.1936,17.6956,16.1150,3.2009,19.5301,24.9087,2.9333,20.5884,4.5158,17.9714,22.0718,15.8671,5.2813,4.7696,4.7051,2.2198,9.7729,5.6074,1.6687,6.7851,3.7095,4.8136,5.7600,4.3722,3.1977,5.2499,4.8646,6.3931,4.7893,26.6940,4.2505,4.4452,12.5903,4.3018
Testosterone,Testosterone,1.4485,0.2948,1.2072,1.7678,0.8790,4.8588,2.2460,2.3908,0.7438,0.7286,0.6370,0.2688,0.2249,0.7607,1.4782,0.4812,1.2953,0.5484,0.1780,5.5398,1.1031,1.2255,0.5933,1.7252,0.5078,0.4323,1.7604,1.2632,0.5386,1.2428,0.4961,0.2418,1.0036,0.7714,1.2596,1.4793,2.6581,2.0499,2.4411,1.9143,0.2639,0.5285,1.5894,0.4776,0.7791,0.6682,2.2863,0.5269,0.7936,0.4265,0.8827,0.3310,1.0629,1.4102,0.5571,1.3314,0.5723,1.5216,0.4676,1.0907,0.5476,0.3102,0.4641,3.2060,1.0626,0.3330,2.7315,0.4878,1.0669,0.8076,0.7842,1.0475,11.2368,5.9568,0.9335,0.2860,1.1372,0.4323,0.6837,1.3468,1.0864,0.3767,2.5868,0.5841,0.7765,0.6769,0.4557,0.2845,0.6332,1.0118,0.9489,0.3786,0.9433,0.5180,1.6954,1.8688,1.8864,0.6437,0.3301,0.4721,3.1645,0.4974,0.8465,0.4299,0.4486,0.2963,0.7686,0.4583,0.6616,0.3356,0.3997,0.3244,0.3442,0.2313,0.3232,0.3876,0.4268,0.3350,0.2560,0.2749,0.3891,0.3732,0.3344,0.5367,0.1596,0.2873,0.3490,0.2979,0.7178,0.7456,0.6007,0.1687,0.4250,0.2171
Tetrahydroneopterin,,5.1275,8.5228,10.1152,7.3761,9.2937,8.0776,4.4070,7.1461,6.6415,5.8668,8.3275,7.3154,5.4365,5.6129,4.5051,3.8005,6.5953,10.8615,6.4027,6.2170,4.5365,8.1887,7.7046,10.3329,7.6350,8.3842,5.6358,10.9575,5.2860,6.3452,7.7205,9.6266,4.1160,6.9267,8.2377,7.8289,10.9706,8.4748,12.8512,16.5213,7.5402,7.5634,5.6174,5.5067,5.3671,3.7192,5.9194,7.6288,4.8451,8.9024,6.2787,7.6413,10.5975,4.5306,5.1011,3.5338,3.4663,5.8366,6.2696,3.8222,10.3443,6.1584,6.2442,7.2981,8.4408,10.9239,8.8270,12.2049,16.0622,7.8040,3.8177,8.0130,8.2148,6.6613,3.2832,13.3703,11.9442,10.4885,10.8471,8.2619,8.0661,8.4982,12.6690,2.9823,6.6423,6.4453,8.0349,6.1447,10.5613,6.8587,3.8606,9.2171,6.5235,6.2224,7.3377,11.3468,10.4195,12.2329,13.9364,5.7271,2.7740,5.7434,5.3475,2.2500,5.4445,3.8569,5.0267,4.1271,2.8554,3.3109,3.6631,2.9790,3.0390,3.3353,4.9431,2.4385,2.6480,5.0890,2.2457,0.9815,4.6326,5.8395,4.2463,2.2857,4.1477,3.1768,3.7192,5.0741,3.0838,5.8637,1.6904,1.4422,1.9668,2.2167
Thiamine,Thiamine,0.6148,1.0369,2.3989,2.9919,4.2310,1.6643,2.5909,0.9036,2.5854,1.6770,1.6854,0.8061,1.4769,0.8925,0.7776,1.8464,2.9021,4.2766,0.3722,4.0417,1.4473,1.7873,2.3841,0.4476,2.4247,1.5561,0.7091,2.2430,0.2032,0.7221,0.9296,0.9029,3.2276,3.7254,0.3598,3.3803,3.3394,1.0619,1.4507,2.0674,0.4045,1.3812,0.2779,0.4256,1.5839,1.7132,4.4454,0.3715,1.1864,0.7119,1.2855,2.7909,4.3626,2.9765,0.7560,2.9599,2.3226,0.5178,1.3041,1.4874,1.6929,0.5363,0.3486,4.5599,2.9397,1.8655,1.5905,2.0941,1.3108,3.2855,0.6648,1.9536,2.6875,1.1662,0.5515,0.4263,0.7645,0.6588,0.7519,3.2551,10.2729,1.2316,0.3295,1.8013,2.8194,0.9180,1.9660,2.6129,3.3374,2.9195,1.0680,1.8911,1.9421,0.7044,1.7703,0.6689,1.2992,1.0421,2.4728,0.7937,0.7459,1.5774,1.4402,2.5765,1.3815,0.8843,0.3605,0.4716,1.2366,0.4225,1.7675,2.0022,1.0768,0.2605,1.1447,1.9803,1.0187,2.8245,2.0818,1.1516,2.4614,2.1017,2.5789,6.1913,0.2645,0.7412,2.4704,2.7369,9.0662,0.7373,0.7177,1.0131,5.2176,0.3567
Traumatic acid,Traumatic acid,1.8638,3.1186,3.3348,4.2767,6.1428,3.4982,4.0159,4.0638,3.0920,2.0592,3.2718,1.7717,2.0936,2.2177,1.6492,2.1517,3.2642,5.2582,2.6658,5.1644,2.8632,2.8779,2.3218,3.7237,3.4258,2.2989,3.7081,4.4349,1.2199,2.0087,3.2563,3.8709,2.5786,2.3986,2.7166,2.5624,4.0014,3.0972,4.4752,3.3035,3.5343,2.1900,1.9207,1.9281,1.9136,0.7647,4.4095,2.6979,3.3423,2.3515,2.6510,2.9344,5.1231,15.4358,7.4344,2.1440,3.7117,3.9364,3.4217,13.4990,6.4334,2.0771,1.8874,2.8301,3.7634,2.2778,4.3600,3.0050,5.0109,2.8897,1.6761,2.6173,2.4522,2.6678,1.8869,4.4399,2.6689,2.6942,3.6985,3.5603,5.2610,3.4121,5.3417,1.5812,3.3832,1.7685,2.9920,3.0784,3.7781,2.5090,1.4394,3.4574,4.4094,1.8018,16.7308,4.2713,2.8763,2.8023,3.1865,2.3854,2.0938,8.8192,19.0211,2.4758,4.1054,3.4768,2.8966,1.8366,3.2222,1.7044,2.1832,2.3520,3.3656,1.7976,1.8783,1.8295,2.7485,3.9510,1.9667,1.1577,2.5089,3.7068,3.2843,1.8390,1.0917,1.9004,2.6957,2.1154,6.6875,1,1.6378,1.9383,2.6574,1.7686
Trimethylamine,Trimethylamine,0.9405,0.7501,0.9818,0.6142,0.7225,0.7582,0.9016,1.0609,0.8548,0.6450,0.7649,1.4318,0.7709,0.7666,0.5665,0.4978,0.9006,0.9688,1.1411,1.0740,0.6603,0.5904,0.7780,0.8926,0.7353,0.6424,2.0279,0.7936,1.2515,1.0139,1.0969,1.1988,1.4650,0.9214,0.8974,1.1564,1.0956,1.2519,0.8974,0.9891,1.8768,0.6504,0.6691,0.4964,0.7473,1.3162,0.7641,0.7192,0.6270,0.6837,0.5879,0.7808,0.8231,0.7943,0.7675,0.4785,1.4214,1.0885,0.8968,1.4389,0.9648,0.4897,0.6294,1.7024,1.0051,0.6733,0.6407,0.8488,1.0246,1.1922,1.4692,0.9219,1.4564,1.3887,1.1739,2.4110,0.9237,1.0043,1.0276,0.9896,1.3149,0.5582,0.9965,1.0792,0.8337,0.6847,0.8279,0.7362,0.8144,0.6006,1.1766,0.9890,0.8824,0.6012,0.8012,0.7368,0.7867,0.8282,1.0042,1.0551,0.6675,0.8789,0.9046,1.5092,1.7660,1.8502,1.4482,1.4876,2.4392,1.3933,1.4556,1.7338,2.3010,1.9443,2.3983,1.9321,2.1603,2.2094,1.6621,2.9058,1.6332,1.8713,1.9956,1.5234,1.4393,1.5275,1.5862,1.7151,1.5576,1.7497,2.5232,2.5021,1.6926,1.3998
Trimethylamine N-Oxide,Trimethylamine N-oxide,11.8670,3.2426,5.9181,3.4958,5.5496,3.0624,7.5963,3.8065,4.5383,3.8038,1.7791,14.4435,3.5895,3.8526,1.7856,2.0752,4.6045,6.0694,16.6457,8.4238,2.2907,1.3956,5.5998,4.7219,2.3661,3.0287,22.8496,1.6989,2.8320,3.0536,4.2892,9.4009,11.0716,3.8069,3.8180,10.5412,5.9763,8.9487,3.6628,5.1567,32.5646,3.4934,1.5892,2.5374,4.5748,6.3055,4.4644,3.6095,2.8540,2.7714,1.7719,7.5174,5.8520,2.3707,1.3516,2.0199,16.6648,9.8396,7.7656,7.1884,4.5105,2.1664,2.0568,9.0983,6.3668,2.8834,3.9927,5.4930,3.8596,11.7508,13.3319,3.1866,10.9216,4.9640,3.6868,32.6081,5.4664,9.4008,7.0783,3.5757,12.7919,2.7833,4.3888,6.0480,4.3535,1.2843,2.8296,6.2284,7.1797,2.9449,6.6506,3.3336,8.1832,2.6383,3.3586,3.7518,8.0257,4.0389,12.9308,5.8198,5.3542,1.6449,4.9192,4.0365,3.7711,2.1094,3.2520,3.3130,10.5232,2.4503,3.2964,2.8314,5.5294,0.5985,4.0837,3.4228,4.1192,5.6607,2.5106,5.8218,4.6760,2.6566,7.6825,2.9937,1.1243,4.0372,5.4505,7.2861,10.4624,2.8172,10.1743,3.3828,5.9939,0.4556
Tryptophan,Tryptophan,219.2897,303.2596,250.9173,161.3436,227.1295,238.8074,272.5573,264.0655,299.8373,177.0795,256.5661,217.6247,251.6944,277.7919,170.8820,166.2414,244.0208,314.5879,290.8804,171.7989,245.7065,164.1498,205.1208,224.6363,247.3210,185.8941,242.9399,203.6996,293.1262,226.3542,284.0462,244.4042,281.7306,229.9825,314.1706,217.8802,255.2168,250.7001,291.5480,221.2696,223.7918,166.0971,212.0468,206.9995,185.6622,207.0651,189.5855,265.7942,157.7640,250.7255,192.9072,196.8980,259.4443,273.9309,309.7441,236.8094,224.4641,224.9458,408.6283,275.0245,268.4451,215.1998,186.8179,216.9061,264.0139,284.2130,192.6605,266.7496,258.9770,187.4609,247.8406,240.5976,251.5813,260.5702,265.1335,174.1502,268.8758,300.4265,206.0739,234.9322,200.3943,172.3866,201.9651,239.2276,233.7857,154.0406,258.5502,222.8490,224.0064,254.8725,220.0401,301.0067,177.9254,148.0809,201.8292,180.7182,213.7926,186.6120,187.8840,323.3418,174.9357,241.5221,280.5202,209.1284,346.9362,404.3550,269.1540,254.9655,228.8843,218.7603,222.6120,240.6109,247.0014,244.6295,283.0736,300.9462,299.2648,200.6744,236.1710,273.1061,201.3673,232.1595,132.2019,204.1348,238.1357,251.3414,204.7492,205.0836,203.9576,211.7167,225.3133,232.6569,234.0508,225.6576
Tyramine-O-sulfate,Tyramine-O-sulfate,74.4488,70.7327,77.8118,64.2150,71.7863,81.1492,58.0441,81.5522,77.8872,46.6096,42.7513,63.0525,61.9810,77.1942,59.7790,53.1707,90.1667,71.8497,60.6979,61.6829,62.4639,94.5602,67.3017,72.1083,65.3083,46.5751,58.3396,54.4961,97.2893,70.0293,76.8121,67.0307,63.8432,96.8832,68.7853,95.2535,61.8554,71.4813,75.0555,71.7486,93.7232,66.4795,94.4320,56.4411,116.4545,85.5054,69.8156,80.0872,60.7908,65.3651,78.6028,80.3091,67.5012,90.3748,80.9900,59.3334,70.5714,66.7739,90.1191,84.3991,68.3403,67.3554,47.1653,78.3588,84.6583,54.3920,62.0106,67.6945,87.6628,59.2497,88.8501,64.5988,78.4408,88.1371,77.6084,77.9035,67.7614,55.4118,65.0900,70.0853,84.3306,92.6510,79.3389,77.4929,61.1680,68.6726,55.2350,85.7749,61.1199,56.6033,78.0980,81.8185,84.7143,79.2008,63.2503,66.5003,118.3094,89.6105,66.7634,68.0845,58.7125,86.8982,104.6729,72.7304,63.2166,77.7789,70.7904,56.8358,63.5210,55.2699,39.0378,44.6300,71.2697,75.8256,83.9714,1.8515,76.7307,72.9439,3.8921,88.0784,81.1045,80.9563,77.8898,55.3143,121.3037,71.1420,64.7073,69.3383,66.7891,49.4938,75.0464,57.9385,60.0430,72.9001
uracil,Uracil,1.4241,2.1620,2.0144,1.5004,1.3675,2.1830,2.2726,2.8864,2.1855,2.0568,3.0487,2.2723,2.3986,1.8904,1.1596,1.2239,1.9649,2.4324,1.7098,1.8846,1.4436,1.4581,1.9266,1.8810,2.1562,1.9929,1.0623,2.2642,2.2779,2.1625,1.9810,2.3807,2.4953,1.9427,2.8625,2.6932,2.6786,2.5366,2.0773,2.3538,1.8075,1.1339,2.3054,1.3827,1.8640,2.0076,1.3830,2.1948,1.5272,2.5648,1.5180,1.3019,1.6335,2.6166,2.9544,1.6323,1.5012,2.2540,2.6220,2.2660,5.0139,1.1793,1.5072,2.2571,1.8472,2.0077,2.5638,1.9732,2.6039,2.2822,2.8675,2.4381,2.3026,1.9270,2.1947,2.5881,1.9015,2.3048,2.9607,1.8974,2.1425,1.4559,2.2470,1.9090,1.8871,1.8827,3.2395,2.3951,1.9144,1.5007,1.8806,3.2858,2.5157,1.6636,2.2712,2.1779,1.3670,1.8270,1.7072,1.8528,1.5709,2.9622,3.5296,1.9679,4.1352,3.3214,2.0759,2.5431,1.6478,2.4913,3.3409,3.3558,1.2015,1.2237,1.4611,2.8950,3.0017,1.5912,2.0633,1.4324,1.8442,1.6488,2.1370,2.1248,1.9982,1.9958,2.0854,1.4627,2.1572,3.6331,1.5647,2.1295,1.7080,1.4609
Urea,Urea,67.8906,120.5303,116.8223,79.1018,104.1005,92.7057,125.2279,126.4156,114.2797,64.6318,74.7659,139.3111,76.9917,76.3402,58.3177,59.8778,119.1471,127.6638,91.8001,122.8985,111.3865,93.0389,99.8945,122.0985,96.5235,69.8213,156.9565,90.5782,113.5566,167.8223,141.1545,178.7411,230.3789,131.7714,108.1741,155.1879,157.5521,166.0078,95.7444,118.2827,112.2514,125.1741,82.3033,64.5767,113.6389,199.5677,145.2944,92.7125,72.6782,73.4064,84.8727,99.7802,115.4462,117.5880,90.2218,75.2429,216.5029,101.8387,121.5616,231.7943,108.2337,57.6352,78.2434,169.0377,139.8676,96.1729,71.4241,96.5291,119.2442,139.3600,155.5881,205.6766,125.1702,157.9308,160.8058,106.4859,99.8877,98.5687,137.9881,115.9597,138.6029,86.9475,216.4436,165.3987,103.0731,62.7894,104.8331,109.0659,81.7767,122.4545,199.1959,103.4386,82.9705,70.6954,79.7594,90.3649,98.0982,86.7087,55.7678,163.6927,73.4400,88.0954,157.2984,95.0611,100.2528,78.5486,71.2903,88.8461,162.7624,74.7616,74.4218,74.0427,167.5545,100.6583,111.4907,122.4874,89.7929,117.9767,83.5506,185.0967,110.5510,123.4513,80.6880,103.9698,48.1754,82.2622,111.3267,78.3247,125.0884,59.2639,102.0074,75.3984,76.1826,66.4527
uric acid,Uric acid,151.4303,236.0143,292.2684,213.1600,190.2802,191.2951,303.7318,321.8036,266.2503,191.1304,225.2259,174.2420,188.4456,246.0171,196.5048,190.8952,212.4276,250.3502,206.8084,257.3808,183.2856,171.4497,153.9458,226.4456,243.6510,159.1853,89.1033,209.4817,129.9275,154.2549,169.1906,186.8756,150.2609,166.2545,232.3947,162.9258,205.8047,181.7729,313.0692,232.3186,153.8275,135.9442,199.6777,210.1835,128.0826,207.7593,259.0540,287.3911,150.0545,272.3727,256.0131,262.0134,235.7690,230.5225,167.4124,124.2827,194.2040,253.8053,227.8271,204.8813,231.9441,175.8819,140.5856,164.4722,215.8969,137.5817,154.8993,207.8143,305.6580,124.1053,250.2679,84.9073,211.3340,177.3795,262.5523,292.3828,221.2739,180.8308,218.9000,192.3979,317.4551,180.1755,251.2708,219.5472,193.8869,232.2192,154.9565,217.0961,188.7752,232.4716,198.2961,270.0349,299.2511,228.8571,247.0862,311.1033,92.4131,188.8455,179.7399,237.3721,186.5835,138.5900,147.5206,290.6483,179.2038,254.6187,274.4213,280.4078,207.6718,216.2154,132.5889,146.6595,198.0204,214.5162,209.3122,214.3434,242.4846,229.1533,191.0916,199.0911,320.7178,288.9196,252.1340,236.5058,167.5452,192.4821,205.6028,338.3304,319.2876,167.8458,226.0097,165.6569,201.2786,232.2437
Valine,Valine,16.0272,17.1136,17.8413,10.6689,14.1645,17.0251,11.1485,7.4904,12.0442,11.2705,14.4168,11.9002,15.5283,14.5928,15.1762,11.2820,13.6163,13.0642,22.9223,12.1256,12.7531,11.8792,13.8093,14.5680,17.9361,13.8775,14.4548,13.4399,18.2062,15.1066,17.9386,11.5091,15.4663,16.3192,17.0105,10.2047,12.5599,19.4475,16.0106,13.0622,20.6330,14.8887,12.8585,14.0648,17.8291,15.6647,12.0976,13.6959,12.3782,15.8155,11.1701,18.3444,13.3611,11.0288,11.6280,11.8717,12.1363,11.4932,21.1257,15.0898,12.8459,19.5259,10.8801,14.6170,18.6631,17.9784,13.1166,15.1143,15.1266,10.4930,17.9809,18.2116,15.5820,14.2680,15.8199,18.6897,16.2429,20.9823,15.1036,14.7769,17.8110,13.5502,9.7716,21.0463,12.3414,14.4152,16.9826,16.9913,8.7011,20.4482,15.1855,14.9833,15.0330,16.3581,9.5055,11.8969,14.5353,15.2169,9.5028,17.0591,11.2705,8.4884,9.2862,17.9603,14.8141,20.7609,20.2781,14.5933,18.0558,13.7021,14.3499,16.6010,14.9842,18.6960,15.5372,18.5753,16.8676,20.1046,19.4027,16.5542,21.8327,22.8649,21.5006,18.5596,21.0689,23.3827,18.9914,19.7300,16.5641,15.7374,19.6589,20.6296,14.2265,19.0555
