dataset,pathway_id,pathway_name,mask_rate,trial,method,n_pathway_metabolites,n_observed,n_masked,oracle_metabolite,predicted_metabolite,oracle_gain,predicted_gain,regret,normalized_regret,is_top1,is_top3,is_top5
ST000356,hsa00330,Arginine and Proline Metabolism,0.2,1,imputation,7,5,2,Citrulline,Citrulline,10.12949291169622,10.12949291169622,0.0,0.0,1,1,1
ST000356,hsa00330,Arginine and Proline Metabolism,0.2,2,imputation,7,5,2,Ornithine,Ornithine,1.1950212559690272,1.1950212559690272,0.0,0.0,1,1,1
ST000356,hsa00330,Arginine and Proline Metabolism,0.2,3,imputation,7,5,2,Citrulline,Citrulline,10.12949291169622,10.12949291169622,0.0,0.0,1,1,1
ST000356,hsa00330,Arginine and Proline Metabolism,0.2,4,imputation,7,5,2,4-hydroxy-proline,4-hydroxy-proline,5.189539559200987,5.189539559200987,0.0,0.0,1,1,1
ST000356,hsa00330,Arginine and Proline Metabolism,0.2,5,imputation,7,5,2,Citrulline,Citrulline,10.12949291169622,10.12949291169622,0.0,0.0,1,1,1
ST000356,hsa00330,Arginine and Proline Metabolism,0.2,6,imputation,7,5,2,Citrulline,Citrulline,10.12949291169622,10.12949291169622,0.0,0.0,1,1,1
ST000356,hsa00330,Arginine and Proline Metabolism,0.2,7,imputation,7,5,2,Citrulline,Citrulline,10.12949291169622,10.12949291169622,0.0,0.0,1,1,1
ST000356,hsa00330,Arginine and Proline Metabolism,0.2,8,imputation,7,5,2,Citrulline,Citrulline,10.12949291169622,10.12949291169622,0.0,0.0,1,1,1
ST000356,hsa00330,Arginine and Proline Metabolism,0.2,9,imputation,7,5,2,Arginine,Arginine,2.533868371002132,2.533868371002132,0.0,0.0,1,1,1
ST000356,hsa00330,Arginine and Proline Metabolism,0.2,10,imputation,7,5,2,Citrulline,Citrulline,10.12949291169622,10.12949291169622,0.0,0.0,1,1,1
ST000356,hsa00330,Arginine and Proline Metabolism,0.2,11,imputation,7,5,2,Arginine,Arginine,2.533868371002132,2.533868371002132,0.0,0.0,1,1,1
ST000356,hsa00330,Arginine and Proline Metabolism,0.2,12,imputation,7,5,2,Arginine,Arginine,2.533868371002132,2.533868371002132,0.0,0.0,1,1,1
ST000356,hsa00330,Arginine and Proline Metabolism,0.2,13,imputation,7,5,2,4-hydroxy-proline,4-hydroxy-proline,5.189539559200987,5.189539559200987,0.0,0.0,1,1,1
ST000356,hsa00330,Arginine and Proline Metabolism,0.2,14,imputation,7,5,2,creatinine,creatinine,83.99139224984401,83.99139224984401,0.0,0.0,1,1,1
ST000356,hsa00330,Arginine and Proline Metabolism,0.2,15,imputation,7,5,2,Citrulline,Citrulline,10.12949291169622,10.12949291169622,0.0,0.0,1,1,1
ST000356,hsa00330,Arginine and Proline Metabolism,0.2,16,imputation,7,5,2,Arginine,Arginine,2.533868371002132,2.533868371002132,0.0,0.0,1,1,1
ST000356,hsa00330,Arginine and Proline Metabolism,0.2,17,imputation,7,5,2,4-hydroxy-proline,4-hydroxy-proline,5.189539559200987,5.189539559200987,0.0,0.0,1,1,1
ST000356,hsa00330,Arginine and Proline Metabolism,0.2,18,imputation,7,5,2,creatinine,creatinine,83.99139224984401,83.99139224984401,0.0,0.0,1,1,1
ST000356,hsa00330,Arginine and Proline Metabolism,0.2,19,imputation,7,5,2,Arginine,Arginine,2.533868371002132,2.533868371002132,0.0,0.0,1,1,1
ST000356,hsa00330,Arginine and Proline Metabolism,0.2,20,imputation,7,5,2,Arginine,Arginine,2.533868371002132,2.533868371002132,0.0,0.0,1,1,1
ST000356,hsa00330,Arginine and Proline Metabolism,0.2,21,imputation,7,5,2,creatinine,creatinine,83.99139224984401,83.99139224984401,0.0,0.0,1,1,1
ST000356,hsa00330,Arginine and Proline Metabolism,0.2,22,imputation,7,5,2,4-hydroxy-proline,4-hydroxy-proline,5.189539559200987,5.189539559200987,0.0,0.0,1,1,1
ST000356,hsa00330,Arginine and Proline Metabolism,0.2,23,imputation,7,5,2,Citrulline,Citrulline,10.12949291169622,10.12949291169622,0.0,0.0,1,1,1
ST000356,hsa00330,Arginine and Proline Metabolism,0.2,24,imputation,7,5,2,Citrulline,Citrulline,10.12949291169622,10.12949291169622,0.0,0.0,1,1,1
ST000356,hsa00330,Arginine and Proline Metabolism,0.2,25,imputation,7,5,2,creatinine,creatinine,83.99139224984401,83.99139224984401,0.0,0.0,1,1,1
ST000356,hsa00330,Arginine and Proline Metabolism,0.2,26,imputation,7,5,2,Urea,Urea,1505.5859471035865,1505.5859471035865,0.0,0.0,1,1,1
ST000356,hsa00330,Arginine and Proline Metabolism,0.2,27,imputation,7,5,2,Urea,Urea,1505.5859471035865,1505.5859471035865,0.0,0.0,1,1,1
ST000356,hsa00330,Arginine and Proline Metabolism,0.2,28,imputation,7,5,2,Citrulline,Citrulline,10.12949291169622,10.12949291169622,0.0,0.0,1,1,1
ST000356,hsa00330,Arginine and Proline Metabolism,0.2,29,imputation,7,5,2,Citrulline,Citrulline,10.12949291169622,10.12949291169622,0.0,0.0,1,1,1
ST000356,hsa00330,Arginine and Proline Metabolism,0.2,30,imputation,7,5,2,4-hydroxy-proline,4-hydroxy-proline,5.189539559200987,5.189539559200987,0.0,0.0,1,1,1
ST000356,hsa00330,Arginine and Proline Metabolism,0.2,31,imputation,7,5,2,Citrulline,Citrulline,10.12949291169622,10.12949291169622,0.0,0.0,1,1,1
ST000356,hsa00330,Arginine and Proline Metabolism,0.2,32,imputation,7,5,2,creatinine,creatinine,83.99139224984401,83.99139224984401,0.0,0.0,1,1,1
ST000356,hsa00330,Arginine and Proline Metabolism,0.2,33,imputation,7,5,2,Ornithine,Ornithine,1.1950212559690272,1.1950212559690272,0.0,0.0,1,1,1
ST000356,hsa00330,Arginine and Proline Metabolism,0.2,34,imputation,7,5,2,Citrulline,Citrulline,10.12949291169622,10.12949291169622,0.0,0.0,1,1,1
ST000356,hsa00330,Arginine and Proline Metabolism,0.2,35,imputation,7,5,2,creatinine,creatinine,83.99139224984401,83.99139224984401,0.0,0.0,1,1,1
ST000356,hsa00330,Arginine and Proline Metabolism,0.2,36,imputation,7,5,2,creatinine,creatinine,83.99139224984401,83.99139224984401,0.0,0.0,1,1,1
ST000356,hsa00330,Arginine and Proline Metabolism,0.2,37,imputation,7,5,2,Arginine,Arginine,2.533868371002132,2.533868371002132,0.0,0.0,1,1,1
ST000356,hsa00330,Arginine and Proline Metabolism,0.2,38,imputation,7,5,2,Citrulline,Citrulline,10.12949291169622,10.12949291169622,0.0,0.0,1,1,1
ST000356,hsa00330,Arginine and Proline Metabolism,0.2,39,imputation,7,5,2,Ornithine,Ornithine,1.1950212559690272,1.1950212559690272,0.0,0.0,1,1,1
ST000356,hsa00330,Arginine and Proline Metabolism,0.2,40,imputation,7,5,2,Arginine,Arginine,2.533868371002132,2.533868371002132,0.0,0.0,1,1,1
ST000356,hsa00330,Arginine and Proline Metabolism,0.2,41,imputation,7,5,2,creatinine,creatinine,83.99139224984401,83.99139224984401,0.0,0.0,1,1,1
ST000356,hsa00330,Arginine and Proline Metabolism,0.2,42,imputation,7,5,2,Urea,Urea,1505.5859471035865,1505.5859471035865,0.0,0.0,1,1,1
ST000356,hsa00330,Arginine and Proline Metabolism,0.2,43,imputation,7,5,2,Urea,Urea,1505.5859471035865,1505.5859471035865,0.0,0.0,1,1,1
ST000356,hsa00330,Arginine and Proline Metabolism,0.2,44,imputation,7,5,2,creatinine,creatinine,83.99139224984401,83.99139224984401,0.0,0.0,1,1,1
ST000356,hsa00330,Arginine and Proline Metabolism,0.2,45,imputation,7,5,2,Urea,Urea,1505.5859471035865,1505.5859471035865,0.0,0.0,1,1,1
ST000356,hsa00330,Arginine and Proline Metabolism,0.2,46,imputation,7,5,2,Arginine,Arginine,2.533868371002132,2.533868371002132,0.0,0.0,1,1,1
ST000356,hsa00330,Arginine and Proline Metabolism,0.2,47,imputation,7,5,2,4-hydroxy-proline,4-hydroxy-proline,5.189539559200987,5.189539559200987,0.0,0.0,1,1,1
ST000356,hsa00330,Arginine and Proline Metabolism,0.2,48,imputation,7,5,2,Urea,Urea,1505.5859471035865,1505.5859471035865,0.0,0.0,1,1,1
ST000356,hsa00330,Arginine and Proline Metabolism,0.2,49,imputation,7,5,2,4-hydroxy-proline,4-hydroxy-proline,5.189539559200987,5.189539559200987,0.0,0.0,1,1,1
ST000356,hsa00330,Arginine and Proline Metabolism,0.2,50,imputation,7,5,2,Ornithine,Ornithine,1.1950212559690272,1.1950212559690272,0.0,0.0,1,1,1
ST000356,hsa00330,Arginine and Proline Metabolism,0.2,51,imputation,7,5,2,creatinine,creatinine,83.99139224984401,83.99139224984401,0.0,0.0,1,1,1
ST000356,hsa00330,Arginine and Proline Metabolism,0.2,52,imputation,7,5,2,Arginine,Arginine,2.533868371002132,2.533868371002132,0.0,0.0,1,1,1
ST000356,hsa00330,Arginine and Proline Metabolism,0.2,53,imputation,7,5,2,creatinine,creatinine,83.99139224984401,83.99139224984401,0.0,0.0,1,1,1
ST000356,hsa00330,Arginine and Proline Metabolism,0.2,54,imputation,7,5,2,creatinine,creatinine,83.99139224984401,83.99139224984401,0.0,0.0,1,1,1
ST000356,hsa00330,Arginine and Proline Metabolism,0.2,55,imputation,7,5,2,Arginine,Arginine,2.533868371002132,2.533868371002132,0.0,0.0,1,1,1
ST000356,hsa00330,Arginine and Proline Metabolism,0.2,56,imputation,7,5,2,Citrulline,Citrulline,10.12949291169622,10.12949291169622,0.0,0.0,1,1,1
ST000356,hsa00330,Arginine and Proline Metabolism,0.2,57,imputation,7,5,2,creatinine,creatinine,83.99139224984401,83.99139224984401,0.0,0.0,1,1,1
ST000356,hsa00330,Arginine and Proline Metabolism,0.2,58,imputation,7,5,2,Arginine,Arginine,2.533868371002132,2.533868371002132,0.0,0.0,1,1,1
ST000356,hsa00330,Arginine and Proline Metabolism,0.2,59,imputation,7,5,2,Arginine,Arginine,2.533868371002132,2.533868371002132,0.0,0.0,1,1,1
ST000356,hsa00330,Arginine and Proline Metabolism,0.2,60,imputation,7,5,2,Urea,Urea,1505.5859471035865,1505.5859471035865,0.0,0.0,1,1,1
ST000356,hsa00330,Arginine and Proline Metabolism,0.2,61,imputation,7,5,2,Urea,Urea,1505.5859471035865,1505.5859471035865,0.0,0.0,1,1,1
ST000356,hsa00330,Arginine and Proline Metabolism,0.2,62,imputation,7,5,2,4-hydroxy-proline,4-hydroxy-proline,5.189539559200987,5.189539559200987,0.0,0.0,1,1,1
ST000356,hsa00330,Arginine and Proline Metabolism,0.2,63,imputation,7,5,2,Citrulline,Citrulline,10.12949291169622,10.12949291169622,0.0,0.0,1,1,1
ST000356,hsa00330,Arginine and Proline Metabolism,0.2,64,imputation,7,5,2,Urea,Urea,1505.5859471035865,1505.5859471035865,0.0,0.0,1,1,1
ST000356,hsa00330,Arginine and Proline Metabolism,0.2,65,imputation,7,5,2,Arginine,Arginine,2.533868371002132,2.533868371002132,0.0,0.0,1,1,1
ST000356,hsa00330,Arginine and Proline Metabolism,0.2,66,imputation,7,5,2,Urea,Urea,1505.5859471035865,1505.5859471035865,0.0,0.0,1,1,1
ST000356,hsa00330,Arginine and Proline Metabolism,0.2,67,imputation,7,5,2,Citrulline,Citrulline,10.12949291169622,10.12949291169622,0.0,0.0,1,1,1
ST000356,hsa00330,Arginine and Proline Metabolism,0.2,68,imputation,7,5,2,Ornithine,Ornithine,1.1950212559690272,1.1950212559690272,0.0,0.0,1,1,1
ST000356,hsa00330,Arginine and Proline Metabolism,0.2,69,imputation,7,5,2,creatinine,creatinine,83.99139224984401,83.99139224984401,0.0,0.0,1,1,1
ST000356,hsa00330,Arginine and Proline Metabolism,0.2,70,imputation,7,5,2,Urea,Urea,1505.5859471035865,1505.5859471035865,0.0,0.0,1,1,1
ST000356,hsa00330,Arginine and Proline Metabolism,0.2,71,imputation,7,5,2,Urea,Urea,1505.5859471035865,1505.5859471035865,0.0,0.0,1,1,1
ST000356,hsa00330,Arginine and Proline Metabolism,0.2,72,imputation,7,5,2,Arginine,Arginine,2.533868371002132,2.533868371002132,0.0,0.0,1,1,1
ST000356,hsa00330,Arginine and Proline Metabolism,0.2,73,imputation,7,5,2,Citrulline,Citrulline,10.12949291169622,10.12949291169622,0.0,0.0,1,1,1
ST000356,hsa00330,Arginine and Proline Metabolism,0.2,74,imputation,7,5,2,Urea,Urea,1505.5859471035865,1505.5859471035865,0.0,0.0,1,1,1
ST000356,hsa00330,Arginine and Proline Metabolism,0.2,75,imputation,7,5,2,creatinine,creatinine,83.99139224984401,83.99139224984401,0.0,0.0,1,1,1
ST000356,hsa00330,Arginine and Proline Metabolism,0.2,76,imputation,7,5,2,Urea,Urea,1505.5859471035865,1505.5859471035865,0.0,0.0,1,1,1
ST000356,hsa00330,Arginine and Proline Metabolism,0.2,77,imputation,7,5,2,Citrulline,Citrulline,10.12949291169622,10.12949291169622,0.0,0.0,1,1,1
ST000356,hsa00330,Arginine and Proline Metabolism,0.2,78,imputation,7,5,2,Arginine,Arginine,2.533868371002132,2.533868371002132,0.0,0.0,1,1,1
ST000356,hsa00330,Arginine and Proline Metabolism,0.2,79,imputation,7,5,2,4-hydroxy-proline,4-hydroxy-proline,5.189539559200987,5.189539559200987,0.0,0.0,1,1,1
ST000356,hsa00330,Arginine and Proline Metabolism,0.2,80,imputation,7,5,2,Arginine,Arginine,2.533868371002132,2.533868371002132,0.0,0.0,1,1,1
ST000356,hsa00330,Arginine and Proline Metabolism,0.2,81,imputation,7,5,2,Citrulline,Citrulline,10.12949291169622,10.12949291169622,0.0,0.0,1,1,1
ST000356,hsa00330,Arginine and Proline Metabolism,0.2,82,imputation,7,5,2,Citrulline,Citrulline,10.12949291169622,10.12949291169622,0.0,0.0,1,1,1
ST000356,hsa00330,Arginine and Proline Metabolism,0.2,83,imputation,7,5,2,creatinine,creatinine,83.99139224984401,83.99139224984401,0.0,0.0,1,1,1
ST000356,hsa00330,Arginine and Proline Metabolism,0.2,84,imputation,7,5,2,4-hydroxy-proline,4-hydroxy-proline,5.189539559200987,5.189539559200987,0.0,0.0,1,1,1
ST000356,hsa00330,Arginine and Proline Metabolism,0.2,85,imputation,7,5,2,4-hydroxy-proline,4-hydroxy-proline,5.189539559200987,5.189539559200987,0.0,0.0,1,1,1
ST000356,hsa00330,Arginine and Proline Metabolism,0.2,86,imputation,7,5,2,creatinine,creatinine,83.99139224984401,83.99139224984401,0.0,0.0,1,1,1
ST000356,hsa00330,Arginine and Proline Metabolism,0.2,87,imputation,7,5,2,creatinine,creatinine,83.99139224984401,83.99139224984401,0.0,0.0,1,1,1
ST000356,hsa00330,Arginine and Proline Metabolism,0.2,88,imputation,7,5,2,Ornithine,Ornithine,1.1950212559690272,1.1950212559690272,0.0,0.0,1,1,1
ST000356,hsa00330,Arginine and Proline Metabolism,0.2,89,imputation,7,5,2,creatinine,creatinine,83.99139224984401,83.99139224984401,0.0,0.0,1,1,1
ST000356,hsa00330,Arginine and Proline Metabolism,0.2,90,imputation,7,5,2,Arginine,Arginine,2.533868371002132,2.533868371002132,0.0,0.0,1,1,1
ST000356,hsa00330,Arginine and Proline Metabolism,0.2,91,imputation,7,5,2,Citrulline,Citrulline,10.12949291169622,10.12949291169622,0.0,0.0,1,1,1
ST000356,hsa00330,Arginine and Proline Metabolism,0.2,92,imputation,7,5,2,Ornithine,Ornithine,1.1950212559690272,1.1950212559690272,0.0,0.0,1,1,1
ST000356,hsa00330,Arginine and Proline Metabolism,0.2,93,imputation,7,5,2,Urea,Urea,1505.5859471035865,1505.5859471035865,0.0,0.0,1,1,1
ST000356,hsa00330,Arginine and Proline Metabolism,0.2,94,imputation,7,5,2,Ornithine,Ornithine,1.1950212559690272,1.1950212559690272,0.0,0.0,1,1,1
ST000356,hsa00330,Arginine and Proline Metabolism,0.2,95,imputation,7,5,2,4-hydroxy-proline,4-hydroxy-proline,5.189539559200987,5.189539559200987,0.0,0.0,1,1,1
ST000356,hsa00330,Arginine and Proline Metabolism,0.2,96,imputation,7,5,2,Arginine,Arginine,2.533868371002132,2.533868371002132,0.0,0.0,1,1,1
ST000356,hsa00330,Arginine and Proline Metabolism,0.2,97,imputation,7,5,2,Urea,Urea,1505.5859471035865,1505.5859471035865,0.0,0.0,1,1,1
ST000356,hsa00330,Arginine and Proline Metabolism,0.2,98,imputation,7,5,2,creatinine,creatinine,83.99139224984401,83.99139224984401,0.0,0.0,1,1,1
ST000356,hsa00330,Arginine and Proline Metabolism,0.2,99,imputation,7,5,2,4-hydroxy-proline,4-hydroxy-proline,5.189539559200987,5.189539559200987,0.0,0.0,1,1,1
ST000356,hsa00330,Arginine and Proline Metabolism,0.2,100,imputation,7,5,2,Urea,Urea,1505.5859471035865,1505.5859471035865,0.0,0.0,1,1,1
ST000356,hsa00330,Arginine and Proline Metabolism,0.3,1,imputation,7,4,3,Citrulline,Citrulline,10.12949291169622,10.12949291169622,0.0,0.0,1,1,1
ST000356,hsa00330,Arginine and Proline Metabolism,0.3,2,imputation,7,4,3,Urea,Urea,1505.5859471035865,1505.5859471035865,0.0,0.0,1,1,1
ST000356,hsa00330,Arginine and Proline Metabolism,0.3,3,imputation,7,4,3,Urea,Urea,1505.5859471035865,1505.5859471035865,0.0,0.0,1,1,1
ST000356,hsa00330,Arginine and Proline Metabolism,0.3,4,imputation,7,4,3,creatinine,creatinine,83.99139224984401,83.99139224984401,0.0,0.0,1,1,1
ST000356,hsa00330,Arginine and Proline Metabolism,0.3,5,imputation,7,4,3,Citrulline,Citrulline,10.12949291169622,10.12949291169622,0.0,0.0,1,1,1
ST000356,hsa00330,Arginine and Proline Metabolism,0.3,6,imputation,7,4,3,Citrulline,Citrulline,10.12949291169622,10.12949291169622,0.0,0.0,1,1,1
ST000356,hsa00330,Arginine and Proline Metabolism,0.3,7,imputation,7,4,3,Citrulline,Citrulline,10.12949291169622,10.12949291169622,0.0,0.0,1,1,1
ST000356,hsa00330,Arginine and Proline Metabolism,0.3,8,imputation,7,4,3,Urea,Urea,1505.5859471035865,1505.5859471035865,0.0,0.0,1,1,1
ST000356,hsa00330,Arginine and Proline Metabolism,0.3,9,imputation,7,4,3,Urea,Urea,1505.5859471035865,1505.5859471035865,0.0,0.0,1,1,1
ST000356,hsa00330,Arginine and Proline Metabolism,0.3,10,imputation,7,4,3,Citrulline,Citrulline,10.12949291169622,10.12949291169622,0.0,0.0,1,1,1
ST000356,hsa00330,Arginine and Proline Metabolism,0.3,11,imputation,7,4,3,Arginine,Arginine,2.533868371002132,2.533868371002132,0.0,0.0,1,1,1
ST000356,hsa00330,Arginine and Proline Metabolism,0.3,12,imputation,7,4,3,Arginine,Arginine,2.533868371002132,2.533868371002132,0.0,0.0,1,1,1
ST000356,hsa00330,Arginine and Proline Metabolism,0.3,13,imputation,7,4,3,Urea,Urea,1505.5859471035865,1505.5859471035865,0.0,0.0,1,1,1
ST000356,hsa00330,Arginine and Proline Metabolism,0.3,14,imputation,7,4,3,creatinine,creatinine,83.99139224984401,83.99139224984401,0.0,0.0,1,1,1
ST000356,hsa00330,Arginine and Proline Metabolism,0.3,15,imputation,7,4,3,Citrulline,Citrulline,10.12949291169622,10.12949291169622,0.0,0.0,1,1,1
ST000356,hsa00330,Arginine and Proline Metabolism,0.3,16,imputation,7,4,3,Urea,Urea,1505.5859471035865,1505.5859471035865,0.0,0.0,1,1,1
ST000356,hsa00330,Arginine and Proline Metabolism,0.3,17,imputation,7,4,3,4-hydroxy-proline,4-hydroxy-proline,5.189539559200987,5.189539559200987,0.0,0.0,1,1,1
ST000356,hsa00330,Arginine and Proline Metabolism,0.3,18,imputation,7,4,3,creatinine,creatinine,83.99139224984401,83.99139224984401,0.0,0.0,1,1,1
ST000356,hsa00330,Arginine and Proline Metabolism,0.3,19,imputation,7,4,3,Arginine,Arginine,2.533868371002132,2.533868371002132,0.0,0.0,1,1,1
ST000356,hsa00330,Arginine and Proline Metabolism,0.3,20,imputation,7,4,3,4-hydroxy-proline,4-hydroxy-proline,5.189539559200987,5.189539559200987,0.0,0.0,1,1,1
ST000356,hsa00330,Arginine and Proline Metabolism,0.3,21,imputation,7,4,3,creatinine,creatinine,83.99139224984401,83.99139224984401,0.0,0.0,1,1,1
ST000356,hsa00330,Arginine and Proline Metabolism,0.3,22,imputation,7,4,3,4-hydroxy-proline,4-hydroxy-proline,5.189539559200987,5.189539559200987,0.0,0.0,1,1,1
ST000356,hsa00330,Arginine and Proline Metabolism,0.3,23,imputation,7,4,3,Urea,Urea,1505.5859471035865,1505.5859471035865,0.0,0.0,1,1,1
ST000356,hsa00330,Arginine and Proline Metabolism,0.3,24,imputation,7,4,3,Citrulline,Citrulline,10.12949291169622,10.12949291169622,0.0,0.0,1,1,1
ST000356,hsa00330,Arginine and Proline Metabolism,0.3,25,imputation,7,4,3,creatinine,creatinine,83.99139224984401,83.99139224984401,0.0,0.0,1,1,1
ST000356,hsa00330,Arginine and Proline Metabolism,0.3,26,imputation,7,4,3,Urea,Urea,1505.5859471035865,1505.5859471035865,0.0,0.0,1,1,1
ST000356,hsa00330,Arginine and Proline Metabolism,0.3,27,imputation,7,4,3,Urea,Urea,1505.5859471035865,1505.5859471035865,0.0,0.0,1,1,1
ST000356,hsa00330,Arginine and Proline Metabolism,0.3,28,imputation,7,4,3,Citrulline,Citrulline,10.12949291169622,10.12949291169622,0.0,0.0,1,1,1
ST000356,hsa00330,Arginine and Proline Metabolism,0.3,29,imputation,7,4,3,Urea,Urea,1505.5859471035865,1505.5859471035865,0.0,0.0,1,1,1
ST000356,hsa00330,Arginine and Proline Metabolism,0.3,30,imputation,7,4,3,4-hydroxy-proline,4-hydroxy-proline,5.189539559200987,5.189539559200987,0.0,0.0,1,1,1
ST000356,hsa00330,Arginine and Proline Metabolism,0.3,31,imputation,7,4,3,Citrulline,Citrulline,10.12949291169622,10.12949291169622,0.0,0.0,1,1,1
ST000356,hsa00330,Arginine and Proline Metabolism,0.3,32,imputation,7,4,3,Urea,Urea,1505.5859471035865,1505.5859471035865,0.0,0.0,1,1,1
ST000356,hsa00330,Arginine and Proline Metabolism,0.3,33,imputation,7,4,3,creatinine,creatinine,83.99139224984401,83.99139224984401,0.0,0.0,1,1,1
ST000356,hsa00330,Arginine and Proline Metabolism,0.3,34,imputation,7,4,3,Urea,Urea,1505.5859471035865,1505.5859471035865,0.0,0.0,1,1,1
ST000356,hsa00330,Arginine and Proline Metabolism,0.3,35,imputation,7,4,3,Urea,Urea,1505.5859471035865,1505.5859471035865,0.0,0.0,1,1,1
ST000356,hsa00330,Arginine and Proline Metabolism,0.3,36,imputation,7,4,3,creatinine,creatinine,83.99139224984401,83.99139224984401,0.0,0.0,1,1,1
ST000356,hsa00330,Arginine and Proline Metabolism,0.3,37,imputation,7,4,3,Citrulline,Citrulline,10.12949291169622,10.12949291169622,0.0,0.0,1,1,1
ST000356,hsa00330,Arginine and Proline Metabolism,0.3,38,imputation,7,4,3,Citrulline,Citrulline,10.12949291169622,10.12949291169622,0.0,0.0,1,1,1
ST000356,hsa00330,Arginine and Proline Metabolism,0.3,39,imputation,7,4,3,Citrulline,Citrulline,10.12949291169622,10.12949291169622,0.0,0.0,1,1,1
ST000356,hsa00330,Arginine and Proline Metabolism,0.3,40,imputation,7,4,3,Arginine,Arginine,2.533868371002132,2.533868371002132,0.0,0.0,1,1,1
ST000356,hsa00330,Arginine and Proline Metabolism,0.3,41,imputation,7,4,3,creatinine,creatinine,83.99139224984401,83.99139224984401,0.0,0.0,1,1,1
ST000356,hsa00330,Arginine and Proline Metabolism,0.3,42,imputation,7,4,3,Urea,Urea,1505.5859471035865,1505.5859471035865,0.0,0.0,1,1,1
ST000356,hsa00330,Arginine and Proline Metabolism,0.3,43,imputation,7,4,3,Urea,Urea,1505.5859471035865,1505.5859471035865,0.0,0.0,1,1,1
ST000356,hsa00330,Arginine and Proline Metabolism,0.3,44,imputation,7,4,3,creatinine,creatinine,83.99139224984401,83.99139224984401,0.0,0.0,1,1,1
ST000356,hsa00330,Arginine and Proline Metabolism,0.3,45,imputation,7,4,3,Urea,Urea,1505.5859471035865,1505.5859471035865,0.0,0.0,1,1,1
ST000356,hsa00330,Arginine and Proline Metabolism,0.3,46,imputation,7,4,3,Citrulline,Citrulline,10.12949291169622,10.12949291169622,0.0,0.0,1,1,1
ST000356,hsa00330,Arginine and Proline Metabolism,0.3,47,imputation,7,4,3,Citrulline,Citrulline,10.12949291169622,10.12949291169622,0.0,0.0,1,1,1
ST000356,hsa00330,Arginine and Proline Metabolism,0.3,48,imputation,7,4,3,Urea,Urea,1505.5859471035865,1505.5859471035865,0.0,0.0,1,1,1
ST000356,hsa00330,Arginine and Proline Metabolism,0.3,49,imputation,7,4,3,4-hydroxy-proline,4-hydroxy-proline,5.189539559200987,5.189539559200987,0.0,0.0,1,1,1
ST000356,hsa00330,Arginine and Proline Metabolism,0.3,50,imputation,7,4,3,Urea,Urea,1505.5859471035865,1505.5859471035865,0.0,0.0,1,1,1
ST000356,hsa00330,Arginine and Proline Metabolism,0.3,51,imputation,7,4,3,creatinine,creatinine,83.99139224984401,83.99139224984401,0.0,0.0,1,1,1
ST000356,hsa00330,Arginine and Proline Metabolism,0.3,52,imputation,7,4,3,4-hydroxy-proline,4-hydroxy-proline,5.189539559200987,5.189539559200987,0.0,0.0,1,1,1
ST000356,hsa00330,Arginine and Proline Metabolism,0.3,53,imputation,7,4,3,Urea,Urea,1505.5859471035865,1505.5859471035865,0.0,0.0,1,1,1
ST000356,hsa00330,Arginine and Proline Metabolism,0.3,54,imputation,7,4,3,creatinine,creatinine,83.99139224984401,83.99139224984401,0.0,0.0,1,1,1
ST000356,hsa00330,Arginine and Proline Metabolism,0.3,55,imputation,7,4,3,Citrulline,Citrulline,10.12949291169622,10.12949291169622,0.0,0.0,1,1,1
ST000356,hsa00330,Arginine and Proline Metabolism,0.3,56,imputation,7,4,3,Citrulline,Citrulline,10.12949291169622,10.12949291169622,0.0,0.0,1,1,1
ST000356,hsa00330,Arginine and Proline Metabolism,0.3,57,imputation,7,4,3,creatinine,creatinine,83.99139224984401,83.99139224984401,0.0,0.0,1,1,1
ST000356,hsa00330,Arginine and Proline Metabolism,0.3,58,imputation,7,4,3,Urea,Urea,1505.5859471035865,1505.5859471035865,0.0,0.0,1,1,1
ST000356,hsa00330,Arginine and Proline Metabolism,0.3,59,imputation,7,4,3,creatinine,creatinine,83.99139224984401,83.99139224984401,0.0,0.0,1,1,1
ST000356,hsa00330,Arginine and Proline Metabolism,0.3,60,imputation,7,4,3,Urea,Urea,1505.5859471035865,1505.5859471035865,0.0,0.0,1,1,1
ST000356,hsa00330,Arginine and Proline Metabolism,0.3,61,imputation,7,4,3,Urea,Urea,1505.5859471035865,1505.5859471035865,0.0,0.0,1,1,1
ST000356,hsa00330,Arginine and Proline Metabolism,0.3,62,imputation,7,4,3,Urea,Urea,1505.5859471035865,1505.5859471035865,0.0,0.0,1,1,1
ST000356,hsa00330,Arginine and Proline Metabolism,0.3,63,imputation,7,4,3,creatinine,creatinine,83.99139224984401,83.99139224984401,0.0,0.0,1,1,1
ST000356,hsa00330,Arginine and Proline Metabolism,0.3,64,imputation,7,4,3,Urea,Urea,1505.5859471035865,1505.5859471035865,0.0,0.0,1,1,1
ST000356,hsa00330,Arginine and Proline Metabolism,0.3,65,imputation,7,4,3,Urea,Urea,1505.5859471035865,1505.5859471035865,0.0,0.0,1,1,1
ST000356,hsa00330,Arginine and Proline Metabolism,0.3,66,imputation,7,4,3,Urea,Urea,1505.5859471035865,1505.5859471035865,0.0,0.0,1,1,1
ST000356,hsa00330,Arginine and Proline Metabolism,0.3,67,imputation,7,4,3,Citrulline,Citrulline,10.12949291169622,10.12949291169622,0.0,0.0,1,1,1
ST000356,hsa00330,Arginine and Proline Metabolism,0.3,68,imputation,7,4,3,Arginine,Arginine,2.533868371002132,2.533868371002132,0.0,0.0,1,1,1
ST000356,hsa00330,Arginine and Proline Metabolism,0.3,69,imputation,7,4,3,creatinine,creatinine,83.99139224984401,83.99139224984401,0.0,0.0,1,1,1
ST000356,hsa00330,Arginine and Proline Metabolism,0.3,70,imputation,7,4,3,Urea,Urea,1505.5859471035865,1505.5859471035865,0.0,0.0,1,1,1
ST000356,hsa00330,Arginine and Proline Metabolism,0.3,71,imputation,7,4,3,Urea,Urea,1505.5859471035865,1505.5859471035865,0.0,0.0,1,1,1
ST000356,hsa00330,Arginine and Proline Metabolism,0.3,72,imputation,7,4,3,4-hydroxy-proline,4-hydroxy-proline,5.189539559200987,5.189539559200987,0.0,0.0,1,1,1
ST000356,hsa00330,Arginine and Proline Metabolism,0.3,73,imputation,7,4,3,Citrulline,Citrulline,10.12949291169622,10.12949291169622,0.0,0.0,1,1,1
ST000356,hsa00330,Arginine and Proline Metabolism,0.3,74,imputation,7,4,3,Urea,Urea,1505.5859471035865,1505.5859471035865,0.0,0.0,1,1,1
ST000356,hsa00330,Arginine and Proline Metabolism,0.3,75,imputation,7,4,3,Urea,Urea,1505.5859471035865,1505.5859471035865,0.0,0.0,1,1,1
ST000356,hsa00330,Arginine and Proline Metabolism,0.3,76,imputation,7,4,3,Urea,Urea,1505.5859471035865,1505.5859471035865,0.0,0.0,1,1,1
ST000356,hsa00330,Arginine and Proline Metabolism,0.3,77,imputation,7,4,3,Citrulline,Citrulline,10.12949291169622,10.12949291169622,0.0,0.0,1,1,1
ST000356,hsa00330,Arginine and Proline Metabolism,0.3,78,imputation,7,4,3,Urea,Urea,1505.5859471035865,1505.5859471035865,0.0,0.0,1,1,1
ST000356,hsa00330,Arginine and Proline Metabolism,0.3,79,imputation,7,4,3,4-hydroxy-proline,4-hydroxy-proline,5.189539559200987,5.189539559200987,0.0,0.0,1,1,1
ST000356,hsa00330,Arginine and Proline Metabolism,0.3,80,imputation,7,4,3,creatinine,creatinine,83.99139224984401,83.99139224984401,0.0,0.0,1,1,1
ST000356,hsa00330,Arginine and Proline Metabolism,0.3,81,imputation,7,4,3,creatinine,creatinine,83.99139224984401,83.99139224984401,0.0,0.0,1,1,1
ST000356,hsa00330,Arginine and Proline Metabolism,0.3,82,imputation,7,4,3,Citrulline,Citrulline,10.12949291169622,10.12949291169622,0.0,0.0,1,1,1
ST000356,hsa00330,Arginine and Proline Metabolism,0.3,83,imputation,7,4,3,creatinine,creatinine,83.99139224984401,83.99139224984401,0.0,0.0,1,1,1
ST000356,hsa00330,Arginine and Proline Metabolism,0.3,84,imputation,7,4,3,creatinine,creatinine,83.99139224984401,83.99139224984401,0.0,0.0,1,1,1
ST000356,hsa00330,Arginine and Proline Metabolism,0.3,85,imputation,7,4,3,Urea,Urea,1505.5859471035865,1505.5859471035865,0.0,0.0,1,1,1
ST000356,hsa00330,Arginine and Proline Metabolism,0.3,86,imputation,7,4,3,creatinine,creatinine,83.99139224984401,83.99139224984401,0.0,0.0,1,1,1
ST000356,hsa00330,Arginine and Proline Metabolism,0.3,87,imputation,7,4,3,creatinine,creatinine,83.99139224984401,83.99139224984401,0.0,0.0,1,1,1
ST000356,hsa00330,Arginine and Proline Metabolism,0.3,88,imputation,7,4,3,Citrulline,Citrulline,10.12949291169622,10.12949291169622,0.0,0.0,1,1,1
ST000356,hsa00330,Arginine and Proline Metabolism,0.3,89,imputation,7,4,3,creatinine,creatinine,83.99139224984401,83.99139224984401,0.0,0.0,1,1,1
ST000356,hsa00330,Arginine and Proline Metabolism,0.3,90,imputation,7,4,3,creatinine,creatinine,83.99139224984401,83.99139224984401,0.0,0.0,1,1,1
ST000356,hsa00330,Arginine and Proline Metabolism,0.3,91,imputation,7,4,3,creatinine,creatinine,83.99139224984401,83.99139224984401,0.0,0.0,1,1,1
ST000356,hsa00330,Arginine and Proline Metabolism,0.3,92,imputation,7,4,3,Arginine,Arginine,2.533868371002132,2.533868371002132,0.0,0.0,1,1,1
ST000356,hsa00330,Arginine and Proline Metabolism,0.3,93,imputation,7,4,3,Urea,Urea,1505.5859471035865,1505.5859471035865,0.0,0.0,1,1,1
ST000356,hsa00330,Arginine and Proline Metabolism,0.3,94,imputation,7,4,3,creatinine,creatinine,83.99139224984401,83.99139224984401,0.0,0.0,1,1,1
ST000356,hsa00330,Arginine and Proline Metabolism,0.3,95,imputation,7,4,3,4-hydroxy-proline,4-hydroxy-proline,5.189539559200987,5.189539559200987,0.0,0.0,1,1,1
ST000356,hsa00330,Arginine and Proline Metabolism,0.3,96,imputation,7,4,3,Urea,Urea,1505.5859471035865,1505.5859471035865,0.0,0.0,1,1,1
ST000356,hsa00330,Arginine and Proline Metabolism,0.3,97,imputation,7,4,3,Urea,Urea,1505.5859471035865,1505.5859471035865,0.0,0.0,1,1,1
ST000356,hsa00330,Arginine and Proline Metabolism,0.3,98,imputation,7,4,3,Urea,Urea,1505.5859471035865,1505.5859471035865,0.0,0.0,1,1,1
ST000356,hsa00330,Arginine and Proline Metabolism,0.3,99,imputation,7,4,3,creatinine,creatinine,83.99139224984401,83.99139224984401,0.0,0.0,1,1,1
ST000356,hsa00330,Arginine and Proline Metabolism,0.3,100,imputation,7,4,3,Urea,Urea,1505.5859471035865,1505.5859471035865,0.0,0.0,1,1,1
ST000356,hsa00330,Arginine and Proline Metabolism,0.4,1,imputation,7,4,3,Citrulline,Citrulline,10.12949291169622,10.12949291169622,0.0,0.0,1,1,1
ST000356,hsa00330,Arginine and Proline Metabolism,0.4,2,imputation,7,4,3,Urea,Urea,1505.5859471035865,1505.5859471035865,0.0,0.0,1,1,1
ST000356,hsa00330,Arginine and Proline Metabolism,0.4,3,imputation,7,4,3,Urea,Urea,1505.5859471035865,1505.5859471035865,0.0,0.0,1,1,1
ST000356,hsa00330,Arginine and Proline Metabolism,0.4,4,imputation,7,4,3,creatinine,creatinine,83.99139224984401,83.99139224984401,0.0,0.0,1,1,1
ST000356,hsa00330,Arginine and Proline Metabolism,0.4,5,imputation,7,4,3,Citrulline,Citrulline,10.12949291169622,10.12949291169622,0.0,0.0,1,1,1
ST000356,hsa00330,Arginine and Proline Metabolism,0.4,6,imputation,7,4,3,Citrulline,Citrulline,10.12949291169622,10.12949291169622,0.0,0.0,1,1,1
ST000356,hsa00330,Arginine and Proline Metabolism,0.4,7,imputation,7,4,3,Citrulline,Citrulline,10.12949291169622,10.12949291169622,0.0,0.0,1,1,1
ST000356,hsa00330,Arginine and Proline Metabolism,0.4,8,imputation,7,4,3,Urea,Urea,1505.5859471035865,1505.5859471035865,0.0,0.0,1,1,1
ST000356,hsa00330,Arginine and Proline Metabolism,0.4,9,imputation,7,4,3,Urea,Urea,1505.5859471035865,1505.5859471035865,0.0,0.0,1,1,1
ST000356,hsa00330,Arginine and Proline Metabolism,0.4,10,imputation,7,4,3,Citrulline,Citrulline,10.12949291169622,10.12949291169622,0.0,0.0,1,1,1
ST000356,hsa00330,Arginine and Proline Metabolism,0.4,11,imputation,7,4,3,Arginine,Arginine,2.533868371002132,2.533868371002132,0.0,0.0,1,1,1
ST000356,hsa00330,Arginine and Proline Metabolism,0.4,12,imputation,7,4,3,Arginine,Arginine,2.533868371002132,2.533868371002132,0.0,0.0,1,1,1
ST000356,hsa00330,Arginine and Proline Metabolism,0.4,13,imputation,7,4,3,Urea,Urea,1505.5859471035865,1505.5859471035865,0.0,0.0,1,1,1
ST000356,hsa00330,Arginine and Proline Metabolism,0.4,14,imputation,7,4,3,creatinine,creatinine,83.99139224984401,83.99139224984401,0.0,0.0,1,1,1
ST000356,hsa00330,Arginine and Proline Metabolism,0.4,15,imputation,7,4,3,Citrulline,Citrulline,10.12949291169622,10.12949291169622,0.0,0.0,1,1,1
ST000356,hsa00330,Arginine and Proline Metabolism,0.4,16,imputation,7,4,3,Urea,Urea,1505.5859471035865,1505.5859471035865,0.0,0.0,1,1,1
ST000356,hsa00330,Arginine and Proline Metabolism,0.4,17,imputation,7,4,3,4-hydroxy-proline,4-hydroxy-proline,5.189539559200987,5.189539559200987,0.0,0.0,1,1,1
ST000356,hsa00330,Arginine and Proline Metabolism,0.4,18,imputation,7,4,3,creatinine,creatinine,83.99139224984401,83.99139224984401,0.0,0.0,1,1,1
ST000356,hsa00330,Arginine and Proline Metabolism,0.4,19,imputation,7,4,3,Arginine,Arginine,2.533868371002132,2.533868371002132,0.0,0.0,1,1,1
ST000356,hsa00330,Arginine and Proline Metabolism,0.4,20,imputation,7,4,3,4-hydroxy-proline,4-hydroxy-proline,5.189539559200987,5.189539559200987,0.0,0.0,1,1,1
ST000356,hsa00330,Arginine and Proline Metabolism,0.4,21,imputation,7,4,3,creatinine,creatinine,83.99139224984401,83.99139224984401,0.0,0.0,1,1,1
ST000356,hsa00330,Arginine and Proline Metabolism,0.4,22,imputation,7,4,3,4-hydroxy-proline,4-hydroxy-proline,5.189539559200987,5.189539559200987,0.0,0.0,1,1,1
ST000356,hsa00330,Arginine and Proline Metabolism,0.4,23,imputation,7,4,3,Urea,Urea,1505.5859471035865,1505.5859471035865,0.0,0.0,1,1,1
ST000356,hsa00330,Arginine and Proline Metabolism,0.4,24,imputation,7,4,3,Citrulline,Citrulline,10.12949291169622,10.12949291169622,0.0,0.0,1,1,1
ST000356,hsa00330,Arginine and Proline Metabolism,0.4,25,imputation,7,4,3,creatinine,creatinine,83.99139224984401,83.99139224984401,0.0,0.0,1,1,1
ST000356,hsa00330,Arginine and Proline Metabolism,0.4,26,imputation,7,4,3,Urea,Urea,1505.5859471035865,1505.5859471035865,0.0,0.0,1,1,1
ST000356,hsa00330,Arginine and Proline Metabolism,0.4,27,imputation,7,4,3,Urea,Urea,1505.5859471035865,1505.5859471035865,0.0,0.0,1,1,1
ST000356,hsa00330,Arginine and Proline Metabolism,0.4,28,imputation,7,4,3,Citrulline,Citrulline,10.12949291169622,10.12949291169622,0.0,0.0,1,1,1
ST000356,hsa00330,Arginine and Proline Metabolism,0.4,29,imputation,7,4,3,Urea,Urea,1505.5859471035865,1505.5859471035865,0.0,0.0,1,1,1
ST000356,hsa00330,Arginine and Proline Metabolism,0.4,30,imputation,7,4,3,4-hydroxy-proline,4-hydroxy-proline,5.189539559200987,5.189539559200987,0.0,0.0,1,1,1
ST000356,hsa00330,Arginine and Proline Metabolism,0.4,31,imputation,7,4,3,Citrulline,Citrulline,10.12949291169622,10.12949291169622,0.0,0.0,1,1,1
ST000356,hsa00330,Arginine and Proline Metabolism,0.4,32,imputation,7,4,3,Urea,Urea,1505.5859471035865,1505.5859471035865,0.0,0.0,1,1,1
ST000356,hsa00330,Arginine and Proline Metabolism,0.4,33,imputation,7,4,3,creatinine,creatinine,83.99139224984401,83.99139224984401,0.0,0.0,1,1,1
ST000356,hsa00330,Arginine and Proline Metabolism,0.4,34,imputation,7,4,3,Urea,Urea,1505.5859471035865,1505.5859471035865,0.0,0.0,1,1,1
ST000356,hsa00330,Arginine and Proline Metabolism,0.4,35,imputation,7,4,3,Urea,Urea,1505.5859471035865,1505.5859471035865,0.0,0.0,1,1,1
ST000356,hsa00330,Arginine and Proline Metabolism,0.4,36,imputation,7,4,3,creatinine,creatinine,83.99139224984401,83.99139224984401,0.0,0.0,1,1,1
ST000356,hsa00330,Arginine and Proline Metabolism,0.4,37,imputation,7,4,3,Citrulline,Citrulline,10.12949291169622,10.12949291169622,0.0,0.0,1,1,1
ST000356,hsa00330,Arginine and Proline Metabolism,0.4,38,imputation,7,4,3,Citrulline,Citrulline,10.12949291169622,10.12949291169622,0.0,0.0,1,1,1
ST000356,hsa00330,Arginine and Proline Metabolism,0.4,39,imputation,7,4,3,Citrulline,Citrulline,10.12949291169622,10.12949291169622,0.0,0.0,1,1,1
ST000356,hsa00330,Arginine and Proline Metabolism,0.4,40,imputation,7,4,3,Arginine,Arginine,2.533868371002132,2.533868371002132,0.0,0.0,1,1,1
ST000356,hsa00330,Arginine and Proline Metabolism,0.4,41,imputation,7,4,3,creatinine,creatinine,83.99139224984401,83.99139224984401,0.0,0.0,1,1,1
ST000356,hsa00330,Arginine and Proline Metabolism,0.4,42,imputation,7,4,3,Urea,Urea,1505.5859471035865,1505.5859471035865,0.0,0.0,1,1,1
ST000356,hsa00330,Arginine and Proline Metabolism,0.4,43,imputation,7,4,3,Urea,Urea,1505.5859471035865,1505.5859471035865,0.0,0.0,1,1,1
ST000356,hsa00330,Arginine and Proline Metabolism,0.4,44,imputation,7,4,3,creatinine,creatinine,83.99139224984401,83.99139224984401,0.0,0.0,1,1,1
ST000356,hsa00330,Arginine and Proline Metabolism,0.4,45,imputation,7,4,3,Urea,Urea,1505.5859471035865,1505.5859471035865,0.0,0.0,1,1,1
ST000356,hsa00330,Arginine and Proline Metabolism,0.4,46,imputation,7,4,3,Citrulline,Citrulline,10.12949291169622,10.12949291169622,0.0,0.0,1,1,1
ST000356,hsa00330,Arginine and Proline Metabolism,0.4,47,imputation,7,4,3,Citrulline,Citrulline,10.12949291169622,10.12949291169622,0.0,0.0,1,1,1
ST000356,hsa00330,Arginine and Proline Metabolism,0.4,48,imputation,7,4,3,Urea,Urea,1505.5859471035865,1505.5859471035865,0.0,0.0,1,1,1
ST000356,hsa00330,Arginine and Proline Metabolism,0.4,49,imputation,7,4,3,4-hydroxy-proline,4-hydroxy-proline,5.189539559200987,5.189539559200987,0.0,0.0,1,1,1
ST000356,hsa00330,Arginine and Proline Metabolism,0.4,50,imputation,7,4,3,Urea,Urea,1505.5859471035865,1505.5859471035865,0.0,0.0,1,1,1
ST000356,hsa00330,Arginine and Proline Metabolism,0.4,51,imputation,7,4,3,creatinine,creatinine,83.99139224984401,83.99139224984401,0.0,0.0,1,1,1
ST000356,hsa00330,Arginine and Proline Metabolism,0.4,52,imputation,7,4,3,4-hydroxy-proline,4-hydroxy-proline,5.189539559200987,5.189539559200987,0.0,0.0,1,1,1
ST000356,hsa00330,Arginine and Proline Metabolism,0.4,53,imputation,7,4,3,Urea,Urea,1505.5859471035865,1505.5859471035865,0.0,0.0,1,1,1
ST000356,hsa00330,Arginine and Proline Metabolism,0.4,54,imputation,7,4,3,creatinine,creatinine,83.99139224984401,83.99139224984401,0.0,0.0,1,1,1
ST000356,hsa00330,Arginine and Proline Metabolism,0.4,55,imputation,7,4,3,Citrulline,Citrulline,10.12949291169622,10.12949291169622,0.0,0.0,1,1,1
ST000356,hsa00330,Arginine and Proline Metabolism,0.4,56,imputation,7,4,3,Citrulline,Citrulline,10.12949291169622,10.12949291169622,0.0,0.0,1,1,1
ST000356,hsa00330,Arginine and Proline Metabolism,0.4,57,imputation,7,4,3,creatinine,creatinine,83.99139224984401,83.99139224984401,0.0,0.0,1,1,1
ST000356,hsa00330,Arginine and Proline Metabolism,0.4,58,imputation,7,4,3,Urea,Urea,1505.5859471035865,1505.5859471035865,0.0,0.0,1,1,1
ST000356,hsa00330,Arginine and Proline Metabolism,0.4,59,imputation,7,4,3,creatinine,creatinine,83.99139224984401,83.99139224984401,0.0,0.0,1,1,1
ST000356,hsa00330,Arginine and Proline Metabolism,0.4,60,imputation,7,4,3,Urea,Urea,1505.5859471035865,1505.5859471035865,0.0,0.0,1,1,1
ST000356,hsa00330,Arginine and Proline Metabolism,0.4,61,imputation,7,4,3,Urea,Urea,1505.5859471035865,1505.5859471035865,0.0,0.0,1,1,1
ST000356,hsa00330,Arginine and Proline Metabolism,0.4,62,imputation,7,4,3,Urea,Urea,1505.5859471035865,1505.5859471035865,0.0,0.0,1,1,1
ST000356,hsa00330,Arginine and Proline Metabolism,0.4,63,imputation,7,4,3,creatinine,creatinine,83.99139224984401,83.99139224984401,0.0,0.0,1,1,1
ST000356,hsa00330,Arginine and Proline Metabolism,0.4,64,imputation,7,4,3,Urea,Urea,1505.5859471035865,1505.5859471035865,0.0,0.0,1,1,1
ST000356,hsa00330,Arginine and Proline Metabolism,0.4,65,imputation,7,4,3,Urea,Urea,1505.5859471035865,1505.5859471035865,0.0,0.0,1,1,1
ST000356,hsa00330,Arginine and Proline Metabolism,0.4,66,imputation,7,4,3,Urea,Urea,1505.5859471035865,1505.5859471035865,0.0,0.0,1,1,1
ST000356,hsa00330,Arginine and Proline Metabolism,0.4,67,imputation,7,4,3,Citrulline,Citrulline,10.12949291169622,10.12949291169622,0.0,0.0,1,1,1
ST000356,hsa00330,Arginine and Proline Metabolism,0.4,68,imputation,7,4,3,Arginine,Arginine,2.533868371002132,2.533868371002132,0.0,0.0,1,1,1
ST000356,hsa00330,Arginine and Proline Metabolism,0.4,69,imputation,7,4,3,creatinine,creatinine,83.99139224984401,83.99139224984401,0.0,0.0,1,1,1
ST000356,hsa00330,Arginine and Proline Metabolism,0.4,70,imputation,7,4,3,Urea,Urea,1505.5859471035865,1505.5859471035865,0.0,0.0,1,1,1
ST000356,hsa00330,Arginine and Proline Metabolism,0.4,71,imputation,7,4,3,Urea,Urea,1505.5859471035865,1505.5859471035865,0.0,0.0,1,1,1
ST000356,hsa00330,Arginine and Proline Metabolism,0.4,72,imputation,7,4,3,4-hydroxy-proline,4-hydroxy-proline,5.189539559200987,5.189539559200987,0.0,0.0,1,1,1
ST000356,hsa00330,Arginine and Proline Metabolism,0.4,73,imputation,7,4,3,Citrulline,Citrulline,10.12949291169622,10.12949291169622,0.0,0.0,1,1,1
ST000356,hsa00330,Arginine and Proline Metabolism,0.4,74,imputation,7,4,3,Urea,Urea,1505.5859471035865,1505.5859471035865,0.0,0.0,1,1,1
ST000356,hsa00330,Arginine and Proline Metabolism,0.4,75,imputation,7,4,3,Urea,Urea,1505.5859471035865,1505.5859471035865,0.0,0.0,1,1,1
ST000356,hsa00330,Arginine and Proline Metabolism,0.4,76,imputation,7,4,3,Urea,Urea,1505.5859471035865,1505.5859471035865,0.0,0.0,1,1,1
ST000356,hsa00330,Arginine and Proline Metabolism,0.4,77,imputation,7,4,3,Citrulline,Citrulline,10.12949291169622,10.12949291169622,0.0,0.0,1,1,1
ST000356,hsa00330,Arginine and Proline Metabolism,0.4,78,imputation,7,4,3,Urea,Urea,1505.5859471035865,1505.5859471035865,0.0,0.0,1,1,1
ST000356,hsa00330,Arginine and Proline Metabolism,0.4,79,imputation,7,4,3,4-hydroxy-proline,4-hydroxy-proline,5.189539559200987,5.189539559200987,0.0,0.0,1,1,1
ST000356,hsa00330,Arginine and Proline Metabolism,0.4,80,imputation,7,4,3,creatinine,creatinine,83.99139224984401,83.99139224984401,0.0,0.0,1,1,1
ST000356,hsa00330,Arginine and Proline Metabolism,0.4,81,imputation,7,4,3,creatinine,creatinine,83.99139224984401,83.99139224984401,0.0,0.0,1,1,1
ST000356,hsa00330,Arginine and Proline Metabolism,0.4,82,imputation,7,4,3,Citrulline,Citrulline,10.12949291169622,10.12949291169622,0.0,0.0,1,1,1
ST000356,hsa00330,Arginine and Proline Metabolism,0.4,83,imputation,7,4,3,creatinine,creatinine,83.99139224984401,83.99139224984401,0.0,0.0,1,1,1
ST000356,hsa00330,Arginine and Proline Metabolism,0.4,84,imputation,7,4,3,creatinine,creatinine,83.99139224984401,83.99139224984401,0.0,0.0,1,1,1
ST000356,hsa00330,Arginine and Proline Metabolism,0.4,85,imputation,7,4,3,Urea,Urea,1505.5859471035865,1505.5859471035865,0.0,0.0,1,1,1
ST000356,hsa00330,Arginine and Proline Metabolism,0.4,86,imputation,7,4,3,creatinine,creatinine,83.99139224984401,83.99139224984401,0.0,0.0,1,1,1
ST000356,hsa00330,Arginine and Proline Metabolism,0.4,87,imputation,7,4,3,creatinine,creatinine,83.99139224984401,83.99139224984401,0.0,0.0,1,1,1
ST000356,hsa00330,Arginine and Proline Metabolism,0.4,88,imputation,7,4,3,Citrulline,Citrulline,10.12949291169622,10.12949291169622,0.0,0.0,1,1,1
ST000356,hsa00330,Arginine and Proline Metabolism,0.4,89,imputation,7,4,3,creatinine,creatinine,83.99139224984401,83.99139224984401,0.0,0.0,1,1,1
ST000356,hsa00330,Arginine and Proline Metabolism,0.4,90,imputation,7,4,3,creatinine,creatinine,83.99139224984401,83.99139224984401,0.0,0.0,1,1,1
ST000356,hsa00330,Arginine and Proline Metabolism,0.4,91,imputation,7,4,3,creatinine,creatinine,83.99139224984401,83.99139224984401,0.0,0.0,1,1,1
ST000356,hsa00330,Arginine and Proline Metabolism,0.4,92,imputation,7,4,3,Arginine,Arginine,2.533868371002132,2.533868371002132,0.0,0.0,1,1,1
ST000356,hsa00330,Arginine and Proline Metabolism,0.4,93,imputation,7,4,3,Urea,Urea,1505.5859471035865,1505.5859471035865,0.0,0.0,1,1,1
ST000356,hsa00330,Arginine and Proline Metabolism,0.4,94,imputation,7,4,3,creatinine,creatinine,83.99139224984401,83.99139224984401,0.0,0.0,1,1,1
ST000356,hsa00330,Arginine and Proline Metabolism,0.4,95,imputation,7,4,3,4-hydroxy-proline,4-hydroxy-proline,5.189539559200987,5.189539559200987,0.0,0.0,1,1,1
ST000356,hsa00330,Arginine and Proline Metabolism,0.4,96,imputation,7,4,3,Urea,Urea,1505.5859471035865,1505.5859471035865,0.0,0.0,1,1,1
ST000356,hsa00330,Arginine and Proline Metabolism,0.4,97,imputation,7,4,3,Urea,Urea,1505.5859471035865,1505.5859471035865,0.0,0.0,1,1,1
ST000356,hsa00330,Arginine and Proline Metabolism,0.4,98,imputation,7,4,3,Urea,Urea,1505.5859471035865,1505.5859471035865,0.0,0.0,1,1,1
ST000356,hsa00330,Arginine and Proline Metabolism,0.4,99,imputation,7,4,3,creatinine,creatinine,83.99139224984401,83.99139224984401,0.0,0.0,1,1,1
ST000356,hsa00330,Arginine and Proline Metabolism,0.4,100,imputation,7,4,3,Urea,Urea,1505.5859471035865,1505.5859471035865,0.0,0.0,1,1,1
ST000356,hsa00240,Pyrimidine Metabolism,0.2,1,imputation,6,4,2,Dihydrothymine,Dihydrothymine,97.86893336402704,97.86893336402704,0.0,0.0,1,1,1
ST000356,hsa00240,Pyrimidine Metabolism,0.2,2,imputation,6,4,2,Dihydrouracil,Dihydrouracil,0.9701428287913816,0.9701428287913816,0.0,0.0,1,1,1
ST000356,hsa00240,Pyrimidine Metabolism,0.2,3,imputation,6,4,2,Dihydrothymine,Dihydrothymine,97.86893336402704,97.86893336402704,0.0,0.0,1,1,1
ST000356,hsa00240,Pyrimidine Metabolism,0.2,4,imputation,6,4,2,5-Methyldeoxycytidine,5-Methyldeoxycytidine,37.43132920630738,37.43132920630738,0.0,0.0,1,1,1
ST000356,hsa00240,Pyrimidine Metabolism,0.2,5,imputation,6,4,2,Dihydrothymine,Dihydrothymine,97.86893336402704,97.86893336402704,0.0,0.0,1,1,1
ST000356,hsa00240,Pyrimidine Metabolism,0.2,6,imputation,6,4,2,Dihydrothymine,Dihydrothymine,97.86893336402704,97.86893336402704,0.0,0.0,1,1,1
ST000356,hsa00240,Pyrimidine Metabolism,0.2,7,imputation,6,4,2,Dihydrothymine,Dihydrothymine,97.86893336402704,97.86893336402704,0.0,0.0,1,1,1
ST000356,hsa00240,Pyrimidine Metabolism,0.2,8,imputation,6,4,2,Dihydrothymine,Dihydrothymine,97.86893336402704,97.86893336402704,0.0,0.0,1,1,1
ST000356,hsa00240,Pyrimidine Metabolism,0.2,9,imputation,6,4,2,Cytidine,Cytidine,0.20499455667350194,0.20499455667350194,0.0,0.0,1,1,1
ST000356,hsa00240,Pyrimidine Metabolism,0.2,10,imputation,6,4,2,Dihydrothymine,Dihydrothymine,97.86893336402704,97.86893336402704,0.0,0.0,1,1,1
ST000356,hsa00240,Pyrimidine Metabolism,0.2,11,imputation,6,4,2,Cytidine,Cytidine,0.20499455667350194,0.20499455667350194,0.0,0.0,1,1,1
ST000356,hsa00240,Pyrimidine Metabolism,0.2,12,imputation,6,4,2,Dihydrouracil,Dihydrouracil,0.9701428287913816,0.9701428287913816,0.0,0.0,1,1,1
ST000356,hsa00240,Pyrimidine Metabolism,0.2,13,imputation,6,4,2,5-Methyldeoxycytidine,5-Methyldeoxycytidine,37.43132920630738,37.43132920630738,0.0,0.0,1,1,1
ST000356,hsa00240,Pyrimidine Metabolism,0.2,14,imputation,6,4,2,5-Methyldeoxycytidine,5-Methyldeoxycytidine,37.43132920630738,37.43132920630738,0.0,0.0,1,1,1
ST000356,hsa00240,Pyrimidine Metabolism,0.2,15,imputation,6,4,2,Dihydrothymine,Dihydrothymine,97.86893336402704,97.86893336402704,0.0,0.0,1,1,1
ST000356,hsa00240,Pyrimidine Metabolism,0.2,16,imputation,6,4,2,Cytidine,Cytidine,0.20499455667350194,0.20499455667350194,0.0,0.0,1,1,1
ST000356,hsa00240,Pyrimidine Metabolism,0.2,17,imputation,6,4,2,5-Methyldeoxycytidine,5-Methyldeoxycytidine,37.43132920630738,37.43132920630738,0.0,0.0,1,1,1
ST000356,hsa00240,Pyrimidine Metabolism,0.2,18,imputation,6,4,2,Dihydrothymine,Dihydrothymine,97.86893336402704,97.86893336402704,0.0,0.0,1,1,1
ST000356,hsa00240,Pyrimidine Metabolism,0.2,19,imputation,6,4,2,Dihydrouracil,Dihydrouracil,0.9701428287913816,0.9701428287913816,0.0,0.0,1,1,1
ST000356,hsa00240,Pyrimidine Metabolism,0.2,20,imputation,6,4,2,Cytidine,Cytidine,0.20499455667350194,0.20499455667350194,0.0,0.0,1,1,1
ST000356,hsa00240,Pyrimidine Metabolism,0.2,21,imputation,6,4,2,Dihydrouracil,Dihydrouracil,0.9701428287913816,0.9701428287913816,0.0,0.0,1,1,1
ST000356,hsa00240,Pyrimidine Metabolism,0.2,22,imputation,6,4,2,5-Methyldeoxycytidine,5-Methyldeoxycytidine,37.43132920630738,37.43132920630738,0.0,0.0,1,1,1
ST000356,hsa00240,Pyrimidine Metabolism,0.2,23,imputation,6,4,2,Dihydrothymine,Dihydrothymine,97.86893336402704,97.86893336402704,0.0,0.0,1,1,1
ST000356,hsa00240,Pyrimidine Metabolism,0.2,24,imputation,6,4,2,Dihydrothymine,Dihydrothymine,97.86893336402704,97.86893336402704,0.0,0.0,1,1,1
ST000356,hsa00240,Pyrimidine Metabolism,0.2,25,imputation,6,4,2,5-Methyldeoxycytidine,5-Methyldeoxycytidine,37.43132920630738,37.43132920630738,0.0,0.0,1,1,1
ST000356,hsa00240,Pyrimidine Metabolism,0.2,26,imputation,6,4,2,Dihydrouracil,Dihydrouracil,0.9701428287913816,0.9701428287913816,0.0,0.0,1,1,1
ST000356,hsa00240,Pyrimidine Metabolism,0.2,27,imputation,6,4,2,5-Methyldeoxycytidine,5-Methyldeoxycytidine,37.43132920630738,37.43132920630738,0.0,0.0,1,1,1
ST000356,hsa00240,Pyrimidine Metabolism,0.2,28,imputation,6,4,2,Dihydrothymine,Dihydrothymine,97.86893336402704,97.86893336402704,0.0,0.0,1,1,1
ST000356,hsa00240,Pyrimidine Metabolism,0.2,29,imputation,6,4,2,Dihydrothymine,Dihydrothymine,97.86893336402704,97.86893336402704,0.0,0.0,1,1,1
ST000356,hsa00240,Pyrimidine Metabolism,0.2,30,imputation,6,4,2,5-Methyldeoxycytidine,5-Methyldeoxycytidine,37.43132920630738,37.43132920630738,0.0,0.0,1,1,1
ST000356,hsa00240,Pyrimidine Metabolism,0.2,31,imputation,6,4,2,Dihydrothymine,Dihydrothymine,97.86893336402704,97.86893336402704,0.0,0.0,1,1,1
ST000356,hsa00240,Pyrimidine Metabolism,0.2,32,imputation,6,4,2,uracil,uracil,0.3932751282106386,0.3932751282106386,0.0,0.0,1,1,1
ST000356,hsa00240,Pyrimidine Metabolism,0.2,33,imputation,6,4,2,Dihydrouracil,Dihydrouracil,0.9701428287913816,0.9701428287913816,0.0,0.0,1,1,1
ST000356,hsa00240,Pyrimidine Metabolism,0.2,34,imputation,6,4,2,Dihydrothymine,Dihydrothymine,97.86893336402704,97.86893336402704,0.0,0.0,1,1,1
ST000356,hsa00240,Pyrimidine Metabolism,0.2,35,imputation,6,4,2,Dihydrothymine,Dihydrothymine,97.86893336402704,97.86893336402704,0.0,0.0,1,1,1
ST000356,hsa00240,Pyrimidine Metabolism,0.2,36,imputation,6,4,2,5-Methyldeoxycytidine,5-Methyldeoxycytidine,37.43132920630738,37.43132920630738,0.0,0.0,1,1,1
ST000356,hsa00240,Pyrimidine Metabolism,0.2,37,imputation,6,4,2,Dihydrouracil,Dihydrouracil,0.9701428287913816,0.9701428287913816,0.0,0.0,1,1,1
ST000356,hsa00240,Pyrimidine Metabolism,0.2,38,imputation,6,4,2,Dihydrothymine,Dihydrothymine,97.86893336402704,97.86893336402704,0.0,0.0,1,1,1
ST000356,hsa00240,Pyrimidine Metabolism,0.2,39,imputation,6,4,2,Dihydrouracil,Dihydrouracil,0.9701428287913816,0.9701428287913816,0.0,0.0,1,1,1
ST000356,hsa00240,Pyrimidine Metabolism,0.2,40,imputation,6,4,2,Dihydrouracil,Dihydrouracil,0.9701428287913816,0.9701428287913816,0.0,0.0,1,1,1
ST000356,hsa00240,Pyrimidine Metabolism,0.2,41,imputation,6,4,2,Dihydrouracil,Dihydrouracil,0.9701428287913816,0.9701428287913816,0.0,0.0,1,1,1
ST000356,hsa00240,Pyrimidine Metabolism,0.2,42,imputation,6,4,2,Dihydrothymine,Dihydrothymine,97.86893336402704,97.86893336402704,0.0,0.0,1,1,1
ST000356,hsa00240,Pyrimidine Metabolism,0.2,43,imputation,6,4,2,Cytidine,Cytidine,0.20499455667350194,0.20499455667350194,0.0,0.0,1,1,1
ST000356,hsa00240,Pyrimidine Metabolism,0.2,44,imputation,6,4,2,5-Methyldeoxycytidine,5-Methyldeoxycytidine,37.43132920630738,37.43132920630738,0.0,0.0,1,1,1
ST000356,hsa00240,Pyrimidine Metabolism,0.2,45,imputation,6,4,2,uracil,uracil,0.3932751282106386,0.3932751282106386,0.0,0.0,1,1,1
ST000356,hsa00240,Pyrimidine Metabolism,0.2,46,imputation,6,4,2,Dihydrouracil,Dihydrouracil,0.9701428287913816,0.9701428287913816,0.0,0.0,1,1,1
ST000356,hsa00240,Pyrimidine Metabolism,0.2,47,imputation,6,4,2,5-Methyldeoxycytidine,5-Methyldeoxycytidine,37.43132920630738,37.43132920630738,0.0,0.0,1,1,1
ST000356,hsa00240,Pyrimidine Metabolism,0.2,48,imputation,6,4,2,5-Methyldeoxycytidine,5-Methyldeoxycytidine,37.43132920630738,37.43132920630738,0.0,0.0,1,1,1
ST000356,hsa00240,Pyrimidine Metabolism,0.2,49,imputation,6,4,2,5-Methyldeoxycytidine,5-Methyldeoxycytidine,37.43132920630738,37.43132920630738,0.0,0.0,1,1,1
ST000356,hsa00240,Pyrimidine Metabolism,0.2,50,imputation,6,4,2,Dihydrouracil,Dihydrouracil,0.9701428287913816,0.9701428287913816,0.0,0.0,1,1,1
ST000356,hsa00240,Pyrimidine Metabolism,0.2,51,imputation,6,4,2,Dihydrouracil,Dihydrouracil,0.9701428287913816,0.9701428287913816,0.0,0.0,1,1,1
ST000356,hsa00240,Pyrimidine Metabolism,0.2,52,imputation,6,4,2,Cytidine,Cytidine,0.20499455667350194,0.20499455667350194,0.0,0.0,1,1,1
ST000356,hsa00240,Pyrimidine Metabolism,0.2,53,imputation,6,4,2,uracil,uracil,0.3932751282106386,0.3932751282106386,0.0,0.0,1,1,1
ST000356,hsa00240,Pyrimidine Metabolism,0.2,54,imputation,6,4,2,Dihydrothymine,Dihydrothymine,97.86893336402704,97.86893336402704,0.0,0.0,1,1,1
ST000356,hsa00240,Pyrimidine Metabolism,0.2,55,imputation,6,4,2,Dihydrouracil,Dihydrouracil,0.9701428287913816,0.9701428287913816,0.0,0.0,1,1,1
ST000356,hsa00240,Pyrimidine Metabolism,0.2,56,imputation,6,4,2,Dihydrothymine,Dihydrothymine,97.86893336402704,97.86893336402704,0.0,0.0,1,1,1
ST000356,hsa00240,Pyrimidine Metabolism,0.2,57,imputation,6,4,2,Dihydrouracil,Dihydrouracil,0.9701428287913816,0.9701428287913816,0.0,0.0,1,1,1
ST000356,hsa00240,Pyrimidine Metabolism,0.2,58,imputation,6,4,2,Dihydrouracil,Dihydrouracil,0.9701428287913816,0.9701428287913816,0.0,0.0,1,1,1
ST000356,hsa00240,Pyrimidine Metabolism,0.2,59,imputation,6,4,2,Cytidine,Cytidine,0.20499455667350194,0.20499455667350194,0.0,0.0,1,1,1
ST000356,hsa00240,Pyrimidine Metabolism,0.2,60,imputation,6,4,2,Cytidine,Cytidine,0.20499455667350194,0.20499455667350194,0.0,0.0,1,1,1
ST000356,hsa00240,Pyrimidine Metabolism,0.2,61,imputation,6,4,2,Dihydrouracil,Dihydrouracil,0.9701428287913816,0.9701428287913816,0.0,0.0,1,1,1
ST000356,hsa00240,Pyrimidine Metabolism,0.2,62,imputation,6,4,2,5-Methyldeoxycytidine,5-Methyldeoxycytidine,37.43132920630738,37.43132920630738,0.0,0.0,1,1,1
ST000356,hsa00240,Pyrimidine Metabolism,0.2,63,imputation,6,4,2,Dihydrothymine,Dihydrothymine,97.86893336402704,97.86893336402704,0.0,0.0,1,1,1
ST000356,hsa00240,Pyrimidine Metabolism,0.2,64,imputation,6,4,2,Dihydrouracil,Dihydrouracil,0.9701428287913816,0.9701428287913816,0.0,0.0,1,1,1
ST000356,hsa00240,Pyrimidine Metabolism,0.2,65,imputation,6,4,2,Cytidine,Cytidine,0.20499455667350194,0.20499455667350194,0.0,0.0,1,1,1
ST000356,hsa00240,Pyrimidine Metabolism,0.2,66,imputation,6,4,2,5-Methyldeoxycytidine,5-Methyldeoxycytidine,37.43132920630738,37.43132920630738,0.0,0.0,1,1,1
ST000356,hsa00240,Pyrimidine Metabolism,0.2,67,imputation,6,4,2,Dihydrothymine,Dihydrothymine,97.86893336402704,97.86893336402704,0.0,0.0,1,1,1
ST000356,hsa00240,Pyrimidine Metabolism,0.2,68,imputation,6,4,2,Dihydrouracil,Dihydrouracil,0.9701428287913816,0.9701428287913816,0.0,0.0,1,1,1
ST000356,hsa00240,Pyrimidine Metabolism,0.2,69,imputation,6,4,2,Dihydrothymine,Dihydrothymine,97.86893336402704,97.86893336402704,0.0,0.0,1,1,1
ST000356,hsa00240,Pyrimidine Metabolism,0.2,70,imputation,6,4,2,Dihydrouracil,Dihydrouracil,0.9701428287913816,0.9701428287913816,0.0,0.0,1,1,1
ST000356,hsa00240,Pyrimidine Metabolism,0.2,71,imputation,6,4,2,Dihydrothymine,Dihydrothymine,97.86893336402704,97.86893336402704,0.0,0.0,1,1,1
ST000356,hsa00240,Pyrimidine Metabolism,0.2,72,imputation,6,4,2,Cytidine,Cytidine,0.20499455667350194,0.20499455667350194,0.0,0.0,1,1,1
ST000356,hsa00240,Pyrimidine Metabolism,0.2,73,imputation,6,4,2,Dihydrothymine,Dihydrothymine,97.86893336402704,97.86893336402704,0.0,0.0,1,1,1
ST000356,hsa00240,Pyrimidine Metabolism,0.2,74,imputation,6,4,2,uracil,uracil,0.3932751282106386,0.3932751282106386,0.0,0.0,1,1,1
ST000356,hsa00240,Pyrimidine Metabolism,0.2,75,imputation,6,4,2,uracil,uracil,0.3932751282106386,0.3932751282106386,0.0,0.0,1,1,1
ST000356,hsa00240,Pyrimidine Metabolism,0.2,76,imputation,6,4,2,uracil,uracil,0.3932751282106386,0.3932751282106386,0.0,0.0,1,1,1
ST000356,hsa00240,Pyrimidine Metabolism,0.2,77,imputation,6,4,2,Dihydrothymine,Dihydrothymine,97.86893336402704,97.86893336402704,0.0,0.0,1,1,1
ST000356,hsa00240,Pyrimidine Metabolism,0.2,78,imputation,6,4,2,Cytidine,Cytidine,0.20499455667350194,0.20499455667350194,0.0,0.0,1,1,1
ST000356,hsa00240,Pyrimidine Metabolism,0.2,79,imputation,6,4,2,5-Methyldeoxycytidine,5-Methyldeoxycytidine,37.43132920630738,37.43132920630738,0.0,0.0,1,1,1
ST000356,hsa00240,Pyrimidine Metabolism,0.2,80,imputation,6,4,2,Cytidine,Cytidine,0.20499455667350194,0.20499455667350194,0.0,0.0,1,1,1
ST000356,hsa00240,Pyrimidine Metabolism,0.2,81,imputation,6,4,2,Dihydrothymine,Dihydrothymine,97.86893336402704,97.86893336402704,0.0,0.0,1,1,1
ST000356,hsa00240,Pyrimidine Metabolism,0.2,82,imputation,6,4,2,Dihydrothymine,Dihydrothymine,97.86893336402704,97.86893336402704,0.0,0.0,1,1,1
ST000356,hsa00240,Pyrimidine Metabolism,0.2,83,imputation,6,4,2,uracil,uracil,0.3932751282106386,0.3932751282106386,0.0,0.0,1,1,1
ST000356,hsa00240,Pyrimidine Metabolism,0.2,84,imputation,6,4,2,5-Methyldeoxycytidine,5-Methyldeoxycytidine,37.43132920630738,37.43132920630738,0.0,0.0,1,1,1
ST000356,hsa00240,Pyrimidine Metabolism,0.2,85,imputation,6,4,2,5-Methyldeoxycytidine,5-Methyldeoxycytidine,37.43132920630738,37.43132920630738,0.0,0.0,1,1,1
ST000356,hsa00240,Pyrimidine Metabolism,0.2,86,imputation,6,4,2,Dihydrouracil,Dihydrouracil,0.9701428287913816,0.9701428287913816,0.0,0.0,1,1,1
ST000356,hsa00240,Pyrimidine Metabolism,0.2,87,imputation,6,4,2,uracil,uracil,0.3932751282106386,0.3932751282106386,0.0,0.0,1,1,1
ST000356,hsa00240,Pyrimidine Metabolism,0.2,88,imputation,6,4,2,Dihydrouracil,Dihydrouracil,0.9701428287913816,0.9701428287913816,0.0,0.0,1,1,1
ST000356,hsa00240,Pyrimidine Metabolism,0.2,89,imputation,6,4,2,Dihydrothymine,Dihydrothymine,97.86893336402704,97.86893336402704,0.0,0.0,1,1,1
ST000356,hsa00240,Pyrimidine Metabolism,0.2,90,imputation,6,4,2,Dihydrouracil,Dihydrouracil,0.9701428287913816,0.9701428287913816,0.0,0.0,1,1,1
ST000356,hsa00240,Pyrimidine Metabolism,0.2,91,imputation,6,4,2,Dihydrothymine,Dihydrothymine,97.86893336402704,97.86893336402704,0.0,0.0,1,1,1
ST000356,hsa00240,Pyrimidine Metabolism,0.2,92,imputation,6,4,2,Dihydrouracil,Dihydrouracil,0.9701428287913816,0.9701428287913816,0.0,0.0,1,1,1
ST000356,hsa00240,Pyrimidine Metabolism,0.2,93,imputation,6,4,2,Dihydrothymine,Dihydrothymine,97.86893336402704,97.86893336402704,0.0,0.0,1,1,1
ST000356,hsa00240,Pyrimidine Metabolism,0.2,94,imputation,6,4,2,Dihydrouracil,Dihydrouracil,0.9701428287913816,0.9701428287913816,0.0,0.0,1,1,1
ST000356,hsa00240,Pyrimidine Metabolism,0.2,95,imputation,6,4,2,5-Methyldeoxycytidine,5-Methyldeoxycytidine,37.43132920630738,37.43132920630738,0.0,0.0,1,1,1
ST000356,hsa00240,Pyrimidine Metabolism,0.2,96,imputation,6,4,2,Dihydrouracil,Dihydrouracil,0.9701428287913816,0.9701428287913816,0.0,0.0,1,1,1
ST000356,hsa00240,Pyrimidine Metabolism,0.2,97,imputation,6,4,2,5-Methyldeoxycytidine,5-Methyldeoxycytidine,37.43132920630738,37.43132920630738,0.0,0.0,1,1,1
ST000356,hsa00240,Pyrimidine Metabolism,0.2,98,imputation,6,4,2,5-Methyldeoxycytidine,5-Methyldeoxycytidine,37.43132920630738,37.43132920630738,0.0,0.0,1,1,1
ST000356,hsa00240,Pyrimidine Metabolism,0.2,99,imputation,6,4,2,5-Methyldeoxycytidine,5-Methyldeoxycytidine,37.43132920630738,37.43132920630738,0.0,0.0,1,1,1
ST000356,hsa00240,Pyrimidine Metabolism,0.2,100,imputation,6,4,2,Dihydrouracil,Dihydrouracil,0.9701428287913816,0.9701428287913816,0.0,0.0,1,1,1
ST000356,hsa00240,Pyrimidine Metabolism,0.3,1,imputation,6,4,2,Dihydrothymine,Dihydrothymine,97.86893336402704,97.86893336402704,0.0,0.0,1,1,1
ST000356,hsa00240,Pyrimidine Metabolism,0.3,2,imputation,6,4,2,Dihydrouracil,Dihydrouracil,0.9701428287913816,0.9701428287913816,0.0,0.0,1,1,1
ST000356,hsa00240,Pyrimidine Metabolism,0.3,3,imputation,6,4,2,Dihydrothymine,Dihydrothymine,97.86893336402704,97.86893336402704,0.0,0.0,1,1,1
ST000356,hsa00240,Pyrimidine Metabolism,0.3,4,imputation,6,4,2,5-Methyldeoxycytidine,5-Methyldeoxycytidine,37.43132920630738,37.43132920630738,0.0,0.0,1,1,1
ST000356,hsa00240,Pyrimidine Metabolism,0.3,5,imputation,6,4,2,Dihydrothymine,Dihydrothymine,97.86893336402704,97.86893336402704,0.0,0.0,1,1,1
ST000356,hsa00240,Pyrimidine Metabolism,0.3,6,imputation,6,4,2,Dihydrothymine,Dihydrothymine,97.86893336402704,97.86893336402704,0.0,0.0,1,1,1
ST000356,hsa00240,Pyrimidine Metabolism,0.3,7,imputation,6,4,2,Dihydrothymine,Dihydrothymine,97.86893336402704,97.86893336402704,0.0,0.0,1,1,1
ST000356,hsa00240,Pyrimidine Metabolism,0.3,8,imputation,6,4,2,Dihydrothymine,Dihydrothymine,97.86893336402704,97.86893336402704,0.0,0.0,1,1,1
ST000356,hsa00240,Pyrimidine Metabolism,0.3,9,imputation,6,4,2,Cytidine,Cytidine,0.20499455667350194,0.20499455667350194,0.0,0.0,1,1,1
ST000356,hsa00240,Pyrimidine Metabolism,0.3,10,imputation,6,4,2,Dihydrothymine,Dihydrothymine,97.86893336402704,97.86893336402704,0.0,0.0,1,1,1
ST000356,hsa00240,Pyrimidine Metabolism,0.3,11,imputation,6,4,2,Cytidine,Cytidine,0.20499455667350194,0.20499455667350194,0.0,0.0,1,1,1
ST000356,hsa00240,Pyrimidine Metabolism,0.3,12,imputation,6,4,2,Dihydrouracil,Dihydrouracil,0.9701428287913816,0.9701428287913816,0.0,0.0,1,1,1
ST000356,hsa00240,Pyrimidine Metabolism,0.3,13,imputation,6,4,2,5-Methyldeoxycytidine,5-Methyldeoxycytidine,37.43132920630738,37.43132920630738,0.0,0.0,1,1,1
ST000356,hsa00240,Pyrimidine Metabolism,0.3,14,imputation,6,4,2,5-Methyldeoxycytidine,5-Methyldeoxycytidine,37.43132920630738,37.43132920630738,0.0,0.0,1,1,1
ST000356,hsa00240,Pyrimidine Metabolism,0.3,15,imputation,6,4,2,Dihydrothymine,Dihydrothymine,97.86893336402704,97.86893336402704,0.0,0.0,1,1,1
ST000356,hsa00240,Pyrimidine Metabolism,0.3,16,imputation,6,4,2,Cytidine,Cytidine,0.20499455667350194,0.20499455667350194,0.0,0.0,1,1,1
ST000356,hsa00240,Pyrimidine Metabolism,0.3,17,imputation,6,4,2,5-Methyldeoxycytidine,5-Methyldeoxycytidine,37.43132920630738,37.43132920630738,0.0,0.0,1,1,1
ST000356,hsa00240,Pyrimidine Metabolism,0.3,18,imputation,6,4,2,Dihydrothymine,Dihydrothymine,97.86893336402704,97.86893336402704,0.0,0.0,1,1,1
ST000356,hsa00240,Pyrimidine Metabolism,0.3,19,imputation,6,4,2,Dihydrouracil,Dihydrouracil,0.9701428287913816,0.9701428287913816,0.0,0.0,1,1,1
ST000356,hsa00240,Pyrimidine Metabolism,0.3,20,imputation,6,4,2,Cytidine,Cytidine,0.20499455667350194,0.20499455667350194,0.0,0.0,1,1,1
ST000356,hsa00240,Pyrimidine Metabolism,0.3,21,imputation,6,4,2,Dihydrouracil,Dihydrouracil,0.9701428287913816,0.9701428287913816,0.0,0.0,1,1,1
ST000356,hsa00240,Pyrimidine Metabolism,0.3,22,imputation,6,4,2,5-Methyldeoxycytidine,5-Methyldeoxycytidine,37.43132920630738,37.43132920630738,0.0,0.0,1,1,1
ST000356,hsa00240,Pyrimidine Metabolism,0.3,23,imputation,6,4,2,Dihydrothymine,Dihydrothymine,97.86893336402704,97.86893336402704,0.0,0.0,1,1,1
ST000356,hsa00240,Pyrimidine Metabolism,0.3,24,imputation,6,4,2,Dihydrothymine,Dihydrothymine,97.86893336402704,97.86893336402704,0.0,0.0,1,1,1
ST000356,hsa00240,Pyrimidine Metabolism,0.3,25,imputation,6,4,2,5-Methyldeoxycytidine,5-Methyldeoxycytidine,37.43132920630738,37.43132920630738,0.0,0.0,1,1,1
ST000356,hsa00240,Pyrimidine Metabolism,0.3,26,imputation,6,4,2,Dihydrouracil,Dihydrouracil,0.9701428287913816,0.9701428287913816,0.0,0.0,1,1,1
ST000356,hsa00240,Pyrimidine Metabolism,0.3,27,imputation,6,4,2,5-Methyldeoxycytidine,5-Methyldeoxycytidine,37.43132920630738,37.43132920630738,0.0,0.0,1,1,1
ST000356,hsa00240,Pyrimidine Metabolism,0.3,28,imputation,6,4,2,Dihydrothymine,Dihydrothymine,97.86893336402704,97.86893336402704,0.0,0.0,1,1,1
ST000356,hsa00240,Pyrimidine Metabolism,0.3,29,imputation,6,4,2,Dihydrothymine,Dihydrothymine,97.86893336402704,97.86893336402704,0.0,0.0,1,1,1
ST000356,hsa00240,Pyrimidine Metabolism,0.3,30,imputation,6,4,2,5-Methyldeoxycytidine,5-Methyldeoxycytidine,37.43132920630738,37.43132920630738,0.0,0.0,1,1,1
ST000356,hsa00240,Pyrimidine Metabolism,0.3,31,imputation,6,4,2,Dihydrothymine,Dihydrothymine,97.86893336402704,97.86893336402704,0.0,0.0,1,1,1
ST000356,hsa00240,Pyrimidine Metabolism,0.3,32,imputation,6,4,2,uracil,uracil,0.3932751282106386,0.3932751282106386,0.0,0.0,1,1,1
ST000356,hsa00240,Pyrimidine Metabolism,0.3,33,imputation,6,4,2,Dihydrouracil,Dihydrouracil,0.9701428287913816,0.9701428287913816,0.0,0.0,1,1,1
ST000356,hsa00240,Pyrimidine Metabolism,0.3,34,imputation,6,4,2,Dihydrothymine,Dihydrothymine,97.86893336402704,97.86893336402704,0.0,0.0,1,1,1
ST000356,hsa00240,Pyrimidine Metabolism,0.3,35,imputation,6,4,2,Dihydrothymine,Dihydrothymine,97.86893336402704,97.86893336402704,0.0,0.0,1,1,1
ST000356,hsa00240,Pyrimidine Metabolism,0.3,36,imputation,6,4,2,5-Methyldeoxycytidine,5-Methyldeoxycytidine,37.43132920630738,37.43132920630738,0.0,0.0,1,1,1
ST000356,hsa00240,Pyrimidine Metabolism,0.3,37,imputation,6,4,2,Dihydrouracil,Dihydrouracil,0.9701428287913816,0.9701428287913816,0.0,0.0,1,1,1
ST000356,hsa00240,Pyrimidine Metabolism,0.3,38,imputation,6,4,2,Dihydrothymine,Dihydrothymine,97.86893336402704,97.86893336402704,0.0,0.0,1,1,1
ST000356,hsa00240,Pyrimidine Metabolism,0.3,39,imputation,6,4,2,Dihydrouracil,Dihydrouracil,0.9701428287913816,0.9701428287913816,0.0,0.0,1,1,1
ST000356,hsa00240,Pyrimidine Metabolism,0.3,40,imputation,6,4,2,Dihydrouracil,Dihydrouracil,0.9701428287913816,0.9701428287913816,0.0,0.0,1,1,1
ST000356,hsa00240,Pyrimidine Metabolism,0.3,41,imputation,6,4,2,Dihydrouracil,Dihydrouracil,0.9701428287913816,0.9701428287913816,0.0,0.0,1,1,1
ST000356,hsa00240,Pyrimidine Metabolism,0.3,42,imputation,6,4,2,Dihydrothymine,Dihydrothymine,97.86893336402704,97.86893336402704,0.0,0.0,1,1,1
ST000356,hsa00240,Pyrimidine Metabolism,0.3,43,imputation,6,4,2,Cytidine,Cytidine,0.20499455667350194,0.20499455667350194,0.0,0.0,1,1,1
ST000356,hsa00240,Pyrimidine Metabolism,0.3,44,imputation,6,4,2,5-Methyldeoxycytidine,5-Methyldeoxycytidine,37.43132920630738,37.43132920630738,0.0,0.0,1,1,1
ST000356,hsa00240,Pyrimidine Metabolism,0.3,45,imputation,6,4,2,uracil,uracil,0.3932751282106386,0.3932751282106386,0.0,0.0,1,1,1
ST000356,hsa00240,Pyrimidine Metabolism,0.3,46,imputation,6,4,2,Dihydrouracil,Dihydrouracil,0.9701428287913816,0.9701428287913816,0.0,0.0,1,1,1
ST000356,hsa00240,Pyrimidine Metabolism,0.3,47,imputation,6,4,2,5-Methyldeoxycytidine,5-Methyldeoxycytidine,37.43132920630738,37.43132920630738,0.0,0.0,1,1,1
ST000356,hsa00240,Pyrimidine Metabolism,0.3,48,imputation,6,4,2,5-Methyldeoxycytidine,5-Methyldeoxycytidine,37.43132920630738,37.43132920630738,0.0,0.0,1,1,1
ST000356,hsa00240,Pyrimidine Metabolism,0.3,49,imputation,6,4,2,5-Methyldeoxycytidine,5-Methyldeoxycytidine,37.43132920630738,37.43132920630738,0.0,0.0,1,1,1
ST000356,hsa00240,Pyrimidine Metabolism,0.3,50,imputation,6,4,2,Dihydrouracil,Dihydrouracil,0.9701428287913816,0.9701428287913816,0.0,0.0,1,1,1
ST000356,hsa00240,Pyrimidine Metabolism,0.3,51,imputation,6,4,2,Dihydrouracil,Dihydrouracil,0.9701428287913816,0.9701428287913816,0.0,0.0,1,1,1
ST000356,hsa00240,Pyrimidine Metabolism,0.3,52,imputation,6,4,2,Cytidine,Cytidine,0.20499455667350194,0.20499455667350194,0.0,0.0,1,1,1
ST000356,hsa00240,Pyrimidine Metabolism,0.3,53,imputation,6,4,2,uracil,uracil,0.3932751282106386,0.3932751282106386,0.0,0.0,1,1,1
ST000356,hsa00240,Pyrimidine Metabolism,0.3,54,imputation,6,4,2,Dihydrothymine,Dihydrothymine,97.86893336402704,97.86893336402704,0.0,0.0,1,1,1
ST000356,hsa00240,Pyrimidine Metabolism,0.3,55,imputation,6,4,2,Dihydrouracil,Dihydrouracil,0.9701428287913816,0.9701428287913816,0.0,0.0,1,1,1
ST000356,hsa00240,Pyrimidine Metabolism,0.3,56,imputation,6,4,2,Dihydrothymine,Dihydrothymine,97.86893336402704,97.86893336402704,0.0,0.0,1,1,1
ST000356,hsa00240,Pyrimidine Metabolism,0.3,57,imputation,6,4,2,Dihydrouracil,Dihydrouracil,0.9701428287913816,0.9701428287913816,0.0,0.0,1,1,1
ST000356,hsa00240,Pyrimidine Metabolism,0.3,58,imputation,6,4,2,Dihydrouracil,Dihydrouracil,0.9701428287913816,0.9701428287913816,0.0,0.0,1,1,1
ST000356,hsa00240,Pyrimidine Metabolism,0.3,59,imputation,6,4,2,Cytidine,Cytidine,0.20499455667350194,0.20499455667350194,0.0,0.0,1,1,1
ST000356,hsa00240,Pyrimidine Metabolism,0.3,60,imputation,6,4,2,Cytidine,Cytidine,0.20499455667350194,0.20499455667350194,0.0,0.0,1,1,1
ST000356,hsa00240,Pyrimidine Metabolism,0.3,61,imputation,6,4,2,Dihydrouracil,Dihydrouracil,0.9701428287913816,0.9701428287913816,0.0,0.0,1,1,1
ST000356,hsa00240,Pyrimidine Metabolism,0.3,62,imputation,6,4,2,5-Methyldeoxycytidine,5-Methyldeoxycytidine,37.43132920630738,37.43132920630738,0.0,0.0,1,1,1
ST000356,hsa00240,Pyrimidine Metabolism,0.3,63,imputation,6,4,2,Dihydrothymine,Dihydrothymine,97.86893336402704,97.86893336402704,0.0,0.0,1,1,1
ST000356,hsa00240,Pyrimidine Metabolism,0.3,64,imputation,6,4,2,Dihydrouracil,Dihydrouracil,0.9701428287913816,0.9701428287913816,0.0,0.0,1,1,1
ST000356,hsa00240,Pyrimidine Metabolism,0.3,65,imputation,6,4,2,Cytidine,Cytidine,0.20499455667350194,0.20499455667350194,0.0,0.0,1,1,1
ST000356,hsa00240,Pyrimidine Metabolism,0.3,66,imputation,6,4,2,5-Methyldeoxycytidine,5-Methyldeoxycytidine,37.43132920630738,37.43132920630738,0.0,0.0,1,1,1
ST000356,hsa00240,Pyrimidine Metabolism,0.3,67,imputation,6,4,2,Dihydrothymine,Dihydrothymine,97.86893336402704,97.86893336402704,0.0,0.0,1,1,1
ST000356,hsa00240,Pyrimidine Metabolism,0.3,68,imputation,6,4,2,Dihydrouracil,Dihydrouracil,0.9701428287913816,0.9701428287913816,0.0,0.0,1,1,1
ST000356,hsa00240,Pyrimidine Metabolism,0.3,69,imputation,6,4,2,Dihydrothymine,Dihydrothymine,97.86893336402704,97.86893336402704,0.0,0.0,1,1,1
ST000356,hsa00240,Pyrimidine Metabolism,0.3,70,imputation,6,4,2,Dihydrouracil,Dihydrouracil,0.9701428287913816,0.9701428287913816,0.0,0.0,1,1,1
ST000356,hsa00240,Pyrimidine Metabolism,0.3,71,imputation,6,4,2,Dihydrothymine,Dihydrothymine,97.86893336402704,97.86893336402704,0.0,0.0,1,1,1
ST000356,hsa00240,Pyrimidine Metabolism,0.3,72,imputation,6,4,2,Cytidine,Cytidine,0.20499455667350194,0.20499455667350194,0.0,0.0,1,1,1
ST000356,hsa00240,Pyrimidine Metabolism,0.3,73,imputation,6,4,2,Dihydrothymine,Dihydrothymine,97.86893336402704,97.86893336402704,0.0,0.0,1,1,1
ST000356,hsa00240,Pyrimidine Metabolism,0.3,74,imputation,6,4,2,uracil,uracil,0.3932751282106386,0.3932751282106386,0.0,0.0,1,1,1
ST000356,hsa00240,Pyrimidine Metabolism,0.3,75,imputation,6,4,2,uracil,uracil,0.3932751282106386,0.3932751282106386,0.0,0.0,1,1,1
ST000356,hsa00240,Pyrimidine Metabolism,0.3,76,imputation,6,4,2,uracil,uracil,0.3932751282106386,0.3932751282106386,0.0,0.0,1,1,1
ST000356,hsa00240,Pyrimidine Metabolism,0.3,77,imputation,6,4,2,Dihydrothymine,Dihydrothymine,97.86893336402704,97.86893336402704,0.0,0.0,1,1,1
ST000356,hsa00240,Pyrimidine Metabolism,0.3,78,imputation,6,4,2,Cytidine,Cytidine,0.20499455667350194,0.20499455667350194,0.0,0.0,1,1,1
ST000356,hsa00240,Pyrimidine Metabolism,0.3,79,imputation,6,4,2,5-Methyldeoxycytidine,5-Methyldeoxycytidine,37.43132920630738,37.43132920630738,0.0,0.0,1,1,1
ST000356,hsa00240,Pyrimidine Metabolism,0.3,80,imputation,6,4,2,Cytidine,Cytidine,0.20499455667350194,0.20499455667350194,0.0,0.0,1,1,1
ST000356,hsa00240,Pyrimidine Metabolism,0.3,81,imputation,6,4,2,Dihydrothymine,Dihydrothymine,97.86893336402704,97.86893336402704,0.0,0.0,1,1,1
ST000356,hsa00240,Pyrimidine Metabolism,0.3,82,imputation,6,4,2,Dihydrothymine,Dihydrothymine,97.86893336402704,97.86893336402704,0.0,0.0,1,1,1
ST000356,hsa00240,Pyrimidine Metabolism,0.3,83,imputation,6,4,2,uracil,uracil,0.3932751282106386,0.3932751282106386,0.0,0.0,1,1,1
ST000356,hsa00240,Pyrimidine Metabolism,0.3,84,imputation,6,4,2,5-Methyldeoxycytidine,5-Methyldeoxycytidine,37.43132920630738,37.43132920630738,0.0,0.0,1,1,1
ST000356,hsa00240,Pyrimidine Metabolism,0.3,85,imputation,6,4,2,5-Methyldeoxycytidine,5-Methyldeoxycytidine,37.43132920630738,37.43132920630738,0.0,0.0,1,1,1
ST000356,hsa00240,Pyrimidine Metabolism,0.3,86,imputation,6,4,2,Dihydrouracil,Dihydrouracil,0.9701428287913816,0.9701428287913816,0.0,0.0,1,1,1
ST000356,hsa00240,Pyrimidine Metabolism,0.3,87,imputation,6,4,2,uracil,uracil,0.3932751282106386,0.3932751282106386,0.0,0.0,1,1,1
ST000356,hsa00240,Pyrimidine Metabolism,0.3,88,imputation,6,4,2,Dihydrouracil,Dihydrouracil,0.9701428287913816,0.9701428287913816,0.0,0.0,1,1,1
ST000356,hsa00240,Pyrimidine Metabolism,0.3,89,imputation,6,4,2,Dihydrothymine,Dihydrothymine,97.86893336402704,97.86893336402704,0.0,0.0,1,1,1
ST000356,hsa00240,Pyrimidine Metabolism,0.3,90,imputation,6,4,2,Dihydrouracil,Dihydrouracil,0.9701428287913816,0.9701428287913816,0.0,0.0,1,1,1
ST000356,hsa00240,Pyrimidine Metabolism,0.3,91,imputation,6,4,2,Dihydrothymine,Dihydrothymine,97.86893336402704,97.86893336402704,0.0,0.0,1,1,1
ST000356,hsa00240,Pyrimidine Metabolism,0.3,92,imputation,6,4,2,Dihydrouracil,Dihydrouracil,0.9701428287913816,0.9701428287913816,0.0,0.0,1,1,1
ST000356,hsa00240,Pyrimidine Metabolism,0.3,93,imputation,6,4,2,Dihydrothymine,Dihydrothymine,97.86893336402704,97.86893336402704,0.0,0.0,1,1,1
ST000356,hsa00240,Pyrimidine Metabolism,0.3,94,imputation,6,4,2,Dihydrouracil,Dihydrouracil,0.9701428287913816,0.9701428287913816,0.0,0.0,1,1,1
ST000356,hsa00240,Pyrimidine Metabolism,0.3,95,imputation,6,4,2,5-Methyldeoxycytidine,5-Methyldeoxycytidine,37.43132920630738,37.43132920630738,0.0,0.0,1,1,1
ST000356,hsa00240,Pyrimidine Metabolism,0.3,96,imputation,6,4,2,Dihydrouracil,Dihydrouracil,0.9701428287913816,0.9701428287913816,0.0,0.0,1,1,1
ST000356,hsa00240,Pyrimidine Metabolism,0.3,97,imputation,6,4,2,5-Methyldeoxycytidine,5-Methyldeoxycytidine,37.43132920630738,37.43132920630738,0.0,0.0,1,1,1
ST000356,hsa00240,Pyrimidine Metabolism,0.3,98,imputation,6,4,2,5-Methyldeoxycytidine,5-Methyldeoxycytidine,37.43132920630738,37.43132920630738,0.0,0.0,1,1,1
ST000356,hsa00240,Pyrimidine Metabolism,0.3,99,imputation,6,4,2,5-Methyldeoxycytidine,5-Methyldeoxycytidine,37.43132920630738,37.43132920630738,0.0,0.0,1,1,1
ST000356,hsa00240,Pyrimidine Metabolism,0.3,100,imputation,6,4,2,Dihydrouracil,Dihydrouracil,0.9701428287913816,0.9701428287913816,0.0,0.0,1,1,1
ST000356,hsa00240,Pyrimidine Metabolism,0.4,1,imputation,6,3,3,Dihydrothymine,Dihydrothymine,97.86893336402704,97.86893336402704,0.0,0.0,1,1,1
ST000356,hsa00240,Pyrimidine Metabolism,0.4,2,imputation,6,3,3,5-Methyldeoxycytidine,5-Methyldeoxycytidine,37.43132920630738,37.43132920630738,0.0,0.0,1,1,1
ST000356,hsa00240,Pyrimidine Metabolism,0.4,3,imputation,6,3,3,Dihydrothymine,Dihydrothymine,97.86893336402704,97.86893336402704,0.0,0.0,1,1,1
ST000356,hsa00240,Pyrimidine Metabolism,0.4,4,imputation,6,3,3,5-Methyldeoxycytidine,5-Methyldeoxycytidine,37.43132920630738,37.43132920630738,0.0,0.0,1,1,1
ST000356,hsa00240,Pyrimidine Metabolism,0.4,5,imputation,6,3,3,Dihydrothymine,Dihydrothymine,97.86893336402704,97.86893336402704,0.0,0.0,1,1,1
ST000356,hsa00240,Pyrimidine Metabolism,0.4,6,imputation,6,3,3,Dihydrothymine,Dihydrothymine,97.86893336402704,97.86893336402704,0.0,0.0,1,1,1
ST000356,hsa00240,Pyrimidine Metabolism,0.4,7,imputation,6,3,3,Dihydrothymine,Dihydrothymine,97.86893336402704,97.86893336402704,0.0,0.0,1,1,1
ST000356,hsa00240,Pyrimidine Metabolism,0.4,8,imputation,6,3,3,Dihydrothymine,Dihydrothymine,97.86893336402704,97.86893336402704,0.0,0.0,1,1,1
ST000356,hsa00240,Pyrimidine Metabolism,0.4,9,imputation,6,3,3,uracil,uracil,0.3932751282106386,0.3932751282106386,0.0,0.0,1,1,1
ST000356,hsa00240,Pyrimidine Metabolism,0.4,10,imputation,6,3,3,Dihydrothymine,Dihydrothymine,97.86893336402704,97.86893336402704,0.0,0.0,1,1,1
ST000356,hsa00240,Pyrimidine Metabolism,0.4,11,imputation,6,3,3,Dihydrouracil,Dihydrouracil,0.9701428287913816,0.9701428287913816,0.0,0.0,1,1,1
ST000356,hsa00240,Pyrimidine Metabolism,0.4,12,imputation,6,3,3,Dihydrothymine,Dihydrothymine,97.86893336402704,97.86893336402704,0.0,0.0,1,1,1
ST000356,hsa00240,Pyrimidine Metabolism,0.4,13,imputation,6,3,3,5-Methyldeoxycytidine,5-Methyldeoxycytidine,37.43132920630738,37.43132920630738,0.0,0.0,1,1,1
ST000356,hsa00240,Pyrimidine Metabolism,0.4,14,imputation,6,3,3,5-Methyldeoxycytidine,5-Methyldeoxycytidine,37.43132920630738,37.43132920630738,0.0,0.0,1,1,1
ST000356,hsa00240,Pyrimidine Metabolism,0.4,15,imputation,6,3,3,Dihydrothymine,Dihydrothymine,97.86893336402704,97.86893336402704,0.0,0.0,1,1,1
ST000356,hsa00240,Pyrimidine Metabolism,0.4,16,imputation,6,3,3,uracil,uracil,0.3932751282106386,0.3932751282106386,0.0,0.0,1,1,1
ST000356,hsa00240,Pyrimidine Metabolism,0.4,17,imputation,6,3,3,5-Methyldeoxycytidine,5-Methyldeoxycytidine,37.43132920630738,37.43132920630738,0.0,0.0,1,1,1
ST000356,hsa00240,Pyrimidine Metabolism,0.4,18,imputation,6,3,3,Dihydrothymine,Dihydrothymine,97.86893336402704,97.86893336402704,0.0,0.0,1,1,1
ST000356,hsa00240,Pyrimidine Metabolism,0.4,19,imputation,6,3,3,Dihydrouracil,Dihydrouracil,0.9701428287913816,0.9701428287913816,0.0,0.0,1,1,1
ST000356,hsa00240,Pyrimidine Metabolism,0.4,20,imputation,6,3,3,5-Methyldeoxycytidine,5-Methyldeoxycytidine,37.43132920630738,37.43132920630738,0.0,0.0,1,1,1
ST000356,hsa00240,Pyrimidine Metabolism,0.4,21,imputation,6,3,3,Dihydrothymine,Dihydrothymine,97.86893336402704,97.86893336402704,0.0,0.0,1,1,1
ST000356,hsa00240,Pyrimidine Metabolism,0.4,22,imputation,6,3,3,5-Methyldeoxycytidine,5-Methyldeoxycytidine,37.43132920630738,37.43132920630738,0.0,0.0,1,1,1
ST000356,hsa00240,Pyrimidine Metabolism,0.4,23,imputation,6,3,3,Dihydrothymine,Dihydrothymine,97.86893336402704,97.86893336402704,0.0,0.0,1,1,1
ST000356,hsa00240,Pyrimidine Metabolism,0.4,24,imputation,6,3,3,Dihydrothymine,Dihydrothymine,97.86893336402704,97.86893336402704,0.0,0.0,1,1,1
ST000356,hsa00240,Pyrimidine Metabolism,0.4,25,imputation,6,3,3,5-Methyldeoxycytidine,5-Methyldeoxycytidine,37.43132920630738,37.43132920630738,0.0,0.0,1,1,1
ST000356,hsa00240,Pyrimidine Metabolism,0.4,26,imputation,6,3,3,5-Methyldeoxycytidine,5-Methyldeoxycytidine,37.43132920630738,37.43132920630738,0.0,0.0,1,1,1
ST000356,hsa00240,Pyrimidine Metabolism,0.4,27,imputation,6,3,3,5-Methyldeoxycytidine,5-Methyldeoxycytidine,37.43132920630738,37.43132920630738,0.0,0.0,1,1,1
ST000356,hsa00240,Pyrimidine Metabolism,0.4,28,imputation,6,3,3,Dihydrothymine,Dihydrothymine,97.86893336402704,97.86893336402704,0.0,0.0,1,1,1
ST000356,hsa00240,Pyrimidine Metabolism,0.4,29,imputation,6,3,3,Dihydrothymine,Dihydrothymine,97.86893336402704,97.86893336402704,0.0,0.0,1,1,1
ST000356,hsa00240,Pyrimidine Metabolism,0.4,30,imputation,6,3,3,5-Methyldeoxycytidine,5-Methyldeoxycytidine,37.43132920630738,37.43132920630738,0.0,0.0,1,1,1
ST000356,hsa00240,Pyrimidine Metabolism,0.4,31,imputation,6,3,3,Dihydrothymine,Dihydrothymine,97.86893336402704,97.86893336402704,0.0,0.0,1,1,1
ST000356,hsa00240,Pyrimidine Metabolism,0.4,32,imputation,6,3,3,5-Methyldeoxycytidine,5-Methyldeoxycytidine,37.43132920630738,37.43132920630738,0.0,0.0,1,1,1
ST000356,hsa00240,Pyrimidine Metabolism,0.4,33,imputation,6,3,3,Dihydrouracil,Dihydrouracil,0.9701428287913816,0.9701428287913816,0.0,0.0,1,1,1
ST000356,hsa00240,Pyrimidine Metabolism,0.4,34,imputation,6,3,3,Dihydrothymine,Dihydrothymine,97.86893336402704,97.86893336402704,0.0,0.0,1,1,1
ST000356,hsa00240,Pyrimidine Metabolism,0.4,35,imputation,6,3,3,Dihydrothymine,Dihydrothymine,97.86893336402704,97.86893336402704,0.0,0.0,1,1,1
ST000356,hsa00240,Pyrimidine Metabolism,0.4,36,imputation,6,3,3,Dihydrothymine,Dihydrothymine,97.86893336402704,97.86893336402704,0.0,0.0,1,1,1
ST000356,hsa00240,Pyrimidine Metabolism,0.4,37,imputation,6,3,3,Dihydrothymine,Dihydrothymine,97.86893336402704,97.86893336402704,0.0,0.0,1,1,1
ST000356,hsa00240,Pyrimidine Metabolism,0.4,38,imputation,6,3,3,Dihydrothymine,Dihydrothymine,97.86893336402704,97.86893336402704,0.0,0.0,1,1,1
ST000356,hsa00240,Pyrimidine Metabolism,0.4,39,imputation,6,3,3,Dihydrothymine,Dihydrothymine,97.86893336402704,97.86893336402704,0.0,0.0,1,1,1
ST000356,hsa00240,Pyrimidine Metabolism,0.4,40,imputation,6,3,3,Dihydrothymine,Dihydrothymine,97.86893336402704,97.86893336402704,0.0,0.0,1,1,1
ST000356,hsa00240,Pyrimidine Metabolism,0.4,41,imputation,6,3,3,5-Methyldeoxycytidine,5-Methyldeoxycytidine,37.43132920630738,37.43132920630738,0.0,0.0,1,1,1
ST000356,hsa00240,Pyrimidine Metabolism,0.4,42,imputation,6,3,3,Dihydrothymine,Dihydrothymine,97.86893336402704,97.86893336402704,0.0,0.0,1,1,1
ST000356,hsa00240,Pyrimidine Metabolism,0.4,43,imputation,6,3,3,5-Methyldeoxycytidine,5-Methyldeoxycytidine,37.43132920630738,37.43132920630738,0.0,0.0,1,1,1
ST000356,hsa00240,Pyrimidine Metabolism,0.4,44,imputation,6,3,3,Dihydrothymine,Dihydrothymine,97.86893336402704,97.86893336402704,0.0,0.0,1,1,1
ST000356,hsa00240,Pyrimidine Metabolism,0.4,45,imputation,6,3,3,5-Methyldeoxycytidine,5-Methyldeoxycytidine,37.43132920630738,37.43132920630738,0.0,0.0,1,1,1
ST000356,hsa00240,Pyrimidine Metabolism,0.4,46,imputation,6,3,3,Dihydrothymine,Dihydrothymine,97.86893336402704,97.86893336402704,0.0,0.0,1,1,1
ST000356,hsa00240,Pyrimidine Metabolism,0.4,47,imputation,6,3,3,Dihydrothymine,Dihydrothymine,97.86893336402704,97.86893336402704,0.0,0.0,1,1,1
ST000356,hsa00240,Pyrimidine Metabolism,0.4,48,imputation,6,3,3,5-Methyldeoxycytidine,5-Methyldeoxycytidine,37.43132920630738,37.43132920630738,0.0,0.0,1,1,1
ST000356,hsa00240,Pyrimidine Metabolism,0.4,49,imputation,6,3,3,5-Methyldeoxycytidine,5-Methyldeoxycytidine,37.43132920630738,37.43132920630738,0.0,0.0,1,1,1
ST000356,hsa00240,Pyrimidine Metabolism,0.4,50,imputation,6,3,3,Dihydrothymine,Dihydrothymine,97.86893336402704,97.86893336402704,0.0,0.0,1,1,1
ST000356,hsa00240,Pyrimidine Metabolism,0.4,51,imputation,6,3,3,Dihydrothymine,Dihydrothymine,97.86893336402704,97.86893336402704,0.0,0.0,1,1,1
ST000356,hsa00240,Pyrimidine Metabolism,0.4,52,imputation,6,3,3,5-Methyldeoxycytidine,5-Methyldeoxycytidine,37.43132920630738,37.43132920630738,0.0,0.0,1,1,1
ST000356,hsa00240,Pyrimidine Metabolism,0.4,53,imputation,6,3,3,uracil,uracil,0.3932751282106386,0.3932751282106386,0.0,0.0,1,1,1
ST000356,hsa00240,Pyrimidine Metabolism,0.4,54,imputation,6,3,3,Dihydrothymine,Dihydrothymine,97.86893336402704,97.86893336402704,0.0,0.0,1,1,1
ST000356,hsa00240,Pyrimidine Metabolism,0.4,55,imputation,6,3,3,Dihydrothymine,Dihydrothymine,97.86893336402704,97.86893336402704,0.0,0.0,1,1,1
ST000356,hsa00240,Pyrimidine Metabolism,0.4,56,imputation,6,3,3,Dihydrothymine,Dihydrothymine,97.86893336402704,97.86893336402704,0.0,0.0,1,1,1
ST000356,hsa00240,Pyrimidine Metabolism,0.4,57,imputation,6,3,3,Dihydrouracil,Dihydrouracil,0.9701428287913816,0.9701428287913816,0.0,0.0,1,1,1
ST000356,hsa00240,Pyrimidine Metabolism,0.4,58,imputation,6,3,3,Dihydrouracil,Dihydrouracil,0.9701428287913816,0.9701428287913816,0.0,0.0,1,1,1
ST000356,hsa00240,Pyrimidine Metabolism,0.4,59,imputation,6,3,3,Dihydrothymine,Dihydrothymine,97.86893336402704,97.86893336402704,0.0,0.0,1,1,1
ST000356,hsa00240,Pyrimidine Metabolism,0.4,60,imputation,6,3,3,Dihydrothymine,Dihydrothymine,97.86893336402704,97.86893336402704,0.0,0.0,1,1,1
ST000356,hsa00240,Pyrimidine Metabolism,0.4,61,imputation,6,3,3,Dihydrouracil,Dihydrouracil,0.9701428287913816,0.9701428287913816,0.0,0.0,1,1,1
ST000356,hsa00240,Pyrimidine Metabolism,0.4,62,imputation,6,3,3,5-Methyldeoxycytidine,5-Methyldeoxycytidine,37.43132920630738,37.43132920630738,0.0,0.0,1,1,1
ST000356,hsa00240,Pyrimidine Metabolism,0.4,63,imputation,6,3,3,Dihydrothymine,Dihydrothymine,97.86893336402704,97.86893336402704,0.0,0.0,1,1,1
ST000356,hsa00240,Pyrimidine Metabolism,0.4,64,imputation,6,3,3,5-Methyldeoxycytidine,5-Methyldeoxycytidine,37.43132920630738,37.43132920630738,0.0,0.0,1,1,1
ST000356,hsa00240,Pyrimidine Metabolism,0.4,65,imputation,6,3,3,Dihydrouracil,Dihydrouracil,0.9701428287913816,0.9701428287913816,0.0,0.0,1,1,1
ST000356,hsa00240,Pyrimidine Metabolism,0.4,66,imputation,6,3,3,5-Methyldeoxycytidine,5-Methyldeoxycytidine,37.43132920630738,37.43132920630738,0.0,0.0,1,1,1
ST000356,hsa00240,Pyrimidine Metabolism,0.4,67,imputation,6,3,3,Dihydrothymine,Dihydrothymine,97.86893336402704,97.86893336402704,0.0,0.0,1,1,1
ST000356,hsa00240,Pyrimidine Metabolism,0.4,68,imputation,6,3,3,Dihydrouracil,Dihydrouracil,0.9701428287913816,0.9701428287913816,0.0,0.0,1,1,1
ST000356,hsa00240,Pyrimidine Metabolism,0.4,69,imputation,6,3,3,Dihydrothymine,Dihydrothymine,97.86893336402704,97.86893336402704,0.0,0.0,1,1,1
ST000356,hsa00240,Pyrimidine Metabolism,0.4,70,imputation,6,3,3,Dihydrothymine,Dihydrothymine,97.86893336402704,97.86893336402704,0.0,0.0,1,1,1
ST000356,hsa00240,Pyrimidine Metabolism,0.4,71,imputation,6,3,3,Dihydrothymine,Dihydrothymine,97.86893336402704,97.86893336402704,0.0,0.0,1,1,1
ST000356,hsa00240,Pyrimidine Metabolism,0.4,72,imputation,6,3,3,5-Methyldeoxycytidine,5-Methyldeoxycytidine,37.43132920630738,37.43132920630738,0.0,0.0,1,1,1
ST000356,hsa00240,Pyrimidine Metabolism,0.4,73,imputation,6,3,3,Dihydrothymine,Dihydrothymine,97.86893336402704,97.86893336402704,0.0,0.0,1,1,1
ST000356,hsa00240,Pyrimidine Metabolism,0.4,74,imputation,6,3,3,Dihydrothymine,Dihydrothymine,97.86893336402704,97.86893336402704,0.0,0.0,1,1,1
ST000356,hsa00240,Pyrimidine Metabolism,0.4,75,imputation,6,3,3,uracil,uracil,0.3932751282106386,0.3932751282106386,0.0,0.0,1,1,1
ST000356,hsa00240,Pyrimidine Metabolism,0.4,76,imputation,6,3,3,Dihydrothymine,Dihydrothymine,97.86893336402704,97.86893336402704,0.0,0.0,1,1,1
ST000356,hsa00240,Pyrimidine Metabolism,0.4,77,imputation,6,3,3,Dihydrothymine,Dihydrothymine,97.86893336402704,97.86893336402704,0.0,0.0,1,1,1
ST000356,hsa00240,Pyrimidine Metabolism,0.4,78,imputation,6,3,3,uracil,uracil,0.3932751282106386,0.3932751282106386,0.0,0.0,1,1,1
ST000356,hsa00240,Pyrimidine Metabolism,0.4,79,imputation,6,3,3,5-Methyldeoxycytidine,5-Methyldeoxycytidine,37.43132920630738,37.43132920630738,0.0,0.0,1,1,1
ST000356,hsa00240,Pyrimidine Metabolism,0.4,80,imputation,6,3,3,Dihydrothymine,Dihydrothymine,97.86893336402704,97.86893336402704,0.0,0.0,1,1,1
ST000356,hsa00240,Pyrimidine Metabolism,0.4,81,imputation,6,3,3,Dihydrothymine,Dihydrothymine,97.86893336402704,97.86893336402704,0.0,0.0,1,1,1
ST000356,hsa00240,Pyrimidine Metabolism,0.4,82,imputation,6,3,3,Dihydrothymine,Dihydrothymine,97.86893336402704,97.86893336402704,0.0,0.0,1,1,1
ST000356,hsa00240,Pyrimidine Metabolism,0.4,83,imputation,6,3,3,Dihydrothymine,Dihydrothymine,97.86893336402704,97.86893336402704,0.0,0.0,1,1,1
ST000356,hsa00240,Pyrimidine Metabolism,0.4,84,imputation,6,3,3,5-Methyldeoxycytidine,5-Methyldeoxycytidine,37.43132920630738,37.43132920630738,0.0,0.0,1,1,1
ST000356,hsa00240,Pyrimidine Metabolism,0.4,85,imputation,6,3,3,5-Methyldeoxycytidine,5-Methyldeoxycytidine,37.43132920630738,37.43132920630738,0.0,0.0,1,1,1
ST000356,hsa00240,Pyrimidine Metabolism,0.4,86,imputation,6,3,3,Dihydrothymine,Dihydrothymine,97.86893336402704,97.86893336402704,0.0,0.0,1,1,1
ST000356,hsa00240,Pyrimidine Metabolism,0.4,87,imputation,6,3,3,Dihydrothymine,Dihydrothymine,97.86893336402704,97.86893336402704,0.0,0.0,1,1,1
ST000356,hsa00240,Pyrimidine Metabolism,0.4,88,imputation,6,3,3,Dihydrothymine,Dihydrothymine,97.86893336402704,97.86893336402704,0.0,0.0,1,1,1
ST000356,hsa00240,Pyrimidine Metabolism,0.4,89,imputation,6,3,3,Dihydrothymine,Dihydrothymine,97.86893336402704,97.86893336402704,0.0,0.0,1,1,1
ST000356,hsa00240,Pyrimidine Metabolism,0.4,90,imputation,6,3,3,Dihydrouracil,Dihydrouracil,0.9701428287913816,0.9701428287913816,0.0,0.0,1,1,1
ST000356,hsa00240,Pyrimidine Metabolism,0.4,91,imputation,6,3,3,Dihydrothymine,Dihydrothymine,97.86893336402704,97.86893336402704,0.0,0.0,1,1,1
ST000356,hsa00240,Pyrimidine Metabolism,0.4,92,imputation,6,3,3,Dihydrouracil,Dihydrouracil,0.9701428287913816,0.9701428287913816,0.0,0.0,1,1,1
ST000356,hsa00240,Pyrimidine Metabolism,0.4,93,imputation,6,3,3,Dihydrothymine,Dihydrothymine,97.86893336402704,97.86893336402704,0.0,0.0,1,1,1
ST000356,hsa00240,Pyrimidine Metabolism,0.4,94,imputation,6,3,3,5-Methyldeoxycytidine,5-Methyldeoxycytidine,37.43132920630738,37.43132920630738,0.0,0.0,1,1,1
ST000356,hsa00240,Pyrimidine Metabolism,0.4,95,imputation,6,3,3,5-Methyldeoxycytidine,5-Methyldeoxycytidine,37.43132920630738,37.43132920630738,0.0,0.0,1,1,1
ST000356,hsa00240,Pyrimidine Metabolism,0.4,96,imputation,6,3,3,Dihydrouracil,Dihydrouracil,0.9701428287913816,0.9701428287913816,0.0,0.0,1,1,1
ST000356,hsa00240,Pyrimidine Metabolism,0.4,97,imputation,6,3,3,Dihydrothymine,Dihydrothymine,97.86893336402704,97.86893336402704,0.0,0.0,1,1,1
ST000356,hsa00240,Pyrimidine Metabolism,0.4,98,imputation,6,3,3,Dihydrothymine,Dihydrothymine,97.86893336402704,97.86893336402704,0.0,0.0,1,1,1
ST000356,hsa00240,Pyrimidine Metabolism,0.4,99,imputation,6,3,3,5-Methyldeoxycytidine,5-Methyldeoxycytidine,37.43132920630738,37.43132920630738,0.0,0.0,1,1,1
ST000356,hsa00240,Pyrimidine Metabolism,0.4,100,imputation,6,3,3,Dihydrouracil,Dihydrouracil,0.9701428287913816,0.9701428287913816,0.0,0.0,1,1,1
ST000356,hsa00380,Tryptophan Metabolism,0.2,1,imputation,5,4,1,3-Indolebutyric acid,3-Indolebutyric acid,3.0038698552513745,3.0038698552513745,0.0,0.0,1,1,1
ST000356,hsa00380,Tryptophan Metabolism,0.2,2,imputation,5,4,1,Kynurenine,Kynurenine,3.3771217767074404,3.3771217767074404,0.0,0.0,1,1,1
ST000356,hsa00380,Tryptophan Metabolism,0.2,3,imputation,5,4,1,Indoleacrylic acid,Indoleacrylic acid,585.4477435790579,585.4477435790579,0.0,0.0,1,1,1
ST000356,hsa00380,Tryptophan Metabolism,0.2,4,imputation,5,4,1,3-Indolebutyric acid,3-Indolebutyric acid,3.0038698552513745,3.0038698552513745,0.0,0.0,1,1,1
ST000356,hsa00380,Tryptophan Metabolism,0.2,5,imputation,5,4,1,Indoleacrylic acid,Indoleacrylic acid,585.4477435790579,585.4477435790579,0.0,0.0,1,1,1
ST000356,hsa00380,Tryptophan Metabolism,0.2,6,imputation,5,4,1,Tryptophan,Tryptophan,2156.1933633717676,2156.1933633717676,0.0,0.0,1,1,1
ST000356,hsa00380,Tryptophan Metabolism,0.2,7,imputation,5,4,1,3-Indolebutyric acid,3-Indolebutyric acid,3.0038698552513745,3.0038698552513745,0.0,0.0,1,1,1
ST000356,hsa00380,Tryptophan Metabolism,0.2,8,imputation,5,4,1,Kynurenine,Kynurenine,3.3771217767074404,3.3771217767074404,0.0,0.0,1,1,1
ST000356,hsa00380,Tryptophan Metabolism,0.2,9,imputation,5,4,1,Indole,Indole,0.4354646420536416,0.4354646420536416,0.0,0.0,1,1,1
ST000356,hsa00380,Tryptophan Metabolism,0.2,10,imputation,5,4,1,Indoleacrylic acid,Indoleacrylic acid,585.4477435790579,585.4477435790579,0.0,0.0,1,1,1
ST000356,hsa00380,Tryptophan Metabolism,0.2,11,imputation,5,4,1,Tryptophan,Tryptophan,2156.1933633717676,2156.1933633717676,0.0,0.0,1,1,1
ST000356,hsa00380,Tryptophan Metabolism,0.2,12,imputation,5,4,1,Indole,Indole,0.4354646420536416,0.4354646420536416,0.0,0.0,1,1,1
ST000356,hsa00380,Tryptophan Metabolism,0.2,13,imputation,5,4,1,3-Indolebutyric acid,3-Indolebutyric acid,3.0038698552513745,3.0038698552513745,0.0,0.0,1,1,1
ST000356,hsa00380,Tryptophan Metabolism,0.2,14,imputation,5,4,1,Tryptophan,Tryptophan,2156.1933633717676,2156.1933633717676,0.0,0.0,1,1,1
ST000356,hsa00380,Tryptophan Metabolism,0.2,15,imputation,5,4,1,3-Indolebutyric acid,3-Indolebutyric acid,3.0038698552513745,3.0038698552513745,0.0,0.0,1,1,1
ST000356,hsa00380,Tryptophan Metabolism,0.2,16,imputation,5,4,1,Tryptophan,Tryptophan,2156.1933633717676,2156.1933633717676,0.0,0.0,1,1,1
ST000356,hsa00380,Tryptophan Metabolism,0.2,17,imputation,5,4,1,Indole,Indole,0.4354646420536416,0.4354646420536416,0.0,0.0,1,1,1
ST000356,hsa00380,Tryptophan Metabolism,0.2,18,imputation,5,4,1,Indoleacrylic acid,Indoleacrylic acid,585.4477435790579,585.4477435790579,0.0,0.0,1,1,1
ST000356,hsa00380,Tryptophan Metabolism,0.2,19,imputation,5,4,1,Kynurenine,Kynurenine,3.3771217767074404,3.3771217767074404,0.0,0.0,1,1,1
ST000356,hsa00380,Tryptophan Metabolism,0.2,20,imputation,5,4,1,Tryptophan,Tryptophan,2156.1933633717676,2156.1933633717676,0.0,0.0,1,1,1
ST000356,hsa00380,Tryptophan Metabolism,0.2,21,imputation,5,4,1,Kynurenine,Kynurenine,3.3771217767074404,3.3771217767074404,0.0,0.0,1,1,1
ST000356,hsa00380,Tryptophan Metabolism,0.2,22,imputation,5,4,1,Kynurenine,Kynurenine,3.3771217767074404,3.3771217767074404,0.0,0.0,1,1,1
ST000356,hsa00380,Tryptophan Metabolism,0.2,23,imputation,5,4,1,Kynurenine,Kynurenine,3.3771217767074404,3.3771217767074404,0.0,0.0,1,1,1
ST000356,hsa00380,Tryptophan Metabolism,0.2,24,imputation,5,4,1,3-Indolebutyric acid,3-Indolebutyric acid,3.0038698552513745,3.0038698552513745,0.0,0.0,1,1,1
ST000356,hsa00380,Tryptophan Metabolism,0.2,25,imputation,5,4,1,3-Indolebutyric acid,3-Indolebutyric acid,3.0038698552513745,3.0038698552513745,0.0,0.0,1,1,1
ST000356,hsa00380,Tryptophan Metabolism,0.2,26,imputation,5,4,1,Kynurenine,Kynurenine,3.3771217767074404,3.3771217767074404,0.0,0.0,1,1,1
ST000356,hsa00380,Tryptophan Metabolism,0.2,27,imputation,5,4,1,3-Indolebutyric acid,3-Indolebutyric acid,3.0038698552513745,3.0038698552513745,0.0,0.0,1,1,1
ST000356,hsa00380,Tryptophan Metabolism,0.2,28,imputation,5,4,1,3-Indolebutyric acid,3-Indolebutyric acid,3.0038698552513745,3.0038698552513745,0.0,0.0,1,1,1
ST000356,hsa00380,Tryptophan Metabolism,0.2,29,imputation,5,4,1,Indoleacrylic acid,Indoleacrylic acid,585.4477435790579,585.4477435790579,0.0,0.0,1,1,1
ST000356,hsa00380,Tryptophan Metabolism,0.2,30,imputation,5,4,1,3-Indolebutyric acid,3-Indolebutyric acid,3.0038698552513745,3.0038698552513745,0.0,0.0,1,1,1
ST000356,hsa00380,Tryptophan Metabolism,0.2,31,imputation,5,4,1,Indoleacrylic acid,Indoleacrylic acid,585.4477435790579,585.4477435790579,0.0,0.0,1,1,1
ST000356,hsa00380,Tryptophan Metabolism,0.2,32,imputation,5,4,1,Tryptophan,Tryptophan,2156.1933633717676,2156.1933633717676,0.0,0.0,1,1,1
ST000356,hsa00380,Tryptophan Metabolism,0.2,33,imputation,5,4,1,Kynurenine,Kynurenine,3.3771217767074404,3.3771217767074404,0.0,0.0,1,1,1
ST000356,hsa00380,Tryptophan Metabolism,0.2,34,imputation,5,4,1,Indoleacrylic acid,Indoleacrylic acid,585.4477435790579,585.4477435790579,0.0,0.0,1,1,1
ST000356,hsa00380,Tryptophan Metabolism,0.2,35,imputation,5,4,1,Indoleacrylic acid,Indoleacrylic acid,585.4477435790579,585.4477435790579,0.0,0.0,1,1,1
ST000356,hsa00380,Tryptophan Metabolism,0.2,36,imputation,5,4,1,Indole,Indole,0.4354646420536416,0.4354646420536416,0.0,0.0,1,1,1
ST000356,hsa00380,Tryptophan Metabolism,0.2,37,imputation,5,4,1,Indole,Indole,0.4354646420536416,0.4354646420536416,0.0,0.0,1,1,1
ST000356,hsa00380,Tryptophan Metabolism,0.2,38,imputation,5,4,1,Indoleacrylic acid,Indoleacrylic acid,585.4477435790579,585.4477435790579,0.0,0.0,1,1,1
ST000356,hsa00380,Tryptophan Metabolism,0.2,39,imputation,5,4,1,Tryptophan,Tryptophan,2156.1933633717676,2156.1933633717676,0.0,0.0,1,1,1
ST000356,hsa00380,Tryptophan Metabolism,0.2,40,imputation,5,4,1,Indole,Indole,0.4354646420536416,0.4354646420536416,0.0,0.0,1,1,1
ST000356,hsa00380,Tryptophan Metabolism,0.2,41,imputation,5,4,1,Kynurenine,Kynurenine,3.3771217767074404,3.3771217767074404,0.0,0.0,1,1,1
ST000356,hsa00380,Tryptophan Metabolism,0.2,42,imputation,5,4,1,Indoleacrylic acid,Indoleacrylic acid,585.4477435790579,585.4477435790579,0.0,0.0,1,1,1
ST000356,hsa00380,Tryptophan Metabolism,0.2,43,imputation,5,4,1,Indole,Indole,0.4354646420536416,0.4354646420536416,0.0,0.0,1,1,1
ST000356,hsa00380,Tryptophan Metabolism,0.2,44,imputation,5,4,1,3-Indolebutyric acid,3-Indolebutyric acid,3.0038698552513745,3.0038698552513745,0.0,0.0,1,1,1
ST000356,hsa00380,Tryptophan Metabolism,0.2,45,imputation,5,4,1,Indole,Indole,0.4354646420536416,0.4354646420536416,0.0,0.0,1,1,1
ST000356,hsa00380,Tryptophan Metabolism,0.2,46,imputation,5,4,1,Kynurenine,Kynurenine,3.3771217767074404,3.3771217767074404,0.0,0.0,1,1,1
ST000356,hsa00380,Tryptophan Metabolism,0.2,47,imputation,5,4,1,3-Indolebutyric acid,3-Indolebutyric acid,3.0038698552513745,3.0038698552513745,0.0,0.0,1,1,1
ST000356,hsa00380,Tryptophan Metabolism,0.2,48,imputation,5,4,1,Indole,Indole,0.4354646420536416,0.4354646420536416,0.0,0.0,1,1,1
ST000356,hsa00380,Tryptophan Metabolism,0.2,49,imputation,5,4,1,3-Indolebutyric acid,3-Indolebutyric acid,3.0038698552513745,3.0038698552513745,0.0,0.0,1,1,1
ST000356,hsa00380,Tryptophan Metabolism,0.2,50,imputation,5,4,1,Kynurenine,Kynurenine,3.3771217767074404,3.3771217767074404,0.0,0.0,1,1,1
ST000356,hsa00380,Tryptophan Metabolism,0.2,51,imputation,5,4,1,Kynurenine,Kynurenine,3.3771217767074404,3.3771217767074404,0.0,0.0,1,1,1
ST000356,hsa00380,Tryptophan Metabolism,0.2,52,imputation,5,4,1,Tryptophan,Tryptophan,2156.1933633717676,2156.1933633717676,0.0,0.0,1,1,1
ST000356,hsa00380,Tryptophan Metabolism,0.2,53,imputation,5,4,1,Tryptophan,Tryptophan,2156.1933633717676,2156.1933633717676,0.0,0.0,1,1,1
ST000356,hsa00380,Tryptophan Metabolism,0.2,54,imputation,5,4,1,Indoleacrylic acid,Indoleacrylic acid,585.4477435790579,585.4477435790579,0.0,0.0,1,1,1
ST000356,hsa00380,Tryptophan Metabolism,0.2,55,imputation,5,4,1,Indole,Indole,0.4354646420536416,0.4354646420536416,0.0,0.0,1,1,1
ST000356,hsa00380,Tryptophan Metabolism,0.2,56,imputation,5,4,1,Indoleacrylic acid,Indoleacrylic acid,585.4477435790579,585.4477435790579,0.0,0.0,1,1,1
ST000356,hsa00380,Tryptophan Metabolism,0.2,57,imputation,5,4,1,Kynurenine,Kynurenine,3.3771217767074404,3.3771217767074404,0.0,0.0,1,1,1
ST000356,hsa00380,Tryptophan Metabolism,0.2,58,imputation,5,4,1,Indole,Indole,0.4354646420536416,0.4354646420536416,0.0,0.0,1,1,1
ST000356,hsa00380,Tryptophan Metabolism,0.2,59,imputation,5,4,1,Tryptophan,Tryptophan,2156.1933633717676,2156.1933633717676,0.0,0.0,1,1,1
ST000356,hsa00380,Tryptophan Metabolism,0.2,60,imputation,5,4,1,Indole,Indole,0.4354646420536416,0.4354646420536416,0.0,0.0,1,1,1
ST000356,hsa00380,Tryptophan Metabolism,0.2,61,imputation,5,4,1,Kynurenine,Kynurenine,3.3771217767074404,3.3771217767074404,0.0,0.0,1,1,1
ST000356,hsa00380,Tryptophan Metabolism,0.2,62,imputation,5,4,1,3-Indolebutyric acid,3-Indolebutyric acid,3.0038698552513745,3.0038698552513745,0.0,0.0,1,1,1
ST000356,hsa00380,Tryptophan Metabolism,0.2,63,imputation,5,4,1,Tryptophan,Tryptophan,2156.1933633717676,2156.1933633717676,0.0,0.0,1,1,1
ST000356,hsa00380,Tryptophan Metabolism,0.2,64,imputation,5,4,1,Kynurenine,Kynurenine,3.3771217767074404,3.3771217767074404,0.0,0.0,1,1,1
ST000356,hsa00380,Tryptophan Metabolism,0.2,65,imputation,5,4,1,Indole,Indole,0.4354646420536416,0.4354646420536416,0.0,0.0,1,1,1
ST000356,hsa00380,Tryptophan Metabolism,0.2,66,imputation,5,4,1,Indole,Indole,0.4354646420536416,0.4354646420536416,0.0,0.0,1,1,1
ST000356,hsa00380,Tryptophan Metabolism,0.2,67,imputation,5,4,1,Indoleacrylic acid,Indoleacrylic acid,585.4477435790579,585.4477435790579,0.0,0.0,1,1,1
ST000356,hsa00380,Tryptophan Metabolism,0.2,68,imputation,5,4,1,Kynurenine,Kynurenine,3.3771217767074404,3.3771217767074404,0.0,0.0,1,1,1
ST000356,hsa00380,Tryptophan Metabolism,0.2,69,imputation,5,4,1,Indole,Indole,0.4354646420536416,0.4354646420536416,0.0,0.0,1,1,1
ST000356,hsa00380,Tryptophan Metabolism,0.2,70,imputation,5,4,1,Kynurenine,Kynurenine,3.3771217767074404,3.3771217767074404,0.0,0.0,1,1,1
ST000356,hsa00380,Tryptophan Metabolism,0.2,71,imputation,5,4,1,3-Indolebutyric acid,3-Indolebutyric acid,3.0038698552513745,3.0038698552513745,0.0,0.0,1,1,1
ST000356,hsa00380,Tryptophan Metabolism,0.2,72,imputation,5,4,1,Indole,Indole,0.4354646420536416,0.4354646420536416,0.0,0.0,1,1,1
ST000356,hsa00380,Tryptophan Metabolism,0.2,73,imputation,5,4,1,Indoleacrylic acid,Indoleacrylic acid,585.4477435790579,585.4477435790579,0.0,0.0,1,1,1
ST000356,hsa00380,Tryptophan Metabolism,0.2,74,imputation,5,4,1,Tryptophan,Tryptophan,2156.1933633717676,2156.1933633717676,0.0,0.0,1,1,1
ST000356,hsa00380,Tryptophan Metabolism,0.2,75,imputation,5,4,1,Indole,Indole,0.4354646420536416,0.4354646420536416,0.0,0.0,1,1,1
ST000356,hsa00380,Tryptophan Metabolism,0.2,76,imputation,5,4,1,Indole,Indole,0.4354646420536416,0.4354646420536416,0.0,0.0,1,1,1
ST000356,hsa00380,Tryptophan Metabolism,0.2,77,imputation,5,4,1,Indoleacrylic acid,Indoleacrylic acid,585.4477435790579,585.4477435790579,0.0,0.0,1,1,1
ST000356,hsa00380,Tryptophan Metabolism,0.2,78,imputation,5,4,1,Tryptophan,Tryptophan,2156.1933633717676,2156.1933633717676,0.0,0.0,1,1,1
ST000356,hsa00380,Tryptophan Metabolism,0.2,79,imputation,5,4,1,3-Indolebutyric acid,3-Indolebutyric acid,3.0038698552513745,3.0038698552513745,0.0,0.0,1,1,1
ST000356,hsa00380,Tryptophan Metabolism,0.2,80,imputation,5,4,1,Tryptophan,Tryptophan,2156.1933633717676,2156.1933633717676,0.0,0.0,1,1,1
ST000356,hsa00380,Tryptophan Metabolism,0.2,81,imputation,5,4,1,3-Indolebutyric acid,3-Indolebutyric acid,3.0038698552513745,3.0038698552513745,0.0,0.0,1,1,1
ST000356,hsa00380,Tryptophan Metabolism,0.2,82,imputation,5,4,1,Indoleacrylic acid,Indoleacrylic acid,585.4477435790579,585.4477435790579,0.0,0.0,1,1,1
ST000356,hsa00380,Tryptophan Metabolism,0.2,83,imputation,5,4,1,Indole,Indole,0.4354646420536416,0.4354646420536416,0.0,0.0,1,1,1
ST000356,hsa00380,Tryptophan Metabolism,0.2,84,imputation,5,4,1,Tryptophan,Tryptophan,2156.1933633717676,2156.1933633717676,0.0,0.0,1,1,1
ST000356,hsa00380,Tryptophan Metabolism,0.2,85,imputation,5,4,1,3-Indolebutyric acid,3-Indolebutyric acid,3.0038698552513745,3.0038698552513745,0.0,0.0,1,1,1
ST000356,hsa00380,Tryptophan Metabolism,0.2,86,imputation,5,4,1,Indole,Indole,0.4354646420536416,0.4354646420536416,0.0,0.0,1,1,1
ST000356,hsa00380,Tryptophan Metabolism,0.2,87,imputation,5,4,1,Tryptophan,Tryptophan,2156.1933633717676,2156.1933633717676,0.0,0.0,1,1,1
ST000356,hsa00380,Tryptophan Metabolism,0.2,88,imputation,5,4,1,Tryptophan,Tryptophan,2156.1933633717676,2156.1933633717676,0.0,0.0,1,1,1
ST000356,hsa00380,Tryptophan Metabolism,0.2,89,imputation,5,4,1,Indoleacrylic acid,Indoleacrylic acid,585.4477435790579,585.4477435790579,0.0,0.0,1,1,1
ST000356,hsa00380,Tryptophan Metabolism,0.2,90,imputation,5,4,1,Kynurenine,Kynurenine,3.3771217767074404,3.3771217767074404,0.0,0.0,1,1,1
ST000356,hsa00380,Tryptophan Metabolism,0.2,91,imputation,5,4,1,Kynurenine,Kynurenine,3.3771217767074404,3.3771217767074404,0.0,0.0,1,1,1
ST000356,hsa00380,Tryptophan Metabolism,0.2,92,imputation,5,4,1,Kynurenine,Kynurenine,3.3771217767074404,3.3771217767074404,0.0,0.0,1,1,1
ST000356,hsa00380,Tryptophan Metabolism,0.2,93,imputation,5,4,1,Indoleacrylic acid,Indoleacrylic acid,585.4477435790579,585.4477435790579,0.0,0.0,1,1,1
ST000356,hsa00380,Tryptophan Metabolism,0.2,94,imputation,5,4,1,Tryptophan,Tryptophan,2156.1933633717676,2156.1933633717676,0.0,0.0,1,1,1
ST000356,hsa00380,Tryptophan Metabolism,0.2,95,imputation,5,4,1,3-Indolebutyric acid,3-Indolebutyric acid,3.0038698552513745,3.0038698552513745,0.0,0.0,1,1,1
ST000356,hsa00380,Tryptophan Metabolism,0.2,96,imputation,5,4,1,Indole,Indole,0.4354646420536416,0.4354646420536416,0.0,0.0,1,1,1
ST000356,hsa00380,Tryptophan Metabolism,0.2,97,imputation,5,4,1,3-Indolebutyric acid,3-Indolebutyric acid,3.0038698552513745,3.0038698552513745,0.0,0.0,1,1,1
ST000356,hsa00380,Tryptophan Metabolism,0.2,98,imputation,5,4,1,3-Indolebutyric acid,3-Indolebutyric acid,3.0038698552513745,3.0038698552513745,0.0,0.0,1,1,1
ST000356,hsa00380,Tryptophan Metabolism,0.2,99,imputation,5,4,1,Tryptophan,Tryptophan,2156.1933633717676,2156.1933633717676,0.0,0.0,1,1,1
ST000356,hsa00380,Tryptophan Metabolism,0.2,100,imputation,5,4,1,Tryptophan,Tryptophan,2156.1933633717676,2156.1933633717676,0.0,0.0,1,1,1
ST000356,hsa00380,Tryptophan Metabolism,0.3,1,imputation,5,3,2,Indoleacrylic acid,Indoleacrylic acid,585.4477435790579,585.4477435790579,0.0,0.0,1,1,1
ST000356,hsa00380,Tryptophan Metabolism,0.3,2,imputation,5,3,2,Kynurenine,Kynurenine,3.3771217767074404,3.3771217767074404,0.0,0.0,1,1,1
ST000356,hsa00380,Tryptophan Metabolism,0.3,3,imputation,5,3,2,Indoleacrylic acid,Indoleacrylic acid,585.4477435790579,585.4477435790579,0.0,0.0,1,1,1
ST000356,hsa00380,Tryptophan Metabolism,0.3,4,imputation,5,3,2,Kynurenine,Kynurenine,3.3771217767074404,3.3771217767074404,0.0,0.0,1,1,1
ST000356,hsa00380,Tryptophan Metabolism,0.3,5,imputation,5,3,2,Indoleacrylic acid,Indoleacrylic acid,585.4477435790579,585.4477435790579,0.0,0.0,1,1,1
ST000356,hsa00380,Tryptophan Metabolism,0.3,6,imputation,5,3,2,Tryptophan,Tryptophan,2156.1933633717676,2156.1933633717676,0.0,0.0,1,1,1
ST000356,hsa00380,Tryptophan Metabolism,0.3,7,imputation,5,3,2,Indoleacrylic acid,Indoleacrylic acid,585.4477435790579,585.4477435790579,0.0,0.0,1,1,1
ST000356,hsa00380,Tryptophan Metabolism,0.3,8,imputation,5,3,2,Indoleacrylic acid,Indoleacrylic acid,585.4477435790579,585.4477435790579,0.0,0.0,1,1,1
ST000356,hsa00380,Tryptophan Metabolism,0.3,9,imputation,5,3,2,Tryptophan,Tryptophan,2156.1933633717676,2156.1933633717676,0.0,0.0,1,1,1
ST000356,hsa00380,Tryptophan Metabolism,0.3,10,imputation,5,3,2,Indoleacrylic acid,Indoleacrylic acid,585.4477435790579,585.4477435790579,0.0,0.0,1,1,1
ST000356,hsa00380,Tryptophan Metabolism,0.3,11,imputation,5,3,2,Tryptophan,Tryptophan,2156.1933633717676,2156.1933633717676,0.0,0.0,1,1,1
ST000356,hsa00380,Tryptophan Metabolism,0.3,12,imputation,5,3,2,Kynurenine,Kynurenine,3.3771217767074404,3.3771217767074404,0.0,0.0,1,1,1
ST000356,hsa00380,Tryptophan Metabolism,0.3,13,imputation,5,3,2,3-Indolebutyric acid,3-Indolebutyric acid,3.0038698552513745,3.0038698552513745,0.0,0.0,1,1,1
ST000356,hsa00380,Tryptophan Metabolism,0.3,14,imputation,5,3,2,Tryptophan,Tryptophan,2156.1933633717676,2156.1933633717676,0.0,0.0,1,1,1
ST000356,hsa00380,Tryptophan Metabolism,0.3,15,imputation,5,3,2,Indoleacrylic acid,Indoleacrylic acid,585.4477435790579,585.4477435790579,0.0,0.0,1,1,1
ST000356,hsa00380,Tryptophan Metabolism,0.3,16,imputation,5,3,2,Tryptophan,Tryptophan,2156.1933633717676,2156.1933633717676,0.0,0.0,1,1,1
ST000356,hsa00380,Tryptophan Metabolism,0.3,17,imputation,5,3,2,3-Indolebutyric acid,3-Indolebutyric acid,3.0038698552513745,3.0038698552513745,0.0,0.0,1,1,1
ST000356,hsa00380,Tryptophan Metabolism,0.3,18,imputation,5,3,2,Tryptophan,Tryptophan,2156.1933633717676,2156.1933633717676,0.0,0.0,1,1,1
ST000356,hsa00380,Tryptophan Metabolism,0.3,19,imputation,5,3,2,Kynurenine,Kynurenine,3.3771217767074404,3.3771217767074404,0.0,0.0,1,1,1
ST000356,hsa00380,Tryptophan Metabolism,0.3,20,imputation,5,3,2,Tryptophan,Tryptophan,2156.1933633717676,2156.1933633717676,0.0,0.0,1,1,1
ST000356,hsa00380,Tryptophan Metabolism,0.3,21,imputation,5,3,2,Tryptophan,Tryptophan,2156.1933633717676,2156.1933633717676,0.0,0.0,1,1,1
ST000356,hsa00380,Tryptophan Metabolism,0.3,22,imputation,5,3,2,Kynurenine,Kynurenine,3.3771217767074404,3.3771217767074404,0.0,0.0,1,1,1
ST000356,hsa00380,Tryptophan Metabolism,0.3,23,imputation,5,3,2,Indoleacrylic acid,Indoleacrylic acid,585.4477435790579,585.4477435790579,0.0,0.0,1,1,1
ST000356,hsa00380,Tryptophan Metabolism,0.3,24,imputation,5,3,2,Indoleacrylic acid,Indoleacrylic acid,585.4477435790579,585.4477435790579,0.0,0.0,1,1,1
ST000356,hsa00380,Tryptophan Metabolism,0.3,25,imputation,5,3,2,Tryptophan,Tryptophan,2156.1933633717676,2156.1933633717676,0.0,0.0,1,1,1
ST000356,hsa00380,Tryptophan Metabolism,0.3,26,imputation,5,3,2,Kynurenine,Kynurenine,3.3771217767074404,3.3771217767074404,0.0,0.0,1,1,1
ST000356,hsa00380,Tryptophan Metabolism,0.3,27,imputation,5,3,2,Tryptophan,Tryptophan,2156.1933633717676,2156.1933633717676,0.0,0.0,1,1,1
ST000356,hsa00380,Tryptophan Metabolism,0.3,28,imputation,5,3,2,Indoleacrylic acid,Indoleacrylic acid,585.4477435790579,585.4477435790579,0.0,0.0,1,1,1
ST000356,hsa00380,Tryptophan Metabolism,0.3,29,imputation,5,3,2,Indoleacrylic acid,Indoleacrylic acid,585.4477435790579,585.4477435790579,0.0,0.0,1,1,1
ST000356,hsa00380,Tryptophan Metabolism,0.3,30,imputation,5,3,2,3-Indolebutyric acid,3-Indolebutyric acid,3.0038698552513745,3.0038698552513745,0.0,0.0,1,1,1
ST000356,hsa00380,Tryptophan Metabolism,0.3,31,imputation,5,3,2,Indoleacrylic acid,Indoleacrylic acid,585.4477435790579,585.4477435790579,0.0,0.0,1,1,1
ST000356,hsa00380,Tryptophan Metabolism,0.3,32,imputation,5,3,2,Tryptophan,Tryptophan,2156.1933633717676,2156.1933633717676,0.0,0.0,1,1,1
ST000356,hsa00380,Tryptophan Metabolism,0.3,33,imputation,5,3,2,Tryptophan,Tryptophan,2156.1933633717676,2156.1933633717676,0.0,0.0,1,1,1
ST000356,hsa00380,Tryptophan Metabolism,0.3,34,imputation,5,3,2,Indoleacrylic acid,Indoleacrylic acid,585.4477435790579,585.4477435790579,0.0,0.0,1,1,1
ST000356,hsa00380,Tryptophan Metabolism,0.3,35,imputation,5,3,2,Tryptophan,Tryptophan,2156.1933633717676,2156.1933633717676,0.0,0.0,1,1,1
ST000356,hsa00380,Tryptophan Metabolism,0.3,36,imputation,5,3,2,3-Indolebutyric acid,3-Indolebutyric acid,3.0038698552513745,3.0038698552513745,0.0,0.0,1,1,1
ST000356,hsa00380,Tryptophan Metabolism,0.3,37,imputation,5,3,2,Kynurenine,Kynurenine,3.3771217767074404,3.3771217767074404,0.0,0.0,1,1,1
ST000356,hsa00380,Tryptophan Metabolism,0.3,38,imputation,5,3,2,Indoleacrylic acid,Indoleacrylic acid,585.4477435790579,585.4477435790579,0.0,0.0,1,1,1
ST000356,hsa00380,Tryptophan Metabolism,0.3,39,imputation,5,3,2,Tryptophan,Tryptophan,2156.1933633717676,2156.1933633717676,0.0,0.0,1,1,1
ST000356,hsa00380,Tryptophan Metabolism,0.3,40,imputation,5,3,2,Kynurenine,Kynurenine,3.3771217767074404,3.3771217767074404,0.0,0.0,1,1,1
ST000356,hsa00380,Tryptophan Metabolism,0.3,41,imputation,5,3,2,Tryptophan,Tryptophan,2156.1933633717676,2156.1933633717676,0.0,0.0,1,1,1
ST000356,hsa00380,Tryptophan Metabolism,0.3,42,imputation,5,3,2,Indoleacrylic acid,Indoleacrylic acid,585.4477435790579,585.4477435790579,0.0,0.0,1,1,1
ST000356,hsa00380,Tryptophan Metabolism,0.3,43,imputation,5,3,2,3-Indolebutyric acid,3-Indolebutyric acid,3.0038698552513745,3.0038698552513745,0.0,0.0,1,1,1
ST000356,hsa00380,Tryptophan Metabolism,0.3,44,imputation,5,3,2,Indoleacrylic acid,Indoleacrylic acid,585.4477435790579,585.4477435790579,0.0,0.0,1,1,1
ST000356,hsa00380,Tryptophan Metabolism,0.3,45,imputation,5,3,2,Tryptophan,Tryptophan,2156.1933633717676,2156.1933633717676,0.0,0.0,1,1,1
ST000356,hsa00380,Tryptophan Metabolism,0.3,46,imputation,5,3,2,Kynurenine,Kynurenine,3.3771217767074404,3.3771217767074404,0.0,0.0,1,1,1
ST000356,hsa00380,Tryptophan Metabolism,0.3,47,imputation,5,3,2,Indoleacrylic acid,Indoleacrylic acid,585.4477435790579,585.4477435790579,0.0,0.0,1,1,1
ST000356,hsa00380,Tryptophan Metabolism,0.3,48,imputation,5,3,2,3-Indolebutyric acid,3-Indolebutyric acid,3.0038698552513745,3.0038698552513745,0.0,0.0,1,1,1
ST000356,hsa00380,Tryptophan Metabolism,0.3,49,imputation,5,3,2,3-Indolebutyric acid,3-Indolebutyric acid,3.0038698552513745,3.0038698552513745,0.0,0.0,1,1,1
ST000356,hsa00380,Tryptophan Metabolism,0.3,50,imputation,5,3,2,Indoleacrylic acid,Indoleacrylic acid,585.4477435790579,585.4477435790579,0.0,0.0,1,1,1
ST000356,hsa00380,Tryptophan Metabolism,0.3,51,imputation,5,3,2,Indoleacrylic acid,Indoleacrylic acid,585.4477435790579,585.4477435790579,0.0,0.0,1,1,1
ST000356,hsa00380,Tryptophan Metabolism,0.3,52,imputation,5,3,2,Tryptophan,Tryptophan,2156.1933633717676,2156.1933633717676,0.0,0.0,1,1,1
ST000356,hsa00380,Tryptophan Metabolism,0.3,53,imputation,5,3,2,Tryptophan,Tryptophan,2156.1933633717676,2156.1933633717676,0.0,0.0,1,1,1
ST000356,hsa00380,Tryptophan Metabolism,0.3,54,imputation,5,3,2,Tryptophan,Tryptophan,2156.1933633717676,2156.1933633717676,0.0,0.0,1,1,1
ST000356,hsa00380,Tryptophan Metabolism,0.3,55,imputation,5,3,2,Kynurenine,Kynurenine,3.3771217767074404,3.3771217767074404,0.0,0.0,1,1,1
ST000356,hsa00380,Tryptophan Metabolism,0.3,56,imputation,5,3,2,Indoleacrylic acid,Indoleacrylic acid,585.4477435790579,585.4477435790579,0.0,0.0,1,1,1
ST000356,hsa00380,Tryptophan Metabolism,0.3,57,imputation,5,3,2,Tryptophan,Tryptophan,2156.1933633717676,2156.1933633717676,0.0,0.0,1,1,1
ST000356,hsa00380,Tryptophan Metabolism,0.3,58,imputation,5,3,2,Kynurenine,Kynurenine,3.3771217767074404,3.3771217767074404,0.0,0.0,1,1,1
ST000356,hsa00380,Tryptophan Metabolism,0.3,59,imputation,5,3,2,Tryptophan,Tryptophan,2156.1933633717676,2156.1933633717676,0.0,0.0,1,1,1
ST000356,hsa00380,Tryptophan Metabolism,0.3,60,imputation,5,3,2,Indoleacrylic acid,Indoleacrylic acid,585.4477435790579,585.4477435790579,0.0,0.0,1,1,1
ST000356,hsa00380,Tryptophan Metabolism,0.3,61,imputation,5,3,2,Kynurenine,Kynurenine,3.3771217767074404,3.3771217767074404,0.0,0.0,1,1,1
ST000356,hsa00380,Tryptophan Metabolism,0.3,62,imputation,5,3,2,3-Indolebutyric acid,3-Indolebutyric acid,3.0038698552513745,3.0038698552513745,0.0,0.0,1,1,1
ST000356,hsa00380,Tryptophan Metabolism,0.3,63,imputation,5,3,2,Tryptophan,Tryptophan,2156.1933633717676,2156.1933633717676,0.0,0.0,1,1,1
ST000356,hsa00380,Tryptophan Metabolism,0.3,64,imputation,5,3,2,Kynurenine,Kynurenine,3.3771217767074404,3.3771217767074404,0.0,0.0,1,1,1
ST000356,hsa00380,Tryptophan Metabolism,0.3,65,imputation,5,3,2,Kynurenine,Kynurenine,3.3771217767074404,3.3771217767074404,0.0,0.0,1,1,1
ST000356,hsa00380,Tryptophan Metabolism,0.3,66,imputation,5,3,2,3-Indolebutyric acid,3-Indolebutyric acid,3.0038698552513745,3.0038698552513745,0.0,0.0,1,1,1
ST000356,hsa00380,Tryptophan Metabolism,0.3,67,imputation,5,3,2,Indoleacrylic acid,Indoleacrylic acid,585.4477435790579,585.4477435790579,0.0,0.0,1,1,1
ST000356,hsa00380,Tryptophan Metabolism,0.3,68,imputation,5,3,2,Kynurenine,Kynurenine,3.3771217767074404,3.3771217767074404,0.0,0.0,1,1,1
ST000356,hsa00380,Tryptophan Metabolism,0.3,69,imputation,5,3,2,Indoleacrylic acid,Indoleacrylic acid,585.4477435790579,585.4477435790579,0.0,0.0,1,1,1
ST000356,hsa00380,Tryptophan Metabolism,0.3,70,imputation,5,3,2,Indoleacrylic acid,Indoleacrylic acid,585.4477435790579,585.4477435790579,0.0,0.0,1,1,1
ST000356,hsa00380,Tryptophan Metabolism,0.3,71,imputation,5,3,2,Indoleacrylic acid,Indoleacrylic acid,585.4477435790579,585.4477435790579,0.0,0.0,1,1,1
ST000356,hsa00380,Tryptophan Metabolism,0.3,72,imputation,5,3,2,3-Indolebutyric acid,3-Indolebutyric acid,3.0038698552513745,3.0038698552513745,0.0,0.0,1,1,1
ST000356,hsa00380,Tryptophan Metabolism,0.3,73,imputation,5,3,2,Indoleacrylic acid,Indoleacrylic acid,585.4477435790579,585.4477435790579,0.0,0.0,1,1,1
ST000356,hsa00380,Tryptophan Metabolism,0.3,74,imputation,5,3,2,Tryptophan,Tryptophan,2156.1933633717676,2156.1933633717676,0.0,0.0,1,1,1
ST000356,hsa00380,Tryptophan Metabolism,0.3,75,imputation,5,3,2,Tryptophan,Tryptophan,2156.1933633717676,2156.1933633717676,0.0,0.0,1,1,1
ST000356,hsa00380,Tryptophan Metabolism,0.3,76,imputation,5,3,2,Indoleacrylic acid,Indoleacrylic acid,585.4477435790579,585.4477435790579,0.0,0.0,1,1,1
ST000356,hsa00380,Tryptophan Metabolism,0.3,77,imputation,5,3,2,Indoleacrylic acid,Indoleacrylic acid,585.4477435790579,585.4477435790579,0.0,0.0,1,1,1
ST000356,hsa00380,Tryptophan Metabolism,0.3,78,imputation,5,3,2,Tryptophan,Tryptophan,2156.1933633717676,2156.1933633717676,0.0,0.0,1,1,1
ST000356,hsa00380,Tryptophan Metabolism,0.3,79,imputation,5,3,2,3-Indolebutyric acid,3-Indolebutyric acid,3.0038698552513745,3.0038698552513745,0.0,0.0,1,1,1
ST000356,hsa00380,Tryptophan Metabolism,0.3,80,imputation,5,3,2,Tryptophan,Tryptophan,2156.1933633717676,2156.1933633717676,0.0,0.0,1,1,1
ST000356,hsa00380,Tryptophan Metabolism,0.3,81,imputation,5,3,2,Indoleacrylic acid,Indoleacrylic acid,585.4477435790579,585.4477435790579,0.0,0.0,1,1,1
ST000356,hsa00380,Tryptophan Metabolism,0.3,82,imputation,5,3,2,Indoleacrylic acid,Indoleacrylic acid,585.4477435790579,585.4477435790579,0.0,0.0,1,1,1
ST000356,hsa00380,Tryptophan Metabolism,0.3,83,imputation,5,3,2,Tryptophan,Tryptophan,2156.1933633717676,2156.1933633717676,0.0,0.0,1,1,1
ST000356,hsa00380,Tryptophan Metabolism,0.3,84,imputation,5,3,2,Tryptophan,Tryptophan,2156.1933633717676,2156.1933633717676,0.0,0.0,1,1,1
ST000356,hsa00380,Tryptophan Metabolism,0.3,85,imputation,5,3,2,Tryptophan,Tryptophan,2156.1933633717676,2156.1933633717676,0.0,0.0,1,1,1
ST000356,hsa00380,Tryptophan Metabolism,0.3,86,imputation,5,3,2,Kynurenine,Kynurenine,3.3771217767074404,3.3771217767074404,0.0,0.0,1,1,1
ST000356,hsa00380,Tryptophan Metabolism,0.3,87,imputation,5,3,2,Tryptophan,Tryptophan,2156.1933633717676,2156.1933633717676,0.0,0.0,1,1,1
ST000356,hsa00380,Tryptophan Metabolism,0.3,88,imputation,5,3,2,Tryptophan,Tryptophan,2156.1933633717676,2156.1933633717676,0.0,0.0,1,1,1
ST000356,hsa00380,Tryptophan Metabolism,0.3,89,imputation,5,3,2,Tryptophan,Tryptophan,2156.1933633717676,2156.1933633717676,0.0,0.0,1,1,1
ST000356,hsa00380,Tryptophan Metabolism,0.3,90,imputation,5,3,2,Kynurenine,Kynurenine,3.3771217767074404,3.3771217767074404,0.0,0.0,1,1,1
ST000356,hsa00380,Tryptophan Metabolism,0.3,91,imputation,5,3,2,Indoleacrylic acid,Indoleacrylic acid,585.4477435790579,585.4477435790579,0.0,0.0,1,1,1
ST000356,hsa00380,Tryptophan Metabolism,0.3,92,imputation,5,3,2,Kynurenine,Kynurenine,3.3771217767074404,3.3771217767074404,0.0,0.0,1,1,1
ST000356,hsa00380,Tryptophan Metabolism,0.3,93,imputation,5,3,2,Tryptophan,Tryptophan,2156.1933633717676,2156.1933633717676,0.0,0.0,1,1,1
ST000356,hsa00380,Tryptophan Metabolism,0.3,94,imputation,5,3,2,Tryptophan,Tryptophan,2156.1933633717676,2156.1933633717676,0.0,0.0,1,1,1
ST000356,hsa00380,Tryptophan Metabolism,0.3,95,imputation,5,3,2,3-Indolebutyric acid,3-Indolebutyric acid,3.0038698552513745,3.0038698552513745,0.0,0.0,1,1,1
ST000356,hsa00380,Tryptophan Metabolism,0.3,96,imputation,5,3,2,Kynurenine,Kynurenine,3.3771217767074404,3.3771217767074404,0.0,0.0,1,1,1
ST000356,hsa00380,Tryptophan Metabolism,0.3,97,imputation,5,3,2,Indoleacrylic acid,Indoleacrylic acid,585.4477435790579,585.4477435790579,0.0,0.0,1,1,1
ST000356,hsa00380,Tryptophan Metabolism,0.3,98,imputation,5,3,2,Tryptophan,Tryptophan,2156.1933633717676,2156.1933633717676,0.0,0.0,1,1,1
ST000356,hsa00380,Tryptophan Metabolism,0.3,99,imputation,5,3,2,Tryptophan,Tryptophan,2156.1933633717676,2156.1933633717676,0.0,0.0,1,1,1
ST000356,hsa00380,Tryptophan Metabolism,0.3,100,imputation,5,3,2,Tryptophan,Tryptophan,2156.1933633717676,2156.1933633717676,0.0,0.0,1,1,1
ST000356,hsa00380,Tryptophan Metabolism,0.4,1,imputation,5,3,2,Indoleacrylic acid,Indoleacrylic acid,585.4477435790579,585.4477435790579,0.0,0.0,1,1,1
ST000356,hsa00380,Tryptophan Metabolism,0.4,2,imputation,5,3,2,Kynurenine,Kynurenine,3.3771217767074404,3.3771217767074404,0.0,0.0,1,1,1
ST000356,hsa00380,Tryptophan Metabolism,0.4,3,imputation,5,3,2,Indoleacrylic acid,Indoleacrylic acid,585.4477435790579,585.4477435790579,0.0,0.0,1,1,1
ST000356,hsa00380,Tryptophan Metabolism,0.4,4,imputation,5,3,2,Kynurenine,Kynurenine,3.3771217767074404,3.3771217767074404,0.0,0.0,1,1,1
ST000356,hsa00380,Tryptophan Metabolism,0.4,5,imputation,5,3,2,Indoleacrylic acid,Indoleacrylic acid,585.4477435790579,585.4477435790579,0.0,0.0,1,1,1
ST000356,hsa00380,Tryptophan Metabolism,0.4,6,imputation,5,3,2,Tryptophan,Tryptophan,2156.1933633717676,2156.1933633717676,0.0,0.0,1,1,1
ST000356,hsa00380,Tryptophan Metabolism,0.4,7,imputation,5,3,2,Indoleacrylic acid,Indoleacrylic acid,585.4477435790579,585.4477435790579,0.0,0.0,1,1,1
ST000356,hsa00380,Tryptophan Metabolism,0.4,8,imputation,5,3,2,Indoleacrylic acid,Indoleacrylic acid,585.4477435790579,585.4477435790579,0.0,0.0,1,1,1
ST000356,hsa00380,Tryptophan Metabolism,0.4,9,imputation,5,3,2,Tryptophan,Tryptophan,2156.1933633717676,2156.1933633717676,0.0,0.0,1,1,1
ST000356,hsa00380,Tryptophan Metabolism,0.4,10,imputation,5,3,2,Indoleacrylic acid,Indoleacrylic acid,585.4477435790579,585.4477435790579,0.0,0.0,1,1,1
ST000356,hsa00380,Tryptophan Metabolism,0.4,11,imputation,5,3,2,Tryptophan,Tryptophan,2156.1933633717676,2156.1933633717676,0.0,0.0,1,1,1
ST000356,hsa00380,Tryptophan Metabolism,0.4,12,imputation,5,3,2,Kynurenine,Kynurenine,3.3771217767074404,3.3771217767074404,0.0,0.0,1,1,1
ST000356,hsa00380,Tryptophan Metabolism,0.4,13,imputation,5,3,2,3-Indolebutyric acid,3-Indolebutyric acid,3.0038698552513745,3.0038698552513745,0.0,0.0,1,1,1
ST000356,hsa00380,Tryptophan Metabolism,0.4,14,imputation,5,3,2,Tryptophan,Tryptophan,2156.1933633717676,2156.1933633717676,0.0,0.0,1,1,1
ST000356,hsa00380,Tryptophan Metabolism,0.4,15,imputation,5,3,2,Indoleacrylic acid,Indoleacrylic acid,585.4477435790579,585.4477435790579,0.0,0.0,1,1,1
ST000356,hsa00380,Tryptophan Metabolism,0.4,16,imputation,5,3,2,Tryptophan,Tryptophan,2156.1933633717676,2156.1933633717676,0.0,0.0,1,1,1
ST000356,hsa00380,Tryptophan Metabolism,0.4,17,imputation,5,3,2,3-Indolebutyric acid,3-Indolebutyric acid,3.0038698552513745,3.0038698552513745,0.0,0.0,1,1,1
ST000356,hsa00380,Tryptophan Metabolism,0.4,18,imputation,5,3,2,Tryptophan,Tryptophan,2156.1933633717676,2156.1933633717676,0.0,0.0,1,1,1
ST000356,hsa00380,Tryptophan Metabolism,0.4,19,imputation,5,3,2,Kynurenine,Kynurenine,3.3771217767074404,3.3771217767074404,0.0,0.0,1,1,1
ST000356,hsa00380,Tryptophan Metabolism,0.4,20,imputation,5,3,2,Tryptophan,Tryptophan,2156.1933633717676,2156.1933633717676,0.0,0.0,1,1,1
ST000356,hsa00380,Tryptophan Metabolism,0.4,21,imputation,5,3,2,Tryptophan,Tryptophan,2156.1933633717676,2156.1933633717676,0.0,0.0,1,1,1
ST000356,hsa00380,Tryptophan Metabolism,0.4,22,imputation,5,3,2,Kynurenine,Kynurenine,3.3771217767074404,3.3771217767074404,0.0,0.0,1,1,1
ST000356,hsa00380,Tryptophan Metabolism,0.4,23,imputation,5,3,2,Indoleacrylic acid,Indoleacrylic acid,585.4477435790579,585.4477435790579,0.0,0.0,1,1,1
ST000356,hsa00380,Tryptophan Metabolism,0.4,24,imputation,5,3,2,Indoleacrylic acid,Indoleacrylic acid,585.4477435790579,585.4477435790579,0.0,0.0,1,1,1
ST000356,hsa00380,Tryptophan Metabolism,0.4,25,imputation,5,3,2,Tryptophan,Tryptophan,2156.1933633717676,2156.1933633717676,0.0,0.0,1,1,1
ST000356,hsa00380,Tryptophan Metabolism,0.4,26,imputation,5,3,2,Kynurenine,Kynurenine,3.3771217767074404,3.3771217767074404,0.0,0.0,1,1,1
ST000356,hsa00380,Tryptophan Metabolism,0.4,27,imputation,5,3,2,Tryptophan,Tryptophan,2156.1933633717676,2156.1933633717676,0.0,0.0,1,1,1
ST000356,hsa00380,Tryptophan Metabolism,0.4,28,imputation,5,3,2,Indoleacrylic acid,Indoleacrylic acid,585.4477435790579,585.4477435790579,0.0,0.0,1,1,1
ST000356,hsa00380,Tryptophan Metabolism,0.4,29,imputation,5,3,2,Indoleacrylic acid,Indoleacrylic acid,585.4477435790579,585.4477435790579,0.0,0.0,1,1,1
ST000356,hsa00380,Tryptophan Metabolism,0.4,30,imputation,5,3,2,3-Indolebutyric acid,3-Indolebutyric acid,3.0038698552513745,3.0038698552513745,0.0,0.0,1,1,1
ST000356,hsa00380,Tryptophan Metabolism,0.4,31,imputation,5,3,2,Indoleacrylic acid,Indoleacrylic acid,585.4477435790579,585.4477435790579,0.0,0.0,1,1,1
ST000356,hsa00380,Tryptophan Metabolism,0.4,32,imputation,5,3,2,Tryptophan,Tryptophan,2156.1933633717676,2156.1933633717676,0.0,0.0,1,1,1
ST000356,hsa00380,Tryptophan Metabolism,0.4,33,imputation,5,3,2,Tryptophan,Tryptophan,2156.1933633717676,2156.1933633717676,0.0,0.0,1,1,1
ST000356,hsa00380,Tryptophan Metabolism,0.4,34,imputation,5,3,2,Indoleacrylic acid,Indoleacrylic acid,585.4477435790579,585.4477435790579,0.0,0.0,1,1,1
ST000356,hsa00380,Tryptophan Metabolism,0.4,35,imputation,5,3,2,Tryptophan,Tryptophan,2156.1933633717676,2156.1933633717676,0.0,0.0,1,1,1
ST000356,hsa00380,Tryptophan Metabolism,0.4,36,imputation,5,3,2,3-Indolebutyric acid,3-Indolebutyric acid,3.0038698552513745,3.0038698552513745,0.0,0.0,1,1,1
ST000356,hsa00380,Tryptophan Metabolism,0.4,37,imputation,5,3,2,Kynurenine,Kynurenine,3.3771217767074404,3.3771217767074404,0.0,0.0,1,1,1
ST000356,hsa00380,Tryptophan Metabolism,0.4,38,imputation,5,3,2,Indoleacrylic acid,Indoleacrylic acid,585.4477435790579,585.4477435790579,0.0,0.0,1,1,1
ST000356,hsa00380,Tryptophan Metabolism,0.4,39,imputation,5,3,2,Tryptophan,Tryptophan,2156.1933633717676,2156.1933633717676,0.0,0.0,1,1,1
ST000356,hsa00380,Tryptophan Metabolism,0.4,40,imputation,5,3,2,Kynurenine,Kynurenine,3.3771217767074404,3.3771217767074404,0.0,0.0,1,1,1
ST000356,hsa00380,Tryptophan Metabolism,0.4,41,imputation,5,3,2,Tryptophan,Tryptophan,2156.1933633717676,2156.1933633717676,0.0,0.0,1,1,1
ST000356,hsa00380,Tryptophan Metabolism,0.4,42,imputation,5,3,2,Indoleacrylic acid,Indoleacrylic acid,585.4477435790579,585.4477435790579,0.0,0.0,1,1,1
ST000356,hsa00380,Tryptophan Metabolism,0.4,43,imputation,5,3,2,3-Indolebutyric acid,3-Indolebutyric acid,3.0038698552513745,3.0038698552513745,0.0,0.0,1,1,1
ST000356,hsa00380,Tryptophan Metabolism,0.4,44,imputation,5,3,2,Indoleacrylic acid,Indoleacrylic acid,585.4477435790579,585.4477435790579,0.0,0.0,1,1,1
ST000356,hsa00380,Tryptophan Metabolism,0.4,45,imputation,5,3,2,Tryptophan,Tryptophan,2156.1933633717676,2156.1933633717676,0.0,0.0,1,1,1
ST000356,hsa00380,Tryptophan Metabolism,0.4,46,imputation,5,3,2,Kynurenine,Kynurenine,3.3771217767074404,3.3771217767074404,0.0,0.0,1,1,1
ST000356,hsa00380,Tryptophan Metabolism,0.4,47,imputation,5,3,2,Indoleacrylic acid,Indoleacrylic acid,585.4477435790579,585.4477435790579,0.0,0.0,1,1,1
ST000356,hsa00380,Tryptophan Metabolism,0.4,48,imputation,5,3,2,3-Indolebutyric acid,3-Indolebutyric acid,3.0038698552513745,3.0038698552513745,0.0,0.0,1,1,1
ST000356,hsa00380,Tryptophan Metabolism,0.4,49,imputation,5,3,2,3-Indolebutyric acid,3-Indolebutyric acid,3.0038698552513745,3.0038698552513745,0.0,0.0,1,1,1
ST000356,hsa00380,Tryptophan Metabolism,0.4,50,imputation,5,3,2,Indoleacrylic acid,Indoleacrylic acid,585.4477435790579,585.4477435790579,0.0,0.0,1,1,1
ST000356,hsa00380,Tryptophan Metabolism,0.4,51,imputation,5,3,2,Indoleacrylic acid,Indoleacrylic acid,585.4477435790579,585.4477435790579,0.0,0.0,1,1,1
ST000356,hsa00380,Tryptophan Metabolism,0.4,52,imputation,5,3,2,Tryptophan,Tryptophan,2156.1933633717676,2156.1933633717676,0.0,0.0,1,1,1
ST000356,hsa00380,Tryptophan Metabolism,0.4,53,imputation,5,3,2,Tryptophan,Tryptophan,2156.1933633717676,2156.1933633717676,0.0,0.0,1,1,1
ST000356,hsa00380,Tryptophan Metabolism,0.4,54,imputation,5,3,2,Tryptophan,Tryptophan,2156.1933633717676,2156.1933633717676,0.0,0.0,1,1,1
ST000356,hsa00380,Tryptophan Metabolism,0.4,55,imputation,5,3,2,Kynurenine,Kynurenine,3.3771217767074404,3.3771217767074404,0.0,0.0,1,1,1
ST000356,hsa00380,Tryptophan Metabolism,0.4,56,imputation,5,3,2,Indoleacrylic acid,Indoleacrylic acid,585.4477435790579,585.4477435790579,0.0,0.0,1,1,1
ST000356,hsa00380,Tryptophan Metabolism,0.4,57,imputation,5,3,2,Tryptophan,Tryptophan,2156.1933633717676,2156.1933633717676,0.0,0.0,1,1,1
ST000356,hsa00380,Tryptophan Metabolism,0.4,58,imputation,5,3,2,Kynurenine,Kynurenine,3.3771217767074404,3.3771217767074404,0.0,0.0,1,1,1
ST000356,hsa00380,Tryptophan Metabolism,0.4,59,imputation,5,3,2,Tryptophan,Tryptophan,2156.1933633717676,2156.1933633717676,0.0,0.0,1,1,1
ST000356,hsa00380,Tryptophan Metabolism,0.4,60,imputation,5,3,2,Indoleacrylic acid,Indoleacrylic acid,585.4477435790579,585.4477435790579,0.0,0.0,1,1,1
ST000356,hsa00380,Tryptophan Metabolism,0.4,61,imputation,5,3,2,Kynurenine,Kynurenine,3.3771217767074404,3.3771217767074404,0.0,0.0,1,1,1
ST000356,hsa00380,Tryptophan Metabolism,0.4,62,imputation,5,3,2,3-Indolebutyric acid,3-Indolebutyric acid,3.0038698552513745,3.0038698552513745,0.0,0.0,1,1,1
ST000356,hsa00380,Tryptophan Metabolism,0.4,63,imputation,5,3,2,Tryptophan,Tryptophan,2156.1933633717676,2156.1933633717676,0.0,0.0,1,1,1
ST000356,hsa00380,Tryptophan Metabolism,0.4,64,imputation,5,3,2,Kynurenine,Kynurenine,3.3771217767074404,3.3771217767074404,0.0,0.0,1,1,1
ST000356,hsa00380,Tryptophan Metabolism,0.4,65,imputation,5,3,2,Kynurenine,Kynurenine,3.3771217767074404,3.3771217767074404,0.0,0.0,1,1,1
ST000356,hsa00380,Tryptophan Metabolism,0.4,66,imputation,5,3,2,3-Indolebutyric acid,3-Indolebutyric acid,3.0038698552513745,3.0038698552513745,0.0,0.0,1,1,1
ST000356,hsa00380,Tryptophan Metabolism,0.4,67,imputation,5,3,2,Indoleacrylic acid,Indoleacrylic acid,585.4477435790579,585.4477435790579,0.0,0.0,1,1,1
ST000356,hsa00380,Tryptophan Metabolism,0.4,68,imputation,5,3,2,Kynurenine,Kynurenine,3.3771217767074404,3.3771217767074404,0.0,0.0,1,1,1
ST000356,hsa00380,Tryptophan Metabolism,0.4,69,imputation,5,3,2,Indoleacrylic acid,Indoleacrylic acid,585.4477435790579,585.4477435790579,0.0,0.0,1,1,1
ST000356,hsa00380,Tryptophan Metabolism,0.4,70,imputation,5,3,2,Indoleacrylic acid,Indoleacrylic acid,585.4477435790579,585.4477435790579,0.0,0.0,1,1,1
ST000356,hsa00380,Tryptophan Metabolism,0.4,71,imputation,5,3,2,Indoleacrylic acid,Indoleacrylic acid,585.4477435790579,585.4477435790579,0.0,0.0,1,1,1
ST000356,hsa00380,Tryptophan Metabolism,0.4,72,imputation,5,3,2,3-Indolebutyric acid,3-Indolebutyric acid,3.0038698552513745,3.0038698552513745,0.0,0.0,1,1,1
ST000356,hsa00380,Tryptophan Metabolism,0.4,73,imputation,5,3,2,Indoleacrylic acid,Indoleacrylic acid,585.4477435790579,585.4477435790579,0.0,0.0,1,1,1
ST000356,hsa00380,Tryptophan Metabolism,0.4,74,imputation,5,3,2,Tryptophan,Tryptophan,2156.1933633717676,2156.1933633717676,0.0,0.0,1,1,1
ST000356,hsa00380,Tryptophan Metabolism,0.4,75,imputation,5,3,2,Tryptophan,Tryptophan,2156.1933633717676,2156.1933633717676,0.0,0.0,1,1,1
ST000356,hsa00380,Tryptophan Metabolism,0.4,76,imputation,5,3,2,Indoleacrylic acid,Indoleacrylic acid,585.4477435790579,585.4477435790579,0.0,0.0,1,1,1
ST000356,hsa00380,Tryptophan Metabolism,0.4,77,imputation,5,3,2,Indoleacrylic acid,Indoleacrylic acid,585.4477435790579,585.4477435790579,0.0,0.0,1,1,1
ST000356,hsa00380,Tryptophan Metabolism,0.4,78,imputation,5,3,2,Tryptophan,Tryptophan,2156.1933633717676,2156.1933633717676,0.0,0.0,1,1,1
ST000356,hsa00380,Tryptophan Metabolism,0.4,79,imputation,5,3,2,3-Indolebutyric acid,3-Indolebutyric acid,3.0038698552513745,3.0038698552513745,0.0,0.0,1,1,1
ST000356,hsa00380,Tryptophan Metabolism,0.4,80,imputation,5,3,2,Tryptophan,Tryptophan,2156.1933633717676,2156.1933633717676,0.0,0.0,1,1,1
ST000356,hsa00380,Tryptophan Metabolism,0.4,81,imputation,5,3,2,Indoleacrylic acid,Indoleacrylic acid,585.4477435790579,585.4477435790579,0.0,0.0,1,1,1
ST000356,hsa00380,Tryptophan Metabolism,0.4,82,imputation,5,3,2,Indoleacrylic acid,Indoleacrylic acid,585.4477435790579,585.4477435790579,0.0,0.0,1,1,1
ST000356,hsa00380,Tryptophan Metabolism,0.4,83,imputation,5,3,2,Tryptophan,Tryptophan,2156.1933633717676,2156.1933633717676,0.0,0.0,1,1,1
ST000356,hsa00380,Tryptophan Metabolism,0.4,84,imputation,5,3,2,Tryptophan,Tryptophan,2156.1933633717676,2156.1933633717676,0.0,0.0,1,1,1
ST000356,hsa00380,Tryptophan Metabolism,0.4,85,imputation,5,3,2,Tryptophan,Tryptophan,2156.1933633717676,2156.1933633717676,0.0,0.0,1,1,1
ST000356,hsa00380,Tryptophan Metabolism,0.4,86,imputation,5,3,2,Kynurenine,Kynurenine,3.3771217767074404,3.3771217767074404,0.0,0.0,1,1,1
ST000356,hsa00380,Tryptophan Metabolism,0.4,87,imputation,5,3,2,Tryptophan,Tryptophan,2156.1933633717676,2156.1933633717676,0.0,0.0,1,1,1
ST000356,hsa00380,Tryptophan Metabolism,0.4,88,imputation,5,3,2,Tryptophan,Tryptophan,2156.1933633717676,2156.1933633717676,0.0,0.0,1,1,1
ST000356,hsa00380,Tryptophan Metabolism,0.4,89,imputation,5,3,2,Tryptophan,Tryptophan,2156.1933633717676,2156.1933633717676,0.0,0.0,1,1,1
ST000356,hsa00380,Tryptophan Metabolism,0.4,90,imputation,5,3,2,Kynurenine,Kynurenine,3.3771217767074404,3.3771217767074404,0.0,0.0,1,1,1
ST000356,hsa00380,Tryptophan Metabolism,0.4,91,imputation,5,3,2,Indoleacrylic acid,Indoleacrylic acid,585.4477435790579,585.4477435790579,0.0,0.0,1,1,1
ST000356,hsa00380,Tryptophan Metabolism,0.4,92,imputation,5,3,2,Kynurenine,Kynurenine,3.3771217767074404,3.3771217767074404,0.0,0.0,1,1,1
ST000356,hsa00380,Tryptophan Metabolism,0.4,93,imputation,5,3,2,Tryptophan,Tryptophan,2156.1933633717676,2156.1933633717676,0.0,0.0,1,1,1
ST000356,hsa00380,Tryptophan Metabolism,0.4,94,imputation,5,3,2,Tryptophan,Tryptophan,2156.1933633717676,2156.1933633717676,0.0,0.0,1,1,1
ST000356,hsa00380,Tryptophan Metabolism,0.4,95,imputation,5,3,2,3-Indolebutyric acid,3-Indolebutyric acid,3.0038698552513745,3.0038698552513745,0.0,0.0,1,1,1
ST000356,hsa00380,Tryptophan Metabolism,0.4,96,imputation,5,3,2,Kynurenine,Kynurenine,3.3771217767074404,3.3771217767074404,0.0,0.0,1,1,1
ST000356,hsa00380,Tryptophan Metabolism,0.4,97,imputation,5,3,2,Indoleacrylic acid,Indoleacrylic acid,585.4477435790579,585.4477435790579,0.0,0.0,1,1,1
ST000356,hsa00380,Tryptophan Metabolism,0.4,98,imputation,5,3,2,Tryptophan,Tryptophan,2156.1933633717676,2156.1933633717676,0.0,0.0,1,1,1
ST000356,hsa00380,Tryptophan Metabolism,0.4,99,imputation,5,3,2,Tryptophan,Tryptophan,2156.1933633717676,2156.1933633717676,0.0,0.0,1,1,1
ST000356,hsa00380,Tryptophan Metabolism,0.4,100,imputation,5,3,2,Tryptophan,Tryptophan,2156.1933633717676,2156.1933633717676,0.0,0.0,1,1,1
ST000356,hsa00480,Glutathione Metabolism,0.2,1,imputation,3,2,1,Cysteinylglycine,Cysteinylglycine,0.8489014758568062,0.8489014758568062,0.0,0.0,1,1,1
ST000356,hsa00480,Glutathione Metabolism,0.2,2,imputation,3,2,1,Glutathione,Glutathione,0.049581829170687916,0.049581829170687916,0.0,0.0,1,1,1
ST000356,hsa00480,Glutathione Metabolism,0.2,3,imputation,3,2,1,Glutathione,Glutathione,0.049581829170687916,0.049581829170687916,0.0,0.0,1,1,1
ST000356,hsa00480,Glutathione Metabolism,0.2,4,imputation,3,2,1,Cysteinylglycine,Cysteinylglycine,0.8489014758568062,0.8489014758568062,0.0,0.0,1,1,1
ST000356,hsa00480,Glutathione Metabolism,0.2,5,imputation,3,2,1,Glutathione,Glutathione,0.049581829170687916,0.049581829170687916,0.0,0.0,1,1,1
ST000356,hsa00480,Glutathione Metabolism,0.2,6,imputation,3,2,1,Glycine,Glycine,0.14655922417742115,0.14655922417742115,0.0,0.0,1,1,1
ST000356,hsa00480,Glutathione Metabolism,0.2,7,imputation,3,2,1,Cysteinylglycine,Cysteinylglycine,0.8489014758568062,0.8489014758568062,0.0,0.0,1,1,1
ST000356,hsa00480,Glutathione Metabolism,0.2,8,imputation,3,2,1,Glutathione,Glutathione,0.049581829170687916,0.049581829170687916,0.0,0.0,1,1,1
ST000356,hsa00480,Glutathione Metabolism,0.2,9,imputation,3,2,1,Cysteinylglycine,Cysteinylglycine,0.8489014758568062,0.8489014758568062,0.0,0.0,1,1,1
ST000356,hsa00480,Glutathione Metabolism,0.2,10,imputation,3,2,1,Glutathione,Glutathione,0.049581829170687916,0.049581829170687916,0.0,0.0,1,1,1
ST000356,hsa00480,Glutathione Metabolism,0.2,11,imputation,3,2,1,Glycine,Glycine,0.14655922417742115,0.14655922417742115,0.0,0.0,1,1,1
ST000356,hsa00480,Glutathione Metabolism,0.2,12,imputation,3,2,1,Cysteinylglycine,Cysteinylglycine,0.8489014758568062,0.8489014758568062,0.0,0.0,1,1,1
ST000356,hsa00480,Glutathione Metabolism,0.2,13,imputation,3,2,1,Cysteinylglycine,Cysteinylglycine,0.8489014758568062,0.8489014758568062,0.0,0.0,1,1,1
ST000356,hsa00480,Glutathione Metabolism,0.2,14,imputation,3,2,1,Glycine,Glycine,0.14655922417742115,0.14655922417742115,0.0,0.0,1,1,1
ST000356,hsa00480,Glutathione Metabolism,0.2,15,imputation,3,2,1,Cysteinylglycine,Cysteinylglycine,0.8489014758568062,0.8489014758568062,0.0,0.0,1,1,1
ST000356,hsa00480,Glutathione Metabolism,0.2,16,imputation,3,2,1,Glycine,Glycine,0.14655922417742115,0.14655922417742115,0.0,0.0,1,1,1
ST000356,hsa00480,Glutathione Metabolism,0.2,17,imputation,3,2,1,Cysteinylglycine,Cysteinylglycine,0.8489014758568062,0.8489014758568062,0.0,0.0,1,1,1
ST000356,hsa00480,Glutathione Metabolism,0.2,18,imputation,3,2,1,Glutathione,Glutathione,0.049581829170687916,0.049581829170687916,0.0,0.0,1,1,1
ST000356,hsa00480,Glutathione Metabolism,0.2,19,imputation,3,2,1,Glutathione,Glutathione,0.049581829170687916,0.049581829170687916,0.0,0.0,1,1,1
ST000356,hsa00480,Glutathione Metabolism,0.2,20,imputation,3,2,1,Glycine,Glycine,0.14655922417742115,0.14655922417742115,0.0,0.0,1,1,1
ST000356,hsa00480,Glutathione Metabolism,0.2,21,imputation,3,2,1,Glutathione,Glutathione,0.049581829170687916,0.049581829170687916,0.0,0.0,1,1,1
ST000356,hsa00480,Glutathione Metabolism,0.2,22,imputation,3,2,1,Glutathione,Glutathione,0.049581829170687916,0.049581829170687916,0.0,0.0,1,1,1
ST000356,hsa00480,Glutathione Metabolism,0.2,23,imputation,3,2,1,Glutathione,Glutathione,0.049581829170687916,0.049581829170687916,0.0,0.0,1,1,1
ST000356,hsa00480,Glutathione Metabolism,0.2,24,imputation,3,2,1,Cysteinylglycine,Cysteinylglycine,0.8489014758568062,0.8489014758568062,0.0,0.0,1,1,1
ST000356,hsa00480,Glutathione Metabolism,0.2,25,imputation,3,2,1,Cysteinylglycine,Cysteinylglycine,0.8489014758568062,0.8489014758568062,0.0,0.0,1,1,1
ST000356,hsa00480,Glutathione Metabolism,0.2,26,imputation,3,2,1,Glycine,Glycine,0.14655922417742115,0.14655922417742115,0.0,0.0,1,1,1
ST000356,hsa00480,Glutathione Metabolism,0.2,27,imputation,3,2,1,Glycine,Glycine,0.14655922417742115,0.14655922417742115,0.0,0.0,1,1,1
ST000356,hsa00480,Glutathione Metabolism,0.2,28,imputation,3,2,1,Cysteinylglycine,Cysteinylglycine,0.8489014758568062,0.8489014758568062,0.0,0.0,1,1,1
ST000356,hsa00480,Glutathione Metabolism,0.2,29,imputation,3,2,1,Glutathione,Glutathione,0.049581829170687916,0.049581829170687916,0.0,0.0,1,1,1
ST000356,hsa00480,Glutathione Metabolism,0.2,30,imputation,3,2,1,Cysteinylglycine,Cysteinylglycine,0.8489014758568062,0.8489014758568062,0.0,0.0,1,1,1
ST000356,hsa00480,Glutathione Metabolism,0.2,31,imputation,3,2,1,Glutathione,Glutathione,0.049581829170687916,0.049581829170687916,0.0,0.0,1,1,1
ST000356,hsa00480,Glutathione Metabolism,0.2,32,imputation,3,2,1,Glycine,Glycine,0.14655922417742115,0.14655922417742115,0.0,0.0,1,1,1
ST000356,hsa00480,Glutathione Metabolism,0.2,33,imputation,3,2,1,Glutathione,Glutathione,0.049581829170687916,0.049581829170687916,0.0,0.0,1,1,1
ST000356,hsa00480,Glutathione Metabolism,0.2,34,imputation,3,2,1,Glutathione,Glutathione,0.049581829170687916,0.049581829170687916,0.0,0.0,1,1,1
ST000356,hsa00480,Glutathione Metabolism,0.2,35,imputation,3,2,1,Glutathione,Glutathione,0.049581829170687916,0.049581829170687916,0.0,0.0,1,1,1
ST000356,hsa00480,Glutathione Metabolism,0.2,36,imputation,3,2,1,Cysteinylglycine,Cysteinylglycine,0.8489014758568062,0.8489014758568062,0.0,0.0,1,1,1
ST000356,hsa00480,Glutathione Metabolism,0.2,37,imputation,3,2,1,Cysteinylglycine,Cysteinylglycine,0.8489014758568062,0.8489014758568062,0.0,0.0,1,1,1
ST000356,hsa00480,Glutathione Metabolism,0.2,38,imputation,3,2,1,Glutathione,Glutathione,0.049581829170687916,0.049581829170687916,0.0,0.0,1,1,1
ST000356,hsa00480,Glutathione Metabolism,0.2,39,imputation,3,2,1,Glycine,Glycine,0.14655922417742115,0.14655922417742115,0.0,0.0,1,1,1
ST000356,hsa00480,Glutathione Metabolism,0.2,40,imputation,3,2,1,Cysteinylglycine,Cysteinylglycine,0.8489014758568062,0.8489014758568062,0.0,0.0,1,1,1
ST000356,hsa00480,Glutathione Metabolism,0.2,41,imputation,3,2,1,Glutathione,Glutathione,0.049581829170687916,0.049581829170687916,0.0,0.0,1,1,1
ST000356,hsa00480,Glutathione Metabolism,0.2,42,imputation,3,2,1,Glycine,Glycine,0.14655922417742115,0.14655922417742115,0.0,0.0,1,1,1
ST000356,hsa00480,Glutathione Metabolism,0.2,43,imputation,3,2,1,Cysteinylglycine,Cysteinylglycine,0.8489014758568062,0.8489014758568062,0.0,0.0,1,1,1
ST000356,hsa00480,Glutathione Metabolism,0.2,44,imputation,3,2,1,Cysteinylglycine,Cysteinylglycine,0.8489014758568062,0.8489014758568062,0.0,0.0,1,1,1
ST000356,hsa00480,Glutathione Metabolism,0.2,45,imputation,3,2,1,Cysteinylglycine,Cysteinylglycine,0.8489014758568062,0.8489014758568062,0.0,0.0,1,1,1
ST000356,hsa00480,Glutathione Metabolism,0.2,46,imputation,3,2,1,Glutathione,Glutathione,0.049581829170687916,0.049581829170687916,0.0,0.0,1,1,1
ST000356,hsa00480,Glutathione Metabolism,0.2,47,imputation,3,2,1,Cysteinylglycine,Cysteinylglycine,0.8489014758568062,0.8489014758568062,0.0,0.0,1,1,1
ST000356,hsa00480,Glutathione Metabolism,0.2,48,imputation,3,2,1,Cysteinylglycine,Cysteinylglycine,0.8489014758568062,0.8489014758568062,0.0,0.0,1,1,1
ST000356,hsa00480,Glutathione Metabolism,0.2,49,imputation,3,2,1,Cysteinylglycine,Cysteinylglycine,0.8489014758568062,0.8489014758568062,0.0,0.0,1,1,1
ST000356,hsa00480,Glutathione Metabolism,0.2,50,imputation,3,2,1,Glutathione,Glutathione,0.049581829170687916,0.049581829170687916,0.0,0.0,1,1,1
ST000356,hsa00480,Glutathione Metabolism,0.2,51,imputation,3,2,1,Glutathione,Glutathione,0.049581829170687916,0.049581829170687916,0.0,0.0,1,1,1
ST000356,hsa00480,Glutathione Metabolism,0.2,52,imputation,3,2,1,Glycine,Glycine,0.14655922417742115,0.14655922417742115,0.0,0.0,1,1,1
ST000356,hsa00480,Glutathione Metabolism,0.2,53,imputation,3,2,1,Glycine,Glycine,0.14655922417742115,0.14655922417742115,0.0,0.0,1,1,1
ST000356,hsa00480,Glutathione Metabolism,0.2,54,imputation,3,2,1,Glutathione,Glutathione,0.049581829170687916,0.049581829170687916,0.0,0.0,1,1,1
ST000356,hsa00480,Glutathione Metabolism,0.2,55,imputation,3,2,1,Cysteinylglycine,Cysteinylglycine,0.8489014758568062,0.8489014758568062,0.0,0.0,1,1,1
ST000356,hsa00480,Glutathione Metabolism,0.2,56,imputation,3,2,1,Glutathione,Glutathione,0.049581829170687916,0.049581829170687916,0.0,0.0,1,1,1
ST000356,hsa00480,Glutathione Metabolism,0.2,57,imputation,3,2,1,Glutathione,Glutathione,0.049581829170687916,0.049581829170687916,0.0,0.0,1,1,1
ST000356,hsa00480,Glutathione Metabolism,0.2,58,imputation,3,2,1,Cysteinylglycine,Cysteinylglycine,0.8489014758568062,0.8489014758568062,0.0,0.0,1,1,1
ST000356,hsa00480,Glutathione Metabolism,0.2,59,imputation,3,2,1,Glycine,Glycine,0.14655922417742115,0.14655922417742115,0.0,0.0,1,1,1
ST000356,hsa00480,Glutathione Metabolism,0.2,60,imputation,3,2,1,Cysteinylglycine,Cysteinylglycine,0.8489014758568062,0.8489014758568062,0.0,0.0,1,1,1
ST000356,hsa00480,Glutathione Metabolism,0.2,61,imputation,3,2,1,Glycine,Glycine,0.14655922417742115,0.14655922417742115,0.0,0.0,1,1,1
ST000356,hsa00480,Glutathione Metabolism,0.2,62,imputation,3,2,1,Cysteinylglycine,Cysteinylglycine,0.8489014758568062,0.8489014758568062,0.0,0.0,1,1,1
ST000356,hsa00480,Glutathione Metabolism,0.2,63,imputation,3,2,1,Glycine,Glycine,0.14655922417742115,0.14655922417742115,0.0,0.0,1,1,1
ST000356,hsa00480,Glutathione Metabolism,0.2,64,imputation,3,2,1,Glycine,Glycine,0.14655922417742115,0.14655922417742115,0.0,0.0,1,1,1
ST000356,hsa00480,Glutathione Metabolism,0.2,65,imputation,3,2,1,Cysteinylglycine,Cysteinylglycine,0.8489014758568062,0.8489014758568062,0.0,0.0,1,1,1
ST000356,hsa00480,Glutathione Metabolism,0.2,66,imputation,3,2,1,Cysteinylglycine,Cysteinylglycine,0.8489014758568062,0.8489014758568062,0.0,0.0,1,1,1
ST000356,hsa00480,Glutathione Metabolism,0.2,67,imputation,3,2,1,Glutathione,Glutathione,0.049581829170687916,0.049581829170687916,0.0,0.0,1,1,1
ST000356,hsa00480,Glutathione Metabolism,0.2,68,imputation,3,2,1,Glutathione,Glutathione,0.049581829170687916,0.049581829170687916,0.0,0.0,1,1,1
ST000356,hsa00480,Glutathione Metabolism,0.2,69,imputation,3,2,1,Cysteinylglycine,Cysteinylglycine,0.8489014758568062,0.8489014758568062,0.0,0.0,1,1,1
ST000356,hsa00480,Glutathione Metabolism,0.2,70,imputation,3,2,1,Glutathione,Glutathione,0.049581829170687916,0.049581829170687916,0.0,0.0,1,1,1
ST000356,hsa00480,Glutathione Metabolism,0.2,71,imputation,3,2,1,Cysteinylglycine,Cysteinylglycine,0.8489014758568062,0.8489014758568062,0.0,0.0,1,1,1
ST000356,hsa00480,Glutathione Metabolism,0.2,72,imputation,3,2,1,Cysteinylglycine,Cysteinylglycine,0.8489014758568062,0.8489014758568062,0.0,0.0,1,1,1
ST000356,hsa00480,Glutathione Metabolism,0.2,73,imputation,3,2,1,Glutathione,Glutathione,0.049581829170687916,0.049581829170687916,0.0,0.0,1,1,1
ST000356,hsa00480,Glutathione Metabolism,0.2,74,imputation,3,2,1,Glycine,Glycine,0.14655922417742115,0.14655922417742115,0.0,0.0,1,1,1
ST000356,hsa00480,Glutathione Metabolism,0.2,75,imputation,3,2,1,Cysteinylglycine,Cysteinylglycine,0.8489014758568062,0.8489014758568062,0.0,0.0,1,1,1
ST000356,hsa00480,Glutathione Metabolism,0.2,76,imputation,3,2,1,Glycine,Glycine,0.14655922417742115,0.14655922417742115,0.0,0.0,1,1,1
ST000356,hsa00480,Glutathione Metabolism,0.2,77,imputation,3,2,1,Glutathione,Glutathione,0.049581829170687916,0.049581829170687916,0.0,0.0,1,1,1
ST000356,hsa00480,Glutathione Metabolism,0.2,78,imputation,3,2,1,Glycine,Glycine,0.14655922417742115,0.14655922417742115,0.0,0.0,1,1,1
ST000356,hsa00480,Glutathione Metabolism,0.2,79,imputation,3,2,1,Cysteinylglycine,Cysteinylglycine,0.8489014758568062,0.8489014758568062,0.0,0.0,1,1,1
ST000356,hsa00480,Glutathione Metabolism,0.2,80,imputation,3,2,1,Glycine,Glycine,0.14655922417742115,0.14655922417742115,0.0,0.0,1,1,1
ST000356,hsa00480,Glutathione Metabolism,0.2,81,imputation,3,2,1,Cysteinylglycine,Cysteinylglycine,0.8489014758568062,0.8489014758568062,0.0,0.0,1,1,1
ST000356,hsa00480,Glutathione Metabolism,0.2,82,imputation,3,2,1,Glutathione,Glutathione,0.049581829170687916,0.049581829170687916,0.0,0.0,1,1,1
ST000356,hsa00480,Glutathione Metabolism,0.2,83,imputation,3,2,1,Cysteinylglycine,Cysteinylglycine,0.8489014758568062,0.8489014758568062,0.0,0.0,1,1,1
ST000356,hsa00480,Glutathione Metabolism,0.2,84,imputation,3,2,1,Glycine,Glycine,0.14655922417742115,0.14655922417742115,0.0,0.0,1,1,1
ST000356,hsa00480,Glutathione Metabolism,0.2,85,imputation,3,2,1,Cysteinylglycine,Cysteinylglycine,0.8489014758568062,0.8489014758568062,0.0,0.0,1,1,1
ST000356,hsa00480,Glutathione Metabolism,0.2,86,imputation,3,2,1,Cysteinylglycine,Cysteinylglycine,0.8489014758568062,0.8489014758568062,0.0,0.0,1,1,1
ST000356,hsa00480,Glutathione Metabolism,0.2,87,imputation,3,2,1,Glycine,Glycine,0.14655922417742115,0.14655922417742115,0.0,0.0,1,1,1
ST000356,hsa00480,Glutathione Metabolism,0.2,88,imputation,3,2,1,Glycine,Glycine,0.14655922417742115,0.14655922417742115,0.0,0.0,1,1,1
ST000356,hsa00480,Glutathione Metabolism,0.2,89,imputation,3,2,1,Glutathione,Glutathione,0.049581829170687916,0.049581829170687916,0.0,0.0,1,1,1
ST000356,hsa00480,Glutathione Metabolism,0.2,90,imputation,3,2,1,Glutathione,Glutathione,0.049581829170687916,0.049581829170687916,0.0,0.0,1,1,1
ST000356,hsa00480,Glutathione Metabolism,0.2,91,imputation,3,2,1,Glutathione,Glutathione,0.049581829170687916,0.049581829170687916,0.0,0.0,1,1,1
ST000356,hsa00480,Glutathione Metabolism,0.2,92,imputation,3,2,1,Glutathione,Glutathione,0.049581829170687916,0.049581829170687916,0.0,0.0,1,1,1
ST000356,hsa00480,Glutathione Metabolism,0.2,93,imputation,3,2,1,Glycine,Glycine,0.14655922417742115,0.14655922417742115,0.0,0.0,1,1,1
ST000356,hsa00480,Glutathione Metabolism,0.2,94,imputation,3,2,1,Glycine,Glycine,0.14655922417742115,0.14655922417742115,0.0,0.0,1,1,1
ST000356,hsa00480,Glutathione Metabolism,0.2,95,imputation,3,2,1,Cysteinylglycine,Cysteinylglycine,0.8489014758568062,0.8489014758568062,0.0,0.0,1,1,1
ST000356,hsa00480,Glutathione Metabolism,0.2,96,imputation,3,2,1,Cysteinylglycine,Cysteinylglycine,0.8489014758568062,0.8489014758568062,0.0,0.0,1,1,1
ST000356,hsa00480,Glutathione Metabolism,0.2,97,imputation,3,2,1,Cysteinylglycine,Cysteinylglycine,0.8489014758568062,0.8489014758568062,0.0,0.0,1,1,1
ST000356,hsa00480,Glutathione Metabolism,0.2,98,imputation,3,2,1,Cysteinylglycine,Cysteinylglycine,0.8489014758568062,0.8489014758568062,0.0,0.0,1,1,1
ST000356,hsa00480,Glutathione Metabolism,0.2,99,imputation,3,2,1,Glycine,Glycine,0.14655922417742115,0.14655922417742115,0.0,0.0,1,1,1
ST000356,hsa00480,Glutathione Metabolism,0.2,100,imputation,3,2,1,Glycine,Glycine,0.14655922417742115,0.14655922417742115,0.0,0.0,1,1,1
ST000356,hsa00480,Glutathione Metabolism,0.3,1,imputation,3,2,1,Cysteinylglycine,Cysteinylglycine,0.8489014758568062,0.8489014758568062,0.0,0.0,1,1,1
ST000356,hsa00480,Glutathione Metabolism,0.3,2,imputation,3,2,1,Glutathione,Glutathione,0.049581829170687916,0.049581829170687916,0.0,0.0,1,1,1
ST000356,hsa00480,Glutathione Metabolism,0.3,3,imputation,3,2,1,Glutathione,Glutathione,0.049581829170687916,0.049581829170687916,0.0,0.0,1,1,1
ST000356,hsa00480,Glutathione Metabolism,0.3,4,imputation,3,2,1,Cysteinylglycine,Cysteinylglycine,0.8489014758568062,0.8489014758568062,0.0,0.0,1,1,1
ST000356,hsa00480,Glutathione Metabolism,0.3,5,imputation,3,2,1,Glutathione,Glutathione,0.049581829170687916,0.049581829170687916,0.0,0.0,1,1,1
ST000356,hsa00480,Glutathione Metabolism,0.3,6,imputation,3,2,1,Glycine,Glycine,0.14655922417742115,0.14655922417742115,0.0,0.0,1,1,1
ST000356,hsa00480,Glutathione Metabolism,0.3,7,imputation,3,2,1,Cysteinylglycine,Cysteinylglycine,0.8489014758568062,0.8489014758568062,0.0,0.0,1,1,1
ST000356,hsa00480,Glutathione Metabolism,0.3,8,imputation,3,2,1,Glutathione,Glutathione,0.049581829170687916,0.049581829170687916,0.0,0.0,1,1,1
ST000356,hsa00480,Glutathione Metabolism,0.3,9,imputation,3,2,1,Cysteinylglycine,Cysteinylglycine,0.8489014758568062,0.8489014758568062,0.0,0.0,1,1,1
ST000356,hsa00480,Glutathione Metabolism,0.3,10,imputation,3,2,1,Glutathione,Glutathione,0.049581829170687916,0.049581829170687916,0.0,0.0,1,1,1
ST000356,hsa00480,Glutathione Metabolism,0.3,11,imputation,3,2,1,Glycine,Glycine,0.14655922417742115,0.14655922417742115,0.0,0.0,1,1,1
ST000356,hsa00480,Glutathione Metabolism,0.3,12,imputation,3,2,1,Cysteinylglycine,Cysteinylglycine,0.8489014758568062,0.8489014758568062,0.0,0.0,1,1,1
ST000356,hsa00480,Glutathione Metabolism,0.3,13,imputation,3,2,1,Cysteinylglycine,Cysteinylglycine,0.8489014758568062,0.8489014758568062,0.0,0.0,1,1,1
ST000356,hsa00480,Glutathione Metabolism,0.3,14,imputation,3,2,1,Glycine,Glycine,0.14655922417742115,0.14655922417742115,0.0,0.0,1,1,1
ST000356,hsa00480,Glutathione Metabolism,0.3,15,imputation,3,2,1,Cysteinylglycine,Cysteinylglycine,0.8489014758568062,0.8489014758568062,0.0,0.0,1,1,1
ST000356,hsa00480,Glutathione Metabolism,0.3,16,imputation,3,2,1,Glycine,Glycine,0.14655922417742115,0.14655922417742115,0.0,0.0,1,1,1
ST000356,hsa00480,Glutathione Metabolism,0.3,17,imputation,3,2,1,Cysteinylglycine,Cysteinylglycine,0.8489014758568062,0.8489014758568062,0.0,0.0,1,1,1
ST000356,hsa00480,Glutathione Metabolism,0.3,18,imputation,3,2,1,Glutathione,Glutathione,0.049581829170687916,0.049581829170687916,0.0,0.0,1,1,1
ST000356,hsa00480,Glutathione Metabolism,0.3,19,imputation,3,2,1,Glutathione,Glutathione,0.049581829170687916,0.049581829170687916,0.0,0.0,1,1,1
ST000356,hsa00480,Glutathione Metabolism,0.3,20,imputation,3,2,1,Glycine,Glycine,0.14655922417742115,0.14655922417742115,0.0,0.0,1,1,1
ST000356,hsa00480,Glutathione Metabolism,0.3,21,imputation,3,2,1,Glutathione,Glutathione,0.049581829170687916,0.049581829170687916,0.0,0.0,1,1,1
ST000356,hsa00480,Glutathione Metabolism,0.3,22,imputation,3,2,1,Glutathione,Glutathione,0.049581829170687916,0.049581829170687916,0.0,0.0,1,1,1
ST000356,hsa00480,Glutathione Metabolism,0.3,23,imputation,3,2,1,Glutathione,Glutathione,0.049581829170687916,0.049581829170687916,0.0,0.0,1,1,1
ST000356,hsa00480,Glutathione Metabolism,0.3,24,imputation,3,2,1,Cysteinylglycine,Cysteinylglycine,0.8489014758568062,0.8489014758568062,0.0,0.0,1,1,1
ST000356,hsa00480,Glutathione Metabolism,0.3,25,imputation,3,2,1,Cysteinylglycine,Cysteinylglycine,0.8489014758568062,0.8489014758568062,0.0,0.0,1,1,1
ST000356,hsa00480,Glutathione Metabolism,0.3,26,imputation,3,2,1,Glycine,Glycine,0.14655922417742115,0.14655922417742115,0.0,0.0,1,1,1
ST000356,hsa00480,Glutathione Metabolism,0.3,27,imputation,3,2,1,Glycine,Glycine,0.14655922417742115,0.14655922417742115,0.0,0.0,1,1,1
ST000356,hsa00480,Glutathione Metabolism,0.3,28,imputation,3,2,1,Cysteinylglycine,Cysteinylglycine,0.8489014758568062,0.8489014758568062,0.0,0.0,1,1,1
ST000356,hsa00480,Glutathione Metabolism,0.3,29,imputation,3,2,1,Glutathione,Glutathione,0.049581829170687916,0.049581829170687916,0.0,0.0,1,1,1
ST000356,hsa00480,Glutathione Metabolism,0.3,30,imputation,3,2,1,Cysteinylglycine,Cysteinylglycine,0.8489014758568062,0.8489014758568062,0.0,0.0,1,1,1
ST000356,hsa00480,Glutathione Metabolism,0.3,31,imputation,3,2,1,Glutathione,Glutathione,0.049581829170687916,0.049581829170687916,0.0,0.0,1,1,1
ST000356,hsa00480,Glutathione Metabolism,0.3,32,imputation,3,2,1,Glycine,Glycine,0.14655922417742115,0.14655922417742115,0.0,0.0,1,1,1
ST000356,hsa00480,Glutathione Metabolism,0.3,33,imputation,3,2,1,Glutathione,Glutathione,0.049581829170687916,0.049581829170687916,0.0,0.0,1,1,1
ST000356,hsa00480,Glutathione Metabolism,0.3,34,imputation,3,2,1,Glutathione,Glutathione,0.049581829170687916,0.049581829170687916,0.0,0.0,1,1,1
ST000356,hsa00480,Glutathione Metabolism,0.3,35,imputation,3,2,1,Glutathione,Glutathione,0.049581829170687916,0.049581829170687916,0.0,0.0,1,1,1
ST000356,hsa00480,Glutathione Metabolism,0.3,36,imputation,3,2,1,Cysteinylglycine,Cysteinylglycine,0.8489014758568062,0.8489014758568062,0.0,0.0,1,1,1
ST000356,hsa00480,Glutathione Metabolism,0.3,37,imputation,3,2,1,Cysteinylglycine,Cysteinylglycine,0.8489014758568062,0.8489014758568062,0.0,0.0,1,1,1
ST000356,hsa00480,Glutathione Metabolism,0.3,38,imputation,3,2,1,Glutathione,Glutathione,0.049581829170687916,0.049581829170687916,0.0,0.0,1,1,1
ST000356,hsa00480,Glutathione Metabolism,0.3,39,imputation,3,2,1,Glycine,Glycine,0.14655922417742115,0.14655922417742115,0.0,0.0,1,1,1
ST000356,hsa00480,Glutathione Metabolism,0.3,40,imputation,3,2,1,Cysteinylglycine,Cysteinylglycine,0.8489014758568062,0.8489014758568062,0.0,0.0,1,1,1
ST000356,hsa00480,Glutathione Metabolism,0.3,41,imputation,3,2,1,Glutathione,Glutathione,0.049581829170687916,0.049581829170687916,0.0,0.0,1,1,1
ST000356,hsa00480,Glutathione Metabolism,0.3,42,imputation,3,2,1,Glycine,Glycine,0.14655922417742115,0.14655922417742115,0.0,0.0,1,1,1
ST000356,hsa00480,Glutathione Metabolism,0.3,43,imputation,3,2,1,Cysteinylglycine,Cysteinylglycine,0.8489014758568062,0.8489014758568062,0.0,0.0,1,1,1
ST000356,hsa00480,Glutathione Metabolism,0.3,44,imputation,3,2,1,Cysteinylglycine,Cysteinylglycine,0.8489014758568062,0.8489014758568062,0.0,0.0,1,1,1
ST000356,hsa00480,Glutathione Metabolism,0.3,45,imputation,3,2,1,Cysteinylglycine,Cysteinylglycine,0.8489014758568062,0.8489014758568062,0.0,0.0,1,1,1
ST000356,hsa00480,Glutathione Metabolism,0.3,46,imputation,3,2,1,Glutathione,Glutathione,0.049581829170687916,0.049581829170687916,0.0,0.0,1,1,1
ST000356,hsa00480,Glutathione Metabolism,0.3,47,imputation,3,2,1,Cysteinylglycine,Cysteinylglycine,0.8489014758568062,0.8489014758568062,0.0,0.0,1,1,1
ST000356,hsa00480,Glutathione Metabolism,0.3,48,imputation,3,2,1,Cysteinylglycine,Cysteinylglycine,0.8489014758568062,0.8489014758568062,0.0,0.0,1,1,1
ST000356,hsa00480,Glutathione Metabolism,0.3,49,imputation,3,2,1,Cysteinylglycine,Cysteinylglycine,0.8489014758568062,0.8489014758568062,0.0,0.0,1,1,1
ST000356,hsa00480,Glutathione Metabolism,0.3,50,imputation,3,2,1,Glutathione,Glutathione,0.049581829170687916,0.049581829170687916,0.0,0.0,1,1,1
ST000356,hsa00480,Glutathione Metabolism,0.3,51,imputation,3,2,1,Glutathione,Glutathione,0.049581829170687916,0.049581829170687916,0.0,0.0,1,1,1
ST000356,hsa00480,Glutathione Metabolism,0.3,52,imputation,3,2,1,Glycine,Glycine,0.14655922417742115,0.14655922417742115,0.0,0.0,1,1,1
ST000356,hsa00480,Glutathione Metabolism,0.3,53,imputation,3,2,1,Glycine,Glycine,0.14655922417742115,0.14655922417742115,0.0,0.0,1,1,1
ST000356,hsa00480,Glutathione Metabolism,0.3,54,imputation,3,2,1,Glutathione,Glutathione,0.049581829170687916,0.049581829170687916,0.0,0.0,1,1,1
ST000356,hsa00480,Glutathione Metabolism,0.3,55,imputation,3,2,1,Cysteinylglycine,Cysteinylglycine,0.8489014758568062,0.8489014758568062,0.0,0.0,1,1,1
ST000356,hsa00480,Glutathione Metabolism,0.3,56,imputation,3,2,1,Glutathione,Glutathione,0.049581829170687916,0.049581829170687916,0.0,0.0,1,1,1
ST000356,hsa00480,Glutathione Metabolism,0.3,57,imputation,3,2,1,Glutathione,Glutathione,0.049581829170687916,0.049581829170687916,0.0,0.0,1,1,1
ST000356,hsa00480,Glutathione Metabolism,0.3,58,imputation,3,2,1,Cysteinylglycine,Cysteinylglycine,0.8489014758568062,0.8489014758568062,0.0,0.0,1,1,1
ST000356,hsa00480,Glutathione Metabolism,0.3,59,imputation,3,2,1,Glycine,Glycine,0.14655922417742115,0.14655922417742115,0.0,0.0,1,1,1
ST000356,hsa00480,Glutathione Metabolism,0.3,60,imputation,3,2,1,Cysteinylglycine,Cysteinylglycine,0.8489014758568062,0.8489014758568062,0.0,0.0,1,1,1
ST000356,hsa00480,Glutathione Metabolism,0.3,61,imputation,3,2,1,Glycine,Glycine,0.14655922417742115,0.14655922417742115,0.0,0.0,1,1,1
ST000356,hsa00480,Glutathione Metabolism,0.3,62,imputation,3,2,1,Cysteinylglycine,Cysteinylglycine,0.8489014758568062,0.8489014758568062,0.0,0.0,1,1,1
ST000356,hsa00480,Glutathione Metabolism,0.3,63,imputation,3,2,1,Glycine,Glycine,0.14655922417742115,0.14655922417742115,0.0,0.0,1,1,1
ST000356,hsa00480,Glutathione Metabolism,0.3,64,imputation,3,2,1,Glycine,Glycine,0.14655922417742115,0.14655922417742115,0.0,0.0,1,1,1
ST000356,hsa00480,Glutathione Metabolism,0.3,65,imputation,3,2,1,Cysteinylglycine,Cysteinylglycine,0.8489014758568062,0.8489014758568062,0.0,0.0,1,1,1
ST000356,hsa00480,Glutathione Metabolism,0.3,66,imputation,3,2,1,Cysteinylglycine,Cysteinylglycine,0.8489014758568062,0.8489014758568062,0.0,0.0,1,1,1
ST000356,hsa00480,Glutathione Metabolism,0.3,67,imputation,3,2,1,Glutathione,Glutathione,0.049581829170687916,0.049581829170687916,0.0,0.0,1,1,1
ST000356,hsa00480,Glutathione Metabolism,0.3,68,imputation,3,2,1,Glutathione,Glutathione,0.049581829170687916,0.049581829170687916,0.0,0.0,1,1,1
ST000356,hsa00480,Glutathione Metabolism,0.3,69,imputation,3,2,1,Cysteinylglycine,Cysteinylglycine,0.8489014758568062,0.8489014758568062,0.0,0.0,1,1,1
ST000356,hsa00480,Glutathione Metabolism,0.3,70,imputation,3,2,1,Glutathione,Glutathione,0.049581829170687916,0.049581829170687916,0.0,0.0,1,1,1
ST000356,hsa00480,Glutathione Metabolism,0.3,71,imputation,3,2,1,Cysteinylglycine,Cysteinylglycine,0.8489014758568062,0.8489014758568062,0.0,0.0,1,1,1
ST000356,hsa00480,Glutathione Metabolism,0.3,72,imputation,3,2,1,Cysteinylglycine,Cysteinylglycine,0.8489014758568062,0.8489014758568062,0.0,0.0,1,1,1
ST000356,hsa00480,Glutathione Metabolism,0.3,73,imputation,3,2,1,Glutathione,Glutathione,0.049581829170687916,0.049581829170687916,0.0,0.0,1,1,1
ST000356,hsa00480,Glutathione Metabolism,0.3,74,imputation,3,2,1,Glycine,Glycine,0.14655922417742115,0.14655922417742115,0.0,0.0,1,1,1
ST000356,hsa00480,Glutathione Metabolism,0.3,75,imputation,3,2,1,Cysteinylglycine,Cysteinylglycine,0.8489014758568062,0.8489014758568062,0.0,0.0,1,1,1
ST000356,hsa00480,Glutathione Metabolism,0.3,76,imputation,3,2,1,Glycine,Glycine,0.14655922417742115,0.14655922417742115,0.0,0.0,1,1,1
ST000356,hsa00480,Glutathione Metabolism,0.3,77,imputation,3,2,1,Glutathione,Glutathione,0.049581829170687916,0.049581829170687916,0.0,0.0,1,1,1
ST000356,hsa00480,Glutathione Metabolism,0.3,78,imputation,3,2,1,Glycine,Glycine,0.14655922417742115,0.14655922417742115,0.0,0.0,1,1,1
ST000356,hsa00480,Glutathione Metabolism,0.3,79,imputation,3,2,1,Cysteinylglycine,Cysteinylglycine,0.8489014758568062,0.8489014758568062,0.0,0.0,1,1,1
ST000356,hsa00480,Glutathione Metabolism,0.3,80,imputation,3,2,1,Glycine,Glycine,0.14655922417742115,0.14655922417742115,0.0,0.0,1,1,1
ST000356,hsa00480,Glutathione Metabolism,0.3,81,imputation,3,2,1,Cysteinylglycine,Cysteinylglycine,0.8489014758568062,0.8489014758568062,0.0,0.0,1,1,1
ST000356,hsa00480,Glutathione Metabolism,0.3,82,imputation,3,2,1,Glutathione,Glutathione,0.049581829170687916,0.049581829170687916,0.0,0.0,1,1,1
ST000356,hsa00480,Glutathione Metabolism,0.3,83,imputation,3,2,1,Cysteinylglycine,Cysteinylglycine,0.8489014758568062,0.8489014758568062,0.0,0.0,1,1,1
ST000356,hsa00480,Glutathione Metabolism,0.3,84,imputation,3,2,1,Glycine,Glycine,0.14655922417742115,0.14655922417742115,0.0,0.0,1,1,1
ST000356,hsa00480,Glutathione Metabolism,0.3,85,imputation,3,2,1,Cysteinylglycine,Cysteinylglycine,0.8489014758568062,0.8489014758568062,0.0,0.0,1,1,1
ST000356,hsa00480,Glutathione Metabolism,0.3,86,imputation,3,2,1,Cysteinylglycine,Cysteinylglycine,0.8489014758568062,0.8489014758568062,0.0,0.0,1,1,1
ST000356,hsa00480,Glutathione Metabolism,0.3,87,imputation,3,2,1,Glycine,Glycine,0.14655922417742115,0.14655922417742115,0.0,0.0,1,1,1
ST000356,hsa00480,Glutathione Metabolism,0.3,88,imputation,3,2,1,Glycine,Glycine,0.14655922417742115,0.14655922417742115,0.0,0.0,1,1,1
ST000356,hsa00480,Glutathione Metabolism,0.3,89,imputation,3,2,1,Glutathione,Glutathione,0.049581829170687916,0.049581829170687916,0.0,0.0,1,1,1
ST000356,hsa00480,Glutathione Metabolism,0.3,90,imputation,3,2,1,Glutathione,Glutathione,0.049581829170687916,0.049581829170687916,0.0,0.0,1,1,1
ST000356,hsa00480,Glutathione Metabolism,0.3,91,imputation,3,2,1,Glutathione,Glutathione,0.049581829170687916,0.049581829170687916,0.0,0.0,1,1,1
ST000356,hsa00480,Glutathione Metabolism,0.3,92,imputation,3,2,1,Glutathione,Glutathione,0.049581829170687916,0.049581829170687916,0.0,0.0,1,1,1
ST000356,hsa00480,Glutathione Metabolism,0.3,93,imputation,3,2,1,Glycine,Glycine,0.14655922417742115,0.14655922417742115,0.0,0.0,1,1,1
ST000356,hsa00480,Glutathione Metabolism,0.3,94,imputation,3,2,1,Glycine,Glycine,0.14655922417742115,0.14655922417742115,0.0,0.0,1,1,1
ST000356,hsa00480,Glutathione Metabolism,0.3,95,imputation,3,2,1,Cysteinylglycine,Cysteinylglycine,0.8489014758568062,0.8489014758568062,0.0,0.0,1,1,1
ST000356,hsa00480,Glutathione Metabolism,0.3,96,imputation,3,2,1,Cysteinylglycine,Cysteinylglycine,0.8489014758568062,0.8489014758568062,0.0,0.0,1,1,1
ST000356,hsa00480,Glutathione Metabolism,0.3,97,imputation,3,2,1,Cysteinylglycine,Cysteinylglycine,0.8489014758568062,0.8489014758568062,0.0,0.0,1,1,1
ST000356,hsa00480,Glutathione Metabolism,0.3,98,imputation,3,2,1,Cysteinylglycine,Cysteinylglycine,0.8489014758568062,0.8489014758568062,0.0,0.0,1,1,1
ST000356,hsa00480,Glutathione Metabolism,0.3,99,imputation,3,2,1,Glycine,Glycine,0.14655922417742115,0.14655922417742115,0.0,0.0,1,1,1
ST000356,hsa00480,Glutathione Metabolism,0.3,100,imputation,3,2,1,Glycine,Glycine,0.14655922417742115,0.14655922417742115,0.0,0.0,1,1,1
ST000356,hsa00480,Glutathione Metabolism,0.4,1,imputation,3,1,2,Cysteinylglycine,Cysteinylglycine,0.8489014758568062,0.8489014758568062,0.0,0.0,1,1,1
ST000356,hsa00480,Glutathione Metabolism,0.4,2,imputation,3,1,2,Cysteinylglycine,Cysteinylglycine,0.8489014758568062,0.8489014758568062,0.0,0.0,1,1,1
ST000356,hsa00480,Glutathione Metabolism,0.4,3,imputation,3,1,2,Glycine,Glycine,0.14655922417742115,0.14655922417742115,0.0,0.0,1,1,1
ST000356,hsa00480,Glutathione Metabolism,0.4,4,imputation,3,1,2,Cysteinylglycine,Cysteinylglycine,0.8489014758568062,0.8489014758568062,0.0,0.0,1,1,1
ST000356,hsa00480,Glutathione Metabolism,0.4,5,imputation,3,1,2,Cysteinylglycine,Cysteinylglycine,0.8489014758568062,0.8489014758568062,0.0,0.0,1,1,1
ST000356,hsa00480,Glutathione Metabolism,0.4,6,imputation,3,1,2,Glycine,Glycine,0.14655922417742115,0.14655922417742115,0.0,0.0,1,1,1
ST000356,hsa00480,Glutathione Metabolism,0.4,7,imputation,3,1,2,Cysteinylglycine,Cysteinylglycine,0.8489014758568062,0.8489014758568062,0.0,0.0,1,1,1
ST000356,hsa00480,Glutathione Metabolism,0.4,8,imputation,3,1,2,Glycine,Glycine,0.14655922417742115,0.14655922417742115,0.0,0.0,1,1,1
ST000356,hsa00480,Glutathione Metabolism,0.4,9,imputation,3,1,2,Cysteinylglycine,Cysteinylglycine,0.8489014758568062,0.8489014758568062,0.0,0.0,1,1,1
ST000356,hsa00480,Glutathione Metabolism,0.4,10,imputation,3,1,2,Cysteinylglycine,Cysteinylglycine,0.8489014758568062,0.8489014758568062,0.0,0.0,1,1,1
ST000356,hsa00480,Glutathione Metabolism,0.4,11,imputation,3,1,2,Cysteinylglycine,Cysteinylglycine,0.8489014758568062,0.8489014758568062,0.0,0.0,1,1,1
ST000356,hsa00480,Glutathione Metabolism,0.4,12,imputation,3,1,2,Cysteinylglycine,Cysteinylglycine,0.8489014758568062,0.8489014758568062,0.0,0.0,1,1,1
ST000356,hsa00480,Glutathione Metabolism,0.4,13,imputation,3,1,2,Cysteinylglycine,Cysteinylglycine,0.8489014758568062,0.8489014758568062,0.0,0.0,1,1,1
ST000356,hsa00480,Glutathione Metabolism,0.4,14,imputation,3,1,2,Cysteinylglycine,Cysteinylglycine,0.8489014758568062,0.8489014758568062,0.0,0.0,1,1,1
ST000356,hsa00480,Glutathione Metabolism,0.4,15,imputation,3,1,2,Cysteinylglycine,Cysteinylglycine,0.8489014758568062,0.8489014758568062,0.0,0.0,1,1,1
ST000356,hsa00480,Glutathione Metabolism,0.4,16,imputation,3,1,2,Cysteinylglycine,Cysteinylglycine,0.8489014758568062,0.8489014758568062,0.0,0.0,1,1,1
ST000356,hsa00480,Glutathione Metabolism,0.4,17,imputation,3,1,2,Cysteinylglycine,Cysteinylglycine,0.8489014758568062,0.8489014758568062,0.0,0.0,1,1,1
ST000356,hsa00480,Glutathione Metabolism,0.4,18,imputation,3,1,2,Glycine,Glycine,0.14655922417742115,0.14655922417742115,0.0,0.0,1,1,1
ST000356,hsa00480,Glutathione Metabolism,0.4,19,imputation,3,1,2,Cysteinylglycine,Cysteinylglycine,0.8489014758568062,0.8489014758568062,0.0,0.0,1,1,1
ST000356,hsa00480,Glutathione Metabolism,0.4,20,imputation,3,1,2,Cysteinylglycine,Cysteinylglycine,0.8489014758568062,0.8489014758568062,0.0,0.0,1,1,1
ST000356,hsa00480,Glutathione Metabolism,0.4,21,imputation,3,1,2,Glycine,Glycine,0.14655922417742115,0.14655922417742115,0.0,0.0,1,1,1
ST000356,hsa00480,Glutathione Metabolism,0.4,22,imputation,3,1,2,Cysteinylglycine,Cysteinylglycine,0.8489014758568062,0.8489014758568062,0.0,0.0,1,1,1
ST000356,hsa00480,Glutathione Metabolism,0.4,23,imputation,3,1,2,Glycine,Glycine,0.14655922417742115,0.14655922417742115,0.0,0.0,1,1,1
ST000356,hsa00480,Glutathione Metabolism,0.4,24,imputation,3,1,2,Cysteinylglycine,Cysteinylglycine,0.8489014758568062,0.8489014758568062,0.0,0.0,1,1,1
ST000356,hsa00480,Glutathione Metabolism,0.4,25,imputation,3,1,2,Cysteinylglycine,Cysteinylglycine,0.8489014758568062,0.8489014758568062,0.0,0.0,1,1,1
ST000356,hsa00480,Glutathione Metabolism,0.4,26,imputation,3,1,2,Glycine,Glycine,0.14655922417742115,0.14655922417742115,0.0,0.0,1,1,1
ST000356,hsa00480,Glutathione Metabolism,0.4,27,imputation,3,1,2,Cysteinylglycine,Cysteinylglycine,0.8489014758568062,0.8489014758568062,0.0,0.0,1,1,1
ST000356,hsa00480,Glutathione Metabolism,0.4,28,imputation,3,1,2,Cysteinylglycine,Cysteinylglycine,0.8489014758568062,0.8489014758568062,0.0,0.0,1,1,1
ST000356,hsa00480,Glutathione Metabolism,0.4,29,imputation,3,1,2,Cysteinylglycine,Cysteinylglycine,0.8489014758568062,0.8489014758568062,0.0,0.0,1,1,1
ST000356,hsa00480,Glutathione Metabolism,0.4,30,imputation,3,1,2,Cysteinylglycine,Cysteinylglycine,0.8489014758568062,0.8489014758568062,0.0,0.0,1,1,1
ST000356,hsa00480,Glutathione Metabolism,0.4,31,imputation,3,1,2,Cysteinylglycine,Cysteinylglycine,0.8489014758568062,0.8489014758568062,0.0,0.0,1,1,1
ST000356,hsa00480,Glutathione Metabolism,0.4,32,imputation,3,1,2,Cysteinylglycine,Cysteinylglycine,0.8489014758568062,0.8489014758568062,0.0,0.0,1,1,1
ST000356,hsa00480,Glutathione Metabolism,0.4,33,imputation,3,1,2,Glycine,Glycine,0.14655922417742115,0.14655922417742115,0.0,0.0,1,1,1
ST000356,hsa00480,Glutathione Metabolism,0.4,34,imputation,3,1,2,Glycine,Glycine,0.14655922417742115,0.14655922417742115,0.0,0.0,1,1,1
ST000356,hsa00480,Glutathione Metabolism,0.4,35,imputation,3,1,2,Glycine,Glycine,0.14655922417742115,0.14655922417742115,0.0,0.0,1,1,1
ST000356,hsa00480,Glutathione Metabolism,0.4,36,imputation,3,1,2,Cysteinylglycine,Cysteinylglycine,0.8489014758568062,0.8489014758568062,0.0,0.0,1,1,1
ST000356,hsa00480,Glutathione Metabolism,0.4,37,imputation,3,1,2,Cysteinylglycine,Cysteinylglycine,0.8489014758568062,0.8489014758568062,0.0,0.0,1,1,1
ST000356,hsa00480,Glutathione Metabolism,0.4,38,imputation,3,1,2,Glycine,Glycine,0.14655922417742115,0.14655922417742115,0.0,0.0,1,1,1
ST000356,hsa00480,Glutathione Metabolism,0.4,39,imputation,3,1,2,Glycine,Glycine,0.14655922417742115,0.14655922417742115,0.0,0.0,1,1,1
ST000356,hsa00480,Glutathione Metabolism,0.4,40,imputation,3,1,2,Cysteinylglycine,Cysteinylglycine,0.8489014758568062,0.8489014758568062,0.0,0.0,1,1,1
ST000356,hsa00480,Glutathione Metabolism,0.4,41,imputation,3,1,2,Glycine,Glycine,0.14655922417742115,0.14655922417742115,0.0,0.0,1,1,1
ST000356,hsa00480,Glutathione Metabolism,0.4,42,imputation,3,1,2,Glycine,Glycine,0.14655922417742115,0.14655922417742115,0.0,0.0,1,1,1
ST000356,hsa00480,Glutathione Metabolism,0.4,43,imputation,3,1,2,Cysteinylglycine,Cysteinylglycine,0.8489014758568062,0.8489014758568062,0.0,0.0,1,1,1
ST000356,hsa00480,Glutathione Metabolism,0.4,44,imputation,3,1,2,Cysteinylglycine,Cysteinylglycine,0.8489014758568062,0.8489014758568062,0.0,0.0,1,1,1
ST000356,hsa00480,Glutathione Metabolism,0.4,45,imputation,3,1,2,Cysteinylglycine,Cysteinylglycine,0.8489014758568062,0.8489014758568062,0.0,0.0,1,1,1
ST000356,hsa00480,Glutathione Metabolism,0.4,46,imputation,3,1,2,Cysteinylglycine,Cysteinylglycine,0.8489014758568062,0.8489014758568062,0.0,0.0,1,1,1
ST000356,hsa00480,Glutathione Metabolism,0.4,47,imputation,3,1,2,Cysteinylglycine,Cysteinylglycine,0.8489014758568062,0.8489014758568062,0.0,0.0,1,1,1
ST000356,hsa00480,Glutathione Metabolism,0.4,48,imputation,3,1,2,Cysteinylglycine,Cysteinylglycine,0.8489014758568062,0.8489014758568062,0.0,0.0,1,1,1
ST000356,hsa00480,Glutathione Metabolism,0.4,49,imputation,3,1,2,Cysteinylglycine,Cysteinylglycine,0.8489014758568062,0.8489014758568062,0.0,0.0,1,1,1
ST000356,hsa00480,Glutathione Metabolism,0.4,50,imputation,3,1,2,Glycine,Glycine,0.14655922417742115,0.14655922417742115,0.0,0.0,1,1,1
ST000356,hsa00480,Glutathione Metabolism,0.4,51,imputation,3,1,2,Glycine,Glycine,0.14655922417742115,0.14655922417742115,0.0,0.0,1,1,1
ST000356,hsa00480,Glutathione Metabolism,0.4,52,imputation,3,1,2,Cysteinylglycine,Cysteinylglycine,0.8489014758568062,0.8489014758568062,0.0,0.0,1,1,1
ST000356,hsa00480,Glutathione Metabolism,0.4,53,imputation,3,1,2,Cysteinylglycine,Cysteinylglycine,0.8489014758568062,0.8489014758568062,0.0,0.0,1,1,1
ST000356,hsa00480,Glutathione Metabolism,0.4,54,imputation,3,1,2,Glycine,Glycine,0.14655922417742115,0.14655922417742115,0.0,0.0,1,1,1
ST000356,hsa00480,Glutathione Metabolism,0.4,55,imputation,3,1,2,Cysteinylglycine,Cysteinylglycine,0.8489014758568062,0.8489014758568062,0.0,0.0,1,1,1
ST000356,hsa00480,Glutathione Metabolism,0.4,56,imputation,3,1,2,Cysteinylglycine,Cysteinylglycine,0.8489014758568062,0.8489014758568062,0.0,0.0,1,1,1
ST000356,hsa00480,Glutathione Metabolism,0.4,57,imputation,3,1,2,Glycine,Glycine,0.14655922417742115,0.14655922417742115,0.0,0.0,1,1,1
ST000356,hsa00480,Glutathione Metabolism,0.4,58,imputation,3,1,2,Cysteinylglycine,Cysteinylglycine,0.8489014758568062,0.8489014758568062,0.0,0.0,1,1,1
ST000356,hsa00480,Glutathione Metabolism,0.4,59,imputation,3,1,2,Cysteinylglycine,Cysteinylglycine,0.8489014758568062,0.8489014758568062,0.0,0.0,1,1,1
ST000356,hsa00480,Glutathione Metabolism,0.4,60,imputation,3,1,2,Cysteinylglycine,Cysteinylglycine,0.8489014758568062,0.8489014758568062,0.0,0.0,1,1,1
ST000356,hsa00480,Glutathione Metabolism,0.4,61,imputation,3,1,2,Glycine,Glycine,0.14655922417742115,0.14655922417742115,0.0,0.0,1,1,1
ST000356,hsa00480,Glutathione Metabolism,0.4,62,imputation,3,1,2,Cysteinylglycine,Cysteinylglycine,0.8489014758568062,0.8489014758568062,0.0,0.0,1,1,1
ST000356,hsa00480,Glutathione Metabolism,0.4,63,imputation,3,1,2,Glycine,Glycine,0.14655922417742115,0.14655922417742115,0.0,0.0,1,1,1
ST000356,hsa00480,Glutathione Metabolism,0.4,64,imputation,3,1,2,Glycine,Glycine,0.14655922417742115,0.14655922417742115,0.0,0.0,1,1,1
ST000356,hsa00480,Glutathione Metabolism,0.4,65,imputation,3,1,2,Cysteinylglycine,Cysteinylglycine,0.8489014758568062,0.8489014758568062,0.0,0.0,1,1,1
ST000356,hsa00480,Glutathione Metabolism,0.4,66,imputation,3,1,2,Cysteinylglycine,Cysteinylglycine,0.8489014758568062,0.8489014758568062,0.0,0.0,1,1,1
ST000356,hsa00480,Glutathione Metabolism,0.4,67,imputation,3,1,2,Cysteinylglycine,Cysteinylglycine,0.8489014758568062,0.8489014758568062,0.0,0.0,1,1,1
ST000356,hsa00480,Glutathione Metabolism,0.4,68,imputation,3,1,2,Cysteinylglycine,Cysteinylglycine,0.8489014758568062,0.8489014758568062,0.0,0.0,1,1,1
ST000356,hsa00480,Glutathione Metabolism,0.4,69,imputation,3,1,2,Cysteinylglycine,Cysteinylglycine,0.8489014758568062,0.8489014758568062,0.0,0.0,1,1,1
ST000356,hsa00480,Glutathione Metabolism,0.4,70,imputation,3,1,2,Glycine,Glycine,0.14655922417742115,0.14655922417742115,0.0,0.0,1,1,1
ST000356,hsa00480,Glutathione Metabolism,0.4,71,imputation,3,1,2,Cysteinylglycine,Cysteinylglycine,0.8489014758568062,0.8489014758568062,0.0,0.0,1,1,1
ST000356,hsa00480,Glutathione Metabolism,0.4,72,imputation,3,1,2,Cysteinylglycine,Cysteinylglycine,0.8489014758568062,0.8489014758568062,0.0,0.0,1,1,1
ST000356,hsa00480,Glutathione Metabolism,0.4,73,imputation,3,1,2,Cysteinylglycine,Cysteinylglycine,0.8489014758568062,0.8489014758568062,0.0,0.0,1,1,1
ST000356,hsa00480,Glutathione Metabolism,0.4,74,imputation,3,1,2,Glycine,Glycine,0.14655922417742115,0.14655922417742115,0.0,0.0,1,1,1
ST000356,hsa00480,Glutathione Metabolism,0.4,75,imputation,3,1,2,Cysteinylglycine,Cysteinylglycine,0.8489014758568062,0.8489014758568062,0.0,0.0,1,1,1
ST000356,hsa00480,Glutathione Metabolism,0.4,76,imputation,3,1,2,Cysteinylglycine,Cysteinylglycine,0.8489014758568062,0.8489014758568062,0.0,0.0,1,1,1
ST000356,hsa00480,Glutathione Metabolism,0.4,77,imputation,3,1,2,Cysteinylglycine,Cysteinylglycine,0.8489014758568062,0.8489014758568062,0.0,0.0,1,1,1
ST000356,hsa00480,Glutathione Metabolism,0.4,78,imputation,3,1,2,Cysteinylglycine,Cysteinylglycine,0.8489014758568062,0.8489014758568062,0.0,0.0,1,1,1
ST000356,hsa00480,Glutathione Metabolism,0.4,79,imputation,3,1,2,Cysteinylglycine,Cysteinylglycine,0.8489014758568062,0.8489014758568062,0.0,0.0,1,1,1
ST000356,hsa00480,Glutathione Metabolism,0.4,80,imputation,3,1,2,Cysteinylglycine,Cysteinylglycine,0.8489014758568062,0.8489014758568062,0.0,0.0,1,1,1
ST000356,hsa00480,Glutathione Metabolism,0.4,81,imputation,3,1,2,Cysteinylglycine,Cysteinylglycine,0.8489014758568062,0.8489014758568062,0.0,0.0,1,1,1
ST000356,hsa00480,Glutathione Metabolism,0.4,82,imputation,3,1,2,Cysteinylglycine,Cysteinylglycine,0.8489014758568062,0.8489014758568062,0.0,0.0,1,1,1
ST000356,hsa00480,Glutathione Metabolism,0.4,83,imputation,3,1,2,Cysteinylglycine,Cysteinylglycine,0.8489014758568062,0.8489014758568062,0.0,0.0,1,1,1
ST000356,hsa00480,Glutathione Metabolism,0.4,84,imputation,3,1,2,Cysteinylglycine,Cysteinylglycine,0.8489014758568062,0.8489014758568062,0.0,0.0,1,1,1
ST000356,hsa00480,Glutathione Metabolism,0.4,85,imputation,3,1,2,Cysteinylglycine,Cysteinylglycine,0.8489014758568062,0.8489014758568062,0.0,0.0,1,1,1
ST000356,hsa00480,Glutathione Metabolism,0.4,86,imputation,3,1,2,Cysteinylglycine,Cysteinylglycine,0.8489014758568062,0.8489014758568062,0.0,0.0,1,1,1
ST000356,hsa00480,Glutathione Metabolism,0.4,87,imputation,3,1,2,Glycine,Glycine,0.14655922417742115,0.14655922417742115,0.0,0.0,1,1,1
ST000356,hsa00480,Glutathione Metabolism,0.4,88,imputation,3,1,2,Glycine,Glycine,0.14655922417742115,0.14655922417742115,0.0,0.0,1,1,1
ST000356,hsa00480,Glutathione Metabolism,0.4,89,imputation,3,1,2,Glycine,Glycine,0.14655922417742115,0.14655922417742115,0.0,0.0,1,1,1
ST000356,hsa00480,Glutathione Metabolism,0.4,90,imputation,3,1,2,Cysteinylglycine,Cysteinylglycine,0.8489014758568062,0.8489014758568062,0.0,0.0,1,1,1
ST000356,hsa00480,Glutathione Metabolism,0.4,91,imputation,3,1,2,Glycine,Glycine,0.14655922417742115,0.14655922417742115,0.0,0.0,1,1,1
ST000356,hsa00480,Glutathione Metabolism,0.4,92,imputation,3,1,2,Cysteinylglycine,Cysteinylglycine,0.8489014758568062,0.8489014758568062,0.0,0.0,1,1,1
ST000356,hsa00480,Glutathione Metabolism,0.4,93,imputation,3,1,2,Glycine,Glycine,0.14655922417742115,0.14655922417742115,0.0,0.0,1,1,1
ST000356,hsa00480,Glutathione Metabolism,0.4,94,imputation,3,1,2,Glycine,Glycine,0.14655922417742115,0.14655922417742115,0.0,0.0,1,1,1
ST000356,hsa00480,Glutathione Metabolism,0.4,95,imputation,3,1,2,Cysteinylglycine,Cysteinylglycine,0.8489014758568062,0.8489014758568062,0.0,0.0,1,1,1
ST000356,hsa00480,Glutathione Metabolism,0.4,96,imputation,3,1,2,Cysteinylglycine,Cysteinylglycine,0.8489014758568062,0.8489014758568062,0.0,0.0,1,1,1
ST000356,hsa00480,Glutathione Metabolism,0.4,97,imputation,3,1,2,Cysteinylglycine,Cysteinylglycine,0.8489014758568062,0.8489014758568062,0.0,0.0,1,1,1
ST000356,hsa00480,Glutathione Metabolism,0.4,98,imputation,3,1,2,Cysteinylglycine,Cysteinylglycine,0.8489014758568062,0.8489014758568062,0.0,0.0,1,1,1
ST000356,hsa00480,Glutathione Metabolism,0.4,99,imputation,3,1,2,Cysteinylglycine,Cysteinylglycine,0.8489014758568062,0.8489014758568062,0.0,0.0,1,1,1
ST000356,hsa00480,Glutathione Metabolism,0.4,100,imputation,3,1,2,Glycine,Glycine,0.14655922417742115,0.14655922417742115,0.0,0.0,1,1,1
ST000356,hsa00260,Glycine Serine Threonine Metabolism,0.2,1,imputation,3,2,1,2-Aminobutyric acid,2-Aminobutyric acid,11.417481193257007,11.417481193257007,0.0,0.0,1,1,1
ST000356,hsa00260,Glycine Serine Threonine Metabolism,0.2,2,imputation,3,2,1,Betaine,Betaine,11146.062148020894,11146.062148020894,0.0,0.0,1,1,1
ST000356,hsa00260,Glycine Serine Threonine Metabolism,0.2,3,imputation,3,2,1,Betaine,Betaine,11146.062148020894,11146.062148020894,0.0,0.0,1,1,1
ST000356,hsa00260,Glycine Serine Threonine Metabolism,0.2,4,imputation,3,2,1,2-Aminobutyric acid,2-Aminobutyric acid,11.417481193257007,11.417481193257007,0.0,0.0,1,1,1
ST000356,hsa00260,Glycine Serine Threonine Metabolism,0.2,5,imputation,3,2,1,Betaine,Betaine,11146.062148020894,11146.062148020894,0.0,0.0,1,1,1
ST000356,hsa00260,Glycine Serine Threonine Metabolism,0.2,6,imputation,3,2,1,Glycine,Glycine,0.14655922417742115,0.14655922417742115,0.0,0.0,1,1,1
ST000356,hsa00260,Glycine Serine Threonine Metabolism,0.2,7,imputation,3,2,1,2-Aminobutyric acid,2-Aminobutyric acid,11.417481193257007,11.417481193257007,0.0,0.0,1,1,1
ST000356,hsa00260,Glycine Serine Threonine Metabolism,0.2,8,imputation,3,2,1,Betaine,Betaine,11146.062148020894,11146.062148020894,0.0,0.0,1,1,1
ST000356,hsa00260,Glycine Serine Threonine Metabolism,0.2,9,imputation,3,2,1,2-Aminobutyric acid,2-Aminobutyric acid,11.417481193257007,11.417481193257007,0.0,0.0,1,1,1
ST000356,hsa00260,Glycine Serine Threonine Metabolism,0.2,10,imputation,3,2,1,Betaine,Betaine,11146.062148020894,11146.062148020894,0.0,0.0,1,1,1
ST000356,hsa00260,Glycine Serine Threonine Metabolism,0.2,11,imputation,3,2,1,Glycine,Glycine,0.14655922417742115,0.14655922417742115,0.0,0.0,1,1,1
ST000356,hsa00260,Glycine Serine Threonine Metabolism,0.2,12,imputation,3,2,1,2-Aminobutyric acid,2-Aminobutyric acid,11.417481193257007,11.417481193257007,0.0,0.0,1,1,1
ST000356,hsa00260,Glycine Serine Threonine Metabolism,0.2,13,imputation,3,2,1,2-Aminobutyric acid,2-Aminobutyric acid,11.417481193257007,11.417481193257007,0.0,0.0,1,1,1
ST000356,hsa00260,Glycine Serine Threonine Metabolism,0.2,14,imputation,3,2,1,Glycine,Glycine,0.14655922417742115,0.14655922417742115,0.0,0.0,1,1,1
ST000356,hsa00260,Glycine Serine Threonine Metabolism,0.2,15,imputation,3,2,1,2-Aminobutyric acid,2-Aminobutyric acid,11.417481193257007,11.417481193257007,0.0,0.0,1,1,1
ST000356,hsa00260,Glycine Serine Threonine Metabolism,0.2,16,imputation,3,2,1,Glycine,Glycine,0.14655922417742115,0.14655922417742115,0.0,0.0,1,1,1
ST000356,hsa00260,Glycine Serine Threonine Metabolism,0.2,17,imputation,3,2,1,2-Aminobutyric acid,2-Aminobutyric acid,11.417481193257007,11.417481193257007,0.0,0.0,1,1,1
ST000356,hsa00260,Glycine Serine Threonine Metabolism,0.2,18,imputation,3,2,1,Betaine,Betaine,11146.062148020894,11146.062148020894,0.0,0.0,1,1,1
ST000356,hsa00260,Glycine Serine Threonine Metabolism,0.2,19,imputation,3,2,1,Betaine,Betaine,11146.062148020894,11146.062148020894,0.0,0.0,1,1,1
ST000356,hsa00260,Glycine Serine Threonine Metabolism,0.2,20,imputation,3,2,1,Glycine,Glycine,0.14655922417742115,0.14655922417742115,0.0,0.0,1,1,1
ST000356,hsa00260,Glycine Serine Threonine Metabolism,0.2,21,imputation,3,2,1,Betaine,Betaine,11146.062148020894,11146.062148020894,0.0,0.0,1,1,1
ST000356,hsa00260,Glycine Serine Threonine Metabolism,0.2,22,imputation,3,2,1,Betaine,Betaine,11146.062148020894,11146.062148020894,0.0,0.0,1,1,1
ST000356,hsa00260,Glycine Serine Threonine Metabolism,0.2,23,imputation,3,2,1,Betaine,Betaine,11146.062148020894,11146.062148020894,0.0,0.0,1,1,1
ST000356,hsa00260,Glycine Serine Threonine Metabolism,0.2,24,imputation,3,2,1,2-Aminobutyric acid,2-Aminobutyric acid,11.417481193257007,11.417481193257007,0.0,0.0,1,1,1
ST000356,hsa00260,Glycine Serine Threonine Metabolism,0.2,25,imputation,3,2,1,2-Aminobutyric acid,2-Aminobutyric acid,11.417481193257007,11.417481193257007,0.0,0.0,1,1,1
ST000356,hsa00260,Glycine Serine Threonine Metabolism,0.2,26,imputation,3,2,1,Glycine,Glycine,0.14655922417742115,0.14655922417742115,0.0,0.0,1,1,1
ST000356,hsa00260,Glycine Serine Threonine Metabolism,0.2,27,imputation,3,2,1,Glycine,Glycine,0.14655922417742115,0.14655922417742115,0.0,0.0,1,1,1
ST000356,hsa00260,Glycine Serine Threonine Metabolism,0.2,28,imputation,3,2,1,2-Aminobutyric acid,2-Aminobutyric acid,11.417481193257007,11.417481193257007,0.0,0.0,1,1,1
ST000356,hsa00260,Glycine Serine Threonine Metabolism,0.2,29,imputation,3,2,1,Betaine,Betaine,11146.062148020894,11146.062148020894,0.0,0.0,1,1,1
ST000356,hsa00260,Glycine Serine Threonine Metabolism,0.2,30,imputation,3,2,1,2-Aminobutyric acid,2-Aminobutyric acid,11.417481193257007,11.417481193257007,0.0,0.0,1,1,1
ST000356,hsa00260,Glycine Serine Threonine Metabolism,0.2,31,imputation,3,2,1,Betaine,Betaine,11146.062148020894,11146.062148020894,0.0,0.0,1,1,1
ST000356,hsa00260,Glycine Serine Threonine Metabolism,0.2,32,imputation,3,2,1,Glycine,Glycine,0.14655922417742115,0.14655922417742115,0.0,0.0,1,1,1
ST000356,hsa00260,Glycine Serine Threonine Metabolism,0.2,33,imputation,3,2,1,Betaine,Betaine,11146.062148020894,11146.062148020894,0.0,0.0,1,1,1
ST000356,hsa00260,Glycine Serine Threonine Metabolism,0.2,34,imputation,3,2,1,Betaine,Betaine,11146.062148020894,11146.062148020894,0.0,0.0,1,1,1
ST000356,hsa00260,Glycine Serine Threonine Metabolism,0.2,35,imputation,3,2,1,Betaine,Betaine,11146.062148020894,11146.062148020894,0.0,0.0,1,1,1
ST000356,hsa00260,Glycine Serine Threonine Metabolism,0.2,36,imputation,3,2,1,2-Aminobutyric acid,2-Aminobutyric acid,11.417481193257007,11.417481193257007,0.0,0.0,1,1,1
ST000356,hsa00260,Glycine Serine Threonine Metabolism,0.2,37,imputation,3,2,1,2-Aminobutyric acid,2-Aminobutyric acid,11.417481193257007,11.417481193257007,0.0,0.0,1,1,1
ST000356,hsa00260,Glycine Serine Threonine Metabolism,0.2,38,imputation,3,2,1,Betaine,Betaine,11146.062148020894,11146.062148020894,0.0,0.0,1,1,1
ST000356,hsa00260,Glycine Serine Threonine Metabolism,0.2,39,imputation,3,2,1,Glycine,Glycine,0.14655922417742115,0.14655922417742115,0.0,0.0,1,1,1
ST000356,hsa00260,Glycine Serine Threonine Metabolism,0.2,40,imputation,3,2,1,2-Aminobutyric acid,2-Aminobutyric acid,11.417481193257007,11.417481193257007,0.0,0.0,1,1,1
ST000356,hsa00260,Glycine Serine Threonine Metabolism,0.2,41,imputation,3,2,1,Betaine,Betaine,11146.062148020894,11146.062148020894,0.0,0.0,1,1,1
ST000356,hsa00260,Glycine Serine Threonine Metabolism,0.2,42,imputation,3,2,1,Glycine,Glycine,0.14655922417742115,0.14655922417742115,0.0,0.0,1,1,1
ST000356,hsa00260,Glycine Serine Threonine Metabolism,0.2,43,imputation,3,2,1,2-Aminobutyric acid,2-Aminobutyric acid,11.417481193257007,11.417481193257007,0.0,0.0,1,1,1
ST000356,hsa00260,Glycine Serine Threonine Metabolism,0.2,44,imputation,3,2,1,2-Aminobutyric acid,2-Aminobutyric acid,11.417481193257007,11.417481193257007,0.0,0.0,1,1,1
ST000356,hsa00260,Glycine Serine Threonine Metabolism,0.2,45,imputation,3,2,1,2-Aminobutyric acid,2-Aminobutyric acid,11.417481193257007,11.417481193257007,0.0,0.0,1,1,1
ST000356,hsa00260,Glycine Serine Threonine Metabolism,0.2,46,imputation,3,2,1,Betaine,Betaine,11146.062148020894,11146.062148020894,0.0,0.0,1,1,1
ST000356,hsa00260,Glycine Serine Threonine Metabolism,0.2,47,imputation,3,2,1,2-Aminobutyric acid,2-Aminobutyric acid,11.417481193257007,11.417481193257007,0.0,0.0,1,1,1
ST000356,hsa00260,Glycine Serine Threonine Metabolism,0.2,48,imputation,3,2,1,2-Aminobutyric acid,2-Aminobutyric acid,11.417481193257007,11.417481193257007,0.0,0.0,1,1,1
ST000356,hsa00260,Glycine Serine Threonine Metabolism,0.2,49,imputation,3,2,1,2-Aminobutyric acid,2-Aminobutyric acid,11.417481193257007,11.417481193257007,0.0,0.0,1,1,1
ST000356,hsa00260,Glycine Serine Threonine Metabolism,0.2,50,imputation,3,2,1,Betaine,Betaine,11146.062148020894,11146.062148020894,0.0,0.0,1,1,1
ST000356,hsa00260,Glycine Serine Threonine Metabolism,0.2,51,imputation,3,2,1,Betaine,Betaine,11146.062148020894,11146.062148020894,0.0,0.0,1,1,1
ST000356,hsa00260,Glycine Serine Threonine Metabolism,0.2,52,imputation,3,2,1,Glycine,Glycine,0.14655922417742115,0.14655922417742115,0.0,0.0,1,1,1
ST000356,hsa00260,Glycine Serine Threonine Metabolism,0.2,53,imputation,3,2,1,Glycine,Glycine,0.14655922417742115,0.14655922417742115,0.0,0.0,1,1,1
ST000356,hsa00260,Glycine Serine Threonine Metabolism,0.2,54,imputation,3,2,1,Betaine,Betaine,11146.062148020894,11146.062148020894,0.0,0.0,1,1,1
ST000356,hsa00260,Glycine Serine Threonine Metabolism,0.2,55,imputation,3,2,1,2-Aminobutyric acid,2-Aminobutyric acid,11.417481193257007,11.417481193257007,0.0,0.0,1,1,1
ST000356,hsa00260,Glycine Serine Threonine Metabolism,0.2,56,imputation,3,2,1,Betaine,Betaine,11146.062148020894,11146.062148020894,0.0,0.0,1,1,1
ST000356,hsa00260,Glycine Serine Threonine Metabolism,0.2,57,imputation,3,2,1,Betaine,Betaine,11146.062148020894,11146.062148020894,0.0,0.0,1,1,1
ST000356,hsa00260,Glycine Serine Threonine Metabolism,0.2,58,imputation,3,2,1,2-Aminobutyric acid,2-Aminobutyric acid,11.417481193257007,11.417481193257007,0.0,0.0,1,1,1
ST000356,hsa00260,Glycine Serine Threonine Metabolism,0.2,59,imputation,3,2,1,Glycine,Glycine,0.14655922417742115,0.14655922417742115,0.0,0.0,1,1,1
ST000356,hsa00260,Glycine Serine Threonine Metabolism,0.2,60,imputation,3,2,1,2-Aminobutyric acid,2-Aminobutyric acid,11.417481193257007,11.417481193257007,0.0,0.0,1,1,1
ST000356,hsa00260,Glycine Serine Threonine Metabolism,0.2,61,imputation,3,2,1,Glycine,Glycine,0.14655922417742115,0.14655922417742115,0.0,0.0,1,1,1
ST000356,hsa00260,Glycine Serine Threonine Metabolism,0.2,62,imputation,3,2,1,2-Aminobutyric acid,2-Aminobutyric acid,11.417481193257007,11.417481193257007,0.0,0.0,1,1,1
ST000356,hsa00260,Glycine Serine Threonine Metabolism,0.2,63,imputation,3,2,1,Glycine,Glycine,0.14655922417742115,0.14655922417742115,0.0,0.0,1,1,1
ST000356,hsa00260,Glycine Serine Threonine Metabolism,0.2,64,imputation,3,2,1,Glycine,Glycine,0.14655922417742115,0.14655922417742115,0.0,0.0,1,1,1
ST000356,hsa00260,Glycine Serine Threonine Metabolism,0.2,65,imputation,3,2,1,2-Aminobutyric acid,2-Aminobutyric acid,11.417481193257007,11.417481193257007,0.0,0.0,1,1,1
ST000356,hsa00260,Glycine Serine Threonine Metabolism,0.2,66,imputation,3,2,1,2-Aminobutyric acid,2-Aminobutyric acid,11.417481193257007,11.417481193257007,0.0,0.0,1,1,1
ST000356,hsa00260,Glycine Serine Threonine Metabolism,0.2,67,imputation,3,2,1,Betaine,Betaine,11146.062148020894,11146.062148020894,0.0,0.0,1,1,1
ST000356,hsa00260,Glycine Serine Threonine Metabolism,0.2,68,imputation,3,2,1,Betaine,Betaine,11146.062148020894,11146.062148020894,0.0,0.0,1,1,1
ST000356,hsa00260,Glycine Serine Threonine Metabolism,0.2,69,imputation,3,2,1,2-Aminobutyric acid,2-Aminobutyric acid,11.417481193257007,11.417481193257007,0.0,0.0,1,1,1
ST000356,hsa00260,Glycine Serine Threonine Metabolism,0.2,70,imputation,3,2,1,Betaine,Betaine,11146.062148020894,11146.062148020894,0.0,0.0,1,1,1
ST000356,hsa00260,Glycine Serine Threonine Metabolism,0.2,71,imputation,3,2,1,2-Aminobutyric acid,2-Aminobutyric acid,11.417481193257007,11.417481193257007,0.0,0.0,1,1,1
ST000356,hsa00260,Glycine Serine Threonine Metabolism,0.2,72,imputation,3,2,1,2-Aminobutyric acid,2-Aminobutyric acid,11.417481193257007,11.417481193257007,0.0,0.0,1,1,1
ST000356,hsa00260,Glycine Serine Threonine Metabolism,0.2,73,imputation,3,2,1,Betaine,Betaine,11146.062148020894,11146.062148020894,0.0,0.0,1,1,1
ST000356,hsa00260,Glycine Serine Threonine Metabolism,0.2,74,imputation,3,2,1,Glycine,Glycine,0.14655922417742115,0.14655922417742115,0.0,0.0,1,1,1
ST000356,hsa00260,Glycine Serine Threonine Metabolism,0.2,75,imputation,3,2,1,2-Aminobutyric acid,2-Aminobutyric acid,11.417481193257007,11.417481193257007,0.0,0.0,1,1,1
ST000356,hsa00260,Glycine Serine Threonine Metabolism,0.2,76,imputation,3,2,1,Glycine,Glycine,0.14655922417742115,0.14655922417742115,0.0,0.0,1,1,1
ST000356,hsa00260,Glycine Serine Threonine Metabolism,0.2,77,imputation,3,2,1,Betaine,Betaine,11146.062148020894,11146.062148020894,0.0,0.0,1,1,1
ST000356,hsa00260,Glycine Serine Threonine Metabolism,0.2,78,imputation,3,2,1,Glycine,Glycine,0.14655922417742115,0.14655922417742115,0.0,0.0,1,1,1
ST000356,hsa00260,Glycine Serine Threonine Metabolism,0.2,79,imputation,3,2,1,2-Aminobutyric acid,2-Aminobutyric acid,11.417481193257007,11.417481193257007,0.0,0.0,1,1,1
ST000356,hsa00260,Glycine Serine Threonine Metabolism,0.2,80,imputation,3,2,1,Glycine,Glycine,0.14655922417742115,0.14655922417742115,0.0,0.0,1,1,1
ST000356,hsa00260,Glycine Serine Threonine Metabolism,0.2,81,imputation,3,2,1,2-Aminobutyric acid,2-Aminobutyric acid,11.417481193257007,11.417481193257007,0.0,0.0,1,1,1
ST000356,hsa00260,Glycine Serine Threonine Metabolism,0.2,82,imputation,3,2,1,Betaine,Betaine,11146.062148020894,11146.062148020894,0.0,0.0,1,1,1
ST000356,hsa00260,Glycine Serine Threonine Metabolism,0.2,83,imputation,3,2,1,2-Aminobutyric acid,2-Aminobutyric acid,11.417481193257007,11.417481193257007,0.0,0.0,1,1,1
ST000356,hsa00260,Glycine Serine Threonine Metabolism,0.2,84,imputation,3,2,1,Glycine,Glycine,0.14655922417742115,0.14655922417742115,0.0,0.0,1,1,1
ST000356,hsa00260,Glycine Serine Threonine Metabolism,0.2,85,imputation,3,2,1,2-Aminobutyric acid,2-Aminobutyric acid,11.417481193257007,11.417481193257007,0.0,0.0,1,1,1
ST000356,hsa00260,Glycine Serine Threonine Metabolism,0.2,86,imputation,3,2,1,2-Aminobutyric acid,2-Aminobutyric acid,11.417481193257007,11.417481193257007,0.0,0.0,1,1,1
ST000356,hsa00260,Glycine Serine Threonine Metabolism,0.2,87,imputation,3,2,1,Glycine,Glycine,0.14655922417742115,0.14655922417742115,0.0,0.0,1,1,1
ST000356,hsa00260,Glycine Serine Threonine Metabolism,0.2,88,imputation,3,2,1,Glycine,Glycine,0.14655922417742115,0.14655922417742115,0.0,0.0,1,1,1
ST000356,hsa00260,Glycine Serine Threonine Metabolism,0.2,89,imputation,3,2,1,Betaine,Betaine,11146.062148020894,11146.062148020894,0.0,0.0,1,1,1
ST000356,hsa00260,Glycine Serine Threonine Metabolism,0.2,90,imputation,3,2,1,Betaine,Betaine,11146.062148020894,11146.062148020894,0.0,0.0,1,1,1
ST000356,hsa00260,Glycine Serine Threonine Metabolism,0.2,91,imputation,3,2,1,Betaine,Betaine,11146.062148020894,11146.062148020894,0.0,0.0,1,1,1
ST000356,hsa00260,Glycine Serine Threonine Metabolism,0.2,92,imputation,3,2,1,Betaine,Betaine,11146.062148020894,11146.062148020894,0.0,0.0,1,1,1
ST000356,hsa00260,Glycine Serine Threonine Metabolism,0.2,93,imputation,3,2,1,Glycine,Glycine,0.14655922417742115,0.14655922417742115,0.0,0.0,1,1,1
ST000356,hsa00260,Glycine Serine Threonine Metabolism,0.2,94,imputation,3,2,1,Glycine,Glycine,0.14655922417742115,0.14655922417742115,0.0,0.0,1,1,1
ST000356,hsa00260,Glycine Serine Threonine Metabolism,0.2,95,imputation,3,2,1,2-Aminobutyric acid,2-Aminobutyric acid,11.417481193257007,11.417481193257007,0.0,0.0,1,1,1
ST000356,hsa00260,Glycine Serine Threonine Metabolism,0.2,96,imputation,3,2,1,2-Aminobutyric acid,2-Aminobutyric acid,11.417481193257007,11.417481193257007,0.0,0.0,1,1,1
ST000356,hsa00260,Glycine Serine Threonine Metabolism,0.2,97,imputation,3,2,1,2-Aminobutyric acid,2-Aminobutyric acid,11.417481193257007,11.417481193257007,0.0,0.0,1,1,1
ST000356,hsa00260,Glycine Serine Threonine Metabolism,0.2,98,imputation,3,2,1,2-Aminobutyric acid,2-Aminobutyric acid,11.417481193257007,11.417481193257007,0.0,0.0,1,1,1
ST000356,hsa00260,Glycine Serine Threonine Metabolism,0.2,99,imputation,3,2,1,Glycine,Glycine,0.14655922417742115,0.14655922417742115,0.0,0.0,1,1,1
ST000356,hsa00260,Glycine Serine Threonine Metabolism,0.2,100,imputation,3,2,1,Glycine,Glycine,0.14655922417742115,0.14655922417742115,0.0,0.0,1,1,1
ST000356,hsa00260,Glycine Serine Threonine Metabolism,0.3,1,imputation,3,2,1,2-Aminobutyric acid,2-Aminobutyric acid,11.417481193257007,11.417481193257007,0.0,0.0,1,1,1
ST000356,hsa00260,Glycine Serine Threonine Metabolism,0.3,2,imputation,3,2,1,Betaine,Betaine,11146.062148020894,11146.062148020894,0.0,0.0,1,1,1
ST000356,hsa00260,Glycine Serine Threonine Metabolism,0.3,3,imputation,3,2,1,Betaine,Betaine,11146.062148020894,11146.062148020894,0.0,0.0,1,1,1
ST000356,hsa00260,Glycine Serine Threonine Metabolism,0.3,4,imputation,3,2,1,2-Aminobutyric acid,2-Aminobutyric acid,11.417481193257007,11.417481193257007,0.0,0.0,1,1,1
ST000356,hsa00260,Glycine Serine Threonine Metabolism,0.3,5,imputation,3,2,1,Betaine,Betaine,11146.062148020894,11146.062148020894,0.0,0.0,1,1,1
ST000356,hsa00260,Glycine Serine Threonine Metabolism,0.3,6,imputation,3,2,1,Glycine,Glycine,0.14655922417742115,0.14655922417742115,0.0,0.0,1,1,1
ST000356,hsa00260,Glycine Serine Threonine Metabolism,0.3,7,imputation,3,2,1,2-Aminobutyric acid,2-Aminobutyric acid,11.417481193257007,11.417481193257007,0.0,0.0,1,1,1
ST000356,hsa00260,Glycine Serine Threonine Metabolism,0.3,8,imputation,3,2,1,Betaine,Betaine,11146.062148020894,11146.062148020894,0.0,0.0,1,1,1
ST000356,hsa00260,Glycine Serine Threonine Metabolism,0.3,9,imputation,3,2,1,2-Aminobutyric acid,2-Aminobutyric acid,11.417481193257007,11.417481193257007,0.0,0.0,1,1,1
ST000356,hsa00260,Glycine Serine Threonine Metabolism,0.3,10,imputation,3,2,1,Betaine,Betaine,11146.062148020894,11146.062148020894,0.0,0.0,1,1,1
ST000356,hsa00260,Glycine Serine Threonine Metabolism,0.3,11,imputation,3,2,1,Glycine,Glycine,0.14655922417742115,0.14655922417742115,0.0,0.0,1,1,1
ST000356,hsa00260,Glycine Serine Threonine Metabolism,0.3,12,imputation,3,2,1,2-Aminobutyric acid,2-Aminobutyric acid,11.417481193257007,11.417481193257007,0.0,0.0,1,1,1
ST000356,hsa00260,Glycine Serine Threonine Metabolism,0.3,13,imputation,3,2,1,2-Aminobutyric acid,2-Aminobutyric acid,11.417481193257007,11.417481193257007,0.0,0.0,1,1,1
ST000356,hsa00260,Glycine Serine Threonine Metabolism,0.3,14,imputation,3,2,1,Glycine,Glycine,0.14655922417742115,0.14655922417742115,0.0,0.0,1,1,1
ST000356,hsa00260,Glycine Serine Threonine Metabolism,0.3,15,imputation,3,2,1,2-Aminobutyric acid,2-Aminobutyric acid,11.417481193257007,11.417481193257007,0.0,0.0,1,1,1
ST000356,hsa00260,Glycine Serine Threonine Metabolism,0.3,16,imputation,3,2,1,Glycine,Glycine,0.14655922417742115,0.14655922417742115,0.0,0.0,1,1,1
ST000356,hsa00260,Glycine Serine Threonine Metabolism,0.3,17,imputation,3,2,1,2-Aminobutyric acid,2-Aminobutyric acid,11.417481193257007,11.417481193257007,0.0,0.0,1,1,1
ST000356,hsa00260,Glycine Serine Threonine Metabolism,0.3,18,imputation,3,2,1,Betaine,Betaine,11146.062148020894,11146.062148020894,0.0,0.0,1,1,1
ST000356,hsa00260,Glycine Serine Threonine Metabolism,0.3,19,imputation,3,2,1,Betaine,Betaine,11146.062148020894,11146.062148020894,0.0,0.0,1,1,1
ST000356,hsa00260,Glycine Serine Threonine Metabolism,0.3,20,imputation,3,2,1,Glycine,Glycine,0.14655922417742115,0.14655922417742115,0.0,0.0,1,1,1
ST000356,hsa00260,Glycine Serine Threonine Metabolism,0.3,21,imputation,3,2,1,Betaine,Betaine,11146.062148020894,11146.062148020894,0.0,0.0,1,1,1
ST000356,hsa00260,Glycine Serine Threonine Metabolism,0.3,22,imputation,3,2,1,Betaine,Betaine,11146.062148020894,11146.062148020894,0.0,0.0,1,1,1
ST000356,hsa00260,Glycine Serine Threonine Metabolism,0.3,23,imputation,3,2,1,Betaine,Betaine,11146.062148020894,11146.062148020894,0.0,0.0,1,1,1
ST000356,hsa00260,Glycine Serine Threonine Metabolism,0.3,24,imputation,3,2,1,2-Aminobutyric acid,2-Aminobutyric acid,11.417481193257007,11.417481193257007,0.0,0.0,1,1,1
ST000356,hsa00260,Glycine Serine Threonine Metabolism,0.3,25,imputation,3,2,1,2-Aminobutyric acid,2-Aminobutyric acid,11.417481193257007,11.417481193257007,0.0,0.0,1,1,1
ST000356,hsa00260,Glycine Serine Threonine Metabolism,0.3,26,imputation,3,2,1,Glycine,Glycine,0.14655922417742115,0.14655922417742115,0.0,0.0,1,1,1
ST000356,hsa00260,Glycine Serine Threonine Metabolism,0.3,27,imputation,3,2,1,Glycine,Glycine,0.14655922417742115,0.14655922417742115,0.0,0.0,1,1,1
ST000356,hsa00260,Glycine Serine Threonine Metabolism,0.3,28,imputation,3,2,1,2-Aminobutyric acid,2-Aminobutyric acid,11.417481193257007,11.417481193257007,0.0,0.0,1,1,1
ST000356,hsa00260,Glycine Serine Threonine Metabolism,0.3,29,imputation,3,2,1,Betaine,Betaine,11146.062148020894,11146.062148020894,0.0,0.0,1,1,1
ST000356,hsa00260,Glycine Serine Threonine Metabolism,0.3,30,imputation,3,2,1,2-Aminobutyric acid,2-Aminobutyric acid,11.417481193257007,11.417481193257007,0.0,0.0,1,1,1
ST000356,hsa00260,Glycine Serine Threonine Metabolism,0.3,31,imputation,3,2,1,Betaine,Betaine,11146.062148020894,11146.062148020894,0.0,0.0,1,1,1
ST000356,hsa00260,Glycine Serine Threonine Metabolism,0.3,32,imputation,3,2,1,Glycine,Glycine,0.14655922417742115,0.14655922417742115,0.0,0.0,1,1,1
ST000356,hsa00260,Glycine Serine Threonine Metabolism,0.3,33,imputation,3,2,1,Betaine,Betaine,11146.062148020894,11146.062148020894,0.0,0.0,1,1,1
ST000356,hsa00260,Glycine Serine Threonine Metabolism,0.3,34,imputation,3,2,1,Betaine,Betaine,11146.062148020894,11146.062148020894,0.0,0.0,1,1,1
ST000356,hsa00260,Glycine Serine Threonine Metabolism,0.3,35,imputation,3,2,1,Betaine,Betaine,11146.062148020894,11146.062148020894,0.0,0.0,1,1,1
ST000356,hsa00260,Glycine Serine Threonine Metabolism,0.3,36,imputation,3,2,1,2-Aminobutyric acid,2-Aminobutyric acid,11.417481193257007,11.417481193257007,0.0,0.0,1,1,1
ST000356,hsa00260,Glycine Serine Threonine Metabolism,0.3,37,imputation,3,2,1,2-Aminobutyric acid,2-Aminobutyric acid,11.417481193257007,11.417481193257007,0.0,0.0,1,1,1
ST000356,hsa00260,Glycine Serine Threonine Metabolism,0.3,38,imputation,3,2,1,Betaine,Betaine,11146.062148020894,11146.062148020894,0.0,0.0,1,1,1
ST000356,hsa00260,Glycine Serine Threonine Metabolism,0.3,39,imputation,3,2,1,Glycine,Glycine,0.14655922417742115,0.14655922417742115,0.0,0.0,1,1,1
ST000356,hsa00260,Glycine Serine Threonine Metabolism,0.3,40,imputation,3,2,1,2-Aminobutyric acid,2-Aminobutyric acid,11.417481193257007,11.417481193257007,0.0,0.0,1,1,1
ST000356,hsa00260,Glycine Serine Threonine Metabolism,0.3,41,imputation,3,2,1,Betaine,Betaine,11146.062148020894,11146.062148020894,0.0,0.0,1,1,1
ST000356,hsa00260,Glycine Serine Threonine Metabolism,0.3,42,imputation,3,2,1,Glycine,Glycine,0.14655922417742115,0.14655922417742115,0.0,0.0,1,1,1
ST000356,hsa00260,Glycine Serine Threonine Metabolism,0.3,43,imputation,3,2,1,2-Aminobutyric acid,2-Aminobutyric acid,11.417481193257007,11.417481193257007,0.0,0.0,1,1,1
ST000356,hsa00260,Glycine Serine Threonine Metabolism,0.3,44,imputation,3,2,1,2-Aminobutyric acid,2-Aminobutyric acid,11.417481193257007,11.417481193257007,0.0,0.0,1,1,1
ST000356,hsa00260,Glycine Serine Threonine Metabolism,0.3,45,imputation,3,2,1,2-Aminobutyric acid,2-Aminobutyric acid,11.417481193257007,11.417481193257007,0.0,0.0,1,1,1
ST000356,hsa00260,Glycine Serine Threonine Metabolism,0.3,46,imputation,3,2,1,Betaine,Betaine,11146.062148020894,11146.062148020894,0.0,0.0,1,1,1
ST000356,hsa00260,Glycine Serine Threonine Metabolism,0.3,47,imputation,3,2,1,2-Aminobutyric acid,2-Aminobutyric acid,11.417481193257007,11.417481193257007,0.0,0.0,1,1,1
ST000356,hsa00260,Glycine Serine Threonine Metabolism,0.3,48,imputation,3,2,1,2-Aminobutyric acid,2-Aminobutyric acid,11.417481193257007,11.417481193257007,0.0,0.0,1,1,1
ST000356,hsa00260,Glycine Serine Threonine Metabolism,0.3,49,imputation,3,2,1,2-Aminobutyric acid,2-Aminobutyric acid,11.417481193257007,11.417481193257007,0.0,0.0,1,1,1
ST000356,hsa00260,Glycine Serine Threonine Metabolism,0.3,50,imputation,3,2,1,Betaine,Betaine,11146.062148020894,11146.062148020894,0.0,0.0,1,1,1
ST000356,hsa00260,Glycine Serine Threonine Metabolism,0.3,51,imputation,3,2,1,Betaine,Betaine,11146.062148020894,11146.062148020894,0.0,0.0,1,1,1
ST000356,hsa00260,Glycine Serine Threonine Metabolism,0.3,52,imputation,3,2,1,Glycine,Glycine,0.14655922417742115,0.14655922417742115,0.0,0.0,1,1,1
ST000356,hsa00260,Glycine Serine Threonine Metabolism,0.3,53,imputation,3,2,1,Glycine,Glycine,0.14655922417742115,0.14655922417742115,0.0,0.0,1,1,1
ST000356,hsa00260,Glycine Serine Threonine Metabolism,0.3,54,imputation,3,2,1,Betaine,Betaine,11146.062148020894,11146.062148020894,0.0,0.0,1,1,1
ST000356,hsa00260,Glycine Serine Threonine Metabolism,0.3,55,imputation,3,2,1,2-Aminobutyric acid,2-Aminobutyric acid,11.417481193257007,11.417481193257007,0.0,0.0,1,1,1
ST000356,hsa00260,Glycine Serine Threonine Metabolism,0.3,56,imputation,3,2,1,Betaine,Betaine,11146.062148020894,11146.062148020894,0.0,0.0,1,1,1
ST000356,hsa00260,Glycine Serine Threonine Metabolism,0.3,57,imputation,3,2,1,Betaine,Betaine,11146.062148020894,11146.062148020894,0.0,0.0,1,1,1
ST000356,hsa00260,Glycine Serine Threonine Metabolism,0.3,58,imputation,3,2,1,2-Aminobutyric acid,2-Aminobutyric acid,11.417481193257007,11.417481193257007,0.0,0.0,1,1,1
ST000356,hsa00260,Glycine Serine Threonine Metabolism,0.3,59,imputation,3,2,1,Glycine,Glycine,0.14655922417742115,0.14655922417742115,0.0,0.0,1,1,1
ST000356,hsa00260,Glycine Serine Threonine Metabolism,0.3,60,imputation,3,2,1,2-Aminobutyric acid,2-Aminobutyric acid,11.417481193257007,11.417481193257007,0.0,0.0,1,1,1
ST000356,hsa00260,Glycine Serine Threonine Metabolism,0.3,61,imputation,3,2,1,Glycine,Glycine,0.14655922417742115,0.14655922417742115,0.0,0.0,1,1,1
ST000356,hsa00260,Glycine Serine Threonine Metabolism,0.3,62,imputation,3,2,1,2-Aminobutyric acid,2-Aminobutyric acid,11.417481193257007,11.417481193257007,0.0,0.0,1,1,1
ST000356,hsa00260,Glycine Serine Threonine Metabolism,0.3,63,imputation,3,2,1,Glycine,Glycine,0.14655922417742115,0.14655922417742115,0.0,0.0,1,1,1
ST000356,hsa00260,Glycine Serine Threonine Metabolism,0.3,64,imputation,3,2,1,Glycine,Glycine,0.14655922417742115,0.14655922417742115,0.0,0.0,1,1,1
ST000356,hsa00260,Glycine Serine Threonine Metabolism,0.3,65,imputation,3,2,1,2-Aminobutyric acid,2-Aminobutyric acid,11.417481193257007,11.417481193257007,0.0,0.0,1,1,1
ST000356,hsa00260,Glycine Serine Threonine Metabolism,0.3,66,imputation,3,2,1,2-Aminobutyric acid,2-Aminobutyric acid,11.417481193257007,11.417481193257007,0.0,0.0,1,1,1
ST000356,hsa00260,Glycine Serine Threonine Metabolism,0.3,67,imputation,3,2,1,Betaine,Betaine,11146.062148020894,11146.062148020894,0.0,0.0,1,1,1
ST000356,hsa00260,Glycine Serine Threonine Metabolism,0.3,68,imputation,3,2,1,Betaine,Betaine,11146.062148020894,11146.062148020894,0.0,0.0,1,1,1
ST000356,hsa00260,Glycine Serine Threonine Metabolism,0.3,69,imputation,3,2,1,2-Aminobutyric acid,2-Aminobutyric acid,11.417481193257007,11.417481193257007,0.0,0.0,1,1,1
ST000356,hsa00260,Glycine Serine Threonine Metabolism,0.3,70,imputation,3,2,1,Betaine,Betaine,11146.062148020894,11146.062148020894,0.0,0.0,1,1,1
ST000356,hsa00260,Glycine Serine Threonine Metabolism,0.3,71,imputation,3,2,1,2-Aminobutyric acid,2-Aminobutyric acid,11.417481193257007,11.417481193257007,0.0,0.0,1,1,1
ST000356,hsa00260,Glycine Serine Threonine Metabolism,0.3,72,imputation,3,2,1,2-Aminobutyric acid,2-Aminobutyric acid,11.417481193257007,11.417481193257007,0.0,0.0,1,1,1
ST000356,hsa00260,Glycine Serine Threonine Metabolism,0.3,73,imputation,3,2,1,Betaine,Betaine,11146.062148020894,11146.062148020894,0.0,0.0,1,1,1
ST000356,hsa00260,Glycine Serine Threonine Metabolism,0.3,74,imputation,3,2,1,Glycine,Glycine,0.14655922417742115,0.14655922417742115,0.0,0.0,1,1,1
ST000356,hsa00260,Glycine Serine Threonine Metabolism,0.3,75,imputation,3,2,1,2-Aminobutyric acid,2-Aminobutyric acid,11.417481193257007,11.417481193257007,0.0,0.0,1,1,1
ST000356,hsa00260,Glycine Serine Threonine Metabolism,0.3,76,imputation,3,2,1,Glycine,Glycine,0.14655922417742115,0.14655922417742115,0.0,0.0,1,1,1
ST000356,hsa00260,Glycine Serine Threonine Metabolism,0.3,77,imputation,3,2,1,Betaine,Betaine,11146.062148020894,11146.062148020894,0.0,0.0,1,1,1
ST000356,hsa00260,Glycine Serine Threonine Metabolism,0.3,78,imputation,3,2,1,Glycine,Glycine,0.14655922417742115,0.14655922417742115,0.0,0.0,1,1,1
ST000356,hsa00260,Glycine Serine Threonine Metabolism,0.3,79,imputation,3,2,1,2-Aminobutyric acid,2-Aminobutyric acid,11.417481193257007,11.417481193257007,0.0,0.0,1,1,1
ST000356,hsa00260,Glycine Serine Threonine Metabolism,0.3,80,imputation,3,2,1,Glycine,Glycine,0.14655922417742115,0.14655922417742115,0.0,0.0,1,1,1
ST000356,hsa00260,Glycine Serine Threonine Metabolism,0.3,81,imputation,3,2,1,2-Aminobutyric acid,2-Aminobutyric acid,11.417481193257007,11.417481193257007,0.0,0.0,1,1,1
ST000356,hsa00260,Glycine Serine Threonine Metabolism,0.3,82,imputation,3,2,1,Betaine,Betaine,11146.062148020894,11146.062148020894,0.0,0.0,1,1,1
ST000356,hsa00260,Glycine Serine Threonine Metabolism,0.3,83,imputation,3,2,1,2-Aminobutyric acid,2-Aminobutyric acid,11.417481193257007,11.417481193257007,0.0,0.0,1,1,1
ST000356,hsa00260,Glycine Serine Threonine Metabolism,0.3,84,imputation,3,2,1,Glycine,Glycine,0.14655922417742115,0.14655922417742115,0.0,0.0,1,1,1
ST000356,hsa00260,Glycine Serine Threonine Metabolism,0.3,85,imputation,3,2,1,2-Aminobutyric acid,2-Aminobutyric acid,11.417481193257007,11.417481193257007,0.0,0.0,1,1,1
ST000356,hsa00260,Glycine Serine Threonine Metabolism,0.3,86,imputation,3,2,1,2-Aminobutyric acid,2-Aminobutyric acid,11.417481193257007,11.417481193257007,0.0,0.0,1,1,1
ST000356,hsa00260,Glycine Serine Threonine Metabolism,0.3,87,imputation,3,2,1,Glycine,Glycine,0.14655922417742115,0.14655922417742115,0.0,0.0,1,1,1
ST000356,hsa00260,Glycine Serine Threonine Metabolism,0.3,88,imputation,3,2,1,Glycine,Glycine,0.14655922417742115,0.14655922417742115,0.0,0.0,1,1,1
ST000356,hsa00260,Glycine Serine Threonine Metabolism,0.3,89,imputation,3,2,1,Betaine,Betaine,11146.062148020894,11146.062148020894,0.0,0.0,1,1,1
ST000356,hsa00260,Glycine Serine Threonine Metabolism,0.3,90,imputation,3,2,1,Betaine,Betaine,11146.062148020894,11146.062148020894,0.0,0.0,1,1,1
ST000356,hsa00260,Glycine Serine Threonine Metabolism,0.3,91,imputation,3,2,1,Betaine,Betaine,11146.062148020894,11146.062148020894,0.0,0.0,1,1,1
ST000356,hsa00260,Glycine Serine Threonine Metabolism,0.3,92,imputation,3,2,1,Betaine,Betaine,11146.062148020894,11146.062148020894,0.0,0.0,1,1,1
ST000356,hsa00260,Glycine Serine Threonine Metabolism,0.3,93,imputation,3,2,1,Glycine,Glycine,0.14655922417742115,0.14655922417742115,0.0,0.0,1,1,1
ST000356,hsa00260,Glycine Serine Threonine Metabolism,0.3,94,imputation,3,2,1,Glycine,Glycine,0.14655922417742115,0.14655922417742115,0.0,0.0,1,1,1
ST000356,hsa00260,Glycine Serine Threonine Metabolism,0.3,95,imputation,3,2,1,2-Aminobutyric acid,2-Aminobutyric acid,11.417481193257007,11.417481193257007,0.0,0.0,1,1,1
ST000356,hsa00260,Glycine Serine Threonine Metabolism,0.3,96,imputation,3,2,1,2-Aminobutyric acid,2-Aminobutyric acid,11.417481193257007,11.417481193257007,0.0,0.0,1,1,1
ST000356,hsa00260,Glycine Serine Threonine Metabolism,0.3,97,imputation,3,2,1,2-Aminobutyric acid,2-Aminobutyric acid,11.417481193257007,11.417481193257007,0.0,0.0,1,1,1
ST000356,hsa00260,Glycine Serine Threonine Metabolism,0.3,98,imputation,3,2,1,2-Aminobutyric acid,2-Aminobutyric acid,11.417481193257007,11.417481193257007,0.0,0.0,1,1,1
ST000356,hsa00260,Glycine Serine Threonine Metabolism,0.3,99,imputation,3,2,1,Glycine,Glycine,0.14655922417742115,0.14655922417742115,0.0,0.0,1,1,1
ST000356,hsa00260,Glycine Serine Threonine Metabolism,0.3,100,imputation,3,2,1,Glycine,Glycine,0.14655922417742115,0.14655922417742115,0.0,0.0,1,1,1
ST000356,hsa00260,Glycine Serine Threonine Metabolism,0.4,1,imputation,3,1,2,Betaine,Betaine,11146.062148020894,11146.062148020894,0.0,0.0,1,1,1
ST000356,hsa00260,Glycine Serine Threonine Metabolism,0.4,2,imputation,3,1,2,Betaine,Betaine,11146.062148020894,11146.062148020894,0.0,0.0,1,1,1
ST000356,hsa00260,Glycine Serine Threonine Metabolism,0.4,3,imputation,3,1,2,Betaine,Betaine,11146.062148020894,11146.062148020894,0.0,0.0,1,1,1
ST000356,hsa00260,Glycine Serine Threonine Metabolism,0.4,4,imputation,3,1,2,Betaine,Betaine,11146.062148020894,11146.062148020894,0.0,0.0,1,1,1
ST000356,hsa00260,Glycine Serine Threonine Metabolism,0.4,5,imputation,3,1,2,Betaine,Betaine,11146.062148020894,11146.062148020894,0.0,0.0,1,1,1
ST000356,hsa00260,Glycine Serine Threonine Metabolism,0.4,6,imputation,3,1,2,Betaine,Betaine,11146.062148020894,11146.062148020894,0.0,0.0,1,1,1
ST000356,hsa00260,Glycine Serine Threonine Metabolism,0.4,7,imputation,3,1,2,Betaine,Betaine,11146.062148020894,11146.062148020894,0.0,0.0,1,1,1
ST000356,hsa00260,Glycine Serine Threonine Metabolism,0.4,8,imputation,3,1,2,Betaine,Betaine,11146.062148020894,11146.062148020894,0.0,0.0,1,1,1
ST000356,hsa00260,Glycine Serine Threonine Metabolism,0.4,9,imputation,3,1,2,2-Aminobutyric acid,2-Aminobutyric acid,11.417481193257007,11.417481193257007,0.0,0.0,1,1,1
ST000356,hsa00260,Glycine Serine Threonine Metabolism,0.4,10,imputation,3,1,2,Betaine,Betaine,11146.062148020894,11146.062148020894,0.0,0.0,1,1,1
ST000356,hsa00260,Glycine Serine Threonine Metabolism,0.4,11,imputation,3,1,2,2-Aminobutyric acid,2-Aminobutyric acid,11.417481193257007,11.417481193257007,0.0,0.0,1,1,1
ST000356,hsa00260,Glycine Serine Threonine Metabolism,0.4,12,imputation,3,1,2,Betaine,Betaine,11146.062148020894,11146.062148020894,0.0,0.0,1,1,1
ST000356,hsa00260,Glycine Serine Threonine Metabolism,0.4,13,imputation,3,1,2,2-Aminobutyric acid,2-Aminobutyric acid,11.417481193257007,11.417481193257007,0.0,0.0,1,1,1
ST000356,hsa00260,Glycine Serine Threonine Metabolism,0.4,14,imputation,3,1,2,2-Aminobutyric acid,2-Aminobutyric acid,11.417481193257007,11.417481193257007,0.0,0.0,1,1,1
ST000356,hsa00260,Glycine Serine Threonine Metabolism,0.4,15,imputation,3,1,2,Betaine,Betaine,11146.062148020894,11146.062148020894,0.0,0.0,1,1,1
ST000356,hsa00260,Glycine Serine Threonine Metabolism,0.4,16,imputation,3,1,2,2-Aminobutyric acid,2-Aminobutyric acid,11.417481193257007,11.417481193257007,0.0,0.0,1,1,1
ST000356,hsa00260,Glycine Serine Threonine Metabolism,0.4,17,imputation,3,1,2,2-Aminobutyric acid,2-Aminobutyric acid,11.417481193257007,11.417481193257007,0.0,0.0,1,1,1
ST000356,hsa00260,Glycine Serine Threonine Metabolism,0.4,18,imputation,3,1,2,Betaine,Betaine,11146.062148020894,11146.062148020894,0.0,0.0,1,1,1
ST000356,hsa00260,Glycine Serine Threonine Metabolism,0.4,19,imputation,3,1,2,Betaine,Betaine,11146.062148020894,11146.062148020894,0.0,0.0,1,1,1
ST000356,hsa00260,Glycine Serine Threonine Metabolism,0.4,20,imputation,3,1,2,2-Aminobutyric acid,2-Aminobutyric acid,11.417481193257007,11.417481193257007,0.0,0.0,1,1,1
ST000356,hsa00260,Glycine Serine Threonine Metabolism,0.4,21,imputation,3,1,2,Betaine,Betaine,11146.062148020894,11146.062148020894,0.0,0.0,1,1,1
ST000356,hsa00260,Glycine Serine Threonine Metabolism,0.4,22,imputation,3,1,2,Betaine,Betaine,11146.062148020894,11146.062148020894,0.0,0.0,1,1,1
ST000356,hsa00260,Glycine Serine Threonine Metabolism,0.4,23,imputation,3,1,2,Betaine,Betaine,11146.062148020894,11146.062148020894,0.0,0.0,1,1,1
ST000356,hsa00260,Glycine Serine Threonine Metabolism,0.4,24,imputation,3,1,2,Betaine,Betaine,11146.062148020894,11146.062148020894,0.0,0.0,1,1,1
ST000356,hsa00260,Glycine Serine Threonine Metabolism,0.4,25,imputation,3,1,2,2-Aminobutyric acid,2-Aminobutyric acid,11.417481193257007,11.417481193257007,0.0,0.0,1,1,1
ST000356,hsa00260,Glycine Serine Threonine Metabolism,0.4,26,imputation,3,1,2,Betaine,Betaine,11146.062148020894,11146.062148020894,0.0,0.0,1,1,1
ST000356,hsa00260,Glycine Serine Threonine Metabolism,0.4,27,imputation,3,1,2,2-Aminobutyric acid,2-Aminobutyric acid,11.417481193257007,11.417481193257007,0.0,0.0,1,1,1
ST000356,hsa00260,Glycine Serine Threonine Metabolism,0.4,28,imputation,3,1,2,Betaine,Betaine,11146.062148020894,11146.062148020894,0.0,0.0,1,1,1
ST000356,hsa00260,Glycine Serine Threonine Metabolism,0.4,29,imputation,3,1,2,Betaine,Betaine,11146.062148020894,11146.062148020894,0.0,0.0,1,1,1
ST000356,hsa00260,Glycine Serine Threonine Metabolism,0.4,30,imputation,3,1,2,2-Aminobutyric acid,2-Aminobutyric acid,11.417481193257007,11.417481193257007,0.0,0.0,1,1,1
ST000356,hsa00260,Glycine Serine Threonine Metabolism,0.4,31,imputation,3,1,2,Betaine,Betaine,11146.062148020894,11146.062148020894,0.0,0.0,1,1,1
ST000356,hsa00260,Glycine Serine Threonine Metabolism,0.4,32,imputation,3,1,2,2-Aminobutyric acid,2-Aminobutyric acid,11.417481193257007,11.417481193257007,0.0,0.0,1,1,1
ST000356,hsa00260,Glycine Serine Threonine Metabolism,0.4,33,imputation,3,1,2,Betaine,Betaine,11146.062148020894,11146.062148020894,0.0,0.0,1,1,1
ST000356,hsa00260,Glycine Serine Threonine Metabolism,0.4,34,imputation,3,1,2,Betaine,Betaine,11146.062148020894,11146.062148020894,0.0,0.0,1,1,1
ST000356,hsa00260,Glycine Serine Threonine Metabolism,0.4,35,imputation,3,1,2,Betaine,Betaine,11146.062148020894,11146.062148020894,0.0,0.0,1,1,1
ST000356,hsa00260,Glycine Serine Threonine Metabolism,0.4,36,imputation,3,1,2,2-Aminobutyric acid,2-Aminobutyric acid,11.417481193257007,11.417481193257007,0.0,0.0,1,1,1
ST000356,hsa00260,Glycine Serine Threonine Metabolism,0.4,37,imputation,3,1,2,Betaine,Betaine,11146.062148020894,11146.062148020894,0.0,0.0,1,1,1
ST000356,hsa00260,Glycine Serine Threonine Metabolism,0.4,38,imputation,3,1,2,Betaine,Betaine,11146.062148020894,11146.062148020894,0.0,0.0,1,1,1
ST000356,hsa00260,Glycine Serine Threonine Metabolism,0.4,39,imputation,3,1,2,Betaine,Betaine,11146.062148020894,11146.062148020894,0.0,0.0,1,1,1
ST000356,hsa00260,Glycine Serine Threonine Metabolism,0.4,40,imputation,3,1,2,Betaine,Betaine,11146.062148020894,11146.062148020894,0.0,0.0,1,1,1
ST000356,hsa00260,Glycine Serine Threonine Metabolism,0.4,41,imputation,3,1,2,Betaine,Betaine,11146.062148020894,11146.062148020894,0.0,0.0,1,1,1
ST000356,hsa00260,Glycine Serine Threonine Metabolism,0.4,42,imputation,3,1,2,Betaine,Betaine,11146.062148020894,11146.062148020894,0.0,0.0,1,1,1
ST000356,hsa00260,Glycine Serine Threonine Metabolism,0.4,43,imputation,3,1,2,2-Aminobutyric acid,2-Aminobutyric acid,11.417481193257007,11.417481193257007,0.0,0.0,1,1,1
ST000356,hsa00260,Glycine Serine Threonine Metabolism,0.4,44,imputation,3,1,2,Betaine,Betaine,11146.062148020894,11146.062148020894,0.0,0.0,1,1,1
ST000356,hsa00260,Glycine Serine Threonine Metabolism,0.4,45,imputation,3,1,2,2-Aminobutyric acid,2-Aminobutyric acid,11.417481193257007,11.417481193257007,0.0,0.0,1,1,1
ST000356,hsa00260,Glycine Serine Threonine Metabolism,0.4,46,imputation,3,1,2,Betaine,Betaine,11146.062148020894,11146.062148020894,0.0,0.0,1,1,1
ST000356,hsa00260,Glycine Serine Threonine Metabolism,0.4,47,imputation,3,1,2,Betaine,Betaine,11146.062148020894,11146.062148020894,0.0,0.0,1,1,1
ST000356,hsa00260,Glycine Serine Threonine Metabolism,0.4,48,imputation,3,1,2,2-Aminobutyric acid,2-Aminobutyric acid,11.417481193257007,11.417481193257007,0.0,0.0,1,1,1
ST000356,hsa00260,Glycine Serine Threonine Metabolism,0.4,49,imputation,3,1,2,2-Aminobutyric acid,2-Aminobutyric acid,11.417481193257007,11.417481193257007,0.0,0.0,1,1,1
ST000356,hsa00260,Glycine Serine Threonine Metabolism,0.4,50,imputation,3,1,2,Betaine,Betaine,11146.062148020894,11146.062148020894,0.0,0.0,1,1,1
ST000356,hsa00260,Glycine Serine Threonine Metabolism,0.4,51,imputation,3,1,2,Betaine,Betaine,11146.062148020894,11146.062148020894,0.0,0.0,1,1,1
ST000356,hsa00260,Glycine Serine Threonine Metabolism,0.4,52,imputation,3,1,2,2-Aminobutyric acid,2-Aminobutyric acid,11.417481193257007,11.417481193257007,0.0,0.0,1,1,1
ST000356,hsa00260,Glycine Serine Threonine Metabolism,0.4,53,imputation,3,1,2,2-Aminobutyric acid,2-Aminobutyric acid,11.417481193257007,11.417481193257007,0.0,0.0,1,1,1
ST000356,hsa00260,Glycine Serine Threonine Metabolism,0.4,54,imputation,3,1,2,Betaine,Betaine,11146.062148020894,11146.062148020894,0.0,0.0,1,1,1
ST000356,hsa00260,Glycine Serine Threonine Metabolism,0.4,55,imputation,3,1,2,Betaine,Betaine,11146.062148020894,11146.062148020894,0.0,0.0,1,1,1
ST000356,hsa00260,Glycine Serine Threonine Metabolism,0.4,56,imputation,3,1,2,Betaine,Betaine,11146.062148020894,11146.062148020894,0.0,0.0,1,1,1
ST000356,hsa00260,Glycine Serine Threonine Metabolism,0.4,57,imputation,3,1,2,Betaine,Betaine,11146.062148020894,11146.062148020894,0.0,0.0,1,1,1
ST000356,hsa00260,Glycine Serine Threonine Metabolism,0.4,58,imputation,3,1,2,Betaine,Betaine,11146.062148020894,11146.062148020894,0.0,0.0,1,1,1
ST000356,hsa00260,Glycine Serine Threonine Metabolism,0.4,59,imputation,3,1,2,2-Aminobutyric acid,2-Aminobutyric acid,11.417481193257007,11.417481193257007,0.0,0.0,1,1,1
ST000356,hsa00260,Glycine Serine Threonine Metabolism,0.4,60,imputation,3,1,2,Betaine,Betaine,11146.062148020894,11146.062148020894,0.0,0.0,1,1,1
ST000356,hsa00260,Glycine Serine Threonine Metabolism,0.4,61,imputation,3,1,2,Betaine,Betaine,11146.062148020894,11146.062148020894,0.0,0.0,1,1,1
ST000356,hsa00260,Glycine Serine Threonine Metabolism,0.4,62,imputation,3,1,2,2-Aminobutyric acid,2-Aminobutyric acid,11.417481193257007,11.417481193257007,0.0,0.0,1,1,1
ST000356,hsa00260,Glycine Serine Threonine Metabolism,0.4,63,imputation,3,1,2,Betaine,Betaine,11146.062148020894,11146.062148020894,0.0,0.0,1,1,1
ST000356,hsa00260,Glycine Serine Threonine Metabolism,0.4,64,imputation,3,1,2,Betaine,Betaine,11146.062148020894,11146.062148020894,0.0,0.0,1,1,1
ST000356,hsa00260,Glycine Serine Threonine Metabolism,0.4,65,imputation,3,1,2,Betaine,Betaine,11146.062148020894,11146.062148020894,0.0,0.0,1,1,1
ST000356,hsa00260,Glycine Serine Threonine Metabolism,0.4,66,imputation,3,1,2,2-Aminobutyric acid,2-Aminobutyric acid,11.417481193257007,11.417481193257007,0.0,0.0,1,1,1
ST000356,hsa00260,Glycine Serine Threonine Metabolism,0.4,67,imputation,3,1,2,Betaine,Betaine,11146.062148020894,11146.062148020894,0.0,0.0,1,1,1
ST000356,hsa00260,Glycine Serine Threonine Metabolism,0.4,68,imputation,3,1,2,Betaine,Betaine,11146.062148020894,11146.062148020894,0.0,0.0,1,1,1
ST000356,hsa00260,Glycine Serine Threonine Metabolism,0.4,69,imputation,3,1,2,Betaine,Betaine,11146.062148020894,11146.062148020894,0.0,0.0,1,1,1
ST000356,hsa00260,Glycine Serine Threonine Metabolism,0.4,70,imputation,3,1,2,Betaine,Betaine,11146.062148020894,11146.062148020894,0.0,0.0,1,1,1
ST000356,hsa00260,Glycine Serine Threonine Metabolism,0.4,71,imputation,3,1,2,Betaine,Betaine,11146.062148020894,11146.062148020894,0.0,0.0,1,1,1
ST000356,hsa00260,Glycine Serine Threonine Metabolism,0.4,72,imputation,3,1,2,2-Aminobutyric acid,2-Aminobutyric acid,11.417481193257007,11.417481193257007,0.0,0.0,1,1,1
ST000356,hsa00260,Glycine Serine Threonine Metabolism,0.4,73,imputation,3,1,2,Betaine,Betaine,11146.062148020894,11146.062148020894,0.0,0.0,1,1,1
ST000356,hsa00260,Glycine Serine Threonine Metabolism,0.4,74,imputation,3,1,2,Betaine,Betaine,11146.062148020894,11146.062148020894,0.0,0.0,1,1,1
ST000356,hsa00260,Glycine Serine Threonine Metabolism,0.4,75,imputation,3,1,2,2-Aminobutyric acid,2-Aminobutyric acid,11.417481193257007,11.417481193257007,0.0,0.0,1,1,1
ST000356,hsa00260,Glycine Serine Threonine Metabolism,0.4,76,imputation,3,1,2,2-Aminobutyric acid,2-Aminobutyric acid,11.417481193257007,11.417481193257007,0.0,0.0,1,1,1
ST000356,hsa00260,Glycine Serine Threonine Metabolism,0.4,77,imputation,3,1,2,Betaine,Betaine,11146.062148020894,11146.062148020894,0.0,0.0,1,1,1
ST000356,hsa00260,Glycine Serine Threonine Metabolism,0.4,78,imputation,3,1,2,2-Aminobutyric acid,2-Aminobutyric acid,11.417481193257007,11.417481193257007,0.0,0.0,1,1,1
ST000356,hsa00260,Glycine Serine Threonine Metabolism,0.4,79,imputation,3,1,2,2-Aminobutyric acid,2-Aminobutyric acid,11.417481193257007,11.417481193257007,0.0,0.0,1,1,1
ST000356,hsa00260,Glycine Serine Threonine Metabolism,0.4,80,imputation,3,1,2,2-Aminobutyric acid,2-Aminobutyric acid,11.417481193257007,11.417481193257007,0.0,0.0,1,1,1
ST000356,hsa00260,Glycine Serine Threonine Metabolism,0.4,81,imputation,3,1,2,Betaine,Betaine,11146.062148020894,11146.062148020894,0.0,0.0,1,1,1
ST000356,hsa00260,Glycine Serine Threonine Metabolism,0.4,82,imputation,3,1,2,Betaine,Betaine,11146.062148020894,11146.062148020894,0.0,0.0,1,1,1
ST000356,hsa00260,Glycine Serine Threonine Metabolism,0.4,83,imputation,3,1,2,2-Aminobutyric acid,2-Aminobutyric acid,11.417481193257007,11.417481193257007,0.0,0.0,1,1,1
ST000356,hsa00260,Glycine Serine Threonine Metabolism,0.4,84,imputation,3,1,2,2-Aminobutyric acid,2-Aminobutyric acid,11.417481193257007,11.417481193257007,0.0,0.0,1,1,1
ST000356,hsa00260,Glycine Serine Threonine Metabolism,0.4,85,imputation,3,1,2,2-Aminobutyric acid,2-Aminobutyric acid,11.417481193257007,11.417481193257007,0.0,0.0,1,1,1
ST000356,hsa00260,Glycine Serine Threonine Metabolism,0.4,86,imputation,3,1,2,Betaine,Betaine,11146.062148020894,11146.062148020894,0.0,0.0,1,1,1
ST000356,hsa00260,Glycine Serine Threonine Metabolism,0.4,87,imputation,3,1,2,Betaine,Betaine,11146.062148020894,11146.062148020894,0.0,0.0,1,1,1
ST000356,hsa00260,Glycine Serine Threonine Metabolism,0.4,88,imputation,3,1,2,Betaine,Betaine,11146.062148020894,11146.062148020894,0.0,0.0,1,1,1
ST000356,hsa00260,Glycine Serine Threonine Metabolism,0.4,89,imputation,3,1,2,Betaine,Betaine,11146.062148020894,11146.062148020894,0.0,0.0,1,1,1
ST000356,hsa00260,Glycine Serine Threonine Metabolism,0.4,90,imputation,3,1,2,Betaine,Betaine,11146.062148020894,11146.062148020894,0.0,0.0,1,1,1
ST000356,hsa00260,Glycine Serine Threonine Metabolism,0.4,91,imputation,3,1,2,Betaine,Betaine,11146.062148020894,11146.062148020894,0.0,0.0,1,1,1
ST000356,hsa00260,Glycine Serine Threonine Metabolism,0.4,92,imputation,3,1,2,Betaine,Betaine,11146.062148020894,11146.062148020894,0.0,0.0,1,1,1
ST000356,hsa00260,Glycine Serine Threonine Metabolism,0.4,93,imputation,3,1,2,Betaine,Betaine,11146.062148020894,11146.062148020894,0.0,0.0,1,1,1
ST000356,hsa00260,Glycine Serine Threonine Metabolism,0.4,94,imputation,3,1,2,Betaine,Betaine,11146.062148020894,11146.062148020894,0.0,0.0,1,1,1
ST000356,hsa00260,Glycine Serine Threonine Metabolism,0.4,95,imputation,3,1,2,2-Aminobutyric acid,2-Aminobutyric acid,11.417481193257007,11.417481193257007,0.0,0.0,1,1,1
ST000356,hsa00260,Glycine Serine Threonine Metabolism,0.4,96,imputation,3,1,2,Betaine,Betaine,11146.062148020894,11146.062148020894,0.0,0.0,1,1,1
ST000356,hsa00260,Glycine Serine Threonine Metabolism,0.4,97,imputation,3,1,2,Betaine,Betaine,11146.062148020894,11146.062148020894,0.0,0.0,1,1,1
ST000356,hsa00260,Glycine Serine Threonine Metabolism,0.4,98,imputation,3,1,2,2-Aminobutyric acid,2-Aminobutyric acid,11.417481193257007,11.417481193257007,0.0,0.0,1,1,1
ST000356,hsa00260,Glycine Serine Threonine Metabolism,0.4,99,imputation,3,1,2,2-Aminobutyric acid,2-Aminobutyric acid,11.417481193257007,11.417481193257007,0.0,0.0,1,1,1
ST000356,hsa00260,Glycine Serine Threonine Metabolism,0.4,100,imputation,3,1,2,Betaine,Betaine,11146.062148020894,11146.062148020894,0.0,0.0,1,1,1
ST000356,hsa00230,Purine Metabolism,0.2,1,imputation,4,3,1,1-Methylxanthine,1-Methylxanthine,133.78995384449166,133.78995384449166,0.0,0.0,1,1,1
ST000356,hsa00230,Purine Metabolism,0.2,2,imputation,4,3,1,uric acid,uric acid,2754.401466727661,2754.401466727661,0.0,0.0,1,1,1
ST000356,hsa00230,Purine Metabolism,0.2,3,imputation,4,3,1,Succinyladenosine,Succinyladenosine,11.937785002244976,11.937785002244976,0.0,0.0,1,1,1
ST000356,hsa00230,Purine Metabolism,0.2,4,imputation,4,3,1,1-Methylxanthine,1-Methylxanthine,133.78995384449166,133.78995384449166,0.0,0.0,1,1,1
ST000356,hsa00230,Purine Metabolism,0.2,5,imputation,4,3,1,Succinyladenosine,Succinyladenosine,11.937785002244976,11.937785002244976,0.0,0.0,1,1,1
ST000356,hsa00230,Purine Metabolism,0.2,6,imputation,4,3,1,Succinyladenosine,Succinyladenosine,11.937785002244976,11.937785002244976,0.0,0.0,1,1,1
ST000356,hsa00230,Purine Metabolism,0.2,7,imputation,4,3,1,1-Methylxanthine,1-Methylxanthine,133.78995384449166,133.78995384449166,0.0,0.0,1,1,1
ST000356,hsa00230,Purine Metabolism,0.2,8,imputation,4,3,1,uric acid,uric acid,2754.401466727661,2754.401466727661,0.0,0.0,1,1,1
ST000356,hsa00230,Purine Metabolism,0.2,9,imputation,4,3,1,Hypoxanthine,Hypoxanthine,66.86089624836943,66.86089624836943,0.0,0.0,1,1,1
ST000356,hsa00230,Purine Metabolism,0.2,10,imputation,4,3,1,Succinyladenosine,Succinyladenosine,11.937785002244976,11.937785002244976,0.0,0.0,1,1,1
ST000356,hsa00230,Purine Metabolism,0.2,11,imputation,4,3,1,Hypoxanthine,Hypoxanthine,66.86089624836943,66.86089624836943,0.0,0.0,1,1,1
ST000356,hsa00230,Purine Metabolism,0.2,12,imputation,4,3,1,Hypoxanthine,Hypoxanthine,66.86089624836943,66.86089624836943,0.0,0.0,1,1,1
ST000356,hsa00230,Purine Metabolism,0.2,13,imputation,4,3,1,1-Methylxanthine,1-Methylxanthine,133.78995384449166,133.78995384449166,0.0,0.0,1,1,1
ST000356,hsa00230,Purine Metabolism,0.2,14,imputation,4,3,1,1-Methylxanthine,1-Methylxanthine,133.78995384449166,133.78995384449166,0.0,0.0,1,1,1
ST000356,hsa00230,Purine Metabolism,0.2,15,imputation,4,3,1,1-Methylxanthine,1-Methylxanthine,133.78995384449166,133.78995384449166,0.0,0.0,1,1,1
ST000356,hsa00230,Purine Metabolism,0.2,16,imputation,4,3,1,Hypoxanthine,Hypoxanthine,66.86089624836943,66.86089624836943,0.0,0.0,1,1,1
ST000356,hsa00230,Purine Metabolism,0.2,17,imputation,4,3,1,Hypoxanthine,Hypoxanthine,66.86089624836943,66.86089624836943,0.0,0.0,1,1,1
ST000356,hsa00230,Purine Metabolism,0.2,18,imputation,4,3,1,Succinyladenosine,Succinyladenosine,11.937785002244976,11.937785002244976,0.0,0.0,1,1,1
ST000356,hsa00230,Purine Metabolism,0.2,19,imputation,4,3,1,uric acid,uric acid,2754.401466727661,2754.401466727661,0.0,0.0,1,1,1
ST000356,hsa00230,Purine Metabolism,0.2,20,imputation,4,3,1,Hypoxanthine,Hypoxanthine,66.86089624836943,66.86089624836943,0.0,0.0,1,1,1
ST000356,hsa00230,Purine Metabolism,0.2,21,imputation,4,3,1,uric acid,uric acid,2754.401466727661,2754.401466727661,0.0,0.0,1,1,1
ST000356,hsa00230,Purine Metabolism,0.2,22,imputation,4,3,1,uric acid,uric acid,2754.401466727661,2754.401466727661,0.0,0.0,1,1,1
ST000356,hsa00230,Purine Metabolism,0.2,23,imputation,4,3,1,uric acid,uric acid,2754.401466727661,2754.401466727661,0.0,0.0,1,1,1
ST000356,hsa00230,Purine Metabolism,0.2,24,imputation,4,3,1,1-Methylxanthine,1-Methylxanthine,133.78995384449166,133.78995384449166,0.0,0.0,1,1,1
ST000356,hsa00230,Purine Metabolism,0.2,25,imputation,4,3,1,1-Methylxanthine,1-Methylxanthine,133.78995384449166,133.78995384449166,0.0,0.0,1,1,1
ST000356,hsa00230,Purine Metabolism,0.2,26,imputation,4,3,1,uric acid,uric acid,2754.401466727661,2754.401466727661,0.0,0.0,1,1,1
ST000356,hsa00230,Purine Metabolism,0.2,27,imputation,4,3,1,1-Methylxanthine,1-Methylxanthine,133.78995384449166,133.78995384449166,0.0,0.0,1,1,1
ST000356,hsa00230,Purine Metabolism,0.2,28,imputation,4,3,1,1-Methylxanthine,1-Methylxanthine,133.78995384449166,133.78995384449166,0.0,0.0,1,1,1
ST000356,hsa00230,Purine Metabolism,0.2,29,imputation,4,3,1,Succinyladenosine,Succinyladenosine,11.937785002244976,11.937785002244976,0.0,0.0,1,1,1
ST000356,hsa00230,Purine Metabolism,0.2,30,imputation,4,3,1,1-Methylxanthine,1-Methylxanthine,133.78995384449166,133.78995384449166,0.0,0.0,1,1,1
ST000356,hsa00230,Purine Metabolism,0.2,31,imputation,4,3,1,Succinyladenosine,Succinyladenosine,11.937785002244976,11.937785002244976,0.0,0.0,1,1,1
ST000356,hsa00230,Purine Metabolism,0.2,32,imputation,4,3,1,1-Methylxanthine,1-Methylxanthine,133.78995384449166,133.78995384449166,0.0,0.0,1,1,1
ST000356,hsa00230,Purine Metabolism,0.2,33,imputation,4,3,1,uric acid,uric acid,2754.401466727661,2754.401466727661,0.0,0.0,1,1,1
ST000356,hsa00230,Purine Metabolism,0.2,34,imputation,4,3,1,Succinyladenosine,Succinyladenosine,11.937785002244976,11.937785002244976,0.0,0.0,1,1,1
ST000356,hsa00230,Purine Metabolism,0.2,35,imputation,4,3,1,Succinyladenosine,Succinyladenosine,11.937785002244976,11.937785002244976,0.0,0.0,1,1,1
ST000356,hsa00230,Purine Metabolism,0.2,36,imputation,4,3,1,Hypoxanthine,Hypoxanthine,66.86089624836943,66.86089624836943,0.0,0.0,1,1,1
ST000356,hsa00230,Purine Metabolism,0.2,37,imputation,4,3,1,Hypoxanthine,Hypoxanthine,66.86089624836943,66.86089624836943,0.0,0.0,1,1,1
ST000356,hsa00230,Purine Metabolism,0.2,38,imputation,4,3,1,Succinyladenosine,Succinyladenosine,11.937785002244976,11.937785002244976,0.0,0.0,1,1,1
ST000356,hsa00230,Purine Metabolism,0.2,39,imputation,4,3,1,uric acid,uric acid,2754.401466727661,2754.401466727661,0.0,0.0,1,1,1
ST000356,hsa00230,Purine Metabolism,0.2,40,imputation,4,3,1,Hypoxanthine,Hypoxanthine,66.86089624836943,66.86089624836943,0.0,0.0,1,1,1
ST000356,hsa00230,Purine Metabolism,0.2,41,imputation,4,3,1,uric acid,uric acid,2754.401466727661,2754.401466727661,0.0,0.0,1,1,1
ST000356,hsa00230,Purine Metabolism,0.2,42,imputation,4,3,1,Succinyladenosine,Succinyladenosine,11.937785002244976,11.937785002244976,0.0,0.0,1,1,1
ST000356,hsa00230,Purine Metabolism,0.2,43,imputation,4,3,1,Hypoxanthine,Hypoxanthine,66.86089624836943,66.86089624836943,0.0,0.0,1,1,1
ST000356,hsa00230,Purine Metabolism,0.2,44,imputation,4,3,1,1-Methylxanthine,1-Methylxanthine,133.78995384449166,133.78995384449166,0.0,0.0,1,1,1
ST000356,hsa00230,Purine Metabolism,0.2,45,imputation,4,3,1,Hypoxanthine,Hypoxanthine,66.86089624836943,66.86089624836943,0.0,0.0,1,1,1
ST000356,hsa00230,Purine Metabolism,0.2,46,imputation,4,3,1,uric acid,uric acid,2754.401466727661,2754.401466727661,0.0,0.0,1,1,1
ST000356,hsa00230,Purine Metabolism,0.2,47,imputation,4,3,1,1-Methylxanthine,1-Methylxanthine,133.78995384449166,133.78995384449166,0.0,0.0,1,1,1
ST000356,hsa00230,Purine Metabolism,0.2,48,imputation,4,3,1,Hypoxanthine,Hypoxanthine,66.86089624836943,66.86089624836943,0.0,0.0,1,1,1
ST000356,hsa00230,Purine Metabolism,0.2,49,imputation,4,3,1,1-Methylxanthine,1-Methylxanthine,133.78995384449166,133.78995384449166,0.0,0.0,1,1,1
ST000356,hsa00230,Purine Metabolism,0.2,50,imputation,4,3,1,uric acid,uric acid,2754.401466727661,2754.401466727661,0.0,0.0,1,1,1
ST000356,hsa00230,Purine Metabolism,0.2,51,imputation,4,3,1,uric acid,uric acid,2754.401466727661,2754.401466727661,0.0,0.0,1,1,1
ST000356,hsa00230,Purine Metabolism,0.2,52,imputation,4,3,1,Hypoxanthine,Hypoxanthine,66.86089624836943,66.86089624836943,0.0,0.0,1,1,1
ST000356,hsa00230,Purine Metabolism,0.2,53,imputation,4,3,1,Hypoxanthine,Hypoxanthine,66.86089624836943,66.86089624836943,0.0,0.0,1,1,1
ST000356,hsa00230,Purine Metabolism,0.2,54,imputation,4,3,1,Succinyladenosine,Succinyladenosine,11.937785002244976,11.937785002244976,0.0,0.0,1,1,1
ST000356,hsa00230,Purine Metabolism,0.2,55,imputation,4,3,1,Hypoxanthine,Hypoxanthine,66.86089624836943,66.86089624836943,0.0,0.0,1,1,1
ST000356,hsa00230,Purine Metabolism,0.2,56,imputation,4,3,1,Succinyladenosine,Succinyladenosine,11.937785002244976,11.937785002244976,0.0,0.0,1,1,1
ST000356,hsa00230,Purine Metabolism,0.2,57,imputation,4,3,1,uric acid,uric acid,2754.401466727661,2754.401466727661,0.0,0.0,1,1,1
ST000356,hsa00230,Purine Metabolism,0.2,58,imputation,4,3,1,Hypoxanthine,Hypoxanthine,66.86089624836943,66.86089624836943,0.0,0.0,1,1,1
ST000356,hsa00230,Purine Metabolism,0.2,59,imputation,4,3,1,Hypoxanthine,Hypoxanthine,66.86089624836943,66.86089624836943,0.0,0.0,1,1,1
ST000356,hsa00230,Purine Metabolism,0.2,60,imputation,4,3,1,Hypoxanthine,Hypoxanthine,66.86089624836943,66.86089624836943,0.0,0.0,1,1,1
ST000356,hsa00230,Purine Metabolism,0.2,61,imputation,4,3,1,uric acid,uric acid,2754.401466727661,2754.401466727661,0.0,0.0,1,1,1
ST000356,hsa00230,Purine Metabolism,0.2,62,imputation,4,3,1,1-Methylxanthine,1-Methylxanthine,133.78995384449166,133.78995384449166,0.0,0.0,1,1,1
ST000356,hsa00230,Purine Metabolism,0.2,63,imputation,4,3,1,Succinyladenosine,Succinyladenosine,11.937785002244976,11.937785002244976,0.0,0.0,1,1,1
ST000356,hsa00230,Purine Metabolism,0.2,64,imputation,4,3,1,uric acid,uric acid,2754.401466727661,2754.401466727661,0.0,0.0,1,1,1
ST000356,hsa00230,Purine Metabolism,0.2,65,imputation,4,3,1,Hypoxanthine,Hypoxanthine,66.86089624836943,66.86089624836943,0.0,0.0,1,1,1
ST000356,hsa00230,Purine Metabolism,0.2,66,imputation,4,3,1,Hypoxanthine,Hypoxanthine,66.86089624836943,66.86089624836943,0.0,0.0,1,1,1
ST000356,hsa00230,Purine Metabolism,0.2,67,imputation,4,3,1,Succinyladenosine,Succinyladenosine,11.937785002244976,11.937785002244976,0.0,0.0,1,1,1
ST000356,hsa00230,Purine Metabolism,0.2,68,imputation,4,3,1,uric acid,uric acid,2754.401466727661,2754.401466727661,0.0,0.0,1,1,1
ST000356,hsa00230,Purine Metabolism,0.2,69,imputation,4,3,1,Hypoxanthine,Hypoxanthine,66.86089624836943,66.86089624836943,0.0,0.0,1,1,1
ST000356,hsa00230,Purine Metabolism,0.2,70,imputation,4,3,1,uric acid,uric acid,2754.401466727661,2754.401466727661,0.0,0.0,1,1,1
ST000356,hsa00230,Purine Metabolism,0.2,71,imputation,4,3,1,1-Methylxanthine,1-Methylxanthine,133.78995384449166,133.78995384449166,0.0,0.0,1,1,1
ST000356,hsa00230,Purine Metabolism,0.2,72,imputation,4,3,1,Hypoxanthine,Hypoxanthine,66.86089624836943,66.86089624836943,0.0,0.0,1,1,1
ST000356,hsa00230,Purine Metabolism,0.2,73,imputation,4,3,1,Succinyladenosine,Succinyladenosine,11.937785002244976,11.937785002244976,0.0,0.0,1,1,1
ST000356,hsa00230,Purine Metabolism,0.2,74,imputation,4,3,1,Succinyladenosine,Succinyladenosine,11.937785002244976,11.937785002244976,0.0,0.0,1,1,1
ST000356,hsa00230,Purine Metabolism,0.2,75,imputation,4,3,1,Hypoxanthine,Hypoxanthine,66.86089624836943,66.86089624836943,0.0,0.0,1,1,1
ST000356,hsa00230,Purine Metabolism,0.2,76,imputation,4,3,1,Hypoxanthine,Hypoxanthine,66.86089624836943,66.86089624836943,0.0,0.0,1,1,1
ST000356,hsa00230,Purine Metabolism,0.2,77,imputation,4,3,1,Succinyladenosine,Succinyladenosine,11.937785002244976,11.937785002244976,0.0,0.0,1,1,1
ST000356,hsa00230,Purine Metabolism,0.2,78,imputation,4,3,1,Hypoxanthine,Hypoxanthine,66.86089624836943,66.86089624836943,0.0,0.0,1,1,1
ST000356,hsa00230,Purine Metabolism,0.2,79,imputation,4,3,1,1-Methylxanthine,1-Methylxanthine,133.78995384449166,133.78995384449166,0.0,0.0,1,1,1
ST000356,hsa00230,Purine Metabolism,0.2,80,imputation,4,3,1,Hypoxanthine,Hypoxanthine,66.86089624836943,66.86089624836943,0.0,0.0,1,1,1
ST000356,hsa00230,Purine Metabolism,0.2,81,imputation,4,3,1,1-Methylxanthine,1-Methylxanthine,133.78995384449166,133.78995384449166,0.0,0.0,1,1,1
ST000356,hsa00230,Purine Metabolism,0.2,82,imputation,4,3,1,Succinyladenosine,Succinyladenosine,11.937785002244976,11.937785002244976,0.0,0.0,1,1,1
ST000356,hsa00230,Purine Metabolism,0.2,83,imputation,4,3,1,Hypoxanthine,Hypoxanthine,66.86089624836943,66.86089624836943,0.0,0.0,1,1,1
ST000356,hsa00230,Purine Metabolism,0.2,84,imputation,4,3,1,1-Methylxanthine,1-Methylxanthine,133.78995384449166,133.78995384449166,0.0,0.0,1,1,1
ST000356,hsa00230,Purine Metabolism,0.2,85,imputation,4,3,1,1-Methylxanthine,1-Methylxanthine,133.78995384449166,133.78995384449166,0.0,0.0,1,1,1
ST000356,hsa00230,Purine Metabolism,0.2,86,imputation,4,3,1,Hypoxanthine,Hypoxanthine,66.86089624836943,66.86089624836943,0.0,0.0,1,1,1
ST000356,hsa00230,Purine Metabolism,0.2,87,imputation,4,3,1,Succinyladenosine,Succinyladenosine,11.937785002244976,11.937785002244976,0.0,0.0,1,1,1
ST000356,hsa00230,Purine Metabolism,0.2,88,imputation,4,3,1,uric acid,uric acid,2754.401466727661,2754.401466727661,0.0,0.0,1,1,1
ST000356,hsa00230,Purine Metabolism,0.2,89,imputation,4,3,1,Succinyladenosine,Succinyladenosine,11.937785002244976,11.937785002244976,0.0,0.0,1,1,1
ST000356,hsa00230,Purine Metabolism,0.2,90,imputation,4,3,1,uric acid,uric acid,2754.401466727661,2754.401466727661,0.0,0.0,1,1,1
ST000356,hsa00230,Purine Metabolism,0.2,91,imputation,4,3,1,uric acid,uric acid,2754.401466727661,2754.401466727661,0.0,0.0,1,1,1
ST000356,hsa00230,Purine Metabolism,0.2,92,imputation,4,3,1,uric acid,uric acid,2754.401466727661,2754.401466727661,0.0,0.0,1,1,1
ST000356,hsa00230,Purine Metabolism,0.2,93,imputation,4,3,1,Succinyladenosine,Succinyladenosine,11.937785002244976,11.937785002244976,0.0,0.0,1,1,1
ST000356,hsa00230,Purine Metabolism,0.2,94,imputation,4,3,1,uric acid,uric acid,2754.401466727661,2754.401466727661,0.0,0.0,1,1,1
ST000356,hsa00230,Purine Metabolism,0.2,95,imputation,4,3,1,1-Methylxanthine,1-Methylxanthine,133.78995384449166,133.78995384449166,0.0,0.0,1,1,1
ST000356,hsa00230,Purine Metabolism,0.2,96,imputation,4,3,1,Hypoxanthine,Hypoxanthine,66.86089624836943,66.86089624836943,0.0,0.0,1,1,1
ST000356,hsa00230,Purine Metabolism,0.2,97,imputation,4,3,1,1-Methylxanthine,1-Methylxanthine,133.78995384449166,133.78995384449166,0.0,0.0,1,1,1
ST000356,hsa00230,Purine Metabolism,0.2,98,imputation,4,3,1,1-Methylxanthine,1-Methylxanthine,133.78995384449166,133.78995384449166,0.0,0.0,1,1,1
ST000356,hsa00230,Purine Metabolism,0.2,99,imputation,4,3,1,1-Methylxanthine,1-Methylxanthine,133.78995384449166,133.78995384449166,0.0,0.0,1,1,1
ST000356,hsa00230,Purine Metabolism,0.2,100,imputation,4,3,1,uric acid,uric acid,2754.401466727661,2754.401466727661,0.0,0.0,1,1,1
ST000356,hsa00230,Purine Metabolism,0.3,1,imputation,4,2,2,1-Methylxanthine,1-Methylxanthine,133.78995384449166,133.78995384449166,0.0,0.0,1,1,1
ST000356,hsa00230,Purine Metabolism,0.3,2,imputation,4,2,2,uric acid,uric acid,2754.401466727661,2754.401466727661,0.0,0.0,1,1,1
ST000356,hsa00230,Purine Metabolism,0.3,3,imputation,4,2,2,Hypoxanthine,Hypoxanthine,66.86089624836943,66.86089624836943,0.0,0.0,1,1,1
ST000356,hsa00230,Purine Metabolism,0.3,4,imputation,4,2,2,1-Methylxanthine,1-Methylxanthine,133.78995384449166,133.78995384449166,0.0,0.0,1,1,1
ST000356,hsa00230,Purine Metabolism,0.3,5,imputation,4,2,2,1-Methylxanthine,1-Methylxanthine,133.78995384449166,133.78995384449166,0.0,0.0,1,1,1
ST000356,hsa00230,Purine Metabolism,0.3,6,imputation,4,2,2,1-Methylxanthine,1-Methylxanthine,133.78995384449166,133.78995384449166,0.0,0.0,1,1,1
ST000356,hsa00230,Purine Metabolism,0.3,7,imputation,4,2,2,1-Methylxanthine,1-Methylxanthine,133.78995384449166,133.78995384449166,0.0,0.0,1,1,1
ST000356,hsa00230,Purine Metabolism,0.3,8,imputation,4,2,2,uric acid,uric acid,2754.401466727661,2754.401466727661,0.0,0.0,1,1,1
ST000356,hsa00230,Purine Metabolism,0.3,9,imputation,4,2,2,Hypoxanthine,Hypoxanthine,66.86089624836943,66.86089624836943,0.0,0.0,1,1,1
ST000356,hsa00230,Purine Metabolism,0.3,10,imputation,4,2,2,1-Methylxanthine,1-Methylxanthine,133.78995384449166,133.78995384449166,0.0,0.0,1,1,1
ST000356,hsa00230,Purine Metabolism,0.3,11,imputation,4,2,2,uric acid,uric acid,2754.401466727661,2754.401466727661,0.0,0.0,1,1,1
ST000356,hsa00230,Purine Metabolism,0.3,12,imputation,4,2,2,uric acid,uric acid,2754.401466727661,2754.401466727661,0.0,0.0,1,1,1
ST000356,hsa00230,Purine Metabolism,0.3,13,imputation,4,2,2,uric acid,uric acid,2754.401466727661,2754.401466727661,0.0,0.0,1,1,1
ST000356,hsa00230,Purine Metabolism,0.3,14,imputation,4,2,2,1-Methylxanthine,1-Methylxanthine,133.78995384449166,133.78995384449166,0.0,0.0,1,1,1
ST000356,hsa00230,Purine Metabolism,0.3,15,imputation,4,2,2,1-Methylxanthine,1-Methylxanthine,133.78995384449166,133.78995384449166,0.0,0.0,1,1,1
ST000356,hsa00230,Purine Metabolism,0.3,16,imputation,4,2,2,1-Methylxanthine,1-Methylxanthine,133.78995384449166,133.78995384449166,0.0,0.0,1,1,1
ST000356,hsa00230,Purine Metabolism,0.3,17,imputation,4,2,2,1-Methylxanthine,1-Methylxanthine,133.78995384449166,133.78995384449166,0.0,0.0,1,1,1
ST000356,hsa00230,Purine Metabolism,0.3,18,imputation,4,2,2,Hypoxanthine,Hypoxanthine,66.86089624836943,66.86089624836943,0.0,0.0,1,1,1
ST000356,hsa00230,Purine Metabolism,0.3,19,imputation,4,2,2,uric acid,uric acid,2754.401466727661,2754.401466727661,0.0,0.0,1,1,1
ST000356,hsa00230,Purine Metabolism,0.3,20,imputation,4,2,2,1-Methylxanthine,1-Methylxanthine,133.78995384449166,133.78995384449166,0.0,0.0,1,1,1
ST000356,hsa00230,Purine Metabolism,0.3,21,imputation,4,2,2,uric acid,uric acid,2754.401466727661,2754.401466727661,0.0,0.0,1,1,1
ST000356,hsa00230,Purine Metabolism,0.3,22,imputation,4,2,2,uric acid,uric acid,2754.401466727661,2754.401466727661,0.0,0.0,1,1,1
ST000356,hsa00230,Purine Metabolism,0.3,23,imputation,4,2,2,uric acid,uric acid,2754.401466727661,2754.401466727661,0.0,0.0,1,1,1
ST000356,hsa00230,Purine Metabolism,0.3,24,imputation,4,2,2,1-Methylxanthine,1-Methylxanthine,133.78995384449166,133.78995384449166,0.0,0.0,1,1,1
ST000356,hsa00230,Purine Metabolism,0.3,25,imputation,4,2,2,uric acid,uric acid,2754.401466727661,2754.401466727661,0.0,0.0,1,1,1
ST000356,hsa00230,Purine Metabolism,0.3,26,imputation,4,2,2,uric acid,uric acid,2754.401466727661,2754.401466727661,0.0,0.0,1,1,1
ST000356,hsa00230,Purine Metabolism,0.3,27,imputation,4,2,2,uric acid,uric acid,2754.401466727661,2754.401466727661,0.0,0.0,1,1,1
ST000356,hsa00230,Purine Metabolism,0.3,28,imputation,4,2,2,1-Methylxanthine,1-Methylxanthine,133.78995384449166,133.78995384449166,0.0,0.0,1,1,1
ST000356,hsa00230,Purine Metabolism,0.3,29,imputation,4,2,2,uric acid,uric acid,2754.401466727661,2754.401466727661,0.0,0.0,1,1,1
ST000356,hsa00230,Purine Metabolism,0.3,30,imputation,4,2,2,1-Methylxanthine,1-Methylxanthine,133.78995384449166,133.78995384449166,0.0,0.0,1,1,1
ST000356,hsa00230,Purine Metabolism,0.3,31,imputation,4,2,2,1-Methylxanthine,1-Methylxanthine,133.78995384449166,133.78995384449166,0.0,0.0,1,1,1
ST000356,hsa00230,Purine Metabolism,0.3,32,imputation,4,2,2,1-Methylxanthine,1-Methylxanthine,133.78995384449166,133.78995384449166,0.0,0.0,1,1,1
ST000356,hsa00230,Purine Metabolism,0.3,33,imputation,4,2,2,uric acid,uric acid,2754.401466727661,2754.401466727661,0.0,0.0,1,1,1
ST000356,hsa00230,Purine Metabolism,0.3,34,imputation,4,2,2,Hypoxanthine,Hypoxanthine,66.86089624836943,66.86089624836943,0.0,0.0,1,1,1
ST000356,hsa00230,Purine Metabolism,0.3,35,imputation,4,2,2,Hypoxanthine,Hypoxanthine,66.86089624836943,66.86089624836943,0.0,0.0,1,1,1
ST000356,hsa00230,Purine Metabolism,0.3,36,imputation,4,2,2,1-Methylxanthine,1-Methylxanthine,133.78995384449166,133.78995384449166,0.0,0.0,1,1,1
ST000356,hsa00230,Purine Metabolism,0.3,37,imputation,4,2,2,uric acid,uric acid,2754.401466727661,2754.401466727661,0.0,0.0,1,1,1
ST000356,hsa00230,Purine Metabolism,0.3,38,imputation,4,2,2,Hypoxanthine,Hypoxanthine,66.86089624836943,66.86089624836943,0.0,0.0,1,1,1
ST000356,hsa00230,Purine Metabolism,0.3,39,imputation,4,2,2,uric acid,uric acid,2754.401466727661,2754.401466727661,0.0,0.0,1,1,1
ST000356,hsa00230,Purine Metabolism,0.3,40,imputation,4,2,2,uric acid,uric acid,2754.401466727661,2754.401466727661,0.0,0.0,1,1,1
ST000356,hsa00230,Purine Metabolism,0.3,41,imputation,4,2,2,uric acid,uric acid,2754.401466727661,2754.401466727661,0.0,0.0,1,1,1
ST000356,hsa00230,Purine Metabolism,0.3,42,imputation,4,2,2,1-Methylxanthine,1-Methylxanthine,133.78995384449166,133.78995384449166,0.0,0.0,1,1,1
ST000356,hsa00230,Purine Metabolism,0.3,43,imputation,4,2,2,Hypoxanthine,Hypoxanthine,66.86089624836943,66.86089624836943,0.0,0.0,1,1,1
ST000356,hsa00230,Purine Metabolism,0.3,44,imputation,4,2,2,1-Methylxanthine,1-Methylxanthine,133.78995384449166,133.78995384449166,0.0,0.0,1,1,1
ST000356,hsa00230,Purine Metabolism,0.3,45,imputation,4,2,2,Hypoxanthine,Hypoxanthine,66.86089624836943,66.86089624836943,0.0,0.0,1,1,1
ST000356,hsa00230,Purine Metabolism,0.3,46,imputation,4,2,2,uric acid,uric acid,2754.401466727661,2754.401466727661,0.0,0.0,1,1,1
ST000356,hsa00230,Purine Metabolism,0.3,47,imputation,4,2,2,1-Methylxanthine,1-Methylxanthine,133.78995384449166,133.78995384449166,0.0,0.0,1,1,1
ST000356,hsa00230,Purine Metabolism,0.3,48,imputation,4,2,2,Hypoxanthine,Hypoxanthine,66.86089624836943,66.86089624836943,0.0,0.0,1,1,1
ST000356,hsa00230,Purine Metabolism,0.3,49,imputation,4,2,2,1-Methylxanthine,1-Methylxanthine,133.78995384449166,133.78995384449166,0.0,0.0,1,1,1
ST000356,hsa00230,Purine Metabolism,0.3,50,imputation,4,2,2,uric acid,uric acid,2754.401466727661,2754.401466727661,0.0,0.0,1,1,1
ST000356,hsa00230,Purine Metabolism,0.3,51,imputation,4,2,2,uric acid,uric acid,2754.401466727661,2754.401466727661,0.0,0.0,1,1,1
ST000356,hsa00230,Purine Metabolism,0.3,52,imputation,4,2,2,1-Methylxanthine,1-Methylxanthine,133.78995384449166,133.78995384449166,0.0,0.0,1,1,1
ST000356,hsa00230,Purine Metabolism,0.3,53,imputation,4,2,2,uric acid,uric acid,2754.401466727661,2754.401466727661,0.0,0.0,1,1,1
ST000356,hsa00230,Purine Metabolism,0.3,54,imputation,4,2,2,Hypoxanthine,Hypoxanthine,66.86089624836943,66.86089624836943,0.0,0.0,1,1,1
ST000356,hsa00230,Purine Metabolism,0.3,55,imputation,4,2,2,uric acid,uric acid,2754.401466727661,2754.401466727661,0.0,0.0,1,1,1
ST000356,hsa00230,Purine Metabolism,0.3,56,imputation,4,2,2,uric acid,uric acid,2754.401466727661,2754.401466727661,0.0,0.0,1,1,1
ST000356,hsa00230,Purine Metabolism,0.3,57,imputation,4,2,2,uric acid,uric acid,2754.401466727661,2754.401466727661,0.0,0.0,1,1,1
ST000356,hsa00230,Purine Metabolism,0.3,58,imputation,4,2,2,uric acid,uric acid,2754.401466727661,2754.401466727661,0.0,0.0,1,1,1
ST000356,hsa00230,Purine Metabolism,0.3,59,imputation,4,2,2,Hypoxanthine,Hypoxanthine,66.86089624836943,66.86089624836943,0.0,0.0,1,1,1
ST000356,hsa00230,Purine Metabolism,0.3,60,imputation,4,2,2,Hypoxanthine,Hypoxanthine,66.86089624836943,66.86089624836943,0.0,0.0,1,1,1
ST000356,hsa00230,Purine Metabolism,0.3,61,imputation,4,2,2,uric acid,uric acid,2754.401466727661,2754.401466727661,0.0,0.0,1,1,1
ST000356,hsa00230,Purine Metabolism,0.3,62,imputation,4,2,2,uric acid,uric acid,2754.401466727661,2754.401466727661,0.0,0.0,1,1,1
ST000356,hsa00230,Purine Metabolism,0.3,63,imputation,4,2,2,uric acid,uric acid,2754.401466727661,2754.401466727661,0.0,0.0,1,1,1
ST000356,hsa00230,Purine Metabolism,0.3,64,imputation,4,2,2,uric acid,uric acid,2754.401466727661,2754.401466727661,0.0,0.0,1,1,1
ST000356,hsa00230,Purine Metabolism,0.3,65,imputation,4,2,2,Hypoxanthine,Hypoxanthine,66.86089624836943,66.86089624836943,0.0,0.0,1,1,1
ST000356,hsa00230,Purine Metabolism,0.3,66,imputation,4,2,2,Hypoxanthine,Hypoxanthine,66.86089624836943,66.86089624836943,0.0,0.0,1,1,1
ST000356,hsa00230,Purine Metabolism,0.3,67,imputation,4,2,2,1-Methylxanthine,1-Methylxanthine,133.78995384449166,133.78995384449166,0.0,0.0,1,1,1
ST000356,hsa00230,Purine Metabolism,0.3,68,imputation,4,2,2,uric acid,uric acid,2754.401466727661,2754.401466727661,0.0,0.0,1,1,1
ST000356,hsa00230,Purine Metabolism,0.3,69,imputation,4,2,2,uric acid,uric acid,2754.401466727661,2754.401466727661,0.0,0.0,1,1,1
ST000356,hsa00230,Purine Metabolism,0.3,70,imputation,4,2,2,uric acid,uric acid,2754.401466727661,2754.401466727661,0.0,0.0,1,1,1
ST000356,hsa00230,Purine Metabolism,0.3,71,imputation,4,2,2,1-Methylxanthine,1-Methylxanthine,133.78995384449166,133.78995384449166,0.0,0.0,1,1,1
ST000356,hsa00230,Purine Metabolism,0.3,72,imputation,4,2,2,Hypoxanthine,Hypoxanthine,66.86089624836943,66.86089624836943,0.0,0.0,1,1,1
ST000356,hsa00230,Purine Metabolism,0.3,73,imputation,4,2,2,1-Methylxanthine,1-Methylxanthine,133.78995384449166,133.78995384449166,0.0,0.0,1,1,1
ST000356,hsa00230,Purine Metabolism,0.3,74,imputation,4,2,2,1-Methylxanthine,1-Methylxanthine,133.78995384449166,133.78995384449166,0.0,0.0,1,1,1
ST000356,hsa00230,Purine Metabolism,0.3,75,imputation,4,2,2,1-Methylxanthine,1-Methylxanthine,133.78995384449166,133.78995384449166,0.0,0.0,1,1,1
ST000356,hsa00230,Purine Metabolism,0.3,76,imputation,4,2,2,uric acid,uric acid,2754.401466727661,2754.401466727661,0.0,0.0,1,1,1
ST000356,hsa00230,Purine Metabolism,0.3,77,imputation,4,2,2,1-Methylxanthine,1-Methylxanthine,133.78995384449166,133.78995384449166,0.0,0.0,1,1,1
ST000356,hsa00230,Purine Metabolism,0.3,78,imputation,4,2,2,1-Methylxanthine,1-Methylxanthine,133.78995384449166,133.78995384449166,0.0,0.0,1,1,1
ST000356,hsa00230,Purine Metabolism,0.3,79,imputation,4,2,2,uric acid,uric acid,2754.401466727661,2754.401466727661,0.0,0.0,1,1,1
ST000356,hsa00230,Purine Metabolism,0.3,80,imputation,4,2,2,Hypoxanthine,Hypoxanthine,66.86089624836943,66.86089624836943,0.0,0.0,1,1,1
ST000356,hsa00230,Purine Metabolism,0.3,81,imputation,4,2,2,1-Methylxanthine,1-Methylxanthine,133.78995384449166,133.78995384449166,0.0,0.0,1,1,1
ST000356,hsa00230,Purine Metabolism,0.3,82,imputation,4,2,2,uric acid,uric acid,2754.401466727661,2754.401466727661,0.0,0.0,1,1,1
ST000356,hsa00230,Purine Metabolism,0.3,83,imputation,4,2,2,1-Methylxanthine,1-Methylxanthine,133.78995384449166,133.78995384449166,0.0,0.0,1,1,1
ST000356,hsa00230,Purine Metabolism,0.3,84,imputation,4,2,2,1-Methylxanthine,1-Methylxanthine,133.78995384449166,133.78995384449166,0.0,0.0,1,1,1
ST000356,hsa00230,Purine Metabolism,0.3,85,imputation,4,2,2,1-Methylxanthine,1-Methylxanthine,133.78995384449166,133.78995384449166,0.0,0.0,1,1,1
ST000356,hsa00230,Purine Metabolism,0.3,86,imputation,4,2,2,uric acid,uric acid,2754.401466727661,2754.401466727661,0.0,0.0,1,1,1
ST000356,hsa00230,Purine Metabolism,0.3,87,imputation,4,2,2,1-Methylxanthine,1-Methylxanthine,133.78995384449166,133.78995384449166,0.0,0.0,1,1,1
ST000356,hsa00230,Purine Metabolism,0.3,88,imputation,4,2,2,uric acid,uric acid,2754.401466727661,2754.401466727661,0.0,0.0,1,1,1
ST000356,hsa00230,Purine Metabolism,0.3,89,imputation,4,2,2,Hypoxanthine,Hypoxanthine,66.86089624836943,66.86089624836943,0.0,0.0,1,1,1
ST000356,hsa00230,Purine Metabolism,0.3,90,imputation,4,2,2,uric acid,uric acid,2754.401466727661,2754.401466727661,0.0,0.0,1,1,1
ST000356,hsa00230,Purine Metabolism,0.3,91,imputation,4,2,2,uric acid,uric acid,2754.401466727661,2754.401466727661,0.0,0.0,1,1,1
ST000356,hsa00230,Purine Metabolism,0.3,92,imputation,4,2,2,uric acid,uric acid,2754.401466727661,2754.401466727661,0.0,0.0,1,1,1
ST000356,hsa00230,Purine Metabolism,0.3,93,imputation,4,2,2,uric acid,uric acid,2754.401466727661,2754.401466727661,0.0,0.0,1,1,1
ST000356,hsa00230,Purine Metabolism,0.3,94,imputation,4,2,2,uric acid,uric acid,2754.401466727661,2754.401466727661,0.0,0.0,1,1,1
ST000356,hsa00230,Purine Metabolism,0.3,95,imputation,4,2,2,uric acid,uric acid,2754.401466727661,2754.401466727661,0.0,0.0,1,1,1
ST000356,hsa00230,Purine Metabolism,0.3,96,imputation,4,2,2,uric acid,uric acid,2754.401466727661,2754.401466727661,0.0,0.0,1,1,1
ST000356,hsa00230,Purine Metabolism,0.3,97,imputation,4,2,2,1-Methylxanthine,1-Methylxanthine,133.78995384449166,133.78995384449166,0.0,0.0,1,1,1
ST000356,hsa00230,Purine Metabolism,0.3,98,imputation,4,2,2,uric acid,uric acid,2754.401466727661,2754.401466727661,0.0,0.0,1,1,1
ST000356,hsa00230,Purine Metabolism,0.3,99,imputation,4,2,2,1-Methylxanthine,1-Methylxanthine,133.78995384449166,133.78995384449166,0.0,0.0,1,1,1
ST000356,hsa00230,Purine Metabolism,0.3,100,imputation,4,2,2,uric acid,uric acid,2754.401466727661,2754.401466727661,0.0,0.0,1,1,1
ST000356,hsa00230,Purine Metabolism,0.4,1,imputation,4,2,2,1-Methylxanthine,1-Methylxanthine,133.78995384449166,133.78995384449166,0.0,0.0,1,1,1
ST000356,hsa00230,Purine Metabolism,0.4,2,imputation,4,2,2,uric acid,uric acid,2754.401466727661,2754.401466727661,0.0,0.0,1,1,1
ST000356,hsa00230,Purine Metabolism,0.4,3,imputation,4,2,2,Hypoxanthine,Hypoxanthine,66.86089624836943,66.86089624836943,0.0,0.0,1,1,1
ST000356,hsa00230,Purine Metabolism,0.4,4,imputation,4,2,2,1-Methylxanthine,1-Methylxanthine,133.78995384449166,133.78995384449166,0.0,0.0,1,1,1
ST000356,hsa00230,Purine Metabolism,0.4,5,imputation,4,2,2,1-Methylxanthine,1-Methylxanthine,133.78995384449166,133.78995384449166,0.0,0.0,1,1,1
ST000356,hsa00230,Purine Metabolism,0.4,6,imputation,4,2,2,1-Methylxanthine,1-Methylxanthine,133.78995384449166,133.78995384449166,0.0,0.0,1,1,1
ST000356,hsa00230,Purine Metabolism,0.4,7,imputation,4,2,2,1-Methylxanthine,1-Methylxanthine,133.78995384449166,133.78995384449166,0.0,0.0,1,1,1
ST000356,hsa00230,Purine Metabolism,0.4,8,imputation,4,2,2,uric acid,uric acid,2754.401466727661,2754.401466727661,0.0,0.0,1,1,1
ST000356,hsa00230,Purine Metabolism,0.4,9,imputation,4,2,2,Hypoxanthine,Hypoxanthine,66.86089624836943,66.86089624836943,0.0,0.0,1,1,1
ST000356,hsa00230,Purine Metabolism,0.4,10,imputation,4,2,2,1-Methylxanthine,1-Methylxanthine,133.78995384449166,133.78995384449166,0.0,0.0,1,1,1
ST000356,hsa00230,Purine Metabolism,0.4,11,imputation,4,2,2,uric acid,uric acid,2754.401466727661,2754.401466727661,0.0,0.0,1,1,1
ST000356,hsa00230,Purine Metabolism,0.4,12,imputation,4,2,2,uric acid,uric acid,2754.401466727661,2754.401466727661,0.0,0.0,1,1,1
ST000356,hsa00230,Purine Metabolism,0.4,13,imputation,4,2,2,uric acid,uric acid,2754.401466727661,2754.401466727661,0.0,0.0,1,1,1
ST000356,hsa00230,Purine Metabolism,0.4,14,imputation,4,2,2,1-Methylxanthine,1-Methylxanthine,133.78995384449166,133.78995384449166,0.0,0.0,1,1,1
ST000356,hsa00230,Purine Metabolism,0.4,15,imputation,4,2,2,1-Methylxanthine,1-Methylxanthine,133.78995384449166,133.78995384449166,0.0,0.0,1,1,1
ST000356,hsa00230,Purine Metabolism,0.4,16,imputation,4,2,2,1-Methylxanthine,1-Methylxanthine,133.78995384449166,133.78995384449166,0.0,0.0,1,1,1
ST000356,hsa00230,Purine Metabolism,0.4,17,imputation,4,2,2,1-Methylxanthine,1-Methylxanthine,133.78995384449166,133.78995384449166,0.0,0.0,1,1,1
ST000356,hsa00230,Purine Metabolism,0.4,18,imputation,4,2,2,Hypoxanthine,Hypoxanthine,66.86089624836943,66.86089624836943,0.0,0.0,1,1,1
ST000356,hsa00230,Purine Metabolism,0.4,19,imputation,4,2,2,uric acid,uric acid,2754.401466727661,2754.401466727661,0.0,0.0,1,1,1
ST000356,hsa00230,Purine Metabolism,0.4,20,imputation,4,2,2,1-Methylxanthine,1-Methylxanthine,133.78995384449166,133.78995384449166,0.0,0.0,1,1,1
ST000356,hsa00230,Purine Metabolism,0.4,21,imputation,4,2,2,uric acid,uric acid,2754.401466727661,2754.401466727661,0.0,0.0,1,1,1
ST000356,hsa00230,Purine Metabolism,0.4,22,imputation,4,2,2,uric acid,uric acid,2754.401466727661,2754.401466727661,0.0,0.0,1,1,1
ST000356,hsa00230,Purine Metabolism,0.4,23,imputation,4,2,2,uric acid,uric acid,2754.401466727661,2754.401466727661,0.0,0.0,1,1,1
ST000356,hsa00230,Purine Metabolism,0.4,24,imputation,4,2,2,1-Methylxanthine,1-Methylxanthine,133.78995384449166,133.78995384449166,0.0,0.0,1,1,1
ST000356,hsa00230,Purine Metabolism,0.4,25,imputation,4,2,2,uric acid,uric acid,2754.401466727661,2754.401466727661,0.0,0.0,1,1,1
ST000356,hsa00230,Purine Metabolism,0.4,26,imputation,4,2,2,uric acid,uric acid,2754.401466727661,2754.401466727661,0.0,0.0,1,1,1
ST000356,hsa00230,Purine Metabolism,0.4,27,imputation,4,2,2,uric acid,uric acid,2754.401466727661,2754.401466727661,0.0,0.0,1,1,1
ST000356,hsa00230,Purine Metabolism,0.4,28,imputation,4,2,2,1-Methylxanthine,1-Methylxanthine,133.78995384449166,133.78995384449166,0.0,0.0,1,1,1
ST000356,hsa00230,Purine Metabolism,0.4,29,imputation,4,2,2,uric acid,uric acid,2754.401466727661,2754.401466727661,0.0,0.0,1,1,1
ST000356,hsa00230,Purine Metabolism,0.4,30,imputation,4,2,2,1-Methylxanthine,1-Methylxanthine,133.78995384449166,133.78995384449166,0.0,0.0,1,1,1
ST000356,hsa00230,Purine Metabolism,0.4,31,imputation,4,2,2,1-Methylxanthine,1-Methylxanthine,133.78995384449166,133.78995384449166,0.0,0.0,1,1,1
ST000356,hsa00230,Purine Metabolism,0.4,32,imputation,4,2,2,1-Methylxanthine,1-Methylxanthine,133.78995384449166,133.78995384449166,0.0,0.0,1,1,1
ST000356,hsa00230,Purine Metabolism,0.4,33,imputation,4,2,2,uric acid,uric acid,2754.401466727661,2754.401466727661,0.0,0.0,1,1,1
ST000356,hsa00230,Purine Metabolism,0.4,34,imputation,4,2,2,Hypoxanthine,Hypoxanthine,66.86089624836943,66.86089624836943,0.0,0.0,1,1,1
ST000356,hsa00230,Purine Metabolism,0.4,35,imputation,4,2,2,Hypoxanthine,Hypoxanthine,66.86089624836943,66.86089624836943,0.0,0.0,1,1,1
ST000356,hsa00230,Purine Metabolism,0.4,36,imputation,4,2,2,1-Methylxanthine,1-Methylxanthine,133.78995384449166,133.78995384449166,0.0,0.0,1,1,1
ST000356,hsa00230,Purine Metabolism,0.4,37,imputation,4,2,2,uric acid,uric acid,2754.401466727661,2754.401466727661,0.0,0.0,1,1,1
ST000356,hsa00230,Purine Metabolism,0.4,38,imputation,4,2,2,Hypoxanthine,Hypoxanthine,66.86089624836943,66.86089624836943,0.0,0.0,1,1,1
ST000356,hsa00230,Purine Metabolism,0.4,39,imputation,4,2,2,uric acid,uric acid,2754.401466727661,2754.401466727661,0.0,0.0,1,1,1
ST000356,hsa00230,Purine Metabolism,0.4,40,imputation,4,2,2,uric acid,uric acid,2754.401466727661,2754.401466727661,0.0,0.0,1,1,1
ST000356,hsa00230,Purine Metabolism,0.4,41,imputation,4,2,2,uric acid,uric acid,2754.401466727661,2754.401466727661,0.0,0.0,1,1,1
ST000356,hsa00230,Purine Metabolism,0.4,42,imputation,4,2,2,1-Methylxanthine,1-Methylxanthine,133.78995384449166,133.78995384449166,0.0,0.0,1,1,1
ST000356,hsa00230,Purine Metabolism,0.4,43,imputation,4,2,2,Hypoxanthine,Hypoxanthine,66.86089624836943,66.86089624836943,0.0,0.0,1,1,1
ST000356,hsa00230,Purine Metabolism,0.4,44,imputation,4,2,2,1-Methylxanthine,1-Methylxanthine,133.78995384449166,133.78995384449166,0.0,0.0,1,1,1
ST000356,hsa00230,Purine Metabolism,0.4,45,imputation,4,2,2,Hypoxanthine,Hypoxanthine,66.86089624836943,66.86089624836943,0.0,0.0,1,1,1
ST000356,hsa00230,Purine Metabolism,0.4,46,imputation,4,2,2,uric acid,uric acid,2754.401466727661,2754.401466727661,0.0,0.0,1,1,1
ST000356,hsa00230,Purine Metabolism,0.4,47,imputation,4,2,2,1-Methylxanthine,1-Methylxanthine,133.78995384449166,133.78995384449166,0.0,0.0,1,1,1
ST000356,hsa00230,Purine Metabolism,0.4,48,imputation,4,2,2,Hypoxanthine,Hypoxanthine,66.86089624836943,66.86089624836943,0.0,0.0,1,1,1
ST000356,hsa00230,Purine Metabolism,0.4,49,imputation,4,2,2,1-Methylxanthine,1-Methylxanthine,133.78995384449166,133.78995384449166,0.0,0.0,1,1,1
ST000356,hsa00230,Purine Metabolism,0.4,50,imputation,4,2,2,uric acid,uric acid,2754.401466727661,2754.401466727661,0.0,0.0,1,1,1
ST000356,hsa00230,Purine Metabolism,0.4,51,imputation,4,2,2,uric acid,uric acid,2754.401466727661,2754.401466727661,0.0,0.0,1,1,1
ST000356,hsa00230,Purine Metabolism,0.4,52,imputation,4,2,2,1-Methylxanthine,1-Methylxanthine,133.78995384449166,133.78995384449166,0.0,0.0,1,1,1
ST000356,hsa00230,Purine Metabolism,0.4,53,imputation,4,2,2,uric acid,uric acid,2754.401466727661,2754.401466727661,0.0,0.0,1,1,1
ST000356,hsa00230,Purine Metabolism,0.4,54,imputation,4,2,2,Hypoxanthine,Hypoxanthine,66.86089624836943,66.86089624836943,0.0,0.0,1,1,1
ST000356,hsa00230,Purine Metabolism,0.4,55,imputation,4,2,2,uric acid,uric acid,2754.401466727661,2754.401466727661,0.0,0.0,1,1,1
ST000356,hsa00230,Purine Metabolism,0.4,56,imputation,4,2,2,uric acid,uric acid,2754.401466727661,2754.401466727661,0.0,0.0,1,1,1
ST000356,hsa00230,Purine Metabolism,0.4,57,imputation,4,2,2,uric acid,uric acid,2754.401466727661,2754.401466727661,0.0,0.0,1,1,1
ST000356,hsa00230,Purine Metabolism,0.4,58,imputation,4,2,2,uric acid,uric acid,2754.401466727661,2754.401466727661,0.0,0.0,1,1,1
ST000356,hsa00230,Purine Metabolism,0.4,59,imputation,4,2,2,Hypoxanthine,Hypoxanthine,66.86089624836943,66.86089624836943,0.0,0.0,1,1,1
ST000356,hsa00230,Purine Metabolism,0.4,60,imputation,4,2,2,Hypoxanthine,Hypoxanthine,66.86089624836943,66.86089624836943,0.0,0.0,1,1,1
ST000356,hsa00230,Purine Metabolism,0.4,61,imputation,4,2,2,uric acid,uric acid,2754.401466727661,2754.401466727661,0.0,0.0,1,1,1
ST000356,hsa00230,Purine Metabolism,0.4,62,imputation,4,2,2,uric acid,uric acid,2754.401466727661,2754.401466727661,0.0,0.0,1,1,1
ST000356,hsa00230,Purine Metabolism,0.4,63,imputation,4,2,2,uric acid,uric acid,2754.401466727661,2754.401466727661,0.0,0.0,1,1,1
ST000356,hsa00230,Purine Metabolism,0.4,64,imputation,4,2,2,uric acid,uric acid,2754.401466727661,2754.401466727661,0.0,0.0,1,1,1
ST000356,hsa00230,Purine Metabolism,0.4,65,imputation,4,2,2,Hypoxanthine,Hypoxanthine,66.86089624836943,66.86089624836943,0.0,0.0,1,1,1
ST000356,hsa00230,Purine Metabolism,0.4,66,imputation,4,2,2,Hypoxanthine,Hypoxanthine,66.86089624836943,66.86089624836943,0.0,0.0,1,1,1
ST000356,hsa00230,Purine Metabolism,0.4,67,imputation,4,2,2,1-Methylxanthine,1-Methylxanthine,133.78995384449166,133.78995384449166,0.0,0.0,1,1,1
ST000356,hsa00230,Purine Metabolism,0.4,68,imputation,4,2,2,uric acid,uric acid,2754.401466727661,2754.401466727661,0.0,0.0,1,1,1
ST000356,hsa00230,Purine Metabolism,0.4,69,imputation,4,2,2,uric acid,uric acid,2754.401466727661,2754.401466727661,0.0,0.0,1,1,1
ST000356,hsa00230,Purine Metabolism,0.4,70,imputation,4,2,2,uric acid,uric acid,2754.401466727661,2754.401466727661,0.0,0.0,1,1,1
ST000356,hsa00230,Purine Metabolism,0.4,71,imputation,4,2,2,1-Methylxanthine,1-Methylxanthine,133.78995384449166,133.78995384449166,0.0,0.0,1,1,1
ST000356,hsa00230,Purine Metabolism,0.4,72,imputation,4,2,2,Hypoxanthine,Hypoxanthine,66.86089624836943,66.86089624836943,0.0,0.0,1,1,1
ST000356,hsa00230,Purine Metabolism,0.4,73,imputation,4,2,2,1-Methylxanthine,1-Methylxanthine,133.78995384449166,133.78995384449166,0.0,0.0,1,1,1
ST000356,hsa00230,Purine Metabolism,0.4,74,imputation,4,2,2,1-Methylxanthine,1-Methylxanthine,133.78995384449166,133.78995384449166,0.0,0.0,1,1,1
ST000356,hsa00230,Purine Metabolism,0.4,75,imputation,4,2,2,1-Methylxanthine,1-Methylxanthine,133.78995384449166,133.78995384449166,0.0,0.0,1,1,1
ST000356,hsa00230,Purine Metabolism,0.4,76,imputation,4,2,2,uric acid,uric acid,2754.401466727661,2754.401466727661,0.0,0.0,1,1,1
ST000356,hsa00230,Purine Metabolism,0.4,77,imputation,4,2,2,1-Methylxanthine,1-Methylxanthine,133.78995384449166,133.78995384449166,0.0,0.0,1,1,1
ST000356,hsa00230,Purine Metabolism,0.4,78,imputation,4,2,2,1-Methylxanthine,1-Methylxanthine,133.78995384449166,133.78995384449166,0.0,0.0,1,1,1
ST000356,hsa00230,Purine Metabolism,0.4,79,imputation,4,2,2,uric acid,uric acid,2754.401466727661,2754.401466727661,0.0,0.0,1,1,1
ST000356,hsa00230,Purine Metabolism,0.4,80,imputation,4,2,2,Hypoxanthine,Hypoxanthine,66.86089624836943,66.86089624836943,0.0,0.0,1,1,1
ST000356,hsa00230,Purine Metabolism,0.4,81,imputation,4,2,2,1-Methylxanthine,1-Methylxanthine,133.78995384449166,133.78995384449166,0.0,0.0,1,1,1
ST000356,hsa00230,Purine Metabolism,0.4,82,imputation,4,2,2,uric acid,uric acid,2754.401466727661,2754.401466727661,0.0,0.0,1,1,1
ST000356,hsa00230,Purine Metabolism,0.4,83,imputation,4,2,2,1-Methylxanthine,1-Methylxanthine,133.78995384449166,133.78995384449166,0.0,0.0,1,1,1
ST000356,hsa00230,Purine Metabolism,0.4,84,imputation,4,2,2,1-Methylxanthine,1-Methylxanthine,133.78995384449166,133.78995384449166,0.0,0.0,1,1,1
ST000356,hsa00230,Purine Metabolism,0.4,85,imputation,4,2,2,1-Methylxanthine,1-Methylxanthine,133.78995384449166,133.78995384449166,0.0,0.0,1,1,1
ST000356,hsa00230,Purine Metabolism,0.4,86,imputation,4,2,2,uric acid,uric acid,2754.401466727661,2754.401466727661,0.0,0.0,1,1,1
ST000356,hsa00230,Purine Metabolism,0.4,87,imputation,4,2,2,1-Methylxanthine,1-Methylxanthine,133.78995384449166,133.78995384449166,0.0,0.0,1,1,1
ST000356,hsa00230,Purine Metabolism,0.4,88,imputation,4,2,2,uric acid,uric acid,2754.401466727661,2754.401466727661,0.0,0.0,1,1,1
ST000356,hsa00230,Purine Metabolism,0.4,89,imputation,4,2,2,Hypoxanthine,Hypoxanthine,66.86089624836943,66.86089624836943,0.0,0.0,1,1,1
ST000356,hsa00230,Purine Metabolism,0.4,90,imputation,4,2,2,uric acid,uric acid,2754.401466727661,2754.401466727661,0.0,0.0,1,1,1
ST000356,hsa00230,Purine Metabolism,0.4,91,imputation,4,2,2,uric acid,uric acid,2754.401466727661,2754.401466727661,0.0,0.0,1,1,1
ST000356,hsa00230,Purine Metabolism,0.4,92,imputation,4,2,2,uric acid,uric acid,2754.401466727661,2754.401466727661,0.0,0.0,1,1,1
ST000356,hsa00230,Purine Metabolism,0.4,93,imputation,4,2,2,uric acid,uric acid,2754.401466727661,2754.401466727661,0.0,0.0,1,1,1
ST000356,hsa00230,Purine Metabolism,0.4,94,imputation,4,2,2,uric acid,uric acid,2754.401466727661,2754.401466727661,0.0,0.0,1,1,1
ST000356,hsa00230,Purine Metabolism,0.4,95,imputation,4,2,2,uric acid,uric acid,2754.401466727661,2754.401466727661,0.0,0.0,1,1,1
ST000356,hsa00230,Purine Metabolism,0.4,96,imputation,4,2,2,uric acid,uric acid,2754.401466727661,2754.401466727661,0.0,0.0,1,1,1
ST000356,hsa00230,Purine Metabolism,0.4,97,imputation,4,2,2,1-Methylxanthine,1-Methylxanthine,133.78995384449166,133.78995384449166,0.0,0.0,1,1,1
ST000356,hsa00230,Purine Metabolism,0.4,98,imputation,4,2,2,uric acid,uric acid,2754.401466727661,2754.401466727661,0.0,0.0,1,1,1
ST000356,hsa00230,Purine Metabolism,0.4,99,imputation,4,2,2,1-Methylxanthine,1-Methylxanthine,133.78995384449166,133.78995384449166,0.0,0.0,1,1,1
ST000356,hsa00230,Purine Metabolism,0.4,100,imputation,4,2,2,uric acid,uric acid,2754.401466727661,2754.401466727661,0.0,0.0,1,1,1
ST003390,hsa00330,Arginine and Proline Metabolism,0.2,1,imputation,7,5,2,Creatine,Creatine,3765687.9525428806,3765687.9525428806,0.0,0.0,1,1,1
ST003390,hsa00330,Arginine and Proline Metabolism,0.2,2,imputation,7,5,2,Hydroxyproline,Hydroxyproline,4571573.907825251,4571573.907825251,0.0,0.0,1,1,1
ST003390,hsa00330,Arginine and Proline Metabolism,0.2,3,imputation,7,5,2,Creatine,Creatine,3765687.9525428806,3765687.9525428806,0.0,0.0,1,1,1
ST003390,hsa00330,Arginine and Proline Metabolism,0.2,4,imputation,7,5,2,Creatinine,Creatinine,3125101.757890006,3125101.757890006,0.0,0.0,1,1,1
ST003390,hsa00330,Arginine and Proline Metabolism,0.2,5,imputation,7,5,2,Creatine,Creatine,3765687.9525428806,3765687.9525428806,0.0,0.0,1,1,1
ST003390,hsa00330,Arginine and Proline Metabolism,0.2,6,imputation,7,5,2,Hydroxyproline,Hydroxyproline,4571573.907825251,4571573.907825251,0.0,0.0,1,1,1
ST003390,hsa00330,Arginine and Proline Metabolism,0.2,7,imputation,7,5,2,Creatine,Creatine,3765687.9525428806,3765687.9525428806,0.0,0.0,1,1,1
ST003390,hsa00330,Arginine and Proline Metabolism,0.2,8,imputation,7,5,2,Creatine,Creatine,3765687.9525428806,3765687.9525428806,0.0,0.0,1,1,1
ST003390,hsa00330,Arginine and Proline Metabolism,0.2,9,imputation,7,5,2,Hydroxyproline,Hydroxyproline,4571573.907825251,4571573.907825251,0.0,0.0,1,1,1
ST003390,hsa00330,Arginine and Proline Metabolism,0.2,10,imputation,7,5,2,Creatine,Creatine,3765687.9525428806,3765687.9525428806,0.0,0.0,1,1,1
ST003390,hsa00330,Arginine and Proline Metabolism,0.2,11,imputation,7,5,2,Hydroxyproline,Hydroxyproline,4571573.907825251,4571573.907825251,0.0,0.0,1,1,1
ST003390,hsa00330,Arginine and Proline Metabolism,0.2,12,imputation,7,5,2,Creatinine,Creatinine,3125101.757890006,3125101.757890006,0.0,0.0,1,1,1
ST003390,hsa00330,Arginine and Proline Metabolism,0.2,13,imputation,7,5,2,Citrulline,Citrulline,1878241.3136728392,1878241.3136728392,0.0,0.0,1,1,1
ST003390,hsa00330,Arginine and Proline Metabolism,0.2,14,imputation,7,5,2,Ornithine,Ornithine,5239813.796521678,5239813.796521678,0.0,0.0,1,1,1
ST003390,hsa00330,Arginine and Proline Metabolism,0.2,15,imputation,7,5,2,Creatine,Creatine,3765687.9525428806,3765687.9525428806,0.0,0.0,1,1,1
ST003390,hsa00330,Arginine and Proline Metabolism,0.2,16,imputation,7,5,2,Hydroxyproline,Hydroxyproline,4571573.907825251,4571573.907825251,0.0,0.0,1,1,1
ST003390,hsa00330,Arginine and Proline Metabolism,0.2,17,imputation,7,5,2,Citrulline,Citrulline,1878241.3136728392,1878241.3136728392,0.0,0.0,1,1,1
ST003390,hsa00330,Arginine and Proline Metabolism,0.2,18,imputation,7,5,2,Ornithine,Ornithine,5239813.796521678,5239813.796521678,0.0,0.0,1,1,1
ST003390,hsa00330,Arginine and Proline Metabolism,0.2,19,imputation,7,5,2,Creatinine,Creatinine,3125101.757890006,3125101.757890006,0.0,0.0,1,1,1
ST003390,hsa00330,Arginine and Proline Metabolism,0.2,20,imputation,7,5,2,Hydroxyproline,Hydroxyproline,4571573.907825251,4571573.907825251,0.0,0.0,1,1,1
ST003390,hsa00330,Arginine and Proline Metabolism,0.2,21,imputation,7,5,2,Ornithine,Ornithine,5239813.796521678,5239813.796521678,0.0,0.0,1,1,1
ST003390,hsa00330,Arginine and Proline Metabolism,0.2,22,imputation,7,5,2,Creatinine,Creatinine,3125101.757890006,3125101.757890006,0.0,0.0,1,1,1
ST003390,hsa00330,Arginine and Proline Metabolism,0.2,23,imputation,7,5,2,Creatine,Creatine,3765687.9525428806,3765687.9525428806,0.0,0.0,1,1,1
ST003390,hsa00330,Arginine and Proline Metabolism,0.2,24,imputation,7,5,2,Creatine,Creatine,3765687.9525428806,3765687.9525428806,0.0,0.0,1,1,1
ST003390,hsa00330,Arginine and Proline Metabolism,0.2,25,imputation,7,5,2,Ornithine,Ornithine,5239813.796521678,5239813.796521678,0.0,0.0,1,1,1
ST003390,hsa00330,Arginine and Proline Metabolism,0.2,26,imputation,7,5,2,L-Proline,L-Proline,20223748.333265867,20223748.333265867,0.0,0.0,1,1,1
ST003390,hsa00330,Arginine and Proline Metabolism,0.2,27,imputation,7,5,2,L-Proline,L-Proline,20223748.333265867,20223748.333265867,0.0,0.0,1,1,1
ST003390,hsa00330,Arginine and Proline Metabolism,0.2,28,imputation,7,5,2,Creatine,Creatine,3765687.9525428806,3765687.9525428806,0.0,0.0,1,1,1
ST003390,hsa00330,Arginine and Proline Metabolism,0.2,29,imputation,7,5,2,Hydroxyproline,Hydroxyproline,4571573.907825251,4571573.907825251,0.0,0.0,1,1,1
ST003390,hsa00330,Arginine and Proline Metabolism,0.2,30,imputation,7,5,2,Hydroxyproline,Hydroxyproline,4571573.907825251,4571573.907825251,0.0,0.0,1,1,1
ST003390,hsa00330,Arginine and Proline Metabolism,0.2,31,imputation,7,5,2,Creatine,Creatine,3765687.9525428806,3765687.9525428806,0.0,0.0,1,1,1
ST003390,hsa00330,Arginine and Proline Metabolism,0.2,32,imputation,7,5,2,Ornithine,Ornithine,5239813.796521678,5239813.796521678,0.0,0.0,1,1,1
ST003390,hsa00330,Arginine and Proline Metabolism,0.2,33,imputation,7,5,2,Hydroxyproline,Hydroxyproline,4571573.907825251,4571573.907825251,0.0,0.0,1,1,1
ST003390,hsa00330,Arginine and Proline Metabolism,0.2,34,imputation,7,5,2,Creatine,Creatine,3765687.9525428806,3765687.9525428806,0.0,0.0,1,1,1
ST003390,hsa00330,Arginine and Proline Metabolism,0.2,35,imputation,7,5,2,Ornithine,Ornithine,5239813.796521678,5239813.796521678,0.0,0.0,1,1,1
ST003390,hsa00330,Arginine and Proline Metabolism,0.2,36,imputation,7,5,2,Ornithine,Ornithine,5239813.796521678,5239813.796521678,0.0,0.0,1,1,1
ST003390,hsa00330,Arginine and Proline Metabolism,0.2,37,imputation,7,5,2,Creatinine,Creatinine,3125101.757890006,3125101.757890006,0.0,0.0,1,1,1
ST003390,hsa00330,Arginine and Proline Metabolism,0.2,38,imputation,7,5,2,Creatine,Creatine,3765687.9525428806,3765687.9525428806,0.0,0.0,1,1,1
ST003390,hsa00330,Arginine and Proline Metabolism,0.2,39,imputation,7,5,2,Hydroxyproline,Hydroxyproline,4571573.907825251,4571573.907825251,0.0,0.0,1,1,1
ST003390,hsa00330,Arginine and Proline Metabolism,0.2,40,imputation,7,5,2,Creatinine,Creatinine,3125101.757890006,3125101.757890006,0.0,0.0,1,1,1
ST003390,hsa00330,Arginine and Proline Metabolism,0.2,41,imputation,7,5,2,Ornithine,Ornithine,5239813.796521678,5239813.796521678,0.0,0.0,1,1,1
ST003390,hsa00330,Arginine and Proline Metabolism,0.2,42,imputation,7,5,2,L-Proline,L-Proline,20223748.333265867,20223748.333265867,0.0,0.0,1,1,1
ST003390,hsa00330,Arginine and Proline Metabolism,0.2,43,imputation,7,5,2,L-Proline,L-Proline,20223748.333265867,20223748.333265867,0.0,0.0,1,1,1
ST003390,hsa00330,Arginine and Proline Metabolism,0.2,44,imputation,7,5,2,Ornithine,Ornithine,5239813.796521678,5239813.796521678,0.0,0.0,1,1,1
ST003390,hsa00330,Arginine and Proline Metabolism,0.2,45,imputation,7,5,2,L-Proline,L-Proline,20223748.333265867,20223748.333265867,0.0,0.0,1,1,1
ST003390,hsa00330,Arginine and Proline Metabolism,0.2,46,imputation,7,5,2,Creatinine,Creatinine,3125101.757890006,3125101.757890006,0.0,0.0,1,1,1
ST003390,hsa00330,Arginine and Proline Metabolism,0.2,47,imputation,7,5,2,Hydroxyproline,Hydroxyproline,4571573.907825251,4571573.907825251,0.0,0.0,1,1,1
ST003390,hsa00330,Arginine and Proline Metabolism,0.2,48,imputation,7,5,2,L-Proline,L-Proline,20223748.333265867,20223748.333265867,0.0,0.0,1,1,1
ST003390,hsa00330,Arginine and Proline Metabolism,0.2,49,imputation,7,5,2,Hydroxyproline,Hydroxyproline,4571573.907825251,4571573.907825251,0.0,0.0,1,1,1
ST003390,hsa00330,Arginine and Proline Metabolism,0.2,50,imputation,7,5,2,Hydroxyproline,Hydroxyproline,4571573.907825251,4571573.907825251,0.0,0.0,1,1,1
ST003390,hsa00330,Arginine and Proline Metabolism,0.2,51,imputation,7,5,2,Ornithine,Ornithine,5239813.796521678,5239813.796521678,0.0,0.0,1,1,1
ST003390,hsa00330,Arginine and Proline Metabolism,0.2,52,imputation,7,5,2,Hydroxyproline,Hydroxyproline,4571573.907825251,4571573.907825251,0.0,0.0,1,1,1
ST003390,hsa00330,Arginine and Proline Metabolism,0.2,53,imputation,7,5,2,Ornithine,Ornithine,5239813.796521678,5239813.796521678,0.0,0.0,1,1,1
ST003390,hsa00330,Arginine and Proline Metabolism,0.2,54,imputation,7,5,2,Ornithine,Ornithine,5239813.796521678,5239813.796521678,0.0,0.0,1,1,1
ST003390,hsa00330,Arginine and Proline Metabolism,0.2,55,imputation,7,5,2,Creatinine,Creatinine,3125101.757890006,3125101.757890006,0.0,0.0,1,1,1
ST003390,hsa00330,Arginine and Proline Metabolism,0.2,56,imputation,7,5,2,Hydroxyproline,Hydroxyproline,4571573.907825251,4571573.907825251,0.0,0.0,1,1,1
ST003390,hsa00330,Arginine and Proline Metabolism,0.2,57,imputation,7,5,2,Ornithine,Ornithine,5239813.796521678,5239813.796521678,0.0,0.0,1,1,1
ST003390,hsa00330,Arginine and Proline Metabolism,0.2,58,imputation,7,5,2,Creatinine,Creatinine,3125101.757890006,3125101.757890006,0.0,0.0,1,1,1
ST003390,hsa00330,Arginine and Proline Metabolism,0.2,59,imputation,7,5,2,Hydroxyproline,Hydroxyproline,4571573.907825251,4571573.907825251,0.0,0.0,1,1,1
ST003390,hsa00330,Arginine and Proline Metabolism,0.2,60,imputation,7,5,2,L-Proline,L-Proline,20223748.333265867,20223748.333265867,0.0,0.0,1,1,1
ST003390,hsa00330,Arginine and Proline Metabolism,0.2,61,imputation,7,5,2,L-Proline,L-Proline,20223748.333265867,20223748.333265867,0.0,0.0,1,1,1
ST003390,hsa00330,Arginine and Proline Metabolism,0.2,62,imputation,7,5,2,Citrulline,Citrulline,1878241.3136728392,1878241.3136728392,0.0,0.0,1,1,1
ST003390,hsa00330,Arginine and Proline Metabolism,0.2,63,imputation,7,5,2,Hydroxyproline,Hydroxyproline,4571573.907825251,4571573.907825251,0.0,0.0,1,1,1
ST003390,hsa00330,Arginine and Proline Metabolism,0.2,64,imputation,7,5,2,L-Proline,L-Proline,20223748.333265867,20223748.333265867,0.0,0.0,1,1,1
ST003390,hsa00330,Arginine and Proline Metabolism,0.2,65,imputation,7,5,2,Hydroxyproline,Hydroxyproline,4571573.907825251,4571573.907825251,0.0,0.0,1,1,1
ST003390,hsa00330,Arginine and Proline Metabolism,0.2,66,imputation,7,5,2,L-Proline,L-Proline,20223748.333265867,20223748.333265867,0.0,0.0,1,1,1
ST003390,hsa00330,Arginine and Proline Metabolism,0.2,67,imputation,7,5,2,Creatine,Creatine,3765687.9525428806,3765687.9525428806,0.0,0.0,1,1,1
ST003390,hsa00330,Arginine and Proline Metabolism,0.2,68,imputation,7,5,2,Hydroxyproline,Hydroxyproline,4571573.907825251,4571573.907825251,0.0,0.0,1,1,1
ST003390,hsa00330,Arginine and Proline Metabolism,0.2,69,imputation,7,5,2,Ornithine,Ornithine,5239813.796521678,5239813.796521678,0.0,0.0,1,1,1
ST003390,hsa00330,Arginine and Proline Metabolism,0.2,70,imputation,7,5,2,L-Proline,L-Proline,20223748.333265867,20223748.333265867,0.0,0.0,1,1,1
ST003390,hsa00330,Arginine and Proline Metabolism,0.2,71,imputation,7,5,2,L-Proline,L-Proline,20223748.333265867,20223748.333265867,0.0,0.0,1,1,1
ST003390,hsa00330,Arginine and Proline Metabolism,0.2,72,imputation,7,5,2,Hydroxyproline,Hydroxyproline,4571573.907825251,4571573.907825251,0.0,0.0,1,1,1
ST003390,hsa00330,Arginine and Proline Metabolism,0.2,73,imputation,7,5,2,Creatine,Creatine,3765687.9525428806,3765687.9525428806,0.0,0.0,1,1,1
ST003390,hsa00330,Arginine and Proline Metabolism,0.2,74,imputation,7,5,2,L-Proline,L-Proline,20223748.333265867,20223748.333265867,0.0,0.0,1,1,1
ST003390,hsa00330,Arginine and Proline Metabolism,0.2,75,imputation,7,5,2,Ornithine,Ornithine,5239813.796521678,5239813.796521678,0.0,0.0,1,1,1
ST003390,hsa00330,Arginine and Proline Metabolism,0.2,76,imputation,7,5,2,L-Proline,L-Proline,20223748.333265867,20223748.333265867,0.0,0.0,1,1,1
ST003390,hsa00330,Arginine and Proline Metabolism,0.2,77,imputation,7,5,2,Creatine,Creatine,3765687.9525428806,3765687.9525428806,0.0,0.0,1,1,1
ST003390,hsa00330,Arginine and Proline Metabolism,0.2,78,imputation,7,5,2,Hydroxyproline,Hydroxyproline,4571573.907825251,4571573.907825251,0.0,0.0,1,1,1
ST003390,hsa00330,Arginine and Proline Metabolism,0.2,79,imputation,7,5,2,Citrulline,Citrulline,1878241.3136728392,1878241.3136728392,0.0,0.0,1,1,1
ST003390,hsa00330,Arginine and Proline Metabolism,0.2,80,imputation,7,5,2,Hydroxyproline,Hydroxyproline,4571573.907825251,4571573.907825251,0.0,0.0,1,1,1
ST003390,hsa00330,Arginine and Proline Metabolism,0.2,81,imputation,7,5,2,Creatine,Creatine,3765687.9525428806,3765687.9525428806,0.0,0.0,1,1,1
ST003390,hsa00330,Arginine and Proline Metabolism,0.2,82,imputation,7,5,2,Hydroxyproline,Hydroxyproline,4571573.907825251,4571573.907825251,0.0,0.0,1,1,1
ST003390,hsa00330,Arginine and Proline Metabolism,0.2,83,imputation,7,5,2,Ornithine,Ornithine,5239813.796521678,5239813.796521678,0.0,0.0,1,1,1
ST003390,hsa00330,Arginine and Proline Metabolism,0.2,84,imputation,7,5,2,Hydroxyproline,Hydroxyproline,4571573.907825251,4571573.907825251,0.0,0.0,1,1,1
ST003390,hsa00330,Arginine and Proline Metabolism,0.2,85,imputation,7,5,2,Hydroxyproline,Hydroxyproline,4571573.907825251,4571573.907825251,0.0,0.0,1,1,1
ST003390,hsa00330,Arginine and Proline Metabolism,0.2,86,imputation,7,5,2,Ornithine,Ornithine,5239813.796521678,5239813.796521678,0.0,0.0,1,1,1
ST003390,hsa00330,Arginine and Proline Metabolism,0.2,87,imputation,7,5,2,Ornithine,Ornithine,5239813.796521678,5239813.796521678,0.0,0.0,1,1,1
ST003390,hsa00330,Arginine and Proline Metabolism,0.2,88,imputation,7,5,2,Hydroxyproline,Hydroxyproline,4571573.907825251,4571573.907825251,0.0,0.0,1,1,1
ST003390,hsa00330,Arginine and Proline Metabolism,0.2,89,imputation,7,5,2,Ornithine,Ornithine,5239813.796521678,5239813.796521678,0.0,0.0,1,1,1
ST003390,hsa00330,Arginine and Proline Metabolism,0.2,90,imputation,7,5,2,Creatinine,Creatinine,3125101.757890006,3125101.757890006,0.0,0.0,1,1,1
ST003390,hsa00330,Arginine and Proline Metabolism,0.2,91,imputation,7,5,2,Creatine,Creatine,3765687.9525428806,3765687.9525428806,0.0,0.0,1,1,1
ST003390,hsa00330,Arginine and Proline Metabolism,0.2,92,imputation,7,5,2,Hydroxyproline,Hydroxyproline,4571573.907825251,4571573.907825251,0.0,0.0,1,1,1
ST003390,hsa00330,Arginine and Proline Metabolism,0.2,93,imputation,7,5,2,L-Proline,L-Proline,20223748.333265867,20223748.333265867,0.0,0.0,1,1,1
ST003390,hsa00330,Arginine and Proline Metabolism,0.2,94,imputation,7,5,2,Hydroxyproline,Hydroxyproline,4571573.907825251,4571573.907825251,0.0,0.0,1,1,1
ST003390,hsa00330,Arginine and Proline Metabolism,0.2,95,imputation,7,5,2,Citrulline,Citrulline,1878241.3136728392,1878241.3136728392,0.0,0.0,1,1,1
ST003390,hsa00330,Arginine and Proline Metabolism,0.2,96,imputation,7,5,2,Creatinine,Creatinine,3125101.757890006,3125101.757890006,0.0,0.0,1,1,1
ST003390,hsa00330,Arginine and Proline Metabolism,0.2,97,imputation,7,5,2,L-Proline,L-Proline,20223748.333265867,20223748.333265867,0.0,0.0,1,1,1
ST003390,hsa00330,Arginine and Proline Metabolism,0.2,98,imputation,7,5,2,Ornithine,Ornithine,5239813.796521678,5239813.796521678,0.0,0.0,1,1,1
ST003390,hsa00330,Arginine and Proline Metabolism,0.2,99,imputation,7,5,2,Hydroxyproline,Hydroxyproline,4571573.907825251,4571573.907825251,0.0,0.0,1,1,1
ST003390,hsa00330,Arginine and Proline Metabolism,0.2,100,imputation,7,5,2,L-Proline,L-Proline,20223748.333265867,20223748.333265867,0.0,0.0,1,1,1
ST003390,hsa00330,Arginine and Proline Metabolism,0.3,1,imputation,7,4,3,Creatine,Creatine,3765687.9525428806,3765687.9525428806,0.0,0.0,1,1,1
ST003390,hsa00330,Arginine and Proline Metabolism,0.3,2,imputation,7,4,3,L-Proline,L-Proline,20223748.333265867,20223748.333265867,0.0,0.0,1,1,1
ST003390,hsa00330,Arginine and Proline Metabolism,0.3,3,imputation,7,4,3,L-Proline,L-Proline,20223748.333265867,20223748.333265867,0.0,0.0,1,1,1
ST003390,hsa00330,Arginine and Proline Metabolism,0.3,4,imputation,7,4,3,Ornithine,Ornithine,5239813.796521678,5239813.796521678,0.0,0.0,1,1,1
ST003390,hsa00330,Arginine and Proline Metabolism,0.3,5,imputation,7,4,3,Creatine,Creatine,3765687.9525428806,3765687.9525428806,0.0,0.0,1,1,1
ST003390,hsa00330,Arginine and Proline Metabolism,0.3,6,imputation,7,4,3,Hydroxyproline,Hydroxyproline,4571573.907825251,4571573.907825251,0.0,0.0,1,1,1
ST003390,hsa00330,Arginine and Proline Metabolism,0.3,7,imputation,7,4,3,Creatine,Creatine,3765687.9525428806,3765687.9525428806,0.0,0.0,1,1,1
ST003390,hsa00330,Arginine and Proline Metabolism,0.3,8,imputation,7,4,3,L-Proline,L-Proline,20223748.333265867,20223748.333265867,0.0,0.0,1,1,1
ST003390,hsa00330,Arginine and Proline Metabolism,0.3,9,imputation,7,4,3,L-Proline,L-Proline,20223748.333265867,20223748.333265867,0.0,0.0,1,1,1
ST003390,hsa00330,Arginine and Proline Metabolism,0.3,10,imputation,7,4,3,Hydroxyproline,Hydroxyproline,4571573.907825251,4571573.907825251,0.0,0.0,1,1,1
ST003390,hsa00330,Arginine and Proline Metabolism,0.3,11,imputation,7,4,3,Hydroxyproline,Hydroxyproline,4571573.907825251,4571573.907825251,0.0,0.0,1,1,1
ST003390,hsa00330,Arginine and Proline Metabolism,0.3,12,imputation,7,4,3,Hydroxyproline,Hydroxyproline,4571573.907825251,4571573.907825251,0.0,0.0,1,1,1
ST003390,hsa00330,Arginine and Proline Metabolism,0.3,13,imputation,7,4,3,L-Proline,L-Proline,20223748.333265867,20223748.333265867,0.0,0.0,1,1,1
ST003390,hsa00330,Arginine and Proline Metabolism,0.3,14,imputation,7,4,3,Ornithine,Ornithine,5239813.796521678,5239813.796521678,0.0,0.0,1,1,1
ST003390,hsa00330,Arginine and Proline Metabolism,0.3,15,imputation,7,4,3,Hydroxyproline,Hydroxyproline,4571573.907825251,4571573.907825251,0.0,0.0,1,1,1
ST003390,hsa00330,Arginine and Proline Metabolism,0.3,16,imputation,7,4,3,L-Proline,L-Proline,20223748.333265867,20223748.333265867,0.0,0.0,1,1,1
ST003390,hsa00330,Arginine and Proline Metabolism,0.3,17,imputation,7,4,3,Creatinine,Creatinine,3125101.757890006,3125101.757890006,0.0,0.0,1,1,1
ST003390,hsa00330,Arginine and Proline Metabolism,0.3,18,imputation,7,4,3,Ornithine,Ornithine,5239813.796521678,5239813.796521678,0.0,0.0,1,1,1
ST003390,hsa00330,Arginine and Proline Metabolism,0.3,19,imputation,7,4,3,Hydroxyproline,Hydroxyproline,4571573.907825251,4571573.907825251,0.0,0.0,1,1,1
ST003390,hsa00330,Arginine and Proline Metabolism,0.3,20,imputation,7,4,3,Hydroxyproline,Hydroxyproline,4571573.907825251,4571573.907825251,0.0,0.0,1,1,1
ST003390,hsa00330,Arginine and Proline Metabolism,0.3,21,imputation,7,4,3,Ornithine,Ornithine,5239813.796521678,5239813.796521678,0.0,0.0,1,1,1
ST003390,hsa00330,Arginine and Proline Metabolism,0.3,22,imputation,7,4,3,Hydroxyproline,Hydroxyproline,4571573.907825251,4571573.907825251,0.0,0.0,1,1,1
ST003390,hsa00330,Arginine and Proline Metabolism,0.3,23,imputation,7,4,3,L-Proline,L-Proline,20223748.333265867,20223748.333265867,0.0,0.0,1,1,1
ST003390,hsa00330,Arginine and Proline Metabolism,0.3,24,imputation,7,4,3,Creatine,Creatine,3765687.9525428806,3765687.9525428806,0.0,0.0,1,1,1
ST003390,hsa00330,Arginine and Proline Metabolism,0.3,25,imputation,7,4,3,Ornithine,Ornithine,5239813.796521678,5239813.796521678,0.0,0.0,1,1,1
ST003390,hsa00330,Arginine and Proline Metabolism,0.3,26,imputation,7,4,3,L-Proline,L-Proline,20223748.333265867,20223748.333265867,0.0,0.0,1,1,1
ST003390,hsa00330,Arginine and Proline Metabolism,0.3,27,imputation,7,4,3,L-Proline,L-Proline,20223748.333265867,20223748.333265867,0.0,0.0,1,1,1
ST003390,hsa00330,Arginine and Proline Metabolism,0.3,28,imputation,7,4,3,Creatine,Creatine,3765687.9525428806,3765687.9525428806,0.0,0.0,1,1,1
ST003390,hsa00330,Arginine and Proline Metabolism,0.3,29,imputation,7,4,3,L-Proline,L-Proline,20223748.333265867,20223748.333265867,0.0,0.0,1,1,1
ST003390,hsa00330,Arginine and Proline Metabolism,0.3,30,imputation,7,4,3,Hydroxyproline,Hydroxyproline,4571573.907825251,4571573.907825251,0.0,0.0,1,1,1
ST003390,hsa00330,Arginine and Proline Metabolism,0.3,31,imputation,7,4,3,Hydroxyproline,Hydroxyproline,4571573.907825251,4571573.907825251,0.0,0.0,1,1,1
ST003390,hsa00330,Arginine and Proline Metabolism,0.3,32,imputation,7,4,3,L-Proline,L-Proline,20223748.333265867,20223748.333265867,0.0,0.0,1,1,1
ST003390,hsa00330,Arginine and Proline Metabolism,0.3,33,imputation,7,4,3,Ornithine,Ornithine,5239813.796521678,5239813.796521678,0.0,0.0,1,1,1
ST003390,hsa00330,Arginine and Proline Metabolism,0.3,34,imputation,7,4,3,L-Proline,L-Proline,20223748.333265867,20223748.333265867,0.0,0.0,1,1,1
ST003390,hsa00330,Arginine and Proline Metabolism,0.3,35,imputation,7,4,3,L-Proline,L-Proline,20223748.333265867,20223748.333265867,0.0,0.0,1,1,1
ST003390,hsa00330,Arginine and Proline Metabolism,0.3,36,imputation,7,4,3,Ornithine,Ornithine,5239813.796521678,5239813.796521678,0.0,0.0,1,1,1
ST003390,hsa00330,Arginine and Proline Metabolism,0.3,37,imputation,7,4,3,Creatine,Creatine,3765687.9525428806,3765687.9525428806,0.0,0.0,1,1,1
ST003390,hsa00330,Arginine and Proline Metabolism,0.3,38,imputation,7,4,3,Hydroxyproline,Hydroxyproline,4571573.907825251,4571573.907825251,0.0,0.0,1,1,1
ST003390,hsa00330,Arginine and Proline Metabolism,0.3,39,imputation,7,4,3,Hydroxyproline,Hydroxyproline,4571573.907825251,4571573.907825251,0.0,0.0,1,1,1
ST003390,hsa00330,Arginine and Proline Metabolism,0.3,40,imputation,7,4,3,Hydroxyproline,Hydroxyproline,4571573.907825251,4571573.907825251,0.0,0.0,1,1,1
ST003390,hsa00330,Arginine and Proline Metabolism,0.3,41,imputation,7,4,3,Ornithine,Ornithine,5239813.796521678,5239813.796521678,0.0,0.0,1,1,1
ST003390,hsa00330,Arginine and Proline Metabolism,0.3,42,imputation,7,4,3,L-Proline,L-Proline,20223748.333265867,20223748.333265867,0.0,0.0,1,1,1
ST003390,hsa00330,Arginine and Proline Metabolism,0.3,43,imputation,7,4,3,L-Proline,L-Proline,20223748.333265867,20223748.333265867,0.0,0.0,1,1,1
ST003390,hsa00330,Arginine and Proline Metabolism,0.3,44,imputation,7,4,3,Ornithine,Ornithine,5239813.796521678,5239813.796521678,0.0,0.0,1,1,1
ST003390,hsa00330,Arginine and Proline Metabolism,0.3,45,imputation,7,4,3,L-Proline,L-Proline,20223748.333265867,20223748.333265867,0.0,0.0,1,1,1
ST003390,hsa00330,Arginine and Proline Metabolism,0.3,46,imputation,7,4,3,Creatine,Creatine,3765687.9525428806,3765687.9525428806,0.0,0.0,1,1,1
ST003390,hsa00330,Arginine and Proline Metabolism,0.3,47,imputation,7,4,3,Hydroxyproline,Hydroxyproline,4571573.907825251,4571573.907825251,0.0,0.0,1,1,1
ST003390,hsa00330,Arginine and Proline Metabolism,0.3,48,imputation,7,4,3,L-Proline,L-Proline,20223748.333265867,20223748.333265867,0.0,0.0,1,1,1
ST003390,hsa00330,Arginine and Proline Metabolism,0.3,49,imputation,7,4,3,Hydroxyproline,Hydroxyproline,4571573.907825251,4571573.907825251,0.0,0.0,1,1,1
ST003390,hsa00330,Arginine and Proline Metabolism,0.3,50,imputation,7,4,3,L-Proline,L-Proline,20223748.333265867,20223748.333265867,0.0,0.0,1,1,1
ST003390,hsa00330,Arginine and Proline Metabolism,0.3,51,imputation,7,4,3,Ornithine,Ornithine,5239813.796521678,5239813.796521678,0.0,0.0,1,1,1
ST003390,hsa00330,Arginine and Proline Metabolism,0.3,52,imputation,7,4,3,Hydroxyproline,Hydroxyproline,4571573.907825251,4571573.907825251,0.0,0.0,1,1,1
ST003390,hsa00330,Arginine and Proline Metabolism,0.3,53,imputation,7,4,3,L-Proline,L-Proline,20223748.333265867,20223748.333265867,0.0,0.0,1,1,1
ST003390,hsa00330,Arginine and Proline Metabolism,0.3,54,imputation,7,4,3,Ornithine,Ornithine,5239813.796521678,5239813.796521678,0.0,0.0,1,1,1
ST003390,hsa00330,Arginine and Proline Metabolism,0.3,55,imputation,7,4,3,Creatine,Creatine,3765687.9525428806,3765687.9525428806,0.0,0.0,1,1,1
ST003390,hsa00330,Arginine and Proline Metabolism,0.3,56,imputation,7,4,3,Hydroxyproline,Hydroxyproline,4571573.907825251,4571573.907825251,0.0,0.0,1,1,1
ST003390,hsa00330,Arginine and Proline Metabolism,0.3,57,imputation,7,4,3,Ornithine,Ornithine,5239813.796521678,5239813.796521678,0.0,0.0,1,1,1
ST003390,hsa00330,Arginine and Proline Metabolism,0.3,58,imputation,7,4,3,L-Proline,L-Proline,20223748.333265867,20223748.333265867,0.0,0.0,1,1,1
ST003390,hsa00330,Arginine and Proline Metabolism,0.3,59,imputation,7,4,3,Ornithine,Ornithine,5239813.796521678,5239813.796521678,0.0,0.0,1,1,1
ST003390,hsa00330,Arginine and Proline Metabolism,0.3,60,imputation,7,4,3,L-Proline,L-Proline,20223748.333265867,20223748.333265867,0.0,0.0,1,1,1
ST003390,hsa00330,Arginine and Proline Metabolism,0.3,61,imputation,7,4,3,L-Proline,L-Proline,20223748.333265867,20223748.333265867,0.0,0.0,1,1,1
ST003390,hsa00330,Arginine and Proline Metabolism,0.3,62,imputation,7,4,3,L-Proline,L-Proline,20223748.333265867,20223748.333265867,0.0,0.0,1,1,1
ST003390,hsa00330,Arginine and Proline Metabolism,0.3,63,imputation,7,4,3,Ornithine,Ornithine,5239813.796521678,5239813.796521678,0.0,0.0,1,1,1
ST003390,hsa00330,Arginine and Proline Metabolism,0.3,64,imputation,7,4,3,L-Proline,L-Proline,20223748.333265867,20223748.333265867,0.0,0.0,1,1,1
ST003390,hsa00330,Arginine and Proline Metabolism,0.3,65,imputation,7,4,3,L-Proline,L-Proline,20223748.333265867,20223748.333265867,0.0,0.0,1,1,1
ST003390,hsa00330,Arginine and Proline Metabolism,0.3,66,imputation,7,4,3,L-Proline,L-Proline,20223748.333265867,20223748.333265867,0.0,0.0,1,1,1
ST003390,hsa00330,Arginine and Proline Metabolism,0.3,67,imputation,7,4,3,Creatine,Creatine,3765687.9525428806,3765687.9525428806,0.0,0.0,1,1,1
ST003390,hsa00330,Arginine and Proline Metabolism,0.3,68,imputation,7,4,3,Hydroxyproline,Hydroxyproline,4571573.907825251,4571573.907825251,0.0,0.0,1,1,1
ST003390,hsa00330,Arginine and Proline Metabolism,0.3,69,imputation,7,4,3,Ornithine,Ornithine,5239813.796521678,5239813.796521678,0.0,0.0,1,1,1
ST003390,hsa00330,Arginine and Proline Metabolism,0.3,70,imputation,7,4,3,L-Proline,L-Proline,20223748.333265867,20223748.333265867,0.0,0.0,1,1,1
ST003390,hsa00330,Arginine and Proline Metabolism,0.3,71,imputation,7,4,3,L-Proline,L-Proline,20223748.333265867,20223748.333265867,0.0,0.0,1,1,1
ST003390,hsa00330,Arginine and Proline Metabolism,0.3,72,imputation,7,4,3,Hydroxyproline,Hydroxyproline,4571573.907825251,4571573.907825251,0.0,0.0,1,1,1
ST003390,hsa00330,Arginine and Proline Metabolism,0.3,73,imputation,7,4,3,Creatine,Creatine,3765687.9525428806,3765687.9525428806,0.0,0.0,1,1,1
ST003390,hsa00330,Arginine and Proline Metabolism,0.3,74,imputation,7,4,3,L-Proline,L-Proline,20223748.333265867,20223748.333265867,0.0,0.0,1,1,1
ST003390,hsa00330,Arginine and Proline Metabolism,0.3,75,imputation,7,4,3,L-Proline,L-Proline,20223748.333265867,20223748.333265867,0.0,0.0,1,1,1
ST003390,hsa00330,Arginine and Proline Metabolism,0.3,76,imputation,7,4,3,L-Proline,L-Proline,20223748.333265867,20223748.333265867,0.0,0.0,1,1,1
ST003390,hsa00330,Arginine and Proline Metabolism,0.3,77,imputation,7,4,3,Hydroxyproline,Hydroxyproline,4571573.907825251,4571573.907825251,0.0,0.0,1,1,1
ST003390,hsa00330,Arginine and Proline Metabolism,0.3,78,imputation,7,4,3,L-Proline,L-Proline,20223748.333265867,20223748.333265867,0.0,0.0,1,1,1
ST003390,hsa00330,Arginine and Proline Metabolism,0.3,79,imputation,7,4,3,Hydroxyproline,Hydroxyproline,4571573.907825251,4571573.907825251,0.0,0.0,1,1,1
ST003390,hsa00330,Arginine and Proline Metabolism,0.3,80,imputation,7,4,3,Ornithine,Ornithine,5239813.796521678,5239813.796521678,0.0,0.0,1,1,1
ST003390,hsa00330,Arginine and Proline Metabolism,0.3,81,imputation,7,4,3,Ornithine,Ornithine,5239813.796521678,5239813.796521678,0.0,0.0,1,1,1
ST003390,hsa00330,Arginine and Proline Metabolism,0.3,82,imputation,7,4,3,Hydroxyproline,Hydroxyproline,4571573.907825251,4571573.907825251,0.0,0.0,1,1,1
ST003390,hsa00330,Arginine and Proline Metabolism,0.3,83,imputation,7,4,3,Ornithine,Ornithine,5239813.796521678,5239813.796521678,0.0,0.0,1,1,1
ST003390,hsa00330,Arginine and Proline Metabolism,0.3,84,imputation,7,4,3,Ornithine,Ornithine,5239813.796521678,5239813.796521678,0.0,0.0,1,1,1
ST003390,hsa00330,Arginine and Proline Metabolism,0.3,85,imputation,7,4,3,L-Proline,L-Proline,20223748.333265867,20223748.333265867,0.0,0.0,1,1,1
ST003390,hsa00330,Arginine and Proline Metabolism,0.3,86,imputation,7,4,3,Ornithine,Ornithine,5239813.796521678,5239813.796521678,0.0,0.0,1,1,1
ST003390,hsa00330,Arginine and Proline Metabolism,0.3,87,imputation,7,4,3,Ornithine,Ornithine,5239813.796521678,5239813.796521678,0.0,0.0,1,1,1
ST003390,hsa00330,Arginine and Proline Metabolism,0.3,88,imputation,7,4,3,Hydroxyproline,Hydroxyproline,4571573.907825251,4571573.907825251,0.0,0.0,1,1,1
ST003390,hsa00330,Arginine and Proline Metabolism,0.3,89,imputation,7,4,3,Ornithine,Ornithine,5239813.796521678,5239813.796521678,0.0,0.0,1,1,1
ST003390,hsa00330,Arginine and Proline Metabolism,0.3,90,imputation,7,4,3,Ornithine,Ornithine,5239813.796521678,5239813.796521678,0.0,0.0,1,1,1
ST003390,hsa00330,Arginine and Proline Metabolism,0.3,91,imputation,7,4,3,Ornithine,Ornithine,5239813.796521678,5239813.796521678,0.0,0.0,1,1,1
ST003390,hsa00330,Arginine and Proline Metabolism,0.3,92,imputation,7,4,3,Hydroxyproline,Hydroxyproline,4571573.907825251,4571573.907825251,0.0,0.0,1,1,1
ST003390,hsa00330,Arginine and Proline Metabolism,0.3,93,imputation,7,4,3,L-Proline,L-Proline,20223748.333265867,20223748.333265867,0.0,0.0,1,1,1
ST003390,hsa00330,Arginine and Proline Metabolism,0.3,94,imputation,7,4,3,Ornithine,Ornithine,5239813.796521678,5239813.796521678,0.0,0.0,1,1,1
ST003390,hsa00330,Arginine and Proline Metabolism,0.3,95,imputation,7,4,3,Creatinine,Creatinine,3125101.757890006,3125101.757890006,0.0,0.0,1,1,1
ST003390,hsa00330,Arginine and Proline Metabolism,0.3,96,imputation,7,4,3,L-Proline,L-Proline,20223748.333265867,20223748.333265867,0.0,0.0,1,1,1
ST003390,hsa00330,Arginine and Proline Metabolism,0.3,97,imputation,7,4,3,L-Proline,L-Proline,20223748.333265867,20223748.333265867,0.0,0.0,1,1,1
ST003390,hsa00330,Arginine and Proline Metabolism,0.3,98,imputation,7,4,3,L-Proline,L-Proline,20223748.333265867,20223748.333265867,0.0,0.0,1,1,1
ST003390,hsa00330,Arginine and Proline Metabolism,0.3,99,imputation,7,4,3,Ornithine,Ornithine,5239813.796521678,5239813.796521678,0.0,0.0,1,1,1
ST003390,hsa00330,Arginine and Proline Metabolism,0.3,100,imputation,7,4,3,L-Proline,L-Proline,20223748.333265867,20223748.333265867,0.0,0.0,1,1,1
ST003390,hsa00330,Arginine and Proline Metabolism,0.4,1,imputation,7,4,3,Creatine,Creatine,3765687.9525428806,3765687.9525428806,0.0,0.0,1,1,1
ST003390,hsa00330,Arginine and Proline Metabolism,0.4,2,imputation,7,4,3,L-Proline,L-Proline,20223748.333265867,20223748.333265867,0.0,0.0,1,1,1
ST003390,hsa00330,Arginine and Proline Metabolism,0.4,3,imputation,7,4,3,L-Proline,L-Proline,20223748.333265867,20223748.333265867,0.0,0.0,1,1,1
ST003390,hsa00330,Arginine and Proline Metabolism,0.4,4,imputation,7,4,3,Ornithine,Ornithine,5239813.796521678,5239813.796521678,0.0,0.0,1,1,1
ST003390,hsa00330,Arginine and Proline Metabolism,0.4,5,imputation,7,4,3,Creatine,Creatine,3765687.9525428806,3765687.9525428806,0.0,0.0,1,1,1
ST003390,hsa00330,Arginine and Proline Metabolism,0.4,6,imputation,7,4,3,Hydroxyproline,Hydroxyproline,4571573.907825251,4571573.907825251,0.0,0.0,1,1,1
ST003390,hsa00330,Arginine and Proline Metabolism,0.4,7,imputation,7,4,3,Creatine,Creatine,3765687.9525428806,3765687.9525428806,0.0,0.0,1,1,1
ST003390,hsa00330,Arginine and Proline Metabolism,0.4,8,imputation,7,4,3,L-Proline,L-Proline,20223748.333265867,20223748.333265867,0.0,0.0,1,1,1
ST003390,hsa00330,Arginine and Proline Metabolism,0.4,9,imputation,7,4,3,L-Proline,L-Proline,20223748.333265867,20223748.333265867,0.0,0.0,1,1,1
ST003390,hsa00330,Arginine and Proline Metabolism,0.4,10,imputation,7,4,3,Hydroxyproline,Hydroxyproline,4571573.907825251,4571573.907825251,0.0,0.0,1,1,1
ST003390,hsa00330,Arginine and Proline Metabolism,0.4,11,imputation,7,4,3,Hydroxyproline,Hydroxyproline,4571573.907825251,4571573.907825251,0.0,0.0,1,1,1
ST003390,hsa00330,Arginine and Proline Metabolism,0.4,12,imputation,7,4,3,Hydroxyproline,Hydroxyproline,4571573.907825251,4571573.907825251,0.0,0.0,1,1,1
ST003390,hsa00330,Arginine and Proline Metabolism,0.4,13,imputation,7,4,3,L-Proline,L-Proline,20223748.333265867,20223748.333265867,0.0,0.0,1,1,1
ST003390,hsa00330,Arginine and Proline Metabolism,0.4,14,imputation,7,4,3,Ornithine,Ornithine,5239813.796521678,5239813.796521678,0.0,0.0,1,1,1
ST003390,hsa00330,Arginine and Proline Metabolism,0.4,15,imputation,7,4,3,Hydroxyproline,Hydroxyproline,4571573.907825251,4571573.907825251,0.0,0.0,1,1,1
ST003390,hsa00330,Arginine and Proline Metabolism,0.4,16,imputation,7,4,3,L-Proline,L-Proline,20223748.333265867,20223748.333265867,0.0,0.0,1,1,1
ST003390,hsa00330,Arginine and Proline Metabolism,0.4,17,imputation,7,4,3,Creatinine,Creatinine,3125101.757890006,3125101.757890006,0.0,0.0,1,1,1
ST003390,hsa00330,Arginine and Proline Metabolism,0.4,18,imputation,7,4,3,Ornithine,Ornithine,5239813.796521678,5239813.796521678,0.0,0.0,1,1,1
ST003390,hsa00330,Arginine and Proline Metabolism,0.4,19,imputation,7,4,3,Hydroxyproline,Hydroxyproline,4571573.907825251,4571573.907825251,0.0,0.0,1,1,1
ST003390,hsa00330,Arginine and Proline Metabolism,0.4,20,imputation,7,4,3,Hydroxyproline,Hydroxyproline,4571573.907825251,4571573.907825251,0.0,0.0,1,1,1
ST003390,hsa00330,Arginine and Proline Metabolism,0.4,21,imputation,7,4,3,Ornithine,Ornithine,5239813.796521678,5239813.796521678,0.0,0.0,1,1,1
ST003390,hsa00330,Arginine and Proline Metabolism,0.4,22,imputation,7,4,3,Hydroxyproline,Hydroxyproline,4571573.907825251,4571573.907825251,0.0,0.0,1,1,1
ST003390,hsa00330,Arginine and Proline Metabolism,0.4,23,imputation,7,4,3,L-Proline,L-Proline,20223748.333265867,20223748.333265867,0.0,0.0,1,1,1
ST003390,hsa00330,Arginine and Proline Metabolism,0.4,24,imputation,7,4,3,Creatine,Creatine,3765687.9525428806,3765687.9525428806,0.0,0.0,1,1,1
ST003390,hsa00330,Arginine and Proline Metabolism,0.4,25,imputation,7,4,3,Ornithine,Ornithine,5239813.796521678,5239813.796521678,0.0,0.0,1,1,1
ST003390,hsa00330,Arginine and Proline Metabolism,0.4,26,imputation,7,4,3,L-Proline,L-Proline,20223748.333265867,20223748.333265867,0.0,0.0,1,1,1
ST003390,hsa00330,Arginine and Proline Metabolism,0.4,27,imputation,7,4,3,L-Proline,L-Proline,20223748.333265867,20223748.333265867,0.0,0.0,1,1,1
ST003390,hsa00330,Arginine and Proline Metabolism,0.4,28,imputation,7,4,3,Creatine,Creatine,3765687.9525428806,3765687.9525428806,0.0,0.0,1,1,1
ST003390,hsa00330,Arginine and Proline Metabolism,0.4,29,imputation,7,4,3,L-Proline,L-Proline,20223748.333265867,20223748.333265867,0.0,0.0,1,1,1
ST003390,hsa00330,Arginine and Proline Metabolism,0.4,30,imputation,7,4,3,Hydroxyproline,Hydroxyproline,4571573.907825251,4571573.907825251,0.0,0.0,1,1,1
ST003390,hsa00330,Arginine and Proline Metabolism,0.4,31,imputation,7,4,3,Hydroxyproline,Hydroxyproline,4571573.907825251,4571573.907825251,0.0,0.0,1,1,1
ST003390,hsa00330,Arginine and Proline Metabolism,0.4,32,imputation,7,4,3,L-Proline,L-Proline,20223748.333265867,20223748.333265867,0.0,0.0,1,1,1
ST003390,hsa00330,Arginine and Proline Metabolism,0.4,33,imputation,7,4,3,Ornithine,Ornithine,5239813.796521678,5239813.796521678,0.0,0.0,1,1,1
ST003390,hsa00330,Arginine and Proline Metabolism,0.4,34,imputation,7,4,3,L-Proline,L-Proline,20223748.333265867,20223748.333265867,0.0,0.0,1,1,1
ST003390,hsa00330,Arginine and Proline Metabolism,0.4,35,imputation,7,4,3,L-Proline,L-Proline,20223748.333265867,20223748.333265867,0.0,0.0,1,1,1
ST003390,hsa00330,Arginine and Proline Metabolism,0.4,36,imputation,7,4,3,Ornithine,Ornithine,5239813.796521678,5239813.796521678,0.0,0.0,1,1,1
ST003390,hsa00330,Arginine and Proline Metabolism,0.4,37,imputation,7,4,3,Creatine,Creatine,3765687.9525428806,3765687.9525428806,0.0,0.0,1,1,1
ST003390,hsa00330,Arginine and Proline Metabolism,0.4,38,imputation,7,4,3,Hydroxyproline,Hydroxyproline,4571573.907825251,4571573.907825251,0.0,0.0,1,1,1
ST003390,hsa00330,Arginine and Proline Metabolism,0.4,39,imputation,7,4,3,Hydroxyproline,Hydroxyproline,4571573.907825251,4571573.907825251,0.0,0.0,1,1,1
ST003390,hsa00330,Arginine and Proline Metabolism,0.4,40,imputation,7,4,3,Hydroxyproline,Hydroxyproline,4571573.907825251,4571573.907825251,0.0,0.0,1,1,1
ST003390,hsa00330,Arginine and Proline Metabolism,0.4,41,imputation,7,4,3,Ornithine,Ornithine,5239813.796521678,5239813.796521678,0.0,0.0,1,1,1
ST003390,hsa00330,Arginine and Proline Metabolism,0.4,42,imputation,7,4,3,L-Proline,L-Proline,20223748.333265867,20223748.333265867,0.0,0.0,1,1,1
ST003390,hsa00330,Arginine and Proline Metabolism,0.4,43,imputation,7,4,3,L-Proline,L-Proline,20223748.333265867,20223748.333265867,0.0,0.0,1,1,1
ST003390,hsa00330,Arginine and Proline Metabolism,0.4,44,imputation,7,4,3,Ornithine,Ornithine,5239813.796521678,5239813.796521678,0.0,0.0,1,1,1
ST003390,hsa00330,Arginine and Proline Metabolism,0.4,45,imputation,7,4,3,L-Proline,L-Proline,20223748.333265867,20223748.333265867,0.0,0.0,1,1,1
ST003390,hsa00330,Arginine and Proline Metabolism,0.4,46,imputation,7,4,3,Creatine,Creatine,3765687.9525428806,3765687.9525428806,0.0,0.0,1,1,1
ST003390,hsa00330,Arginine and Proline Metabolism,0.4,47,imputation,7,4,3,Hydroxyproline,Hydroxyproline,4571573.907825251,4571573.907825251,0.0,0.0,1,1,1
ST003390,hsa00330,Arginine and Proline Metabolism,0.4,48,imputation,7,4,3,L-Proline,L-Proline,20223748.333265867,20223748.333265867,0.0,0.0,1,1,1
ST003390,hsa00330,Arginine and Proline Metabolism,0.4,49,imputation,7,4,3,Hydroxyproline,Hydroxyproline,4571573.907825251,4571573.907825251,0.0,0.0,1,1,1
ST003390,hsa00330,Arginine and Proline Metabolism,0.4,50,imputation,7,4,3,L-Proline,L-Proline,20223748.333265867,20223748.333265867,0.0,0.0,1,1,1
ST003390,hsa00330,Arginine and Proline Metabolism,0.4,51,imputation,7,4,3,Ornithine,Ornithine,5239813.796521678,5239813.796521678,0.0,0.0,1,1,1
ST003390,hsa00330,Arginine and Proline Metabolism,0.4,52,imputation,7,4,3,Hydroxyproline,Hydroxyproline,4571573.907825251,4571573.907825251,0.0,0.0,1,1,1
ST003390,hsa00330,Arginine and Proline Metabolism,0.4,53,imputation,7,4,3,L-Proline,L-Proline,20223748.333265867,20223748.333265867,0.0,0.0,1,1,1
ST003390,hsa00330,Arginine and Proline Metabolism,0.4,54,imputation,7,4,3,Ornithine,Ornithine,5239813.796521678,5239813.796521678,0.0,0.0,1,1,1
ST003390,hsa00330,Arginine and Proline Metabolism,0.4,55,imputation,7,4,3,Creatine,Creatine,3765687.9525428806,3765687.9525428806,0.0,0.0,1,1,1
ST003390,hsa00330,Arginine and Proline Metabolism,0.4,56,imputation,7,4,3,Hydroxyproline,Hydroxyproline,4571573.907825251,4571573.907825251,0.0,0.0,1,1,1
ST003390,hsa00330,Arginine and Proline Metabolism,0.4,57,imputation,7,4,3,Ornithine,Ornithine,5239813.796521678,5239813.796521678,0.0,0.0,1,1,1
ST003390,hsa00330,Arginine and Proline Metabolism,0.4,58,imputation,7,4,3,L-Proline,L-Proline,20223748.333265867,20223748.333265867,0.0,0.0,1,1,1
ST003390,hsa00330,Arginine and Proline Metabolism,0.4,59,imputation,7,4,3,Ornithine,Ornithine,5239813.796521678,5239813.796521678,0.0,0.0,1,1,1
ST003390,hsa00330,Arginine and Proline Metabolism,0.4,60,imputation,7,4,3,L-Proline,L-Proline,20223748.333265867,20223748.333265867,0.0,0.0,1,1,1
ST003390,hsa00330,Arginine and Proline Metabolism,0.4,61,imputation,7,4,3,L-Proline,L-Proline,20223748.333265867,20223748.333265867,0.0,0.0,1,1,1
ST003390,hsa00330,Arginine and Proline Metabolism,0.4,62,imputation,7,4,3,L-Proline,L-Proline,20223748.333265867,20223748.333265867,0.0,0.0,1,1,1
ST003390,hsa00330,Arginine and Proline Metabolism,0.4,63,imputation,7,4,3,Ornithine,Ornithine,5239813.796521678,5239813.796521678,0.0,0.0,1,1,1
ST003390,hsa00330,Arginine and Proline Metabolism,0.4,64,imputation,7,4,3,L-Proline,L-Proline,20223748.333265867,20223748.333265867,0.0,0.0,1,1,1
ST003390,hsa00330,Arginine and Proline Metabolism,0.4,65,imputation,7,4,3,L-Proline,L-Proline,20223748.333265867,20223748.333265867,0.0,0.0,1,1,1
ST003390,hsa00330,Arginine and Proline Metabolism,0.4,66,imputation,7,4,3,L-Proline,L-Proline,20223748.333265867,20223748.333265867,0.0,0.0,1,1,1
ST003390,hsa00330,Arginine and Proline Metabolism,0.4,67,imputation,7,4,3,Creatine,Creatine,3765687.9525428806,3765687.9525428806,0.0,0.0,1,1,1
ST003390,hsa00330,Arginine and Proline Metabolism,0.4,68,imputation,7,4,3,Hydroxyproline,Hydroxyproline,4571573.907825251,4571573.907825251,0.0,0.0,1,1,1
ST003390,hsa00330,Arginine and Proline Metabolism,0.4,69,imputation,7,4,3,Ornithine,Ornithine,5239813.796521678,5239813.796521678,0.0,0.0,1,1,1
ST003390,hsa00330,Arginine and Proline Metabolism,0.4,70,imputation,7,4,3,L-Proline,L-Proline,20223748.333265867,20223748.333265867,0.0,0.0,1,1,1
ST003390,hsa00330,Arginine and Proline Metabolism,0.4,71,imputation,7,4,3,L-Proline,L-Proline,20223748.333265867,20223748.333265867,0.0,0.0,1,1,1
ST003390,hsa00330,Arginine and Proline Metabolism,0.4,72,imputation,7,4,3,Hydroxyproline,Hydroxyproline,4571573.907825251,4571573.907825251,0.0,0.0,1,1,1
ST003390,hsa00330,Arginine and Proline Metabolism,0.4,73,imputation,7,4,3,Creatine,Creatine,3765687.9525428806,3765687.9525428806,0.0,0.0,1,1,1
ST003390,hsa00330,Arginine and Proline Metabolism,0.4,74,imputation,7,4,3,L-Proline,L-Proline,20223748.333265867,20223748.333265867,0.0,0.0,1,1,1
ST003390,hsa00330,Arginine and Proline Metabolism,0.4,75,imputation,7,4,3,L-Proline,L-Proline,20223748.333265867,20223748.333265867,0.0,0.0,1,1,1
ST003390,hsa00330,Arginine and Proline Metabolism,0.4,76,imputation,7,4,3,L-Proline,L-Proline,20223748.333265867,20223748.333265867,0.0,0.0,1,1,1
ST003390,hsa00330,Arginine and Proline Metabolism,0.4,77,imputation,7,4,3,Hydroxyproline,Hydroxyproline,4571573.907825251,4571573.907825251,0.0,0.0,1,1,1
ST003390,hsa00330,Arginine and Proline Metabolism,0.4,78,imputation,7,4,3,L-Proline,L-Proline,20223748.333265867,20223748.333265867,0.0,0.0,1,1,1
ST003390,hsa00330,Arginine and Proline Metabolism,0.4,79,imputation,7,4,3,Hydroxyproline,Hydroxyproline,4571573.907825251,4571573.907825251,0.0,0.0,1,1,1
ST003390,hsa00330,Arginine and Proline Metabolism,0.4,80,imputation,7,4,3,Ornithine,Ornithine,5239813.796521678,5239813.796521678,0.0,0.0,1,1,1
ST003390,hsa00330,Arginine and Proline Metabolism,0.4,81,imputation,7,4,3,Ornithine,Ornithine,5239813.796521678,5239813.796521678,0.0,0.0,1,1,1
ST003390,hsa00330,Arginine and Proline Metabolism,0.4,82,imputation,7,4,3,Hydroxyproline,Hydroxyproline,4571573.907825251,4571573.907825251,0.0,0.0,1,1,1
ST003390,hsa00330,Arginine and Proline Metabolism,0.4,83,imputation,7,4,3,Ornithine,Ornithine,5239813.796521678,5239813.796521678,0.0,0.0,1,1,1
ST003390,hsa00330,Arginine and Proline Metabolism,0.4,84,imputation,7,4,3,Ornithine,Ornithine,5239813.796521678,5239813.796521678,0.0,0.0,1,1,1
ST003390,hsa00330,Arginine and Proline Metabolism,0.4,85,imputation,7,4,3,L-Proline,L-Proline,20223748.333265867,20223748.333265867,0.0,0.0,1,1,1
ST003390,hsa00330,Arginine and Proline Metabolism,0.4,86,imputation,7,4,3,Ornithine,Ornithine,5239813.796521678,5239813.796521678,0.0,0.0,1,1,1
ST003390,hsa00330,Arginine and Proline Metabolism,0.4,87,imputation,7,4,3,Ornithine,Ornithine,5239813.796521678,5239813.796521678,0.0,0.0,1,1,1
ST003390,hsa00330,Arginine and Proline Metabolism,0.4,88,imputation,7,4,3,Hydroxyproline,Hydroxyproline,4571573.907825251,4571573.907825251,0.0,0.0,1,1,1
ST003390,hsa00330,Arginine and Proline Metabolism,0.4,89,imputation,7,4,3,Ornithine,Ornithine,5239813.796521678,5239813.796521678,0.0,0.0,1,1,1
ST003390,hsa00330,Arginine and Proline Metabolism,0.4,90,imputation,7,4,3,Ornithine,Ornithine,5239813.796521678,5239813.796521678,0.0,0.0,1,1,1
ST003390,hsa00330,Arginine and Proline Metabolism,0.4,91,imputation,7,4,3,Ornithine,Ornithine,5239813.796521678,5239813.796521678,0.0,0.0,1,1,1
ST003390,hsa00330,Arginine and Proline Metabolism,0.4,92,imputation,7,4,3,Hydroxyproline,Hydroxyproline,4571573.907825251,4571573.907825251,0.0,0.0,1,1,1
ST003390,hsa00330,Arginine and Proline Metabolism,0.4,93,imputation,7,4,3,L-Proline,L-Proline,20223748.333265867,20223748.333265867,0.0,0.0,1,1,1
ST003390,hsa00330,Arginine and Proline Metabolism,0.4,94,imputation,7,4,3,Ornithine,Ornithine,5239813.796521678,5239813.796521678,0.0,0.0,1,1,1
ST003390,hsa00330,Arginine and Proline Metabolism,0.4,95,imputation,7,4,3,Creatinine,Creatinine,3125101.757890006,3125101.757890006,0.0,0.0,1,1,1
ST003390,hsa00330,Arginine and Proline Metabolism,0.4,96,imputation,7,4,3,L-Proline,L-Proline,20223748.333265867,20223748.333265867,0.0,0.0,1,1,1
ST003390,hsa00330,Arginine and Proline Metabolism,0.4,97,imputation,7,4,3,L-Proline,L-Proline,20223748.333265867,20223748.333265867,0.0,0.0,1,1,1
ST003390,hsa00330,Arginine and Proline Metabolism,0.4,98,imputation,7,4,3,L-Proline,L-Proline,20223748.333265867,20223748.333265867,0.0,0.0,1,1,1
ST003390,hsa00330,Arginine and Proline Metabolism,0.4,99,imputation,7,4,3,Ornithine,Ornithine,5239813.796521678,5239813.796521678,0.0,0.0,1,1,1
ST003390,hsa00330,Arginine and Proline Metabolism,0.4,100,imputation,7,4,3,L-Proline,L-Proline,20223748.333265867,20223748.333265867,0.0,0.0,1,1,1
ST003390,hsa00250,Alanine Aspartate Glutamate Metabolism,0.2,1,imputation,5,4,1,Alanine,Alanine,264366922.77505767,264366922.77505767,0.0,0.0,1,1,1
ST003390,hsa00250,Alanine Aspartate Glutamate Metabolism,0.2,2,imputation,5,4,1,Glutamine,Glutamine,292010308.5092049,292010308.5092049,0.0,0.0,1,1,1
ST003390,hsa00250,Alanine Aspartate Glutamate Metabolism,0.2,3,imputation,5,4,1,Aspartic acid,Aspartic acid,588909.42577739,588909.42577739,0.0,0.0,1,1,1
ST003390,hsa00250,Alanine Aspartate Glutamate Metabolism,0.2,4,imputation,5,4,1,Alanine,Alanine,264366922.77505767,264366922.77505767,0.0,0.0,1,1,1
ST003390,hsa00250,Alanine Aspartate Glutamate Metabolism,0.2,5,imputation,5,4,1,Aspartic acid,Aspartic acid,588909.42577739,588909.42577739,0.0,0.0,1,1,1
ST003390,hsa00250,Alanine Aspartate Glutamate Metabolism,0.2,6,imputation,5,4,1,Pyroglutamic acid,Pyroglutamic acid,1554346.382964848,1554346.382964848,0.0,0.0,1,1,1
ST003390,hsa00250,Alanine Aspartate Glutamate Metabolism,0.2,7,imputation,5,4,1,Alanine,Alanine,264366922.77505767,264366922.77505767,0.0,0.0,1,1,1
ST003390,hsa00250,Alanine Aspartate Glutamate Metabolism,0.2,8,imputation,5,4,1,Glutamine,Glutamine,292010308.5092049,292010308.5092049,0.0,0.0,1,1,1
ST003390,hsa00250,Alanine Aspartate Glutamate Metabolism,0.2,9,imputation,5,4,1,Asparagine,Asparagine,1719151.979946711,1719151.979946711,0.0,0.0,1,1,1
ST003390,hsa00250,Alanine Aspartate Glutamate Metabolism,0.2,10,imputation,5,4,1,Aspartic acid,Aspartic acid,588909.42577739,588909.42577739,0.0,0.0,1,1,1
ST003390,hsa00250,Alanine Aspartate Glutamate Metabolism,0.2,11,imputation,5,4,1,Pyroglutamic acid,Pyroglutamic acid,1554346.382964848,1554346.382964848,0.0,0.0,1,1,1
ST003390,hsa00250,Alanine Aspartate Glutamate Metabolism,0.2,12,imputation,5,4,1,Asparagine,Asparagine,1719151.979946711,1719151.979946711,0.0,0.0,1,1,1
ST003390,hsa00250,Alanine Aspartate Glutamate Metabolism,0.2,13,imputation,5,4,1,Alanine,Alanine,264366922.77505767,264366922.77505767,0.0,0.0,1,1,1
ST003390,hsa00250,Alanine Aspartate Glutamate Metabolism,0.2,14,imputation,5,4,1,Pyroglutamic acid,Pyroglutamic acid,1554346.382964848,1554346.382964848,0.0,0.0,1,1,1
ST003390,hsa00250,Alanine Aspartate Glutamate Metabolism,0.2,15,imputation,5,4,1,Alanine,Alanine,264366922.77505767,264366922.77505767,0.0,0.0,1,1,1
ST003390,hsa00250,Alanine Aspartate Glutamate Metabolism,0.2,16,imputation,5,4,1,Pyroglutamic acid,Pyroglutamic acid,1554346.382964848,1554346.382964848,0.0,0.0,1,1,1
ST003390,hsa00250,Alanine Aspartate Glutamate Metabolism,0.2,17,imputation,5,4,1,Asparagine,Asparagine,1719151.979946711,1719151.979946711,0.0,0.0,1,1,1
ST003390,hsa00250,Alanine Aspartate Glutamate Metabolism,0.2,18,imputation,5,4,1,Aspartic acid,Aspartic acid,588909.42577739,588909.42577739,0.0,0.0,1,1,1
ST003390,hsa00250,Alanine Aspartate Glutamate Metabolism,0.2,19,imputation,5,4,1,Glutamine,Glutamine,292010308.5092049,292010308.5092049,0.0,0.0,1,1,1
ST003390,hsa00250,Alanine Aspartate Glutamate Metabolism,0.2,20,imputation,5,4,1,Pyroglutamic acid,Pyroglutamic acid,1554346.382964848,1554346.382964848,0.0,0.0,1,1,1
ST003390,hsa00250,Alanine Aspartate Glutamate Metabolism,0.2,21,imputation,5,4,1,Glutamine,Glutamine,292010308.5092049,292010308.5092049,0.0,0.0,1,1,1
ST003390,hsa00250,Alanine Aspartate Glutamate Metabolism,0.2,22,imputation,5,4,1,Glutamine,Glutamine,292010308.5092049,292010308.5092049,0.0,0.0,1,1,1
ST003390,hsa00250,Alanine Aspartate Glutamate Metabolism,0.2,23,imputation,5,4,1,Glutamine,Glutamine,292010308.5092049,292010308.5092049,0.0,0.0,1,1,1
ST003390,hsa00250,Alanine Aspartate Glutamate Metabolism,0.2,24,imputation,5,4,1,Alanine,Alanine,264366922.77505767,264366922.77505767,0.0,0.0,1,1,1
ST003390,hsa00250,Alanine Aspartate Glutamate Metabolism,0.2,25,imputation,5,4,1,Alanine,Alanine,264366922.77505767,264366922.77505767,0.0,0.0,1,1,1
ST003390,hsa00250,Alanine Aspartate Glutamate Metabolism,0.2,26,imputation,5,4,1,Glutamine,Glutamine,292010308.5092049,292010308.5092049,0.0,0.0,1,1,1
ST003390,hsa00250,Alanine Aspartate Glutamate Metabolism,0.2,27,imputation,5,4,1,Alanine,Alanine,264366922.77505767,264366922.77505767,0.0,0.0,1,1,1
ST003390,hsa00250,Alanine Aspartate Glutamate Metabolism,0.2,28,imputation,5,4,1,Alanine,Alanine,264366922.77505767,264366922.77505767,0.0,0.0,1,1,1
ST003390,hsa00250,Alanine Aspartate Glutamate Metabolism,0.2,29,imputation,5,4,1,Aspartic acid,Aspartic acid,588909.42577739,588909.42577739,0.0,0.0,1,1,1
ST003390,hsa00250,Alanine Aspartate Glutamate Metabolism,0.2,30,imputation,5,4,1,Alanine,Alanine,264366922.77505767,264366922.77505767,0.0,0.0,1,1,1
ST003390,hsa00250,Alanine Aspartate Glutamate Metabolism,0.2,31,imputation,5,4,1,Aspartic acid,Aspartic acid,588909.42577739,588909.42577739,0.0,0.0,1,1,1
ST003390,hsa00250,Alanine Aspartate Glutamate Metabolism,0.2,32,imputation,5,4,1,Pyroglutamic acid,Pyroglutamic acid,1554346.382964848,1554346.382964848,0.0,0.0,1,1,1
ST003390,hsa00250,Alanine Aspartate Glutamate Metabolism,0.2,33,imputation,5,4,1,Glutamine,Glutamine,292010308.5092049,292010308.5092049,0.0,0.0,1,1,1
ST003390,hsa00250,Alanine Aspartate Glutamate Metabolism,0.2,34,imputation,5,4,1,Aspartic acid,Aspartic acid,588909.42577739,588909.42577739,0.0,0.0,1,1,1
ST003390,hsa00250,Alanine Aspartate Glutamate Metabolism,0.2,35,imputation,5,4,1,Aspartic acid,Aspartic acid,588909.42577739,588909.42577739,0.0,0.0,1,1,1
ST003390,hsa00250,Alanine Aspartate Glutamate Metabolism,0.2,36,imputation,5,4,1,Asparagine,Asparagine,1719151.979946711,1719151.979946711,0.0,0.0,1,1,1
ST003390,hsa00250,Alanine Aspartate Glutamate Metabolism,0.2,37,imputation,5,4,1,Asparagine,Asparagine,1719151.979946711,1719151.979946711,0.0,0.0,1,1,1
ST003390,hsa00250,Alanine Aspartate Glutamate Metabolism,0.2,38,imputation,5,4,1,Aspartic acid,Aspartic acid,588909.42577739,588909.42577739,0.0,0.0,1,1,1
ST003390,hsa00250,Alanine Aspartate Glutamate Metabolism,0.2,39,imputation,5,4,1,Pyroglutamic acid,Pyroglutamic acid,1554346.382964848,1554346.382964848,0.0,0.0,1,1,1
ST003390,hsa00250,Alanine Aspartate Glutamate Metabolism,0.2,40,imputation,5,4,1,Asparagine,Asparagine,1719151.979946711,1719151.979946711,0.0,0.0,1,1,1
ST003390,hsa00250,Alanine Aspartate Glutamate Metabolism,0.2,41,imputation,5,4,1,Glutamine,Glutamine,292010308.5092049,292010308.5092049,0.0,0.0,1,1,1
ST003390,hsa00250,Alanine Aspartate Glutamate Metabolism,0.2,42,imputation,5,4,1,Aspartic acid,Aspartic acid,588909.42577739,588909.42577739,0.0,0.0,1,1,1
ST003390,hsa00250,Alanine Aspartate Glutamate Metabolism,0.2,43,imputation,5,4,1,Asparagine,Asparagine,1719151.979946711,1719151.979946711,0.0,0.0,1,1,1
ST003390,hsa00250,Alanine Aspartate Glutamate Metabolism,0.2,44,imputation,5,4,1,Alanine,Alanine,264366922.77505767,264366922.77505767,0.0,0.0,1,1,1
ST003390,hsa00250,Alanine Aspartate Glutamate Metabolism,0.2,45,imputation,5,4,1,Asparagine,Asparagine,1719151.979946711,1719151.979946711,0.0,0.0,1,1,1
ST003390,hsa00250,Alanine Aspartate Glutamate Metabolism,0.2,46,imputation,5,4,1,Glutamine,Glutamine,292010308.5092049,292010308.5092049,0.0,0.0,1,1,1
ST003390,hsa00250,Alanine Aspartate Glutamate Metabolism,0.2,47,imputation,5,4,1,Alanine,Alanine,264366922.77505767,264366922.77505767,0.0,0.0,1,1,1
ST003390,hsa00250,Alanine Aspartate Glutamate Metabolism,0.2,48,imputation,5,4,1,Asparagine,Asparagine,1719151.979946711,1719151.979946711,0.0,0.0,1,1,1
ST003390,hsa00250,Alanine Aspartate Glutamate Metabolism,0.2,49,imputation,5,4,1,Alanine,Alanine,264366922.77505767,264366922.77505767,0.0,0.0,1,1,1
ST003390,hsa00250,Alanine Aspartate Glutamate Metabolism,0.2,50,imputation,5,4,1,Glutamine,Glutamine,292010308.5092049,292010308.5092049,0.0,0.0,1,1,1
ST003390,hsa00250,Alanine Aspartate Glutamate Metabolism,0.2,51,imputation,5,4,1,Glutamine,Glutamine,292010308.5092049,292010308.5092049,0.0,0.0,1,1,1
ST003390,hsa00250,Alanine Aspartate Glutamate Metabolism,0.2,52,imputation,5,4,1,Pyroglutamic acid,Pyroglutamic acid,1554346.382964848,1554346.382964848,0.0,0.0,1,1,1
ST003390,hsa00250,Alanine Aspartate Glutamate Metabolism,0.2,53,imputation,5,4,1,Pyroglutamic acid,Pyroglutamic acid,1554346.382964848,1554346.382964848,0.0,0.0,1,1,1
ST003390,hsa00250,Alanine Aspartate Glutamate Metabolism,0.2,54,imputation,5,4,1,Aspartic acid,Aspartic acid,588909.42577739,588909.42577739,0.0,0.0,1,1,1
ST003390,hsa00250,Alanine Aspartate Glutamate Metabolism,0.2,55,imputation,5,4,1,Asparagine,Asparagine,1719151.979946711,1719151.979946711,0.0,0.0,1,1,1
ST003390,hsa00250,Alanine Aspartate Glutamate Metabolism,0.2,56,imputation,5,4,1,Aspartic acid,Aspartic acid,588909.42577739,588909.42577739,0.0,0.0,1,1,1
ST003390,hsa00250,Alanine Aspartate Glutamate Metabolism,0.2,57,imputation,5,4,1,Glutamine,Glutamine,292010308.5092049,292010308.5092049,0.0,0.0,1,1,1
ST003390,hsa00250,Alanine Aspartate Glutamate Metabolism,0.2,58,imputation,5,4,1,Asparagine,Asparagine,1719151.979946711,1719151.979946711,0.0,0.0,1,1,1
ST003390,hsa00250,Alanine Aspartate Glutamate Metabolism,0.2,59,imputation,5,4,1,Pyroglutamic acid,Pyroglutamic acid,1554346.382964848,1554346.382964848,0.0,0.0,1,1,1
ST003390,hsa00250,Alanine Aspartate Glutamate Metabolism,0.2,60,imputation,5,4,1,Asparagine,Asparagine,1719151.979946711,1719151.979946711,0.0,0.0,1,1,1
ST003390,hsa00250,Alanine Aspartate Glutamate Metabolism,0.2,61,imputation,5,4,1,Glutamine,Glutamine,292010308.5092049,292010308.5092049,0.0,0.0,1,1,1
ST003390,hsa00250,Alanine Aspartate Glutamate Metabolism,0.2,62,imputation,5,4,1,Alanine,Alanine,264366922.77505767,264366922.77505767,0.0,0.0,1,1,1
ST003390,hsa00250,Alanine Aspartate Glutamate Metabolism,0.2,63,imputation,5,4,1,Pyroglutamic acid,Pyroglutamic acid,1554346.382964848,1554346.382964848,0.0,0.0,1,1,1
ST003390,hsa00250,Alanine Aspartate Glutamate Metabolism,0.2,64,imputation,5,4,1,Glutamine,Glutamine,292010308.5092049,292010308.5092049,0.0,0.0,1,1,1
ST003390,hsa00250,Alanine Aspartate Glutamate Metabolism,0.2,65,imputation,5,4,1,Asparagine,Asparagine,1719151.979946711,1719151.979946711,0.0,0.0,1,1,1
ST003390,hsa00250,Alanine Aspartate Glutamate Metabolism,0.2,66,imputation,5,4,1,Asparagine,Asparagine,1719151.979946711,1719151.979946711,0.0,0.0,1,1,1
ST003390,hsa00250,Alanine Aspartate Glutamate Metabolism,0.2,67,imputation,5,4,1,Aspartic acid,Aspartic acid,588909.42577739,588909.42577739,0.0,0.0,1,1,1
ST003390,hsa00250,Alanine Aspartate Glutamate Metabolism,0.2,68,imputation,5,4,1,Glutamine,Glutamine,292010308.5092049,292010308.5092049,0.0,0.0,1,1,1
ST003390,hsa00250,Alanine Aspartate Glutamate Metabolism,0.2,69,imputation,5,4,1,Asparagine,Asparagine,1719151.979946711,1719151.979946711,0.0,0.0,1,1,1
ST003390,hsa00250,Alanine Aspartate Glutamate Metabolism,0.2,70,imputation,5,4,1,Glutamine,Glutamine,292010308.5092049,292010308.5092049,0.0,0.0,1,1,1
ST003390,hsa00250,Alanine Aspartate Glutamate Metabolism,0.2,71,imputation,5,4,1,Alanine,Alanine,264366922.77505767,264366922.77505767,0.0,0.0,1,1,1
ST003390,hsa00250,Alanine Aspartate Glutamate Metabolism,0.2,72,imputation,5,4,1,Asparagine,Asparagine,1719151.979946711,1719151.979946711,0.0,0.0,1,1,1
ST003390,hsa00250,Alanine Aspartate Glutamate Metabolism,0.2,73,imputation,5,4,1,Aspartic acid,Aspartic acid,588909.42577739,588909.42577739,0.0,0.0,1,1,1
ST003390,hsa00250,Alanine Aspartate Glutamate Metabolism,0.2,74,imputation,5,4,1,Pyroglutamic acid,Pyroglutamic acid,1554346.382964848,1554346.382964848,0.0,0.0,1,1,1
ST003390,hsa00250,Alanine Aspartate Glutamate Metabolism,0.2,75,imputation,5,4,1,Asparagine,Asparagine,1719151.979946711,1719151.979946711,0.0,0.0,1,1,1
ST003390,hsa00250,Alanine Aspartate Glutamate Metabolism,0.2,76,imputation,5,4,1,Asparagine,Asparagine,1719151.979946711,1719151.979946711,0.0,0.0,1,1,1
ST003390,hsa00250,Alanine Aspartate Glutamate Metabolism,0.2,77,imputation,5,4,1,Aspartic acid,Aspartic acid,588909.42577739,588909.42577739,0.0,0.0,1,1,1
ST003390,hsa00250,Alanine Aspartate Glutamate Metabolism,0.2,78,imputation,5,4,1,Pyroglutamic acid,Pyroglutamic acid,1554346.382964848,1554346.382964848,0.0,0.0,1,1,1
ST003390,hsa00250,Alanine Aspartate Glutamate Metabolism,0.2,79,imputation,5,4,1,Alanine,Alanine,264366922.77505767,264366922.77505767,0.0,0.0,1,1,1
ST003390,hsa00250,Alanine Aspartate Glutamate Metabolism,0.2,80,imputation,5,4,1,Pyroglutamic acid,Pyroglutamic acid,1554346.382964848,1554346.382964848,0.0,0.0,1,1,1
ST003390,hsa00250,Alanine Aspartate Glutamate Metabolism,0.2,81,imputation,5,4,1,Alanine,Alanine,264366922.77505767,264366922.77505767,0.0,0.0,1,1,1
ST003390,hsa00250,Alanine Aspartate Glutamate Metabolism,0.2,82,imputation,5,4,1,Aspartic acid,Aspartic acid,588909.42577739,588909.42577739,0.0,0.0,1,1,1
ST003390,hsa00250,Alanine Aspartate Glutamate Metabolism,0.2,83,imputation,5,4,1,Asparagine,Asparagine,1719151.979946711,1719151.979946711,0.0,0.0,1,1,1
ST003390,hsa00250,Alanine Aspartate Glutamate Metabolism,0.2,84,imputation,5,4,1,Pyroglutamic acid,Pyroglutamic acid,1554346.382964848,1554346.382964848,0.0,0.0,1,1,1
ST003390,hsa00250,Alanine Aspartate Glutamate Metabolism,0.2,85,imputation,5,4,1,Alanine,Alanine,264366922.77505767,264366922.77505767,0.0,0.0,1,1,1
ST003390,hsa00250,Alanine Aspartate Glutamate Metabolism,0.2,86,imputation,5,4,1,Asparagine,Asparagine,1719151.979946711,1719151.979946711,0.0,0.0,1,1,1
ST003390,hsa00250,Alanine Aspartate Glutamate Metabolism,0.2,87,imputation,5,4,1,Pyroglutamic acid,Pyroglutamic acid,1554346.382964848,1554346.382964848,0.0,0.0,1,1,1
ST003390,hsa00250,Alanine Aspartate Glutamate Metabolism,0.2,88,imputation,5,4,1,Pyroglutamic acid,Pyroglutamic acid,1554346.382964848,1554346.382964848,0.0,0.0,1,1,1
ST003390,hsa00250,Alanine Aspartate Glutamate Metabolism,0.2,89,imputation,5,4,1,Aspartic acid,Aspartic acid,588909.42577739,588909.42577739,0.0,0.0,1,1,1
ST003390,hsa00250,Alanine Aspartate Glutamate Metabolism,0.2,90,imputation,5,4,1,Glutamine,Glutamine,292010308.5092049,292010308.5092049,0.0,0.0,1,1,1
ST003390,hsa00250,Alanine Aspartate Glutamate Metabolism,0.2,91,imputation,5,4,1,Glutamine,Glutamine,292010308.5092049,292010308.5092049,0.0,0.0,1,1,1
ST003390,hsa00250,Alanine Aspartate Glutamate Metabolism,0.2,92,imputation,5,4,1,Glutamine,Glutamine,292010308.5092049,292010308.5092049,0.0,0.0,1,1,1
ST003390,hsa00250,Alanine Aspartate Glutamate Metabolism,0.2,93,imputation,5,4,1,Aspartic acid,Aspartic acid,588909.42577739,588909.42577739,0.0,0.0,1,1,1
ST003390,hsa00250,Alanine Aspartate Glutamate Metabolism,0.2,94,imputation,5,4,1,Pyroglutamic acid,Pyroglutamic acid,1554346.382964848,1554346.382964848,0.0,0.0,1,1,1
ST003390,hsa00250,Alanine Aspartate Glutamate Metabolism,0.2,95,imputation,5,4,1,Alanine,Alanine,264366922.77505767,264366922.77505767,0.0,0.0,1,1,1
ST003390,hsa00250,Alanine Aspartate Glutamate Metabolism,0.2,96,imputation,5,4,1,Asparagine,Asparagine,1719151.979946711,1719151.979946711,0.0,0.0,1,1,1
ST003390,hsa00250,Alanine Aspartate Glutamate Metabolism,0.2,97,imputation,5,4,1,Alanine,Alanine,264366922.77505767,264366922.77505767,0.0,0.0,1,1,1
ST003390,hsa00250,Alanine Aspartate Glutamate Metabolism,0.2,98,imputation,5,4,1,Alanine,Alanine,264366922.77505767,264366922.77505767,0.0,0.0,1,1,1
ST003390,hsa00250,Alanine Aspartate Glutamate Metabolism,0.2,99,imputation,5,4,1,Pyroglutamic acid,Pyroglutamic acid,1554346.382964848,1554346.382964848,0.0,0.0,1,1,1
ST003390,hsa00250,Alanine Aspartate Glutamate Metabolism,0.2,100,imputation,5,4,1,Pyroglutamic acid,Pyroglutamic acid,1554346.382964848,1554346.382964848,0.0,0.0,1,1,1
ST003390,hsa00250,Alanine Aspartate Glutamate Metabolism,0.3,1,imputation,5,3,2,Alanine,Alanine,264366922.77505767,264366922.77505767,0.0,0.0,1,1,1
ST003390,hsa00250,Alanine Aspartate Glutamate Metabolism,0.3,2,imputation,5,3,2,Glutamine,Glutamine,292010308.5092049,292010308.5092049,0.0,0.0,1,1,1
ST003390,hsa00250,Alanine Aspartate Glutamate Metabolism,0.3,3,imputation,5,3,2,Glutamine,Glutamine,292010308.5092049,292010308.5092049,0.0,0.0,1,1,1
ST003390,hsa00250,Alanine Aspartate Glutamate Metabolism,0.3,4,imputation,5,3,2,Glutamine,Glutamine,292010308.5092049,292010308.5092049,0.0,0.0,1,1,1
ST003390,hsa00250,Alanine Aspartate Glutamate Metabolism,0.3,5,imputation,5,3,2,Alanine,Alanine,264366922.77505767,264366922.77505767,0.0,0.0,1,1,1
ST003390,hsa00250,Alanine Aspartate Glutamate Metabolism,0.3,6,imputation,5,3,2,Pyroglutamic acid,Pyroglutamic acid,1554346.382964848,1554346.382964848,0.0,0.0,1,1,1
ST003390,hsa00250,Alanine Aspartate Glutamate Metabolism,0.3,7,imputation,5,3,2,Alanine,Alanine,264366922.77505767,264366922.77505767,0.0,0.0,1,1,1
ST003390,hsa00250,Alanine Aspartate Glutamate Metabolism,0.3,8,imputation,5,3,2,Glutamine,Glutamine,292010308.5092049,292010308.5092049,0.0,0.0,1,1,1
ST003390,hsa00250,Alanine Aspartate Glutamate Metabolism,0.3,9,imputation,5,3,2,Asparagine,Asparagine,1719151.979946711,1719151.979946711,0.0,0.0,1,1,1
ST003390,hsa00250,Alanine Aspartate Glutamate Metabolism,0.3,10,imputation,5,3,2,Alanine,Alanine,264366922.77505767,264366922.77505767,0.0,0.0,1,1,1
ST003390,hsa00250,Alanine Aspartate Glutamate Metabolism,0.3,11,imputation,5,3,2,Asparagine,Asparagine,1719151.979946711,1719151.979946711,0.0,0.0,1,1,1
ST003390,hsa00250,Alanine Aspartate Glutamate Metabolism,0.3,12,imputation,5,3,2,Glutamine,Glutamine,292010308.5092049,292010308.5092049,0.0,0.0,1,1,1
ST003390,hsa00250,Alanine Aspartate Glutamate Metabolism,0.3,13,imputation,5,3,2,Alanine,Alanine,264366922.77505767,264366922.77505767,0.0,0.0,1,1,1
ST003390,hsa00250,Alanine Aspartate Glutamate Metabolism,0.3,14,imputation,5,3,2,Alanine,Alanine,264366922.77505767,264366922.77505767,0.0,0.0,1,1,1
ST003390,hsa00250,Alanine Aspartate Glutamate Metabolism,0.3,15,imputation,5,3,2,Alanine,Alanine,264366922.77505767,264366922.77505767,0.0,0.0,1,1,1
ST003390,hsa00250,Alanine Aspartate Glutamate Metabolism,0.3,16,imputation,5,3,2,Asparagine,Asparagine,1719151.979946711,1719151.979946711,0.0,0.0,1,1,1
ST003390,hsa00250,Alanine Aspartate Glutamate Metabolism,0.3,17,imputation,5,3,2,Alanine,Alanine,264366922.77505767,264366922.77505767,0.0,0.0,1,1,1
ST003390,hsa00250,Alanine Aspartate Glutamate Metabolism,0.3,18,imputation,5,3,2,Pyroglutamic acid,Pyroglutamic acid,1554346.382964848,1554346.382964848,0.0,0.0,1,1,1
ST003390,hsa00250,Alanine Aspartate Glutamate Metabolism,0.3,19,imputation,5,3,2,Glutamine,Glutamine,292010308.5092049,292010308.5092049,0.0,0.0,1,1,1
ST003390,hsa00250,Alanine Aspartate Glutamate Metabolism,0.3,20,imputation,5,3,2,Asparagine,Asparagine,1719151.979946711,1719151.979946711,0.0,0.0,1,1,1
ST003390,hsa00250,Alanine Aspartate Glutamate Metabolism,0.3,21,imputation,5,3,2,Glutamine,Glutamine,292010308.5092049,292010308.5092049,0.0,0.0,1,1,1
ST003390,hsa00250,Alanine Aspartate Glutamate Metabolism,0.3,22,imputation,5,3,2,Glutamine,Glutamine,292010308.5092049,292010308.5092049,0.0,0.0,1,1,1
ST003390,hsa00250,Alanine Aspartate Glutamate Metabolism,0.3,23,imputation,5,3,2,Glutamine,Glutamine,292010308.5092049,292010308.5092049,0.0,0.0,1,1,1
ST003390,hsa00250,Alanine Aspartate Glutamate Metabolism,0.3,24,imputation,5,3,2,Alanine,Alanine,264366922.77505767,264366922.77505767,0.0,0.0,1,1,1
ST003390,hsa00250,Alanine Aspartate Glutamate Metabolism,0.3,25,imputation,5,3,2,Alanine,Alanine,264366922.77505767,264366922.77505767,0.0,0.0,1,1,1
ST003390,hsa00250,Alanine Aspartate Glutamate Metabolism,0.3,26,imputation,5,3,2,Glutamine,Glutamine,292010308.5092049,292010308.5092049,0.0,0.0,1,1,1
ST003390,hsa00250,Alanine Aspartate Glutamate Metabolism,0.3,27,imputation,5,3,2,Alanine,Alanine,264366922.77505767,264366922.77505767,0.0,0.0,1,1,1
ST003390,hsa00250,Alanine Aspartate Glutamate Metabolism,0.3,28,imputation,5,3,2,Alanine,Alanine,264366922.77505767,264366922.77505767,0.0,0.0,1,1,1
ST003390,hsa00250,Alanine Aspartate Glutamate Metabolism,0.3,29,imputation,5,3,2,Alanine,Alanine,264366922.77505767,264366922.77505767,0.0,0.0,1,1,1
ST003390,hsa00250,Alanine Aspartate Glutamate Metabolism,0.3,30,imputation,5,3,2,Alanine,Alanine,264366922.77505767,264366922.77505767,0.0,0.0,1,1,1
ST003390,hsa00250,Alanine Aspartate Glutamate Metabolism,0.3,31,imputation,5,3,2,Alanine,Alanine,264366922.77505767,264366922.77505767,0.0,0.0,1,1,1
ST003390,hsa00250,Alanine Aspartate Glutamate Metabolism,0.3,32,imputation,5,3,2,Alanine,Alanine,264366922.77505767,264366922.77505767,0.0,0.0,1,1,1
ST003390,hsa00250,Alanine Aspartate Glutamate Metabolism,0.3,33,imputation,5,3,2,Glutamine,Glutamine,292010308.5092049,292010308.5092049,0.0,0.0,1,1,1
ST003390,hsa00250,Alanine Aspartate Glutamate Metabolism,0.3,34,imputation,5,3,2,Glutamine,Glutamine,292010308.5092049,292010308.5092049,0.0,0.0,1,1,1
ST003390,hsa00250,Alanine Aspartate Glutamate Metabolism,0.3,35,imputation,5,3,2,Pyroglutamic acid,Pyroglutamic acid,1554346.382964848,1554346.382964848,0.0,0.0,1,1,1
ST003390,hsa00250,Alanine Aspartate Glutamate Metabolism,0.3,36,imputation,5,3,2,Alanine,Alanine,264366922.77505767,264366922.77505767,0.0,0.0,1,1,1
ST003390,hsa00250,Alanine Aspartate Glutamate Metabolism,0.3,37,imputation,5,3,2,Glutamine,Glutamine,292010308.5092049,292010308.5092049,0.0,0.0,1,1,1
ST003390,hsa00250,Alanine Aspartate Glutamate Metabolism,0.3,38,imputation,5,3,2,Glutamine,Glutamine,292010308.5092049,292010308.5092049,0.0,0.0,1,1,1
ST003390,hsa00250,Alanine Aspartate Glutamate Metabolism,0.3,39,imputation,5,3,2,Glutamine,Glutamine,292010308.5092049,292010308.5092049,0.0,0.0,1,1,1
ST003390,hsa00250,Alanine Aspartate Glutamate Metabolism,0.3,40,imputation,5,3,2,Glutamine,Glutamine,292010308.5092049,292010308.5092049,0.0,0.0,1,1,1
ST003390,hsa00250,Alanine Aspartate Glutamate Metabolism,0.3,41,imputation,5,3,2,Glutamine,Glutamine,292010308.5092049,292010308.5092049,0.0,0.0,1,1,1
ST003390,hsa00250,Alanine Aspartate Glutamate Metabolism,0.3,42,imputation,5,3,2,Alanine,Alanine,264366922.77505767,264366922.77505767,0.0,0.0,1,1,1
ST003390,hsa00250,Alanine Aspartate Glutamate Metabolism,0.3,43,imputation,5,3,2,Alanine,Alanine,264366922.77505767,264366922.77505767,0.0,0.0,1,1,1
ST003390,hsa00250,Alanine Aspartate Glutamate Metabolism,0.3,44,imputation,5,3,2,Alanine,Alanine,264366922.77505767,264366922.77505767,0.0,0.0,1,1,1
ST003390,hsa00250,Alanine Aspartate Glutamate Metabolism,0.3,45,imputation,5,3,2,Asparagine,Asparagine,1719151.979946711,1719151.979946711,0.0,0.0,1,1,1
ST003390,hsa00250,Alanine Aspartate Glutamate Metabolism,0.3,46,imputation,5,3,2,Glutamine,Glutamine,292010308.5092049,292010308.5092049,0.0,0.0,1,1,1
ST003390,hsa00250,Alanine Aspartate Glutamate Metabolism,0.3,47,imputation,5,3,2,Alanine,Alanine,264366922.77505767,264366922.77505767,0.0,0.0,1,1,1
ST003390,hsa00250,Alanine Aspartate Glutamate Metabolism,0.3,48,imputation,5,3,2,Alanine,Alanine,264366922.77505767,264366922.77505767,0.0,0.0,1,1,1
ST003390,hsa00250,Alanine Aspartate Glutamate Metabolism,0.3,49,imputation,5,3,2,Alanine,Alanine,264366922.77505767,264366922.77505767,0.0,0.0,1,1,1
ST003390,hsa00250,Alanine Aspartate Glutamate Metabolism,0.3,50,imputation,5,3,2,Glutamine,Glutamine,292010308.5092049,292010308.5092049,0.0,0.0,1,1,1
ST003390,hsa00250,Alanine Aspartate Glutamate Metabolism,0.3,51,imputation,5,3,2,Glutamine,Glutamine,292010308.5092049,292010308.5092049,0.0,0.0,1,1,1
ST003390,hsa00250,Alanine Aspartate Glutamate Metabolism,0.3,52,imputation,5,3,2,Asparagine,Asparagine,1719151.979946711,1719151.979946711,0.0,0.0,1,1,1
ST003390,hsa00250,Alanine Aspartate Glutamate Metabolism,0.3,53,imputation,5,3,2,Asparagine,Asparagine,1719151.979946711,1719151.979946711,0.0,0.0,1,1,1
ST003390,hsa00250,Alanine Aspartate Glutamate Metabolism,0.3,54,imputation,5,3,2,Pyroglutamic acid,Pyroglutamic acid,1554346.382964848,1554346.382964848,0.0,0.0,1,1,1
ST003390,hsa00250,Alanine Aspartate Glutamate Metabolism,0.3,55,imputation,5,3,2,Glutamine,Glutamine,292010308.5092049,292010308.5092049,0.0,0.0,1,1,1
ST003390,hsa00250,Alanine Aspartate Glutamate Metabolism,0.3,56,imputation,5,3,2,Alanine,Alanine,264366922.77505767,264366922.77505767,0.0,0.0,1,1,1
ST003390,hsa00250,Alanine Aspartate Glutamate Metabolism,0.3,57,imputation,5,3,2,Glutamine,Glutamine,292010308.5092049,292010308.5092049,0.0,0.0,1,1,1
ST003390,hsa00250,Alanine Aspartate Glutamate Metabolism,0.3,58,imputation,5,3,2,Glutamine,Glutamine,292010308.5092049,292010308.5092049,0.0,0.0,1,1,1
ST003390,hsa00250,Alanine Aspartate Glutamate Metabolism,0.3,59,imputation,5,3,2,Asparagine,Asparagine,1719151.979946711,1719151.979946711,0.0,0.0,1,1,1
ST003390,hsa00250,Alanine Aspartate Glutamate Metabolism,0.3,60,imputation,5,3,2,Asparagine,Asparagine,1719151.979946711,1719151.979946711,0.0,0.0,1,1,1
ST003390,hsa00250,Alanine Aspartate Glutamate Metabolism,0.3,61,imputation,5,3,2,Glutamine,Glutamine,292010308.5092049,292010308.5092049,0.0,0.0,1,1,1
ST003390,hsa00250,Alanine Aspartate Glutamate Metabolism,0.3,62,imputation,5,3,2,Alanine,Alanine,264366922.77505767,264366922.77505767,0.0,0.0,1,1,1
ST003390,hsa00250,Alanine Aspartate Glutamate Metabolism,0.3,63,imputation,5,3,2,Pyroglutamic acid,Pyroglutamic acid,1554346.382964848,1554346.382964848,0.0,0.0,1,1,1
ST003390,hsa00250,Alanine Aspartate Glutamate Metabolism,0.3,64,imputation,5,3,2,Glutamine,Glutamine,292010308.5092049,292010308.5092049,0.0,0.0,1,1,1
ST003390,hsa00250,Alanine Aspartate Glutamate Metabolism,0.3,65,imputation,5,3,2,Glutamine,Glutamine,292010308.5092049,292010308.5092049,0.0,0.0,1,1,1
ST003390,hsa00250,Alanine Aspartate Glutamate Metabolism,0.3,66,imputation,5,3,2,Alanine,Alanine,264366922.77505767,264366922.77505767,0.0,0.0,1,1,1
ST003390,hsa00250,Alanine Aspartate Glutamate Metabolism,0.3,67,imputation,5,3,2,Asparagine,Asparagine,1719151.979946711,1719151.979946711,0.0,0.0,1,1,1
ST003390,hsa00250,Alanine Aspartate Glutamate Metabolism,0.3,68,imputation,5,3,2,Glutamine,Glutamine,292010308.5092049,292010308.5092049,0.0,0.0,1,1,1
ST003390,hsa00250,Alanine Aspartate Glutamate Metabolism,0.3,69,imputation,5,3,2,Asparagine,Asparagine,1719151.979946711,1719151.979946711,0.0,0.0,1,1,1
ST003390,hsa00250,Alanine Aspartate Glutamate Metabolism,0.3,70,imputation,5,3,2,Glutamine,Glutamine,292010308.5092049,292010308.5092049,0.0,0.0,1,1,1
ST003390,hsa00250,Alanine Aspartate Glutamate Metabolism,0.3,71,imputation,5,3,2,Alanine,Alanine,264366922.77505767,264366922.77505767,0.0,0.0,1,1,1
ST003390,hsa00250,Alanine Aspartate Glutamate Metabolism,0.3,72,imputation,5,3,2,Alanine,Alanine,264366922.77505767,264366922.77505767,0.0,0.0,1,1,1
ST003390,hsa00250,Alanine Aspartate Glutamate Metabolism,0.3,73,imputation,5,3,2,Asparagine,Asparagine,1719151.979946711,1719151.979946711,0.0,0.0,1,1,1
ST003390,hsa00250,Alanine Aspartate Glutamate Metabolism,0.3,74,imputation,5,3,2,Pyroglutamic acid,Pyroglutamic acid,1554346.382964848,1554346.382964848,0.0,0.0,1,1,1
ST003390,hsa00250,Alanine Aspartate Glutamate Metabolism,0.3,75,imputation,5,3,2,Asparagine,Asparagine,1719151.979946711,1719151.979946711,0.0,0.0,1,1,1
ST003390,hsa00250,Alanine Aspartate Glutamate Metabolism,0.3,76,imputation,5,3,2,Asparagine,Asparagine,1719151.979946711,1719151.979946711,0.0,0.0,1,1,1
ST003390,hsa00250,Alanine Aspartate Glutamate Metabolism,0.3,77,imputation,5,3,2,Asparagine,Asparagine,1719151.979946711,1719151.979946711,0.0,0.0,1,1,1
ST003390,hsa00250,Alanine Aspartate Glutamate Metabolism,0.3,78,imputation,5,3,2,Asparagine,Asparagine,1719151.979946711,1719151.979946711,0.0,0.0,1,1,1
ST003390,hsa00250,Alanine Aspartate Glutamate Metabolism,0.3,79,imputation,5,3,2,Alanine,Alanine,264366922.77505767,264366922.77505767,0.0,0.0,1,1,1
ST003390,hsa00250,Alanine Aspartate Glutamate Metabolism,0.3,80,imputation,5,3,2,Asparagine,Asparagine,1719151.979946711,1719151.979946711,0.0,0.0,1,1,1
ST003390,hsa00250,Alanine Aspartate Glutamate Metabolism,0.3,81,imputation,5,3,2,Alanine,Alanine,264366922.77505767,264366922.77505767,0.0,0.0,1,1,1
ST003390,hsa00250,Alanine Aspartate Glutamate Metabolism,0.3,82,imputation,5,3,2,Alanine,Alanine,264366922.77505767,264366922.77505767,0.0,0.0,1,1,1
ST003390,hsa00250,Alanine Aspartate Glutamate Metabolism,0.3,83,imputation,5,3,2,Asparagine,Asparagine,1719151.979946711,1719151.979946711,0.0,0.0,1,1,1
ST003390,hsa00250,Alanine Aspartate Glutamate Metabolism,0.3,84,imputation,5,3,2,Alanine,Alanine,264366922.77505767,264366922.77505767,0.0,0.0,1,1,1
ST003390,hsa00250,Alanine Aspartate Glutamate Metabolism,0.3,85,imputation,5,3,2,Alanine,Alanine,264366922.77505767,264366922.77505767,0.0,0.0,1,1,1
ST003390,hsa00250,Alanine Aspartate Glutamate Metabolism,0.3,86,imputation,5,3,2,Glutamine,Glutamine,292010308.5092049,292010308.5092049,0.0,0.0,1,1,1
ST003390,hsa00250,Alanine Aspartate Glutamate Metabolism,0.3,87,imputation,5,3,2,Pyroglutamic acid,Pyroglutamic acid,1554346.382964848,1554346.382964848,0.0,0.0,1,1,1
ST003390,hsa00250,Alanine Aspartate Glutamate Metabolism,0.3,88,imputation,5,3,2,Glutamine,Glutamine,292010308.5092049,292010308.5092049,0.0,0.0,1,1,1
ST003390,hsa00250,Alanine Aspartate Glutamate Metabolism,0.3,89,imputation,5,3,2,Pyroglutamic acid,Pyroglutamic acid,1554346.382964848,1554346.382964848,0.0,0.0,1,1,1
ST003390,hsa00250,Alanine Aspartate Glutamate Metabolism,0.3,90,imputation,5,3,2,Glutamine,Glutamine,292010308.5092049,292010308.5092049,0.0,0.0,1,1,1
ST003390,hsa00250,Alanine Aspartate Glutamate Metabolism,0.3,91,imputation,5,3,2,Glutamine,Glutamine,292010308.5092049,292010308.5092049,0.0,0.0,1,1,1
ST003390,hsa00250,Alanine Aspartate Glutamate Metabolism,0.3,92,imputation,5,3,2,Glutamine,Glutamine,292010308.5092049,292010308.5092049,0.0,0.0,1,1,1
ST003390,hsa00250,Alanine Aspartate Glutamate Metabolism,0.3,93,imputation,5,3,2,Pyroglutamic acid,Pyroglutamic acid,1554346.382964848,1554346.382964848,0.0,0.0,1,1,1
ST003390,hsa00250,Alanine Aspartate Glutamate Metabolism,0.3,94,imputation,5,3,2,Glutamine,Glutamine,292010308.5092049,292010308.5092049,0.0,0.0,1,1,1
ST003390,hsa00250,Alanine Aspartate Glutamate Metabolism,0.3,95,imputation,5,3,2,Alanine,Alanine,264366922.77505767,264366922.77505767,0.0,0.0,1,1,1
ST003390,hsa00250,Alanine Aspartate Glutamate Metabolism,0.3,96,imputation,5,3,2,Glutamine,Glutamine,292010308.5092049,292010308.5092049,0.0,0.0,1,1,1
ST003390,hsa00250,Alanine Aspartate Glutamate Metabolism,0.3,97,imputation,5,3,2,Alanine,Alanine,264366922.77505767,264366922.77505767,0.0,0.0,1,1,1
ST003390,hsa00250,Alanine Aspartate Glutamate Metabolism,0.3,98,imputation,5,3,2,Alanine,Alanine,264366922.77505767,264366922.77505767,0.0,0.0,1,1,1
ST003390,hsa00250,Alanine Aspartate Glutamate Metabolism,0.3,99,imputation,5,3,2,Alanine,Alanine,264366922.77505767,264366922.77505767,0.0,0.0,1,1,1
ST003390,hsa00250,Alanine Aspartate Glutamate Metabolism,0.3,100,imputation,5,3,2,Glutamine,Glutamine,292010308.5092049,292010308.5092049,0.0,0.0,1,1,1
ST003390,hsa00250,Alanine Aspartate Glutamate Metabolism,0.4,1,imputation,5,3,2,Alanine,Alanine,264366922.77505767,264366922.77505767,0.0,0.0,1,1,1
ST003390,hsa00250,Alanine Aspartate Glutamate Metabolism,0.4,2,imputation,5,3,2,Glutamine,Glutamine,292010308.5092049,292010308.5092049,0.0,0.0,1,1,1
ST003390,hsa00250,Alanine Aspartate Glutamate Metabolism,0.4,3,imputation,5,3,2,Glutamine,Glutamine,292010308.5092049,292010308.5092049,0.0,0.0,1,1,1
ST003390,hsa00250,Alanine Aspartate Glutamate Metabolism,0.4,4,imputation,5,3,2,Glutamine,Glutamine,292010308.5092049,292010308.5092049,0.0,0.0,1,1,1
ST003390,hsa00250,Alanine Aspartate Glutamate Metabolism,0.4,5,imputation,5,3,2,Alanine,Alanine,264366922.77505767,264366922.77505767,0.0,0.0,1,1,1
ST003390,hsa00250,Alanine Aspartate Glutamate Metabolism,0.4,6,imputation,5,3,2,Pyroglutamic acid,Pyroglutamic acid,1554346.382964848,1554346.382964848,0.0,0.0,1,1,1
ST003390,hsa00250,Alanine Aspartate Glutamate Metabolism,0.4,7,imputation,5,3,2,Alanine,Alanine,264366922.77505767,264366922.77505767,0.0,0.0,1,1,1
ST003390,hsa00250,Alanine Aspartate Glutamate Metabolism,0.4,8,imputation,5,3,2,Glutamine,Glutamine,292010308.5092049,292010308.5092049,0.0,0.0,1,1,1
ST003390,hsa00250,Alanine Aspartate Glutamate Metabolism,0.4,9,imputation,5,3,2,Asparagine,Asparagine,1719151.979946711,1719151.979946711,0.0,0.0,1,1,1
ST003390,hsa00250,Alanine Aspartate Glutamate Metabolism,0.4,10,imputation,5,3,2,Alanine,Alanine,264366922.77505767,264366922.77505767,0.0,0.0,1,1,1
ST003390,hsa00250,Alanine Aspartate Glutamate Metabolism,0.4,11,imputation,5,3,2,Asparagine,Asparagine,1719151.979946711,1719151.979946711,0.0,0.0,1,1,1
ST003390,hsa00250,Alanine Aspartate Glutamate Metabolism,0.4,12,imputation,5,3,2,Glutamine,Glutamine,292010308.5092049,292010308.5092049,0.0,0.0,1,1,1
ST003390,hsa00250,Alanine Aspartate Glutamate Metabolism,0.4,13,imputation,5,3,2,Alanine,Alanine,264366922.77505767,264366922.77505767,0.0,0.0,1,1,1
ST003390,hsa00250,Alanine Aspartate Glutamate Metabolism,0.4,14,imputation,5,3,2,Alanine,Alanine,264366922.77505767,264366922.77505767,0.0,0.0,1,1,1
ST003390,hsa00250,Alanine Aspartate Glutamate Metabolism,0.4,15,imputation,5,3,2,Alanine,Alanine,264366922.77505767,264366922.77505767,0.0,0.0,1,1,1
ST003390,hsa00250,Alanine Aspartate Glutamate Metabolism,0.4,16,imputation,5,3,2,Asparagine,Asparagine,1719151.979946711,1719151.979946711,0.0,0.0,1,1,1
ST003390,hsa00250,Alanine Aspartate Glutamate Metabolism,0.4,17,imputation,5,3,2,Alanine,Alanine,264366922.77505767,264366922.77505767,0.0,0.0,1,1,1
ST003390,hsa00250,Alanine Aspartate Glutamate Metabolism,0.4,18,imputation,5,3,2,Pyroglutamic acid,Pyroglutamic acid,1554346.382964848,1554346.382964848,0.0,0.0,1,1,1
ST003390,hsa00250,Alanine Aspartate Glutamate Metabolism,0.4,19,imputation,5,3,2,Glutamine,Glutamine,292010308.5092049,292010308.5092049,0.0,0.0,1,1,1
ST003390,hsa00250,Alanine Aspartate Glutamate Metabolism,0.4,20,imputation,5,3,2,Asparagine,Asparagine,1719151.979946711,1719151.979946711,0.0,0.0,1,1,1
ST003390,hsa00250,Alanine Aspartate Glutamate Metabolism,0.4,21,imputation,5,3,2,Glutamine,Glutamine,292010308.5092049,292010308.5092049,0.0,0.0,1,1,1
ST003390,hsa00250,Alanine Aspartate Glutamate Metabolism,0.4,22,imputation,5,3,2,Glutamine,Glutamine,292010308.5092049,292010308.5092049,0.0,0.0,1,1,1
ST003390,hsa00250,Alanine Aspartate Glutamate Metabolism,0.4,23,imputation,5,3,2,Glutamine,Glutamine,292010308.5092049,292010308.5092049,0.0,0.0,1,1,1
ST003390,hsa00250,Alanine Aspartate Glutamate Metabolism,0.4,24,imputation,5,3,2,Alanine,Alanine,264366922.77505767,264366922.77505767,0.0,0.0,1,1,1
ST003390,hsa00250,Alanine Aspartate Glutamate Metabolism,0.4,25,imputation,5,3,2,Alanine,Alanine,264366922.77505767,264366922.77505767,0.0,0.0,1,1,1
ST003390,hsa00250,Alanine Aspartate Glutamate Metabolism,0.4,26,imputation,5,3,2,Glutamine,Glutamine,292010308.5092049,292010308.5092049,0.0,0.0,1,1,1
ST003390,hsa00250,Alanine Aspartate Glutamate Metabolism,0.4,27,imputation,5,3,2,Alanine,Alanine,264366922.77505767,264366922.77505767,0.0,0.0,1,1,1
ST003390,hsa00250,Alanine Aspartate Glutamate Metabolism,0.4,28,imputation,5,3,2,Alanine,Alanine,264366922.77505767,264366922.77505767,0.0,0.0,1,1,1
ST003390,hsa00250,Alanine Aspartate Glutamate Metabolism,0.4,29,imputation,5,3,2,Alanine,Alanine,264366922.77505767,264366922.77505767,0.0,0.0,1,1,1
ST003390,hsa00250,Alanine Aspartate Glutamate Metabolism,0.4,30,imputation,5,3,2,Alanine,Alanine,264366922.77505767,264366922.77505767,0.0,0.0,1,1,1
ST003390,hsa00250,Alanine Aspartate Glutamate Metabolism,0.4,31,imputation,5,3,2,Alanine,Alanine,264366922.77505767,264366922.77505767,0.0,0.0,1,1,1
ST003390,hsa00250,Alanine Aspartate Glutamate Metabolism,0.4,32,imputation,5,3,2,Alanine,Alanine,264366922.77505767,264366922.77505767,0.0,0.0,1,1,1
ST003390,hsa00250,Alanine Aspartate Glutamate Metabolism,0.4,33,imputation,5,3,2,Glutamine,Glutamine,292010308.5092049,292010308.5092049,0.0,0.0,1,1,1
ST003390,hsa00250,Alanine Aspartate Glutamate Metabolism,0.4,34,imputation,5,3,2,Glutamine,Glutamine,292010308.5092049,292010308.5092049,0.0,0.0,1,1,1
ST003390,hsa00250,Alanine Aspartate Glutamate Metabolism,0.4,35,imputation,5,3,2,Pyroglutamic acid,Pyroglutamic acid,1554346.382964848,1554346.382964848,0.0,0.0,1,1,1
ST003390,hsa00250,Alanine Aspartate Glutamate Metabolism,0.4,36,imputation,5,3,2,Alanine,Alanine,264366922.77505767,264366922.77505767,0.0,0.0,1,1,1
ST003390,hsa00250,Alanine Aspartate Glutamate Metabolism,0.4,37,imputation,5,3,2,Glutamine,Glutamine,292010308.5092049,292010308.5092049,0.0,0.0,1,1,1
ST003390,hsa00250,Alanine Aspartate Glutamate Metabolism,0.4,38,imputation,5,3,2,Glutamine,Glutamine,292010308.5092049,292010308.5092049,0.0,0.0,1,1,1
ST003390,hsa00250,Alanine Aspartate Glutamate Metabolism,0.4,39,imputation,5,3,2,Glutamine,Glutamine,292010308.5092049,292010308.5092049,0.0,0.0,1,1,1
ST003390,hsa00250,Alanine Aspartate Glutamate Metabolism,0.4,40,imputation,5,3,2,Glutamine,Glutamine,292010308.5092049,292010308.5092049,0.0,0.0,1,1,1
ST003390,hsa00250,Alanine Aspartate Glutamate Metabolism,0.4,41,imputation,5,3,2,Glutamine,Glutamine,292010308.5092049,292010308.5092049,0.0,0.0,1,1,1
ST003390,hsa00250,Alanine Aspartate Glutamate Metabolism,0.4,42,imputation,5,3,2,Alanine,Alanine,264366922.77505767,264366922.77505767,0.0,0.0,1,1,1
ST003390,hsa00250,Alanine Aspartate Glutamate Metabolism,0.4,43,imputation,5,3,2,Alanine,Alanine,264366922.77505767,264366922.77505767,0.0,0.0,1,1,1
ST003390,hsa00250,Alanine Aspartate Glutamate Metabolism,0.4,44,imputation,5,3,2,Alanine,Alanine,264366922.77505767,264366922.77505767,0.0,0.0,1,1,1
ST003390,hsa00250,Alanine Aspartate Glutamate Metabolism,0.4,45,imputation,5,3,2,Asparagine,Asparagine,1719151.979946711,1719151.979946711,0.0,0.0,1,1,1
ST003390,hsa00250,Alanine Aspartate Glutamate Metabolism,0.4,46,imputation,5,3,2,Glutamine,Glutamine,292010308.5092049,292010308.5092049,0.0,0.0,1,1,1
ST003390,hsa00250,Alanine Aspartate Glutamate Metabolism,0.4,47,imputation,5,3,2,Alanine,Alanine,264366922.77505767,264366922.77505767,0.0,0.0,1,1,1
ST003390,hsa00250,Alanine Aspartate Glutamate Metabolism,0.4,48,imputation,5,3,2,Alanine,Alanine,264366922.77505767,264366922.77505767,0.0,0.0,1,1,1
ST003390,hsa00250,Alanine Aspartate Glutamate Metabolism,0.4,49,imputation,5,3,2,Alanine,Alanine,264366922.77505767,264366922.77505767,0.0,0.0,1,1,1
ST003390,hsa00250,Alanine Aspartate Glutamate Metabolism,0.4,50,imputation,5,3,2,Glutamine,Glutamine,292010308.5092049,292010308.5092049,0.0,0.0,1,1,1
ST003390,hsa00250,Alanine Aspartate Glutamate Metabolism,0.4,51,imputation,5,3,2,Glutamine,Glutamine,292010308.5092049,292010308.5092049,0.0,0.0,1,1,1
ST003390,hsa00250,Alanine Aspartate Glutamate Metabolism,0.4,52,imputation,5,3,2,Asparagine,Asparagine,1719151.979946711,1719151.979946711,0.0,0.0,1,1,1
ST003390,hsa00250,Alanine Aspartate Glutamate Metabolism,0.4,53,imputation,5,3,2,Asparagine,Asparagine,1719151.979946711,1719151.979946711,0.0,0.0,1,1,1
ST003390,hsa00250,Alanine Aspartate Glutamate Metabolism,0.4,54,imputation,5,3,2,Pyroglutamic acid,Pyroglutamic acid,1554346.382964848,1554346.382964848,0.0,0.0,1,1,1
ST003390,hsa00250,Alanine Aspartate Glutamate Metabolism,0.4,55,imputation,5,3,2,Glutamine,Glutamine,292010308.5092049,292010308.5092049,0.0,0.0,1,1,1
ST003390,hsa00250,Alanine Aspartate Glutamate Metabolism,0.4,56,imputation,5,3,2,Alanine,Alanine,264366922.77505767,264366922.77505767,0.0,0.0,1,1,1
ST003390,hsa00250,Alanine Aspartate Glutamate Metabolism,0.4,57,imputation,5,3,2,Glutamine,Glutamine,292010308.5092049,292010308.5092049,0.0,0.0,1,1,1
ST003390,hsa00250,Alanine Aspartate Glutamate Metabolism,0.4,58,imputation,5,3,2,Glutamine,Glutamine,292010308.5092049,292010308.5092049,0.0,0.0,1,1,1
ST003390,hsa00250,Alanine Aspartate Glutamate Metabolism,0.4,59,imputation,5,3,2,Asparagine,Asparagine,1719151.979946711,1719151.979946711,0.0,0.0,1,1,1
ST003390,hsa00250,Alanine Aspartate Glutamate Metabolism,0.4,60,imputation,5,3,2,Asparagine,Asparagine,1719151.979946711,1719151.979946711,0.0,0.0,1,1,1
ST003390,hsa00250,Alanine Aspartate Glutamate Metabolism,0.4,61,imputation,5,3,2,Glutamine,Glutamine,292010308.5092049,292010308.5092049,0.0,0.0,1,1,1
ST003390,hsa00250,Alanine Aspartate Glutamate Metabolism,0.4,62,imputation,5,3,2,Alanine,Alanine,264366922.77505767,264366922.77505767,0.0,0.0,1,1,1
ST003390,hsa00250,Alanine Aspartate Glutamate Metabolism,0.4,63,imputation,5,3,2,Pyroglutamic acid,Pyroglutamic acid,1554346.382964848,1554346.382964848,0.0,0.0,1,1,1
ST003390,hsa00250,Alanine Aspartate Glutamate Metabolism,0.4,64,imputation,5,3,2,Glutamine,Glutamine,292010308.5092049,292010308.5092049,0.0,0.0,1,1,1
ST003390,hsa00250,Alanine Aspartate Glutamate Metabolism,0.4,65,imputation,5,3,2,Glutamine,Glutamine,292010308.5092049,292010308.5092049,0.0,0.0,1,1,1
ST003390,hsa00250,Alanine Aspartate Glutamate Metabolism,0.4,66,imputation,5,3,2,Alanine,Alanine,264366922.77505767,264366922.77505767,0.0,0.0,1,1,1
ST003390,hsa00250,Alanine Aspartate Glutamate Metabolism,0.4,67,imputation,5,3,2,Asparagine,Asparagine,1719151.979946711,1719151.979946711,0.0,0.0,1,1,1
ST003390,hsa00250,Alanine Aspartate Glutamate Metabolism,0.4,68,imputation,5,3,2,Glutamine,Glutamine,292010308.5092049,292010308.5092049,0.0,0.0,1,1,1
ST003390,hsa00250,Alanine Aspartate Glutamate Metabolism,0.4,69,imputation,5,3,2,Asparagine,Asparagine,1719151.979946711,1719151.979946711,0.0,0.0,1,1,1
ST003390,hsa00250,Alanine Aspartate Glutamate Metabolism,0.4,70,imputation,5,3,2,Glutamine,Glutamine,292010308.5092049,292010308.5092049,0.0,0.0,1,1,1
ST003390,hsa00250,Alanine Aspartate Glutamate Metabolism,0.4,71,imputation,5,3,2,Alanine,Alanine,264366922.77505767,264366922.77505767,0.0,0.0,1,1,1
ST003390,hsa00250,Alanine Aspartate Glutamate Metabolism,0.4,72,imputation,5,3,2,Alanine,Alanine,264366922.77505767,264366922.77505767,0.0,0.0,1,1,1
ST003390,hsa00250,Alanine Aspartate Glutamate Metabolism,0.4,73,imputation,5,3,2,Asparagine,Asparagine,1719151.979946711,1719151.979946711,0.0,0.0,1,1,1
ST003390,hsa00250,Alanine Aspartate Glutamate Metabolism,0.4,74,imputation,5,3,2,Pyroglutamic acid,Pyroglutamic acid,1554346.382964848,1554346.382964848,0.0,0.0,1,1,1
ST003390,hsa00250,Alanine Aspartate Glutamate Metabolism,0.4,75,imputation,5,3,2,Asparagine,Asparagine,1719151.979946711,1719151.979946711,0.0,0.0,1,1,1
ST003390,hsa00250,Alanine Aspartate Glutamate Metabolism,0.4,76,imputation,5,3,2,Asparagine,Asparagine,1719151.979946711,1719151.979946711,0.0,0.0,1,1,1
ST003390,hsa00250,Alanine Aspartate Glutamate Metabolism,0.4,77,imputation,5,3,2,Asparagine,Asparagine,1719151.979946711,1719151.979946711,0.0,0.0,1,1,1
ST003390,hsa00250,Alanine Aspartate Glutamate Metabolism,0.4,78,imputation,5,3,2,Asparagine,Asparagine,1719151.979946711,1719151.979946711,0.0,0.0,1,1,1
ST003390,hsa00250,Alanine Aspartate Glutamate Metabolism,0.4,79,imputation,5,3,2,Alanine,Alanine,264366922.77505767,264366922.77505767,0.0,0.0,1,1,1
ST003390,hsa00250,Alanine Aspartate Glutamate Metabolism,0.4,80,imputation,5,3,2,Asparagine,Asparagine,1719151.979946711,1719151.979946711,0.0,0.0,1,1,1
ST003390,hsa00250,Alanine Aspartate Glutamate Metabolism,0.4,81,imputation,5,3,2,Alanine,Alanine,264366922.77505767,264366922.77505767,0.0,0.0,1,1,1
ST003390,hsa00250,Alanine Aspartate Glutamate Metabolism,0.4,82,imputation,5,3,2,Alanine,Alanine,264366922.77505767,264366922.77505767,0.0,0.0,1,1,1
ST003390,hsa00250,Alanine Aspartate Glutamate Metabolism,0.4,83,imputation,5,3,2,Asparagine,Asparagine,1719151.979946711,1719151.979946711,0.0,0.0,1,1,1
ST003390,hsa00250,Alanine Aspartate Glutamate Metabolism,0.4,84,imputation,5,3,2,Alanine,Alanine,264366922.77505767,264366922.77505767,0.0,0.0,1,1,1
ST003390,hsa00250,Alanine Aspartate Glutamate Metabolism,0.4,85,imputation,5,3,2,Alanine,Alanine,264366922.77505767,264366922.77505767,0.0,0.0,1,1,1
ST003390,hsa00250,Alanine Aspartate Glutamate Metabolism,0.4,86,imputation,5,3,2,Glutamine,Glutamine,292010308.5092049,292010308.5092049,0.0,0.0,1,1,1
ST003390,hsa00250,Alanine Aspartate Glutamate Metabolism,0.4,87,imputation,5,3,2,Pyroglutamic acid,Pyroglutamic acid,1554346.382964848,1554346.382964848,0.0,0.0,1,1,1
ST003390,hsa00250,Alanine Aspartate Glutamate Metabolism,0.4,88,imputation,5,3,2,Glutamine,Glutamine,292010308.5092049,292010308.5092049,0.0,0.0,1,1,1
ST003390,hsa00250,Alanine Aspartate Glutamate Metabolism,0.4,89,imputation,5,3,2,Pyroglutamic acid,Pyroglutamic acid,1554346.382964848,1554346.382964848,0.0,0.0,1,1,1
ST003390,hsa00250,Alanine Aspartate Glutamate Metabolism,0.4,90,imputation,5,3,2,Glutamine,Glutamine,292010308.5092049,292010308.5092049,0.0,0.0,1,1,1
ST003390,hsa00250,Alanine Aspartate Glutamate Metabolism,0.4,91,imputation,5,3,2,Glutamine,Glutamine,292010308.5092049,292010308.5092049,0.0,0.0,1,1,1
ST003390,hsa00250,Alanine Aspartate Glutamate Metabolism,0.4,92,imputation,5,3,2,Glutamine,Glutamine,292010308.5092049,292010308.5092049,0.0,0.0,1,1,1
ST003390,hsa00250,Alanine Aspartate Glutamate Metabolism,0.4,93,imputation,5,3,2,Pyroglutamic acid,Pyroglutamic acid,1554346.382964848,1554346.382964848,0.0,0.0,1,1,1
ST003390,hsa00250,Alanine Aspartate Glutamate Metabolism,0.4,94,imputation,5,3,2,Glutamine,Glutamine,292010308.5092049,292010308.5092049,0.0,0.0,1,1,1
ST003390,hsa00250,Alanine Aspartate Glutamate Metabolism,0.4,95,imputation,5,3,2,Alanine,Alanine,264366922.77505767,264366922.77505767,0.0,0.0,1,1,1
ST003390,hsa00250,Alanine Aspartate Glutamate Metabolism,0.4,96,imputation,5,3,2,Glutamine,Glutamine,292010308.5092049,292010308.5092049,0.0,0.0,1,1,1
ST003390,hsa00250,Alanine Aspartate Glutamate Metabolism,0.4,97,imputation,5,3,2,Alanine,Alanine,264366922.77505767,264366922.77505767,0.0,0.0,1,1,1
ST003390,hsa00250,Alanine Aspartate Glutamate Metabolism,0.4,98,imputation,5,3,2,Alanine,Alanine,264366922.77505767,264366922.77505767,0.0,0.0,1,1,1
ST003390,hsa00250,Alanine Aspartate Glutamate Metabolism,0.4,99,imputation,5,3,2,Alanine,Alanine,264366922.77505767,264366922.77505767,0.0,0.0,1,1,1
ST003390,hsa00250,Alanine Aspartate Glutamate Metabolism,0.4,100,imputation,5,3,2,Glutamine,Glutamine,292010308.5092049,292010308.5092049,0.0,0.0,1,1,1
ST003390,hsa00260,Glycine Serine Threonine Metabolism,0.2,1,imputation,5,4,1,Betaine,Betaine,7180127.647575614,7180127.647575614,0.0,0.0,1,1,1
ST003390,hsa00260,Glycine Serine Threonine Metabolism,0.2,2,imputation,5,4,1,Threonine,Threonine,14326589.38946057,14326589.38946057,0.0,0.0,1,1,1
ST003390,hsa00260,Glycine Serine Threonine Metabolism,0.2,3,imputation,5,4,1,Serine,Serine,6491257.145616871,6491257.145616871,0.0,0.0,1,1,1
ST003390,hsa00260,Glycine Serine Threonine Metabolism,0.2,4,imputation,5,4,1,Betaine,Betaine,7180127.647575614,7180127.647575614,0.0,0.0,1,1,1
ST003390,hsa00260,Glycine Serine Threonine Metabolism,0.2,5,imputation,5,4,1,Serine,Serine,6491257.145616871,6491257.145616871,0.0,0.0,1,1,1
ST003390,hsa00260,Glycine Serine Threonine Metabolism,0.2,6,imputation,5,4,1,alpha-Aminobutyric acid,alpha-Aminobutyric acid,1045502.1724928836,1045502.1724928836,0.0,0.0,1,1,1
ST003390,hsa00260,Glycine Serine Threonine Metabolism,0.2,7,imputation,5,4,1,Betaine,Betaine,7180127.647575614,7180127.647575614,0.0,0.0,1,1,1
ST003390,hsa00260,Glycine Serine Threonine Metabolism,0.2,8,imputation,5,4,1,Threonine,Threonine,14326589.38946057,14326589.38946057,0.0,0.0,1,1,1
ST003390,hsa00260,Glycine Serine Threonine Metabolism,0.2,9,imputation,5,4,1,N_N-Dimethylglycine,N_N-Dimethylglycine,571.8819780995651,571.8819780995651,0.0,0.0,1,1,1
ST003390,hsa00260,Glycine Serine Threonine Metabolism,0.2,10,imputation,5,4,1,Serine,Serine,6491257.145616871,6491257.145616871,0.0,0.0,1,1,1
ST003390,hsa00260,Glycine Serine Threonine Metabolism,0.2,11,imputation,5,4,1,alpha-Aminobutyric acid,alpha-Aminobutyric acid,1045502.1724928836,1045502.1724928836,0.0,0.0,1,1,1
ST003390,hsa00260,Glycine Serine Threonine Metabolism,0.2,12,imputation,5,4,1,N_N-Dimethylglycine,N_N-Dimethylglycine,571.8819780995651,571.8819780995651,0.0,0.0,1,1,1
ST003390,hsa00260,Glycine Serine Threonine Metabolism,0.2,13,imputation,5,4,1,Betaine,Betaine,7180127.647575614,7180127.647575614,0.0,0.0,1,1,1
ST003390,hsa00260,Glycine Serine Threonine Metabolism,0.2,14,imputation,5,4,1,alpha-Aminobutyric acid,alpha-Aminobutyric acid,1045502.1724928836,1045502.1724928836,0.0,0.0,1,1,1
ST003390,hsa00260,Glycine Serine Threonine Metabolism,0.2,15,imputation,5,4,1,Betaine,Betaine,7180127.647575614,7180127.647575614,0.0,0.0,1,1,1
ST003390,hsa00260,Glycine Serine Threonine Metabolism,0.2,16,imputation,5,4,1,alpha-Aminobutyric acid,alpha-Aminobutyric acid,1045502.1724928836,1045502.1724928836,0.0,0.0,1,1,1
ST003390,hsa00260,Glycine Serine Threonine Metabolism,0.2,17,imputation,5,4,1,N_N-Dimethylglycine,N_N-Dimethylglycine,571.8819780995651,571.8819780995651,0.0,0.0,1,1,1
ST003390,hsa00260,Glycine Serine Threonine Metabolism,0.2,18,imputation,5,4,1,Serine,Serine,6491257.145616871,6491257.145616871,0.0,0.0,1,1,1
ST003390,hsa00260,Glycine Serine Threonine Metabolism,0.2,19,imputation,5,4,1,Threonine,Threonine,14326589.38946057,14326589.38946057,0.0,0.0,1,1,1
ST003390,hsa00260,Glycine Serine Threonine Metabolism,0.2,20,imputation,5,4,1,alpha-Aminobutyric acid,alpha-Aminobutyric acid,1045502.1724928836,1045502.1724928836,0.0,0.0,1,1,1
ST003390,hsa00260,Glycine Serine Threonine Metabolism,0.2,21,imputation,5,4,1,Threonine,Threonine,14326589.38946057,14326589.38946057,0.0,0.0,1,1,1
ST003390,hsa00260,Glycine Serine Threonine Metabolism,0.2,22,imputation,5,4,1,Threonine,Threonine,14326589.38946057,14326589.38946057,0.0,0.0,1,1,1
ST003390,hsa00260,Glycine Serine Threonine Metabolism,0.2,23,imputation,5,4,1,Threonine,Threonine,14326589.38946057,14326589.38946057,0.0,0.0,1,1,1
ST003390,hsa00260,Glycine Serine Threonine Metabolism,0.2,24,imputation,5,4,1,Betaine,Betaine,7180127.647575614,7180127.647575614,0.0,0.0,1,1,1
ST003390,hsa00260,Glycine Serine Threonine Metabolism,0.2,25,imputation,5,4,1,Betaine,Betaine,7180127.647575614,7180127.647575614,0.0,0.0,1,1,1
ST003390,hsa00260,Glycine Serine Threonine Metabolism,0.2,26,imputation,5,4,1,Threonine,Threonine,14326589.38946057,14326589.38946057,0.0,0.0,1,1,1
ST003390,hsa00260,Glycine Serine Threonine Metabolism,0.2,27,imputation,5,4,1,Betaine,Betaine,7180127.647575614,7180127.647575614,0.0,0.0,1,1,1
ST003390,hsa00260,Glycine Serine Threonine Metabolism,0.2,28,imputation,5,4,1,Betaine,Betaine,7180127.647575614,7180127.647575614,0.0,0.0,1,1,1
ST003390,hsa00260,Glycine Serine Threonine Metabolism,0.2,29,imputation,5,4,1,Serine,Serine,6491257.145616871,6491257.145616871,0.0,0.0,1,1,1
ST003390,hsa00260,Glycine Serine Threonine Metabolism,0.2,30,imputation,5,4,1,Betaine,Betaine,7180127.647575614,7180127.647575614,0.0,0.0,1,1,1
ST003390,hsa00260,Glycine Serine Threonine Metabolism,0.2,31,imputation,5,4,1,Serine,Serine,6491257.145616871,6491257.145616871,0.0,0.0,1,1,1
ST003390,hsa00260,Glycine Serine Threonine Metabolism,0.2,32,imputation,5,4,1,alpha-Aminobutyric acid,alpha-Aminobutyric acid,1045502.1724928836,1045502.1724928836,0.0,0.0,1,1,1
ST003390,hsa00260,Glycine Serine Threonine Metabolism,0.2,33,imputation,5,4,1,Threonine,Threonine,14326589.38946057,14326589.38946057,0.0,0.0,1,1,1
ST003390,hsa00260,Glycine Serine Threonine Metabolism,0.2,34,imputation,5,4,1,Serine,Serine,6491257.145616871,6491257.145616871,0.0,0.0,1,1,1
ST003390,hsa00260,Glycine Serine Threonine Metabolism,0.2,35,imputation,5,4,1,Serine,Serine,6491257.145616871,6491257.145616871,0.0,0.0,1,1,1
ST003390,hsa00260,Glycine Serine Threonine Metabolism,0.2,36,imputation,5,4,1,N_N-Dimethylglycine,N_N-Dimethylglycine,571.8819780995651,571.8819780995651,0.0,0.0,1,1,1
ST003390,hsa00260,Glycine Serine Threonine Metabolism,0.2,37,imputation,5,4,1,N_N-Dimethylglycine,N_N-Dimethylglycine,571.8819780995651,571.8819780995651,0.0,0.0,1,1,1
ST003390,hsa00260,Glycine Serine Threonine Metabolism,0.2,38,imputation,5,4,1,Serine,Serine,6491257.145616871,6491257.145616871,0.0,0.0,1,1,1
ST003390,hsa00260,Glycine Serine Threonine Metabolism,0.2,39,imputation,5,4,1,alpha-Aminobutyric acid,alpha-Aminobutyric acid,1045502.1724928836,1045502.1724928836,0.0,0.0,1,1,1
ST003390,hsa00260,Glycine Serine Threonine Metabolism,0.2,40,imputation,5,4,1,N_N-Dimethylglycine,N_N-Dimethylglycine,571.8819780995651,571.8819780995651,0.0,0.0,1,1,1
ST003390,hsa00260,Glycine Serine Threonine Metabolism,0.2,41,imputation,5,4,1,Threonine,Threonine,14326589.38946057,14326589.38946057,0.0,0.0,1,1,1
ST003390,hsa00260,Glycine Serine Threonine Metabolism,0.2,42,imputation,5,4,1,Serine,Serine,6491257.145616871,6491257.145616871,0.0,0.0,1,1,1
ST003390,hsa00260,Glycine Serine Threonine Metabolism,0.2,43,imputation,5,4,1,N_N-Dimethylglycine,N_N-Dimethylglycine,571.8819780995651,571.8819780995651,0.0,0.0,1,1,1
ST003390,hsa00260,Glycine Serine Threonine Metabolism,0.2,44,imputation,5,4,1,Betaine,Betaine,7180127.647575614,7180127.647575614,0.0,0.0,1,1,1
ST003390,hsa00260,Glycine Serine Threonine Metabolism,0.2,45,imputation,5,4,1,N_N-Dimethylglycine,N_N-Dimethylglycine,571.8819780995651,571.8819780995651,0.0,0.0,1,1,1
ST003390,hsa00260,Glycine Serine Threonine Metabolism,0.2,46,imputation,5,4,1,Threonine,Threonine,14326589.38946057,14326589.38946057,0.0,0.0,1,1,1
ST003390,hsa00260,Glycine Serine Threonine Metabolism,0.2,47,imputation,5,4,1,Betaine,Betaine,7180127.647575614,7180127.647575614,0.0,0.0,1,1,1
ST003390,hsa00260,Glycine Serine Threonine Metabolism,0.2,48,imputation,5,4,1,N_N-Dimethylglycine,N_N-Dimethylglycine,571.8819780995651,571.8819780995651,0.0,0.0,1,1,1
ST003390,hsa00260,Glycine Serine Threonine Metabolism,0.2,49,imputation,5,4,1,Betaine,Betaine,7180127.647575614,7180127.647575614,0.0,0.0,1,1,1
ST003390,hsa00260,Glycine Serine Threonine Metabolism,0.2,50,imputation,5,4,1,Threonine,Threonine,14326589.38946057,14326589.38946057,0.0,0.0,1,1,1
ST003390,hsa00260,Glycine Serine Threonine Metabolism,0.2,51,imputation,5,4,1,Threonine,Threonine,14326589.38946057,14326589.38946057,0.0,0.0,1,1,1
ST003390,hsa00260,Glycine Serine Threonine Metabolism,0.2,52,imputation,5,4,1,alpha-Aminobutyric acid,alpha-Aminobutyric acid,1045502.1724928836,1045502.1724928836,0.0,0.0,1,1,1
ST003390,hsa00260,Glycine Serine Threonine Metabolism,0.2,53,imputation,5,4,1,alpha-Aminobutyric acid,alpha-Aminobutyric acid,1045502.1724928836,1045502.1724928836,0.0,0.0,1,1,1
ST003390,hsa00260,Glycine Serine Threonine Metabolism,0.2,54,imputation,5,4,1,Serine,Serine,6491257.145616871,6491257.145616871,0.0,0.0,1,1,1
ST003390,hsa00260,Glycine Serine Threonine Metabolism,0.2,55,imputation,5,4,1,N_N-Dimethylglycine,N_N-Dimethylglycine,571.8819780995651,571.8819780995651,0.0,0.0,1,1,1
ST003390,hsa00260,Glycine Serine Threonine Metabolism,0.2,56,imputation,5,4,1,Serine,Serine,6491257.145616871,6491257.145616871,0.0,0.0,1,1,1
ST003390,hsa00260,Glycine Serine Threonine Metabolism,0.2,57,imputation,5,4,1,Threonine,Threonine,14326589.38946057,14326589.38946057,0.0,0.0,1,1,1
ST003390,hsa00260,Glycine Serine Threonine Metabolism,0.2,58,imputation,5,4,1,N_N-Dimethylglycine,N_N-Dimethylglycine,571.8819780995651,571.8819780995651,0.0,0.0,1,1,1
ST003390,hsa00260,Glycine Serine Threonine Metabolism,0.2,59,imputation,5,4,1,alpha-Aminobutyric acid,alpha-Aminobutyric acid,1045502.1724928836,1045502.1724928836,0.0,0.0,1,1,1
ST003390,hsa00260,Glycine Serine Threonine Metabolism,0.2,60,imputation,5,4,1,N_N-Dimethylglycine,N_N-Dimethylglycine,571.8819780995651,571.8819780995651,0.0,0.0,1,1,1
ST003390,hsa00260,Glycine Serine Threonine Metabolism,0.2,61,imputation,5,4,1,Threonine,Threonine,14326589.38946057,14326589.38946057,0.0,0.0,1,1,1
ST003390,hsa00260,Glycine Serine Threonine Metabolism,0.2,62,imputation,5,4,1,Betaine,Betaine,7180127.647575614,7180127.647575614,0.0,0.0,1,1,1
ST003390,hsa00260,Glycine Serine Threonine Metabolism,0.2,63,imputation,5,4,1,alpha-Aminobutyric acid,alpha-Aminobutyric acid,1045502.1724928836,1045502.1724928836,0.0,0.0,1,1,1
ST003390,hsa00260,Glycine Serine Threonine Metabolism,0.2,64,imputation,5,4,1,Threonine,Threonine,14326589.38946057,14326589.38946057,0.0,0.0,1,1,1
ST003390,hsa00260,Glycine Serine Threonine Metabolism,0.2,65,imputation,5,4,1,N_N-Dimethylglycine,N_N-Dimethylglycine,571.8819780995651,571.8819780995651,0.0,0.0,1,1,1
ST003390,hsa00260,Glycine Serine Threonine Metabolism,0.2,66,imputation,5,4,1,N_N-Dimethylglycine,N_N-Dimethylglycine,571.8819780995651,571.8819780995651,0.0,0.0,1,1,1
ST003390,hsa00260,Glycine Serine Threonine Metabolism,0.2,67,imputation,5,4,1,Serine,Serine,6491257.145616871,6491257.145616871,0.0,0.0,1,1,1
ST003390,hsa00260,Glycine Serine Threonine Metabolism,0.2,68,imputation,5,4,1,Threonine,Threonine,14326589.38946057,14326589.38946057,0.0,0.0,1,1,1
ST003390,hsa00260,Glycine Serine Threonine Metabolism,0.2,69,imputation,5,4,1,N_N-Dimethylglycine,N_N-Dimethylglycine,571.8819780995651,571.8819780995651,0.0,0.0,1,1,1
ST003390,hsa00260,Glycine Serine Threonine Metabolism,0.2,70,imputation,5,4,1,Threonine,Threonine,14326589.38946057,14326589.38946057,0.0,0.0,1,1,1
ST003390,hsa00260,Glycine Serine Threonine Metabolism,0.2,71,imputation,5,4,1,Betaine,Betaine,7180127.647575614,7180127.647575614,0.0,0.0,1,1,1
ST003390,hsa00260,Glycine Serine Threonine Metabolism,0.2,72,imputation,5,4,1,N_N-Dimethylglycine,N_N-Dimethylglycine,571.8819780995651,571.8819780995651,0.0,0.0,1,1,1
ST003390,hsa00260,Glycine Serine Threonine Metabolism,0.2,73,imputation,5,4,1,Serine,Serine,6491257.145616871,6491257.145616871,0.0,0.0,1,1,1
ST003390,hsa00260,Glycine Serine Threonine Metabolism,0.2,74,imputation,5,4,1,alpha-Aminobutyric acid,alpha-Aminobutyric acid,1045502.1724928836,1045502.1724928836,0.0,0.0,1,1,1
ST003390,hsa00260,Glycine Serine Threonine Metabolism,0.2,75,imputation,5,4,1,N_N-Dimethylglycine,N_N-Dimethylglycine,571.8819780995651,571.8819780995651,0.0,0.0,1,1,1
ST003390,hsa00260,Glycine Serine Threonine Metabolism,0.2,76,imputation,5,4,1,N_N-Dimethylglycine,N_N-Dimethylglycine,571.8819780995651,571.8819780995651,0.0,0.0,1,1,1
ST003390,hsa00260,Glycine Serine Threonine Metabolism,0.2,77,imputation,5,4,1,Serine,Serine,6491257.145616871,6491257.145616871,0.0,0.0,1,1,1
ST003390,hsa00260,Glycine Serine Threonine Metabolism,0.2,78,imputation,5,4,1,alpha-Aminobutyric acid,alpha-Aminobutyric acid,1045502.1724928836,1045502.1724928836,0.0,0.0,1,1,1
ST003390,hsa00260,Glycine Serine Threonine Metabolism,0.2,79,imputation,5,4,1,Betaine,Betaine,7180127.647575614,7180127.647575614,0.0,0.0,1,1,1
ST003390,hsa00260,Glycine Serine Threonine Metabolism,0.2,80,imputation,5,4,1,alpha-Aminobutyric acid,alpha-Aminobutyric acid,1045502.1724928836,1045502.1724928836,0.0,0.0,1,1,1
ST003390,hsa00260,Glycine Serine Threonine Metabolism,0.2,81,imputation,5,4,1,Betaine,Betaine,7180127.647575614,7180127.647575614,0.0,0.0,1,1,1
ST003390,hsa00260,Glycine Serine Threonine Metabolism,0.2,82,imputation,5,4,1,Serine,Serine,6491257.145616871,6491257.145616871,0.0,0.0,1,1,1
ST003390,hsa00260,Glycine Serine Threonine Metabolism,0.2,83,imputation,5,4,1,N_N-Dimethylglycine,N_N-Dimethylglycine,571.8819780995651,571.8819780995651,0.0,0.0,1,1,1
ST003390,hsa00260,Glycine Serine Threonine Metabolism,0.2,84,imputation,5,4,1,alpha-Aminobutyric acid,alpha-Aminobutyric acid,1045502.1724928836,1045502.1724928836,0.0,0.0,1,1,1
ST003390,hsa00260,Glycine Serine Threonine Metabolism,0.2,85,imputation,5,4,1,Betaine,Betaine,7180127.647575614,7180127.647575614,0.0,0.0,1,1,1
ST003390,hsa00260,Glycine Serine Threonine Metabolism,0.2,86,imputation,5,4,1,N_N-Dimethylglycine,N_N-Dimethylglycine,571.8819780995651,571.8819780995651,0.0,0.0,1,1,1
ST003390,hsa00260,Glycine Serine Threonine Metabolism,0.2,87,imputation,5,4,1,alpha-Aminobutyric acid,alpha-Aminobutyric acid,1045502.1724928836,1045502.1724928836,0.0,0.0,1,1,1
ST003390,hsa00260,Glycine Serine Threonine Metabolism,0.2,88,imputation,5,4,1,alpha-Aminobutyric acid,alpha-Aminobutyric acid,1045502.1724928836,1045502.1724928836,0.0,0.0,1,1,1
ST003390,hsa00260,Glycine Serine Threonine Metabolism,0.2,89,imputation,5,4,1,Serine,Serine,6491257.145616871,6491257.145616871,0.0,0.0,1,1,1
ST003390,hsa00260,Glycine Serine Threonine Metabolism,0.2,90,imputation,5,4,1,Threonine,Threonine,14326589.38946057,14326589.38946057,0.0,0.0,1,1,1
ST003390,hsa00260,Glycine Serine Threonine Metabolism,0.2,91,imputation,5,4,1,Threonine,Threonine,14326589.38946057,14326589.38946057,0.0,0.0,1,1,1
ST003390,hsa00260,Glycine Serine Threonine Metabolism,0.2,92,imputation,5,4,1,Threonine,Threonine,14326589.38946057,14326589.38946057,0.0,0.0,1,1,1
ST003390,hsa00260,Glycine Serine Threonine Metabolism,0.2,93,imputation,5,4,1,Serine,Serine,6491257.145616871,6491257.145616871,0.0,0.0,1,1,1
ST003390,hsa00260,Glycine Serine Threonine Metabolism,0.2,94,imputation,5,4,1,alpha-Aminobutyric acid,alpha-Aminobutyric acid,1045502.1724928836,1045502.1724928836,0.0,0.0,1,1,1
ST003390,hsa00260,Glycine Serine Threonine Metabolism,0.2,95,imputation,5,4,1,Betaine,Betaine,7180127.647575614,7180127.647575614,0.0,0.0,1,1,1
ST003390,hsa00260,Glycine Serine Threonine Metabolism,0.2,96,imputation,5,4,1,N_N-Dimethylglycine,N_N-Dimethylglycine,571.8819780995651,571.8819780995651,0.0,0.0,1,1,1
ST003390,hsa00260,Glycine Serine Threonine Metabolism,0.2,97,imputation,5,4,1,Betaine,Betaine,7180127.647575614,7180127.647575614,0.0,0.0,1,1,1
ST003390,hsa00260,Glycine Serine Threonine Metabolism,0.2,98,imputation,5,4,1,Betaine,Betaine,7180127.647575614,7180127.647575614,0.0,0.0,1,1,1
ST003390,hsa00260,Glycine Serine Threonine Metabolism,0.2,99,imputation,5,4,1,alpha-Aminobutyric acid,alpha-Aminobutyric acid,1045502.1724928836,1045502.1724928836,0.0,0.0,1,1,1
ST003390,hsa00260,Glycine Serine Threonine Metabolism,0.2,100,imputation,5,4,1,alpha-Aminobutyric acid,alpha-Aminobutyric acid,1045502.1724928836,1045502.1724928836,0.0,0.0,1,1,1
ST003390,hsa00260,Glycine Serine Threonine Metabolism,0.3,1,imputation,5,3,2,Betaine,Betaine,7180127.647575614,7180127.647575614,0.0,0.0,1,1,1
ST003390,hsa00260,Glycine Serine Threonine Metabolism,0.3,2,imputation,5,3,2,Threonine,Threonine,14326589.38946057,14326589.38946057,0.0,0.0,1,1,1
ST003390,hsa00260,Glycine Serine Threonine Metabolism,0.3,3,imputation,5,3,2,Threonine,Threonine,14326589.38946057,14326589.38946057,0.0,0.0,1,1,1
ST003390,hsa00260,Glycine Serine Threonine Metabolism,0.3,4,imputation,5,3,2,Threonine,Threonine,14326589.38946057,14326589.38946057,0.0,0.0,1,1,1
ST003390,hsa00260,Glycine Serine Threonine Metabolism,0.3,5,imputation,5,3,2,Betaine,Betaine,7180127.647575614,7180127.647575614,0.0,0.0,1,1,1
ST003390,hsa00260,Glycine Serine Threonine Metabolism,0.3,6,imputation,5,3,2,Serine,Serine,6491257.145616871,6491257.145616871,0.0,0.0,1,1,1
ST003390,hsa00260,Glycine Serine Threonine Metabolism,0.3,7,imputation,5,3,2,Betaine,Betaine,7180127.647575614,7180127.647575614,0.0,0.0,1,1,1
ST003390,hsa00260,Glycine Serine Threonine Metabolism,0.3,8,imputation,5,3,2,Threonine,Threonine,14326589.38946057,14326589.38946057,0.0,0.0,1,1,1
ST003390,hsa00260,Glycine Serine Threonine Metabolism,0.3,9,imputation,5,3,2,alpha-Aminobutyric acid,alpha-Aminobutyric acid,1045502.1724928836,1045502.1724928836,0.0,0.0,1,1,1
ST003390,hsa00260,Glycine Serine Threonine Metabolism,0.3,10,imputation,5,3,2,Betaine,Betaine,7180127.647575614,7180127.647575614,0.0,0.0,1,1,1
ST003390,hsa00260,Glycine Serine Threonine Metabolism,0.3,11,imputation,5,3,2,alpha-Aminobutyric acid,alpha-Aminobutyric acid,1045502.1724928836,1045502.1724928836,0.0,0.0,1,1,1
ST003390,hsa00260,Glycine Serine Threonine Metabolism,0.3,12,imputation,5,3,2,Threonine,Threonine,14326589.38946057,14326589.38946057,0.0,0.0,1,1,1
ST003390,hsa00260,Glycine Serine Threonine Metabolism,0.3,13,imputation,5,3,2,Betaine,Betaine,7180127.647575614,7180127.647575614,0.0,0.0,1,1,1
ST003390,hsa00260,Glycine Serine Threonine Metabolism,0.3,14,imputation,5,3,2,Betaine,Betaine,7180127.647575614,7180127.647575614,0.0,0.0,1,1,1
ST003390,hsa00260,Glycine Serine Threonine Metabolism,0.3,15,imputation,5,3,2,Betaine,Betaine,7180127.647575614,7180127.647575614,0.0,0.0,1,1,1
ST003390,hsa00260,Glycine Serine Threonine Metabolism,0.3,16,imputation,5,3,2,alpha-Aminobutyric acid,alpha-Aminobutyric acid,1045502.1724928836,1045502.1724928836,0.0,0.0,1,1,1
ST003390,hsa00260,Glycine Serine Threonine Metabolism,0.3,17,imputation,5,3,2,Betaine,Betaine,7180127.647575614,7180127.647575614,0.0,0.0,1,1,1
ST003390,hsa00260,Glycine Serine Threonine Metabolism,0.3,18,imputation,5,3,2,Serine,Serine,6491257.145616871,6491257.145616871,0.0,0.0,1,1,1
ST003390,hsa00260,Glycine Serine Threonine Metabolism,0.3,19,imputation,5,3,2,Threonine,Threonine,14326589.38946057,14326589.38946057,0.0,0.0,1,1,1
ST003390,hsa00260,Glycine Serine Threonine Metabolism,0.3,20,imputation,5,3,2,alpha-Aminobutyric acid,alpha-Aminobutyric acid,1045502.1724928836,1045502.1724928836,0.0,0.0,1,1,1
ST003390,hsa00260,Glycine Serine Threonine Metabolism,0.3,21,imputation,5,3,2,Threonine,Threonine,14326589.38946057,14326589.38946057,0.0,0.0,1,1,1
ST003390,hsa00260,Glycine Serine Threonine Metabolism,0.3,22,imputation,5,3,2,Threonine,Threonine,14326589.38946057,14326589.38946057,0.0,0.0,1,1,1
ST003390,hsa00260,Glycine Serine Threonine Metabolism,0.3,23,imputation,5,3,2,Threonine,Threonine,14326589.38946057,14326589.38946057,0.0,0.0,1,1,1
ST003390,hsa00260,Glycine Serine Threonine Metabolism,0.3,24,imputation,5,3,2,Betaine,Betaine,7180127.647575614,7180127.647575614,0.0,0.0,1,1,1
ST003390,hsa00260,Glycine Serine Threonine Metabolism,0.3,25,imputation,5,3,2,Betaine,Betaine,7180127.647575614,7180127.647575614,0.0,0.0,1,1,1
ST003390,hsa00260,Glycine Serine Threonine Metabolism,0.3,26,imputation,5,3,2,Threonine,Threonine,14326589.38946057,14326589.38946057,0.0,0.0,1,1,1
ST003390,hsa00260,Glycine Serine Threonine Metabolism,0.3,27,imputation,5,3,2,Betaine,Betaine,7180127.647575614,7180127.647575614,0.0,0.0,1,1,1
ST003390,hsa00260,Glycine Serine Threonine Metabolism,0.3,28,imputation,5,3,2,Betaine,Betaine,7180127.647575614,7180127.647575614,0.0,0.0,1,1,1
ST003390,hsa00260,Glycine Serine Threonine Metabolism,0.3,29,imputation,5,3,2,Betaine,Betaine,7180127.647575614,7180127.647575614,0.0,0.0,1,1,1
ST003390,hsa00260,Glycine Serine Threonine Metabolism,0.3,30,imputation,5,3,2,Betaine,Betaine,7180127.647575614,7180127.647575614,0.0,0.0,1,1,1
ST003390,hsa00260,Glycine Serine Threonine Metabolism,0.3,31,imputation,5,3,2,Betaine,Betaine,7180127.647575614,7180127.647575614,0.0,0.0,1,1,1
ST003390,hsa00260,Glycine Serine Threonine Metabolism,0.3,32,imputation,5,3,2,Betaine,Betaine,7180127.647575614,7180127.647575614,0.0,0.0,1,1,1
ST003390,hsa00260,Glycine Serine Threonine Metabolism,0.3,33,imputation,5,3,2,Threonine,Threonine,14326589.38946057,14326589.38946057,0.0,0.0,1,1,1
ST003390,hsa00260,Glycine Serine Threonine Metabolism,0.3,34,imputation,5,3,2,Threonine,Threonine,14326589.38946057,14326589.38946057,0.0,0.0,1,1,1
ST003390,hsa00260,Glycine Serine Threonine Metabolism,0.3,35,imputation,5,3,2,Serine,Serine,6491257.145616871,6491257.145616871,0.0,0.0,1,1,1
ST003390,hsa00260,Glycine Serine Threonine Metabolism,0.3,36,imputation,5,3,2,Betaine,Betaine,7180127.647575614,7180127.647575614,0.0,0.0,1,1,1
ST003390,hsa00260,Glycine Serine Threonine Metabolism,0.3,37,imputation,5,3,2,Threonine,Threonine,14326589.38946057,14326589.38946057,0.0,0.0,1,1,1
ST003390,hsa00260,Glycine Serine Threonine Metabolism,0.3,38,imputation,5,3,2,Threonine,Threonine,14326589.38946057,14326589.38946057,0.0,0.0,1,1,1
ST003390,hsa00260,Glycine Serine Threonine Metabolism,0.3,39,imputation,5,3,2,Threonine,Threonine,14326589.38946057,14326589.38946057,0.0,0.0,1,1,1
ST003390,hsa00260,Glycine Serine Threonine Metabolism,0.3,40,imputation,5,3,2,Threonine,Threonine,14326589.38946057,14326589.38946057,0.0,0.0,1,1,1
ST003390,hsa00260,Glycine Serine Threonine Metabolism,0.3,41,imputation,5,3,2,Threonine,Threonine,14326589.38946057,14326589.38946057,0.0,0.0,1,1,1
ST003390,hsa00260,Glycine Serine Threonine Metabolism,0.3,42,imputation,5,3,2,Betaine,Betaine,7180127.647575614,7180127.647575614,0.0,0.0,1,1,1
ST003390,hsa00260,Glycine Serine Threonine Metabolism,0.3,43,imputation,5,3,2,Betaine,Betaine,7180127.647575614,7180127.647575614,0.0,0.0,1,1,1
ST003390,hsa00260,Glycine Serine Threonine Metabolism,0.3,44,imputation,5,3,2,Betaine,Betaine,7180127.647575614,7180127.647575614,0.0,0.0,1,1,1
ST003390,hsa00260,Glycine Serine Threonine Metabolism,0.3,45,imputation,5,3,2,alpha-Aminobutyric acid,alpha-Aminobutyric acid,1045502.1724928836,1045502.1724928836,0.0,0.0,1,1,1
ST003390,hsa00260,Glycine Serine Threonine Metabolism,0.3,46,imputation,5,3,2,Threonine,Threonine,14326589.38946057,14326589.38946057,0.0,0.0,1,1,1
ST003390,hsa00260,Glycine Serine Threonine Metabolism,0.3,47,imputation,5,3,2,Betaine,Betaine,7180127.647575614,7180127.647575614,0.0,0.0,1,1,1
ST003390,hsa00260,Glycine Serine Threonine Metabolism,0.3,48,imputation,5,3,2,Betaine,Betaine,7180127.647575614,7180127.647575614,0.0,0.0,1,1,1
ST003390,hsa00260,Glycine Serine Threonine Metabolism,0.3,49,imputation,5,3,2,Betaine,Betaine,7180127.647575614,7180127.647575614,0.0,0.0,1,1,1
ST003390,hsa00260,Glycine Serine Threonine Metabolism,0.3,50,imputation,5,3,2,Threonine,Threonine,14326589.38946057,14326589.38946057,0.0,0.0,1,1,1
ST003390,hsa00260,Glycine Serine Threonine Metabolism,0.3,51,imputation,5,3,2,Threonine,Threonine,14326589.38946057,14326589.38946057,0.0,0.0,1,1,1
ST003390,hsa00260,Glycine Serine Threonine Metabolism,0.3,52,imputation,5,3,2,alpha-Aminobutyric acid,alpha-Aminobutyric acid,1045502.1724928836,1045502.1724928836,0.0,0.0,1,1,1
ST003390,hsa00260,Glycine Serine Threonine Metabolism,0.3,53,imputation,5,3,2,alpha-Aminobutyric acid,alpha-Aminobutyric acid,1045502.1724928836,1045502.1724928836,0.0,0.0,1,1,1
ST003390,hsa00260,Glycine Serine Threonine Metabolism,0.3,54,imputation,5,3,2,Serine,Serine,6491257.145616871,6491257.145616871,0.0,0.0,1,1,1
ST003390,hsa00260,Glycine Serine Threonine Metabolism,0.3,55,imputation,5,3,2,Threonine,Threonine,14326589.38946057,14326589.38946057,0.0,0.0,1,1,1
ST003390,hsa00260,Glycine Serine Threonine Metabolism,0.3,56,imputation,5,3,2,Betaine,Betaine,7180127.647575614,7180127.647575614,0.0,0.0,1,1,1
ST003390,hsa00260,Glycine Serine Threonine Metabolism,0.3,57,imputation,5,3,2,Threonine,Threonine,14326589.38946057,14326589.38946057,0.0,0.0,1,1,1
ST003390,hsa00260,Glycine Serine Threonine Metabolism,0.3,58,imputation,5,3,2,Threonine,Threonine,14326589.38946057,14326589.38946057,0.0,0.0,1,1,1
ST003390,hsa00260,Glycine Serine Threonine Metabolism,0.3,59,imputation,5,3,2,alpha-Aminobutyric acid,alpha-Aminobutyric acid,1045502.1724928836,1045502.1724928836,0.0,0.0,1,1,1
ST003390,hsa00260,Glycine Serine Threonine Metabolism,0.3,60,imputation,5,3,2,Serine,Serine,6491257.145616871,6491257.145616871,0.0,0.0,1,1,1
ST003390,hsa00260,Glycine Serine Threonine Metabolism,0.3,61,imputation,5,3,2,Threonine,Threonine,14326589.38946057,14326589.38946057,0.0,0.0,1,1,1
ST003390,hsa00260,Glycine Serine Threonine Metabolism,0.3,62,imputation,5,3,2,Betaine,Betaine,7180127.647575614,7180127.647575614,0.0,0.0,1,1,1
ST003390,hsa00260,Glycine Serine Threonine Metabolism,0.3,63,imputation,5,3,2,Serine,Serine,6491257.145616871,6491257.145616871,0.0,0.0,1,1,1
ST003390,hsa00260,Glycine Serine Threonine Metabolism,0.3,64,imputation,5,3,2,Threonine,Threonine,14326589.38946057,14326589.38946057,0.0,0.0,1,1,1
ST003390,hsa00260,Glycine Serine Threonine Metabolism,0.3,65,imputation,5,3,2,Threonine,Threonine,14326589.38946057,14326589.38946057,0.0,0.0,1,1,1
ST003390,hsa00260,Glycine Serine Threonine Metabolism,0.3,66,imputation,5,3,2,Betaine,Betaine,7180127.647575614,7180127.647575614,0.0,0.0,1,1,1
ST003390,hsa00260,Glycine Serine Threonine Metabolism,0.3,67,imputation,5,3,2,Serine,Serine,6491257.145616871,6491257.145616871,0.0,0.0,1,1,1
ST003390,hsa00260,Glycine Serine Threonine Metabolism,0.3,68,imputation,5,3,2,Threonine,Threonine,14326589.38946057,14326589.38946057,0.0,0.0,1,1,1
ST003390,hsa00260,Glycine Serine Threonine Metabolism,0.3,69,imputation,5,3,2,Serine,Serine,6491257.145616871,6491257.145616871,0.0,0.0,1,1,1
ST003390,hsa00260,Glycine Serine Threonine Metabolism,0.3,70,imputation,5,3,2,Threonine,Threonine,14326589.38946057,14326589.38946057,0.0,0.0,1,1,1
ST003390,hsa00260,Glycine Serine Threonine Metabolism,0.3,71,imputation,5,3,2,Betaine,Betaine,7180127.647575614,7180127.647575614,0.0,0.0,1,1,1
ST003390,hsa00260,Glycine Serine Threonine Metabolism,0.3,72,imputation,5,3,2,Betaine,Betaine,7180127.647575614,7180127.647575614,0.0,0.0,1,1,1
ST003390,hsa00260,Glycine Serine Threonine Metabolism,0.3,73,imputation,5,3,2,Serine,Serine,6491257.145616871,6491257.145616871,0.0,0.0,1,1,1
ST003390,hsa00260,Glycine Serine Threonine Metabolism,0.3,74,imputation,5,3,2,Serine,Serine,6491257.145616871,6491257.145616871,0.0,0.0,1,1,1
ST003390,hsa00260,Glycine Serine Threonine Metabolism,0.3,75,imputation,5,3,2,alpha-Aminobutyric acid,alpha-Aminobutyric acid,1045502.1724928836,1045502.1724928836,0.0,0.0,1,1,1
ST003390,hsa00260,Glycine Serine Threonine Metabolism,0.3,76,imputation,5,3,2,Serine,Serine,6491257.145616871,6491257.145616871,0.0,0.0,1,1,1
ST003390,hsa00260,Glycine Serine Threonine Metabolism,0.3,77,imputation,5,3,2,Serine,Serine,6491257.145616871,6491257.145616871,0.0,0.0,1,1,1
ST003390,hsa00260,Glycine Serine Threonine Metabolism,0.3,78,imputation,5,3,2,alpha-Aminobutyric acid,alpha-Aminobutyric acid,1045502.1724928836,1045502.1724928836,0.0,0.0,1,1,1
ST003390,hsa00260,Glycine Serine Threonine Metabolism,0.3,79,imputation,5,3,2,Betaine,Betaine,7180127.647575614,7180127.647575614,0.0,0.0,1,1,1
ST003390,hsa00260,Glycine Serine Threonine Metabolism,0.3,80,imputation,5,3,2,alpha-Aminobutyric acid,alpha-Aminobutyric acid,1045502.1724928836,1045502.1724928836,0.0,0.0,1,1,1
ST003390,hsa00260,Glycine Serine Threonine Metabolism,0.3,81,imputation,5,3,2,Betaine,Betaine,7180127.647575614,7180127.647575614,0.0,0.0,1,1,1
ST003390,hsa00260,Glycine Serine Threonine Metabolism,0.3,82,imputation,5,3,2,Betaine,Betaine,7180127.647575614,7180127.647575614,0.0,0.0,1,1,1
ST003390,hsa00260,Glycine Serine Threonine Metabolism,0.3,83,imputation,5,3,2,alpha-Aminobutyric acid,alpha-Aminobutyric acid,1045502.1724928836,1045502.1724928836,0.0,0.0,1,1,1
ST003390,hsa00260,Glycine Serine Threonine Metabolism,0.3,84,imputation,5,3,2,Betaine,Betaine,7180127.647575614,7180127.647575614,0.0,0.0,1,1,1
ST003390,hsa00260,Glycine Serine Threonine Metabolism,0.3,85,imputation,5,3,2,Betaine,Betaine,7180127.647575614,7180127.647575614,0.0,0.0,1,1,1
ST003390,hsa00260,Glycine Serine Threonine Metabolism,0.3,86,imputation,5,3,2,Threonine,Threonine,14326589.38946057,14326589.38946057,0.0,0.0,1,1,1
ST003390,hsa00260,Glycine Serine Threonine Metabolism,0.3,87,imputation,5,3,2,Serine,Serine,6491257.145616871,6491257.145616871,0.0,0.0,1,1,1
ST003390,hsa00260,Glycine Serine Threonine Metabolism,0.3,88,imputation,5,3,2,Threonine,Threonine,14326589.38946057,14326589.38946057,0.0,0.0,1,1,1
ST003390,hsa00260,Glycine Serine Threonine Metabolism,0.3,89,imputation,5,3,2,Serine,Serine,6491257.145616871,6491257.145616871,0.0,0.0,1,1,1
ST003390,hsa00260,Glycine Serine Threonine Metabolism,0.3,90,imputation,5,3,2,Threonine,Threonine,14326589.38946057,14326589.38946057,0.0,0.0,1,1,1
ST003390,hsa00260,Glycine Serine Threonine Metabolism,0.3,91,imputation,5,3,2,Threonine,Threonine,14326589.38946057,14326589.38946057,0.0,0.0,1,1,1
ST003390,hsa00260,Glycine Serine Threonine Metabolism,0.3,92,imputation,5,3,2,Threonine,Threonine,14326589.38946057,14326589.38946057,0.0,0.0,1,1,1
ST003390,hsa00260,Glycine Serine Threonine Metabolism,0.3,93,imputation,5,3,2,Serine,Serine,6491257.145616871,6491257.145616871,0.0,0.0,1,1,1
ST003390,hsa00260,Glycine Serine Threonine Metabolism,0.3,94,imputation,5,3,2,Threonine,Threonine,14326589.38946057,14326589.38946057,0.0,0.0,1,1,1
ST003390,hsa00260,Glycine Serine Threonine Metabolism,0.3,95,imputation,5,3,2,Betaine,Betaine,7180127.647575614,7180127.647575614,0.0,0.0,1,1,1
ST003390,hsa00260,Glycine Serine Threonine Metabolism,0.3,96,imputation,5,3,2,Threonine,Threonine,14326589.38946057,14326589.38946057,0.0,0.0,1,1,1
ST003390,hsa00260,Glycine Serine Threonine Metabolism,0.3,97,imputation,5,3,2,Betaine,Betaine,7180127.647575614,7180127.647575614,0.0,0.0,1,1,1
ST003390,hsa00260,Glycine Serine Threonine Metabolism,0.3,98,imputation,5,3,2,Betaine,Betaine,7180127.647575614,7180127.647575614,0.0,0.0,1,1,1
ST003390,hsa00260,Glycine Serine Threonine Metabolism,0.3,99,imputation,5,3,2,Betaine,Betaine,7180127.647575614,7180127.647575614,0.0,0.0,1,1,1
ST003390,hsa00260,Glycine Serine Threonine Metabolism,0.3,100,imputation,5,3,2,Threonine,Threonine,14326589.38946057,14326589.38946057,0.0,0.0,1,1,1
ST003390,hsa00260,Glycine Serine Threonine Metabolism,0.4,1,imputation,5,3,2,Betaine,Betaine,7180127.647575614,7180127.647575614,0.0,0.0,1,1,1
ST003390,hsa00260,Glycine Serine Threonine Metabolism,0.4,2,imputation,5,3,2,Threonine,Threonine,14326589.38946057,14326589.38946057,0.0,0.0,1,1,1
ST003390,hsa00260,Glycine Serine Threonine Metabolism,0.4,3,imputation,5,3,2,Threonine,Threonine,14326589.38946057,14326589.38946057,0.0,0.0,1,1,1
ST003390,hsa00260,Glycine Serine Threonine Metabolism,0.4,4,imputation,5,3,2,Threonine,Threonine,14326589.38946057,14326589.38946057,0.0,0.0,1,1,1
ST003390,hsa00260,Glycine Serine Threonine Metabolism,0.4,5,imputation,5,3,2,Betaine,Betaine,7180127.647575614,7180127.647575614,0.0,0.0,1,1,1
ST003390,hsa00260,Glycine Serine Threonine Metabolism,0.4,6,imputation,5,3,2,Serine,Serine,6491257.145616871,6491257.145616871,0.0,0.0,1,1,1
ST003390,hsa00260,Glycine Serine Threonine Metabolism,0.4,7,imputation,5,3,2,Betaine,Betaine,7180127.647575614,7180127.647575614,0.0,0.0,1,1,1
ST003390,hsa00260,Glycine Serine Threonine Metabolism,0.4,8,imputation,5,3,2,Threonine,Threonine,14326589.38946057,14326589.38946057,0.0,0.0,1,1,1
ST003390,hsa00260,Glycine Serine Threonine Metabolism,0.4,9,imputation,5,3,2,alpha-Aminobutyric acid,alpha-Aminobutyric acid,1045502.1724928836,1045502.1724928836,0.0,0.0,1,1,1
ST003390,hsa00260,Glycine Serine Threonine Metabolism,0.4,10,imputation,5,3,2,Betaine,Betaine,7180127.647575614,7180127.647575614,0.0,0.0,1,1,1
ST003390,hsa00260,Glycine Serine Threonine Metabolism,0.4,11,imputation,5,3,2,alpha-Aminobutyric acid,alpha-Aminobutyric acid,1045502.1724928836,1045502.1724928836,0.0,0.0,1,1,1
ST003390,hsa00260,Glycine Serine Threonine Metabolism,0.4,12,imputation,5,3,2,Threonine,Threonine,14326589.38946057,14326589.38946057,0.0,0.0,1,1,1
ST003390,hsa00260,Glycine Serine Threonine Metabolism,0.4,13,imputation,5,3,2,Betaine,Betaine,7180127.647575614,7180127.647575614,0.0,0.0,1,1,1
ST003390,hsa00260,Glycine Serine Threonine Metabolism,0.4,14,imputation,5,3,2,Betaine,Betaine,7180127.647575614,7180127.647575614,0.0,0.0,1,1,1
ST003390,hsa00260,Glycine Serine Threonine Metabolism,0.4,15,imputation,5,3,2,Betaine,Betaine,7180127.647575614,7180127.647575614,0.0,0.0,1,1,1
ST003390,hsa00260,Glycine Serine Threonine Metabolism,0.4,16,imputation,5,3,2,alpha-Aminobutyric acid,alpha-Aminobutyric acid,1045502.1724928836,1045502.1724928836,0.0,0.0,1,1,1
ST003390,hsa00260,Glycine Serine Threonine Metabolism,0.4,17,imputation,5,3,2,Betaine,Betaine,7180127.647575614,7180127.647575614,0.0,0.0,1,1,1
ST003390,hsa00260,Glycine Serine Threonine Metabolism,0.4,18,imputation,5,3,2,Serine,Serine,6491257.145616871,6491257.145616871,0.0,0.0,1,1,1
ST003390,hsa00260,Glycine Serine Threonine Metabolism,0.4,19,imputation,5,3,2,Threonine,Threonine,14326589.38946057,14326589.38946057,0.0,0.0,1,1,1
ST003390,hsa00260,Glycine Serine Threonine Metabolism,0.4,20,imputation,5,3,2,alpha-Aminobutyric acid,alpha-Aminobutyric acid,1045502.1724928836,1045502.1724928836,0.0,0.0,1,1,1
ST003390,hsa00260,Glycine Serine Threonine Metabolism,0.4,21,imputation,5,3,2,Threonine,Threonine,14326589.38946057,14326589.38946057,0.0,0.0,1,1,1
ST003390,hsa00260,Glycine Serine Threonine Metabolism,0.4,22,imputation,5,3,2,Threonine,Threonine,14326589.38946057,14326589.38946057,0.0,0.0,1,1,1
ST003390,hsa00260,Glycine Serine Threonine Metabolism,0.4,23,imputation,5,3,2,Threonine,Threonine,14326589.38946057,14326589.38946057,0.0,0.0,1,1,1
ST003390,hsa00260,Glycine Serine Threonine Metabolism,0.4,24,imputation,5,3,2,Betaine,Betaine,7180127.647575614,7180127.647575614,0.0,0.0,1,1,1
ST003390,hsa00260,Glycine Serine Threonine Metabolism,0.4,25,imputation,5,3,2,Betaine,Betaine,7180127.647575614,7180127.647575614,0.0,0.0,1,1,1
ST003390,hsa00260,Glycine Serine Threonine Metabolism,0.4,26,imputation,5,3,2,Threonine,Threonine,14326589.38946057,14326589.38946057,0.0,0.0,1,1,1
ST003390,hsa00260,Glycine Serine Threonine Metabolism,0.4,27,imputation,5,3,2,Betaine,Betaine,7180127.647575614,7180127.647575614,0.0,0.0,1,1,1
ST003390,hsa00260,Glycine Serine Threonine Metabolism,0.4,28,imputation,5,3,2,Betaine,Betaine,7180127.647575614,7180127.647575614,0.0,0.0,1,1,1
ST003390,hsa00260,Glycine Serine Threonine Metabolism,0.4,29,imputation,5,3,2,Betaine,Betaine,7180127.647575614,7180127.647575614,0.0,0.0,1,1,1
ST003390,hsa00260,Glycine Serine Threonine Metabolism,0.4,30,imputation,5,3,2,Betaine,Betaine,7180127.647575614,7180127.647575614,0.0,0.0,1,1,1
ST003390,hsa00260,Glycine Serine Threonine Metabolism,0.4,31,imputation,5,3,2,Betaine,Betaine,7180127.647575614,7180127.647575614,0.0,0.0,1,1,1
ST003390,hsa00260,Glycine Serine Threonine Metabolism,0.4,32,imputation,5,3,2,Betaine,Betaine,7180127.647575614,7180127.647575614,0.0,0.0,1,1,1
ST003390,hsa00260,Glycine Serine Threonine Metabolism,0.4,33,imputation,5,3,2,Threonine,Threonine,14326589.38946057,14326589.38946057,0.0,0.0,1,1,1
ST003390,hsa00260,Glycine Serine Threonine Metabolism,0.4,34,imputation,5,3,2,Threonine,Threonine,14326589.38946057,14326589.38946057,0.0,0.0,1,1,1
ST003390,hsa00260,Glycine Serine Threonine Metabolism,0.4,35,imputation,5,3,2,Serine,Serine,6491257.145616871,6491257.145616871,0.0,0.0,1,1,1
ST003390,hsa00260,Glycine Serine Threonine Metabolism,0.4,36,imputation,5,3,2,Betaine,Betaine,7180127.647575614,7180127.647575614,0.0,0.0,1,1,1
ST003390,hsa00260,Glycine Serine Threonine Metabolism,0.4,37,imputation,5,3,2,Threonine,Threonine,14326589.38946057,14326589.38946057,0.0,0.0,1,1,1
ST003390,hsa00260,Glycine Serine Threonine Metabolism,0.4,38,imputation,5,3,2,Threonine,Threonine,14326589.38946057,14326589.38946057,0.0,0.0,1,1,1
ST003390,hsa00260,Glycine Serine Threonine Metabolism,0.4,39,imputation,5,3,2,Threonine,Threonine,14326589.38946057,14326589.38946057,0.0,0.0,1,1,1
ST003390,hsa00260,Glycine Serine Threonine Metabolism,0.4,40,imputation,5,3,2,Threonine,Threonine,14326589.38946057,14326589.38946057,0.0,0.0,1,1,1
ST003390,hsa00260,Glycine Serine Threonine Metabolism,0.4,41,imputation,5,3,2,Threonine,Threonine,14326589.38946057,14326589.38946057,0.0,0.0,1,1,1
ST003390,hsa00260,Glycine Serine Threonine Metabolism,0.4,42,imputation,5,3,2,Betaine,Betaine,7180127.647575614,7180127.647575614,0.0,0.0,1,1,1
ST003390,hsa00260,Glycine Serine Threonine Metabolism,0.4,43,imputation,5,3,2,Betaine,Betaine,7180127.647575614,7180127.647575614,0.0,0.0,1,1,1
ST003390,hsa00260,Glycine Serine Threonine Metabolism,0.4,44,imputation,5,3,2,Betaine,Betaine,7180127.647575614,7180127.647575614,0.0,0.0,1,1,1
ST003390,hsa00260,Glycine Serine Threonine Metabolism,0.4,45,imputation,5,3,2,alpha-Aminobutyric acid,alpha-Aminobutyric acid,1045502.1724928836,1045502.1724928836,0.0,0.0,1,1,1
ST003390,hsa00260,Glycine Serine Threonine Metabolism,0.4,46,imputation,5,3,2,Threonine,Threonine,14326589.38946057,14326589.38946057,0.0,0.0,1,1,1
ST003390,hsa00260,Glycine Serine Threonine Metabolism,0.4,47,imputation,5,3,2,Betaine,Betaine,7180127.647575614,7180127.647575614,0.0,0.0,1,1,1
ST003390,hsa00260,Glycine Serine Threonine Metabolism,0.4,48,imputation,5,3,2,Betaine,Betaine,7180127.647575614,7180127.647575614,0.0,0.0,1,1,1
ST003390,hsa00260,Glycine Serine Threonine Metabolism,0.4,49,imputation,5,3,2,Betaine,Betaine,7180127.647575614,7180127.647575614,0.0,0.0,1,1,1
ST003390,hsa00260,Glycine Serine Threonine Metabolism,0.4,50,imputation,5,3,2,Threonine,Threonine,14326589.38946057,14326589.38946057,0.0,0.0,1,1,1
ST003390,hsa00260,Glycine Serine Threonine Metabolism,0.4,51,imputation,5,3,2,Threonine,Threonine,14326589.38946057,14326589.38946057,0.0,0.0,1,1,1
ST003390,hsa00260,Glycine Serine Threonine Metabolism,0.4,52,imputation,5,3,2,alpha-Aminobutyric acid,alpha-Aminobutyric acid,1045502.1724928836,1045502.1724928836,0.0,0.0,1,1,1
ST003390,hsa00260,Glycine Serine Threonine Metabolism,0.4,53,imputation,5,3,2,alpha-Aminobutyric acid,alpha-Aminobutyric acid,1045502.1724928836,1045502.1724928836,0.0,0.0,1,1,1
ST003390,hsa00260,Glycine Serine Threonine Metabolism,0.4,54,imputation,5,3,2,Serine,Serine,6491257.145616871,6491257.145616871,0.0,0.0,1,1,1
ST003390,hsa00260,Glycine Serine Threonine Metabolism,0.4,55,imputation,5,3,2,Threonine,Threonine,14326589.38946057,14326589.38946057,0.0,0.0,1,1,1
ST003390,hsa00260,Glycine Serine Threonine Metabolism,0.4,56,imputation,5,3,2,Betaine,Betaine,7180127.647575614,7180127.647575614,0.0,0.0,1,1,1
ST003390,hsa00260,Glycine Serine Threonine Metabolism,0.4,57,imputation,5,3,2,Threonine,Threonine,14326589.38946057,14326589.38946057,0.0,0.0,1,1,1
ST003390,hsa00260,Glycine Serine Threonine Metabolism,0.4,58,imputation,5,3,2,Threonine,Threonine,14326589.38946057,14326589.38946057,0.0,0.0,1,1,1
ST003390,hsa00260,Glycine Serine Threonine Metabolism,0.4,59,imputation,5,3,2,alpha-Aminobutyric acid,alpha-Aminobutyric acid,1045502.1724928836,1045502.1724928836,0.0,0.0,1,1,1
ST003390,hsa00260,Glycine Serine Threonine Metabolism,0.4,60,imputation,5,3,2,Serine,Serine,6491257.145616871,6491257.145616871,0.0,0.0,1,1,1
ST003390,hsa00260,Glycine Serine Threonine Metabolism,0.4,61,imputation,5,3,2,Threonine,Threonine,14326589.38946057,14326589.38946057,0.0,0.0,1,1,1
ST003390,hsa00260,Glycine Serine Threonine Metabolism,0.4,62,imputation,5,3,2,Betaine,Betaine,7180127.647575614,7180127.647575614,0.0,0.0,1,1,1
ST003390,hsa00260,Glycine Serine Threonine Metabolism,0.4,63,imputation,5,3,2,Serine,Serine,6491257.145616871,6491257.145616871,0.0,0.0,1,1,1
ST003390,hsa00260,Glycine Serine Threonine Metabolism,0.4,64,imputation,5,3,2,Threonine,Threonine,14326589.38946057,14326589.38946057,0.0,0.0,1,1,1
ST003390,hsa00260,Glycine Serine Threonine Metabolism,0.4,65,imputation,5,3,2,Threonine,Threonine,14326589.38946057,14326589.38946057,0.0,0.0,1,1,1
ST003390,hsa00260,Glycine Serine Threonine Metabolism,0.4,66,imputation,5,3,2,Betaine,Betaine,7180127.647575614,7180127.647575614,0.0,0.0,1,1,1
ST003390,hsa00260,Glycine Serine Threonine Metabolism,0.4,67,imputation,5,3,2,Serine,Serine,6491257.145616871,6491257.145616871,0.0,0.0,1,1,1
ST003390,hsa00260,Glycine Serine Threonine Metabolism,0.4,68,imputation,5,3,2,Threonine,Threonine,14326589.38946057,14326589.38946057,0.0,0.0,1,1,1
ST003390,hsa00260,Glycine Serine Threonine Metabolism,0.4,69,imputation,5,3,2,Serine,Serine,6491257.145616871,6491257.145616871,0.0,0.0,1,1,1
ST003390,hsa00260,Glycine Serine Threonine Metabolism,0.4,70,imputation,5,3,2,Threonine,Threonine,14326589.38946057,14326589.38946057,0.0,0.0,1,1,1
ST003390,hsa00260,Glycine Serine Threonine Metabolism,0.4,71,imputation,5,3,2,Betaine,Betaine,7180127.647575614,7180127.647575614,0.0,0.0,1,1,1
ST003390,hsa00260,Glycine Serine Threonine Metabolism,0.4,72,imputation,5,3,2,Betaine,Betaine,7180127.647575614,7180127.647575614,0.0,0.0,1,1,1
ST003390,hsa00260,Glycine Serine Threonine Metabolism,0.4,73,imputation,5,3,2,Serine,Serine,6491257.145616871,6491257.145616871,0.0,0.0,1,1,1
ST003390,hsa00260,Glycine Serine Threonine Metabolism,0.4,74,imputation,5,3,2,Serine,Serine,6491257.145616871,6491257.145616871,0.0,0.0,1,1,1
ST003390,hsa00260,Glycine Serine Threonine Metabolism,0.4,75,imputation,5,3,2,alpha-Aminobutyric acid,alpha-Aminobutyric acid,1045502.1724928836,1045502.1724928836,0.0,0.0,1,1,1
ST003390,hsa00260,Glycine Serine Threonine Metabolism,0.4,76,imputation,5,3,2,Serine,Serine,6491257.145616871,6491257.145616871,0.0,0.0,1,1,1
ST003390,hsa00260,Glycine Serine Threonine Metabolism,0.4,77,imputation,5,3,2,Serine,Serine,6491257.145616871,6491257.145616871,0.0,0.0,1,1,1
ST003390,hsa00260,Glycine Serine Threonine Metabolism,0.4,78,imputation,5,3,2,alpha-Aminobutyric acid,alpha-Aminobutyric acid,1045502.1724928836,1045502.1724928836,0.0,0.0,1,1,1
ST003390,hsa00260,Glycine Serine Threonine Metabolism,0.4,79,imputation,5,3,2,Betaine,Betaine,7180127.647575614,7180127.647575614,0.0,0.0,1,1,1
ST003390,hsa00260,Glycine Serine Threonine Metabolism,0.4,80,imputation,5,3,2,alpha-Aminobutyric acid,alpha-Aminobutyric acid,1045502.1724928836,1045502.1724928836,0.0,0.0,1,1,1
ST003390,hsa00260,Glycine Serine Threonine Metabolism,0.4,81,imputation,5,3,2,Betaine,Betaine,7180127.647575614,7180127.647575614,0.0,0.0,1,1,1
ST003390,hsa00260,Glycine Serine Threonine Metabolism,0.4,82,imputation,5,3,2,Betaine,Betaine,7180127.647575614,7180127.647575614,0.0,0.0,1,1,1
ST003390,hsa00260,Glycine Serine Threonine Metabolism,0.4,83,imputation,5,3,2,alpha-Aminobutyric acid,alpha-Aminobutyric acid,1045502.1724928836,1045502.1724928836,0.0,0.0,1,1,1
ST003390,hsa00260,Glycine Serine Threonine Metabolism,0.4,84,imputation,5,3,2,Betaine,Betaine,7180127.647575614,7180127.647575614,0.0,0.0,1,1,1
ST003390,hsa00260,Glycine Serine Threonine Metabolism,0.4,85,imputation,5,3,2,Betaine,Betaine,7180127.647575614,7180127.647575614,0.0,0.0,1,1,1
ST003390,hsa00260,Glycine Serine Threonine Metabolism,0.4,86,imputation,5,3,2,Threonine,Threonine,14326589.38946057,14326589.38946057,0.0,0.0,1,1,1
ST003390,hsa00260,Glycine Serine Threonine Metabolism,0.4,87,imputation,5,3,2,Serine,Serine,6491257.145616871,6491257.145616871,0.0,0.0,1,1,1
ST003390,hsa00260,Glycine Serine Threonine Metabolism,0.4,88,imputation,5,3,2,Threonine,Threonine,14326589.38946057,14326589.38946057,0.0,0.0,1,1,1
ST003390,hsa00260,Glycine Serine Threonine Metabolism,0.4,89,imputation,5,3,2,Serine,Serine,6491257.145616871,6491257.145616871,0.0,0.0,1,1,1
ST003390,hsa00260,Glycine Serine Threonine Metabolism,0.4,90,imputation,5,3,2,Threonine,Threonine,14326589.38946057,14326589.38946057,0.0,0.0,1,1,1
ST003390,hsa00260,Glycine Serine Threonine Metabolism,0.4,91,imputation,5,3,2,Threonine,Threonine,14326589.38946057,14326589.38946057,0.0,0.0,1,1,1
ST003390,hsa00260,Glycine Serine Threonine Metabolism,0.4,92,imputation,5,3,2,Threonine,Threonine,14326589.38946057,14326589.38946057,0.0,0.0,1,1,1
ST003390,hsa00260,Glycine Serine Threonine Metabolism,0.4,93,imputation,5,3,2,Serine,Serine,6491257.145616871,6491257.145616871,0.0,0.0,1,1,1
ST003390,hsa00260,Glycine Serine Threonine Metabolism,0.4,94,imputation,5,3,2,Threonine,Threonine,14326589.38946057,14326589.38946057,0.0,0.0,1,1,1
ST003390,hsa00260,Glycine Serine Threonine Metabolism,0.4,95,imputation,5,3,2,Betaine,Betaine,7180127.647575614,7180127.647575614,0.0,0.0,1,1,1
ST003390,hsa00260,Glycine Serine Threonine Metabolism,0.4,96,imputation,5,3,2,Threonine,Threonine,14326589.38946057,14326589.38946057,0.0,0.0,1,1,1
ST003390,hsa00260,Glycine Serine Threonine Metabolism,0.4,97,imputation,5,3,2,Betaine,Betaine,7180127.647575614,7180127.647575614,0.0,0.0,1,1,1
ST003390,hsa00260,Glycine Serine Threonine Metabolism,0.4,98,imputation,5,3,2,Betaine,Betaine,7180127.647575614,7180127.647575614,0.0,0.0,1,1,1
ST003390,hsa00260,Glycine Serine Threonine Metabolism,0.4,99,imputation,5,3,2,Betaine,Betaine,7180127.647575614,7180127.647575614,0.0,0.0,1,1,1
ST003390,hsa00260,Glycine Serine Threonine Metabolism,0.4,100,imputation,5,3,2,Threonine,Threonine,14326589.38946057,14326589.38946057,0.0,0.0,1,1,1
ST003390,hsa00240,Pyrimidine Metabolism,0.2,1,imputation,4,3,1,Cytidine,Cytidine,250.2672902006243,250.2672902006243,0.0,0.0,1,1,1
ST003390,hsa00240,Pyrimidine Metabolism,0.2,2,imputation,4,3,1,Uracil,Uracil,86.49203840976588,86.49203840976588,0.0,0.0,1,1,1
ST003390,hsa00240,Pyrimidine Metabolism,0.2,3,imputation,4,3,1,Pseudouridine,Pseudouridine,22384.056827521737,22384.056827521737,0.0,0.0,1,1,1
ST003390,hsa00240,Pyrimidine Metabolism,0.2,4,imputation,4,3,1,Cytidine,Cytidine,250.2672902006243,250.2672902006243,0.0,0.0,1,1,1
ST003390,hsa00240,Pyrimidine Metabolism,0.2,5,imputation,4,3,1,Pseudouridine,Pseudouridine,22384.056827521737,22384.056827521737,0.0,0.0,1,1,1
ST003390,hsa00240,Pyrimidine Metabolism,0.2,6,imputation,4,3,1,Pseudouridine,Pseudouridine,22384.056827521737,22384.056827521737,0.0,0.0,1,1,1
ST003390,hsa00240,Pyrimidine Metabolism,0.2,7,imputation,4,3,1,Cytidine,Cytidine,250.2672902006243,250.2672902006243,0.0,0.0,1,1,1
ST003390,hsa00240,Pyrimidine Metabolism,0.2,8,imputation,4,3,1,Uracil,Uracil,86.49203840976588,86.49203840976588,0.0,0.0,1,1,1
ST003390,hsa00240,Pyrimidine Metabolism,0.2,9,imputation,4,3,1,Dihydrothymine,Dihydrothymine,433142383.56399715,433142383.56399715,0.0,0.0,1,1,1
ST003390,hsa00240,Pyrimidine Metabolism,0.2,10,imputation,4,3,1,Pseudouridine,Pseudouridine,22384.056827521737,22384.056827521737,0.0,0.0,1,1,1
ST003390,hsa00240,Pyrimidine Metabolism,0.2,11,imputation,4,3,1,Dihydrothymine,Dihydrothymine,433142383.56399715,433142383.56399715,0.0,0.0,1,1,1
ST003390,hsa00240,Pyrimidine Metabolism,0.2,12,imputation,4,3,1,Dihydrothymine,Dihydrothymine,433142383.56399715,433142383.56399715,0.0,0.0,1,1,1
ST003390,hsa00240,Pyrimidine Metabolism,0.2,13,imputation,4,3,1,Cytidine,Cytidine,250.2672902006243,250.2672902006243,0.0,0.0,1,1,1
ST003390,hsa00240,Pyrimidine Metabolism,0.2,14,imputation,4,3,1,Cytidine,Cytidine,250.2672902006243,250.2672902006243,0.0,0.0,1,1,1
ST003390,hsa00240,Pyrimidine Metabolism,0.2,15,imputation,4,3,1,Cytidine,Cytidine,250.2672902006243,250.2672902006243,0.0,0.0,1,1,1
ST003390,hsa00240,Pyrimidine Metabolism,0.2,16,imputation,4,3,1,Dihydrothymine,Dihydrothymine,433142383.56399715,433142383.56399715,0.0,0.0,1,1,1
ST003390,hsa00240,Pyrimidine Metabolism,0.2,17,imputation,4,3,1,Dihydrothymine,Dihydrothymine,433142383.56399715,433142383.56399715,0.0,0.0,1,1,1
ST003390,hsa00240,Pyrimidine Metabolism,0.2,18,imputation,4,3,1,Pseudouridine,Pseudouridine,22384.056827521737,22384.056827521737,0.0,0.0,1,1,1
ST003390,hsa00240,Pyrimidine Metabolism,0.2,19,imputation,4,3,1,Uracil,Uracil,86.49203840976588,86.49203840976588,0.0,0.0,1,1,1
ST003390,hsa00240,Pyrimidine Metabolism,0.2,20,imputation,4,3,1,Dihydrothymine,Dihydrothymine,433142383.56399715,433142383.56399715,0.0,0.0,1,1,1
ST003390,hsa00240,Pyrimidine Metabolism,0.2,21,imputation,4,3,1,Uracil,Uracil,86.49203840976588,86.49203840976588,0.0,0.0,1,1,1
ST003390,hsa00240,Pyrimidine Metabolism,0.2,22,imputation,4,3,1,Uracil,Uracil,86.49203840976588,86.49203840976588,0.0,0.0,1,1,1
ST003390,hsa00240,Pyrimidine Metabolism,0.2,23,imputation,4,3,1,Uracil,Uracil,86.49203840976588,86.49203840976588,0.0,0.0,1,1,1
ST003390,hsa00240,Pyrimidine Metabolism,0.2,24,imputation,4,3,1,Cytidine,Cytidine,250.2672902006243,250.2672902006243,0.0,0.0,1,1,1
ST003390,hsa00240,Pyrimidine Metabolism,0.2,25,imputation,4,3,1,Cytidine,Cytidine,250.2672902006243,250.2672902006243,0.0,0.0,1,1,1
ST003390,hsa00240,Pyrimidine Metabolism,0.2,26,imputation,4,3,1,Uracil,Uracil,86.49203840976588,86.49203840976588,0.0,0.0,1,1,1
ST003390,hsa00240,Pyrimidine Metabolism,0.2,27,imputation,4,3,1,Cytidine,Cytidine,250.2672902006243,250.2672902006243,0.0,0.0,1,1,1
ST003390,hsa00240,Pyrimidine Metabolism,0.2,28,imputation,4,3,1,Cytidine,Cytidine,250.2672902006243,250.2672902006243,0.0,0.0,1,1,1
ST003390,hsa00240,Pyrimidine Metabolism,0.2,29,imputation,4,3,1,Pseudouridine,Pseudouridine,22384.056827521737,22384.056827521737,0.0,0.0,1,1,1
ST003390,hsa00240,Pyrimidine Metabolism,0.2,30,imputation,4,3,1,Cytidine,Cytidine,250.2672902006243,250.2672902006243,0.0,0.0,1,1,1
ST003390,hsa00240,Pyrimidine Metabolism,0.2,31,imputation,4,3,1,Pseudouridine,Pseudouridine,22384.056827521737,22384.056827521737,0.0,0.0,1,1,1
ST003390,hsa00240,Pyrimidine Metabolism,0.2,32,imputation,4,3,1,Cytidine,Cytidine,250.2672902006243,250.2672902006243,0.0,0.0,1,1,1
ST003390,hsa00240,Pyrimidine Metabolism,0.2,33,imputation,4,3,1,Uracil,Uracil,86.49203840976588,86.49203840976588,0.0,0.0,1,1,1
ST003390,hsa00240,Pyrimidine Metabolism,0.2,34,imputation,4,3,1,Pseudouridine,Pseudouridine,22384.056827521737,22384.056827521737,0.0,0.0,1,1,1
ST003390,hsa00240,Pyrimidine Metabolism,0.2,35,imputation,4,3,1,Pseudouridine,Pseudouridine,22384.056827521737,22384.056827521737,0.0,0.0,1,1,1
ST003390,hsa00240,Pyrimidine Metabolism,0.2,36,imputation,4,3,1,Dihydrothymine,Dihydrothymine,433142383.56399715,433142383.56399715,0.0,0.0,1,1,1
ST003390,hsa00240,Pyrimidine Metabolism,0.2,37,imputation,4,3,1,Dihydrothymine,Dihydrothymine,433142383.56399715,433142383.56399715,0.0,0.0,1,1,1
ST003390,hsa00240,Pyrimidine Metabolism,0.2,38,imputation,4,3,1,Pseudouridine,Pseudouridine,22384.056827521737,22384.056827521737,0.0,0.0,1,1,1
ST003390,hsa00240,Pyrimidine Metabolism,0.2,39,imputation,4,3,1,Uracil,Uracil,86.49203840976588,86.49203840976588,0.0,0.0,1,1,1
ST003390,hsa00240,Pyrimidine Metabolism,0.2,40,imputation,4,3,1,Dihydrothymine,Dihydrothymine,433142383.56399715,433142383.56399715,0.0,0.0,1,1,1
ST003390,hsa00240,Pyrimidine Metabolism,0.2,41,imputation,4,3,1,Uracil,Uracil,86.49203840976588,86.49203840976588,0.0,0.0,1,1,1
ST003390,hsa00240,Pyrimidine Metabolism,0.2,42,imputation,4,3,1,Pseudouridine,Pseudouridine,22384.056827521737,22384.056827521737,0.0,0.0,1,1,1
ST003390,hsa00240,Pyrimidine Metabolism,0.2,43,imputation,4,3,1,Dihydrothymine,Dihydrothymine,433142383.56399715,433142383.56399715,0.0,0.0,1,1,1
ST003390,hsa00240,Pyrimidine Metabolism,0.2,44,imputation,4,3,1,Cytidine,Cytidine,250.2672902006243,250.2672902006243,0.0,0.0,1,1,1
ST003390,hsa00240,Pyrimidine Metabolism,0.2,45,imputation,4,3,1,Dihydrothymine,Dihydrothymine,433142383.56399715,433142383.56399715,0.0,0.0,1,1,1
ST003390,hsa00240,Pyrimidine Metabolism,0.2,46,imputation,4,3,1,Uracil,Uracil,86.49203840976588,86.49203840976588,0.0,0.0,1,1,1
ST003390,hsa00240,Pyrimidine Metabolism,0.2,47,imputation,4,3,1,Cytidine,Cytidine,250.2672902006243,250.2672902006243,0.0,0.0,1,1,1
ST003390,hsa00240,Pyrimidine Metabolism,0.2,48,imputation,4,3,1,Dihydrothymine,Dihydrothymine,433142383.56399715,433142383.56399715,0.0,0.0,1,1,1
ST003390,hsa00240,Pyrimidine Metabolism,0.2,49,imputation,4,3,1,Cytidine,Cytidine,250.2672902006243,250.2672902006243,0.0,0.0,1,1,1
ST003390,hsa00240,Pyrimidine Metabolism,0.2,50,imputation,4,3,1,Uracil,Uracil,86.49203840976588,86.49203840976588,0.0,0.0,1,1,1
ST003390,hsa00240,Pyrimidine Metabolism,0.2,51,imputation,4,3,1,Uracil,Uracil,86.49203840976588,86.49203840976588,0.0,0.0,1,1,1
ST003390,hsa00240,Pyrimidine Metabolism,0.2,52,imputation,4,3,1,Dihydrothymine,Dihydrothymine,433142383.56399715,433142383.56399715,0.0,0.0,1,1,1
ST003390,hsa00240,Pyrimidine Metabolism,0.2,53,imputation,4,3,1,Dihydrothymine,Dihydrothymine,433142383.56399715,433142383.56399715,0.0,0.0,1,1,1
ST003390,hsa00240,Pyrimidine Metabolism,0.2,54,imputation,4,3,1,Pseudouridine,Pseudouridine,22384.056827521737,22384.056827521737,0.0,0.0,1,1,1
ST003390,hsa00240,Pyrimidine Metabolism,0.2,55,imputation,4,3,1,Dihydrothymine,Dihydrothymine,433142383.56399715,433142383.56399715,0.0,0.0,1,1,1
ST003390,hsa00240,Pyrimidine Metabolism,0.2,56,imputation,4,3,1,Pseudouridine,Pseudouridine,22384.056827521737,22384.056827521737,0.0,0.0,1,1,1
ST003390,hsa00240,Pyrimidine Metabolism,0.2,57,imputation,4,3,1,Uracil,Uracil,86.49203840976588,86.49203840976588,0.0,0.0,1,1,1
ST003390,hsa00240,Pyrimidine Metabolism,0.2,58,imputation,4,3,1,Dihydrothymine,Dihydrothymine,433142383.56399715,433142383.56399715,0.0,0.0,1,1,1
ST003390,hsa00240,Pyrimidine Metabolism,0.2,59,imputation,4,3,1,Dihydrothymine,Dihydrothymine,433142383.56399715,433142383.56399715,0.0,0.0,1,1,1
ST003390,hsa00240,Pyrimidine Metabolism,0.2,60,imputation,4,3,1,Dihydrothymine,Dihydrothymine,433142383.56399715,433142383.56399715,0.0,0.0,1,1,1
ST003390,hsa00240,Pyrimidine Metabolism,0.2,61,imputation,4,3,1,Uracil,Uracil,86.49203840976588,86.49203840976588,0.0,0.0,1,1,1
ST003390,hsa00240,Pyrimidine Metabolism,0.2,62,imputation,4,3,1,Cytidine,Cytidine,250.2672902006243,250.2672902006243,0.0,0.0,1,1,1
ST003390,hsa00240,Pyrimidine Metabolism,0.2,63,imputation,4,3,1,Pseudouridine,Pseudouridine,22384.056827521737,22384.056827521737,0.0,0.0,1,1,1
ST003390,hsa00240,Pyrimidine Metabolism,0.2,64,imputation,4,3,1,Uracil,Uracil,86.49203840976588,86.49203840976588,0.0,0.0,1,1,1
ST003390,hsa00240,Pyrimidine Metabolism,0.2,65,imputation,4,3,1,Dihydrothymine,Dihydrothymine,433142383.56399715,433142383.56399715,0.0,0.0,1,1,1
ST003390,hsa00240,Pyrimidine Metabolism,0.2,66,imputation,4,3,1,Dihydrothymine,Dihydrothymine,433142383.56399715,433142383.56399715,0.0,0.0,1,1,1
ST003390,hsa00240,Pyrimidine Metabolism,0.2,67,imputation,4,3,1,Pseudouridine,Pseudouridine,22384.056827521737,22384.056827521737,0.0,0.0,1,1,1
ST003390,hsa00240,Pyrimidine Metabolism,0.2,68,imputation,4,3,1,Uracil,Uracil,86.49203840976588,86.49203840976588,0.0,0.0,1,1,1
ST003390,hsa00240,Pyrimidine Metabolism,0.2,69,imputation,4,3,1,Dihydrothymine,Dihydrothymine,433142383.56399715,433142383.56399715,0.0,0.0,1,1,1
ST003390,hsa00240,Pyrimidine Metabolism,0.2,70,imputation,4,3,1,Uracil,Uracil,86.49203840976588,86.49203840976588,0.0,0.0,1,1,1
ST003390,hsa00240,Pyrimidine Metabolism,0.2,71,imputation,4,3,1,Cytidine,Cytidine,250.2672902006243,250.2672902006243,0.0,0.0,1,1,1
ST003390,hsa00240,Pyrimidine Metabolism,0.2,72,imputation,4,3,1,Dihydrothymine,Dihydrothymine,433142383.56399715,433142383.56399715,0.0,0.0,1,1,1
ST003390,hsa00240,Pyrimidine Metabolism,0.2,73,imputation,4,3,1,Pseudouridine,Pseudouridine,22384.056827521737,22384.056827521737,0.0,0.0,1,1,1
ST003390,hsa00240,Pyrimidine Metabolism,0.2,74,imputation,4,3,1,Pseudouridine,Pseudouridine,22384.056827521737,22384.056827521737,0.0,0.0,1,1,1
ST003390,hsa00240,Pyrimidine Metabolism,0.2,75,imputation,4,3,1,Dihydrothymine,Dihydrothymine,433142383.56399715,433142383.56399715,0.0,0.0,1,1,1
ST003390,hsa00240,Pyrimidine Metabolism,0.2,76,imputation,4,3,1,Dihydrothymine,Dihydrothymine,433142383.56399715,433142383.56399715,0.0,0.0,1,1,1
ST003390,hsa00240,Pyrimidine Metabolism,0.2,77,imputation,4,3,1,Pseudouridine,Pseudouridine,22384.056827521737,22384.056827521737,0.0,0.0,1,1,1
ST003390,hsa00240,Pyrimidine Metabolism,0.2,78,imputation,4,3,1,Dihydrothymine,Dihydrothymine,433142383.56399715,433142383.56399715,0.0,0.0,1,1,1
ST003390,hsa00240,Pyrimidine Metabolism,0.2,79,imputation,4,3,1,Cytidine,Cytidine,250.2672902006243,250.2672902006243,0.0,0.0,1,1,1
ST003390,hsa00240,Pyrimidine Metabolism,0.2,80,imputation,4,3,1,Dihydrothymine,Dihydrothymine,433142383.56399715,433142383.56399715,0.0,0.0,1,1,1
ST003390,hsa00240,Pyrimidine Metabolism,0.2,81,imputation,4,3,1,Cytidine,Cytidine,250.2672902006243,250.2672902006243,0.0,0.0,1,1,1
ST003390,hsa00240,Pyrimidine Metabolism,0.2,82,imputation,4,3,1,Pseudouridine,Pseudouridine,22384.056827521737,22384.056827521737,0.0,0.0,1,1,1
ST003390,hsa00240,Pyrimidine Metabolism,0.2,83,imputation,4,3,1,Dihydrothymine,Dihydrothymine,433142383.56399715,433142383.56399715,0.0,0.0,1,1,1
ST003390,hsa00240,Pyrimidine Metabolism,0.2,84,imputation,4,3,1,Cytidine,Cytidine,250.2672902006243,250.2672902006243,0.0,0.0,1,1,1
ST003390,hsa00240,Pyrimidine Metabolism,0.2,85,imputation,4,3,1,Cytidine,Cytidine,250.2672902006243,250.2672902006243,0.0,0.0,1,1,1
ST003390,hsa00240,Pyrimidine Metabolism,0.2,86,imputation,4,3,1,Dihydrothymine,Dihydrothymine,433142383.56399715,433142383.56399715,0.0,0.0,1,1,1
ST003390,hsa00240,Pyrimidine Metabolism,0.2,87,imputation,4,3,1,Pseudouridine,Pseudouridine,22384.056827521737,22384.056827521737,0.0,0.0,1,1,1
ST003390,hsa00240,Pyrimidine Metabolism,0.2,88,imputation,4,3,1,Uracil,Uracil,86.49203840976588,86.49203840976588,0.0,0.0,1,1,1
ST003390,hsa00240,Pyrimidine Metabolism,0.2,89,imputation,4,3,1,Pseudouridine,Pseudouridine,22384.056827521737,22384.056827521737,0.0,0.0,1,1,1
ST003390,hsa00240,Pyrimidine Metabolism,0.2,90,imputation,4,3,1,Uracil,Uracil,86.49203840976588,86.49203840976588,0.0,0.0,1,1,1
ST003390,hsa00240,Pyrimidine Metabolism,0.2,91,imputation,4,3,1,Uracil,Uracil,86.49203840976588,86.49203840976588,0.0,0.0,1,1,1
ST003390,hsa00240,Pyrimidine Metabolism,0.2,92,imputation,4,3,1,Uracil,Uracil,86.49203840976588,86.49203840976588,0.0,0.0,1,1,1
ST003390,hsa00240,Pyrimidine Metabolism,0.2,93,imputation,4,3,1,Pseudouridine,Pseudouridine,22384.056827521737,22384.056827521737,0.0,0.0,1,1,1
ST003390,hsa00240,Pyrimidine Metabolism,0.2,94,imputation,4,3,1,Uracil,Uracil,86.49203840976588,86.49203840976588,0.0,0.0,1,1,1
ST003390,hsa00240,Pyrimidine Metabolism,0.2,95,imputation,4,3,1,Cytidine,Cytidine,250.2672902006243,250.2672902006243,0.0,0.0,1,1,1
ST003390,hsa00240,Pyrimidine Metabolism,0.2,96,imputation,4,3,1,Dihydrothymine,Dihydrothymine,433142383.56399715,433142383.56399715,0.0,0.0,1,1,1
ST003390,hsa00240,Pyrimidine Metabolism,0.2,97,imputation,4,3,1,Cytidine,Cytidine,250.2672902006243,250.2672902006243,0.0,0.0,1,1,1
ST003390,hsa00240,Pyrimidine Metabolism,0.2,98,imputation,4,3,1,Cytidine,Cytidine,250.2672902006243,250.2672902006243,0.0,0.0,1,1,1
ST003390,hsa00240,Pyrimidine Metabolism,0.2,99,imputation,4,3,1,Cytidine,Cytidine,250.2672902006243,250.2672902006243,0.0,0.0,1,1,1
ST003390,hsa00240,Pyrimidine Metabolism,0.2,100,imputation,4,3,1,Uracil,Uracil,86.49203840976588,86.49203840976588,0.0,0.0,1,1,1
ST003390,hsa00240,Pyrimidine Metabolism,0.3,1,imputation,4,2,2,Dihydrothymine,Dihydrothymine,433142383.56399715,433142383.56399715,0.0,0.0,1,1,1
ST003390,hsa00240,Pyrimidine Metabolism,0.3,2,imputation,4,2,2,Pseudouridine,Pseudouridine,22384.056827521737,22384.056827521737,0.0,0.0,1,1,1
ST003390,hsa00240,Pyrimidine Metabolism,0.3,3,imputation,4,2,2,Dihydrothymine,Dihydrothymine,433142383.56399715,433142383.56399715,0.0,0.0,1,1,1
ST003390,hsa00240,Pyrimidine Metabolism,0.3,4,imputation,4,2,2,Dihydrothymine,Dihydrothymine,433142383.56399715,433142383.56399715,0.0,0.0,1,1,1
ST003390,hsa00240,Pyrimidine Metabolism,0.3,5,imputation,4,2,2,Pseudouridine,Pseudouridine,22384.056827521737,22384.056827521737,0.0,0.0,1,1,1
ST003390,hsa00240,Pyrimidine Metabolism,0.3,6,imputation,4,2,2,Pseudouridine,Pseudouridine,22384.056827521737,22384.056827521737,0.0,0.0,1,1,1
ST003390,hsa00240,Pyrimidine Metabolism,0.3,7,imputation,4,2,2,Dihydrothymine,Dihydrothymine,433142383.56399715,433142383.56399715,0.0,0.0,1,1,1
ST003390,hsa00240,Pyrimidine Metabolism,0.3,8,imputation,4,2,2,Dihydrothymine,Dihydrothymine,433142383.56399715,433142383.56399715,0.0,0.0,1,1,1
ST003390,hsa00240,Pyrimidine Metabolism,0.3,9,imputation,4,2,2,Dihydrothymine,Dihydrothymine,433142383.56399715,433142383.56399715,0.0,0.0,1,1,1
ST003390,hsa00240,Pyrimidine Metabolism,0.3,10,imputation,4,2,2,Pseudouridine,Pseudouridine,22384.056827521737,22384.056827521737,0.0,0.0,1,1,1
ST003390,hsa00240,Pyrimidine Metabolism,0.3,11,imputation,4,2,2,Dihydrothymine,Dihydrothymine,433142383.56399715,433142383.56399715,0.0,0.0,1,1,1
ST003390,hsa00240,Pyrimidine Metabolism,0.3,12,imputation,4,2,2,Dihydrothymine,Dihydrothymine,433142383.56399715,433142383.56399715,0.0,0.0,1,1,1
ST003390,hsa00240,Pyrimidine Metabolism,0.3,13,imputation,4,2,2,Cytidine,Cytidine,250.2672902006243,250.2672902006243,0.0,0.0,1,1,1
ST003390,hsa00240,Pyrimidine Metabolism,0.3,14,imputation,4,2,2,Dihydrothymine,Dihydrothymine,433142383.56399715,433142383.56399715,0.0,0.0,1,1,1
ST003390,hsa00240,Pyrimidine Metabolism,0.3,15,imputation,4,2,2,Dihydrothymine,Dihydrothymine,433142383.56399715,433142383.56399715,0.0,0.0,1,1,1
ST003390,hsa00240,Pyrimidine Metabolism,0.3,16,imputation,4,2,2,Dihydrothymine,Dihydrothymine,433142383.56399715,433142383.56399715,0.0,0.0,1,1,1
ST003390,hsa00240,Pyrimidine Metabolism,0.3,17,imputation,4,2,2,Dihydrothymine,Dihydrothymine,433142383.56399715,433142383.56399715,0.0,0.0,1,1,1
ST003390,hsa00240,Pyrimidine Metabolism,0.3,18,imputation,4,2,2,Dihydrothymine,Dihydrothymine,433142383.56399715,433142383.56399715,0.0,0.0,1,1,1
ST003390,hsa00240,Pyrimidine Metabolism,0.3,19,imputation,4,2,2,Cytidine,Cytidine,250.2672902006243,250.2672902006243,0.0,0.0,1,1,1
ST003390,hsa00240,Pyrimidine Metabolism,0.3,20,imputation,4,2,2,Dihydrothymine,Dihydrothymine,433142383.56399715,433142383.56399715,0.0,0.0,1,1,1
ST003390,hsa00240,Pyrimidine Metabolism,0.3,21,imputation,4,2,2,Dihydrothymine,Dihydrothymine,433142383.56399715,433142383.56399715,0.0,0.0,1,1,1
ST003390,hsa00240,Pyrimidine Metabolism,0.3,22,imputation,4,2,2,Cytidine,Cytidine,250.2672902006243,250.2672902006243,0.0,0.0,1,1,1
ST003390,hsa00240,Pyrimidine Metabolism,0.3,23,imputation,4,2,2,Dihydrothymine,Dihydrothymine,433142383.56399715,433142383.56399715,0.0,0.0,1,1,1
ST003390,hsa00240,Pyrimidine Metabolism,0.3,24,imputation,4,2,2,Dihydrothymine,Dihydrothymine,433142383.56399715,433142383.56399715,0.0,0.0,1,1,1
ST003390,hsa00240,Pyrimidine Metabolism,0.3,25,imputation,4,2,2,Cytidine,Cytidine,250.2672902006243,250.2672902006243,0.0,0.0,1,1,1
ST003390,hsa00240,Pyrimidine Metabolism,0.3,26,imputation,4,2,2,Pseudouridine,Pseudouridine,22384.056827521737,22384.056827521737,0.0,0.0,1,1,1
ST003390,hsa00240,Pyrimidine Metabolism,0.3,27,imputation,4,2,2,Cytidine,Cytidine,250.2672902006243,250.2672902006243,0.0,0.0,1,1,1
ST003390,hsa00240,Pyrimidine Metabolism,0.3,28,imputation,4,2,2,Dihydrothymine,Dihydrothymine,433142383.56399715,433142383.56399715,0.0,0.0,1,1,1
ST003390,hsa00240,Pyrimidine Metabolism,0.3,29,imputation,4,2,2,Pseudouridine,Pseudouridine,22384.056827521737,22384.056827521737,0.0,0.0,1,1,1
ST003390,hsa00240,Pyrimidine Metabolism,0.3,30,imputation,4,2,2,Pseudouridine,Pseudouridine,22384.056827521737,22384.056827521737,0.0,0.0,1,1,1
ST003390,hsa00240,Pyrimidine Metabolism,0.3,31,imputation,4,2,2,Pseudouridine,Pseudouridine,22384.056827521737,22384.056827521737,0.0,0.0,1,1,1
ST003390,hsa00240,Pyrimidine Metabolism,0.3,32,imputation,4,2,2,Dihydrothymine,Dihydrothymine,433142383.56399715,433142383.56399715,0.0,0.0,1,1,1
ST003390,hsa00240,Pyrimidine Metabolism,0.3,33,imputation,4,2,2,Pseudouridine,Pseudouridine,22384.056827521737,22384.056827521737,0.0,0.0,1,1,1
ST003390,hsa00240,Pyrimidine Metabolism,0.3,34,imputation,4,2,2,Dihydrothymine,Dihydrothymine,433142383.56399715,433142383.56399715,0.0,0.0,1,1,1
ST003390,hsa00240,Pyrimidine Metabolism,0.3,35,imputation,4,2,2,Dihydrothymine,Dihydrothymine,433142383.56399715,433142383.56399715,0.0,0.0,1,1,1
ST003390,hsa00240,Pyrimidine Metabolism,0.3,36,imputation,4,2,2,Dihydrothymine,Dihydrothymine,433142383.56399715,433142383.56399715,0.0,0.0,1,1,1
ST003390,hsa00240,Pyrimidine Metabolism,0.3,37,imputation,4,2,2,Dihydrothymine,Dihydrothymine,433142383.56399715,433142383.56399715,0.0,0.0,1,1,1
ST003390,hsa00240,Pyrimidine Metabolism,0.3,38,imputation,4,2,2,Dihydrothymine,Dihydrothymine,433142383.56399715,433142383.56399715,0.0,0.0,1,1,1
ST003390,hsa00240,Pyrimidine Metabolism,0.3,39,imputation,4,2,2,Dihydrothymine,Dihydrothymine,433142383.56399715,433142383.56399715,0.0,0.0,1,1,1
ST003390,hsa00240,Pyrimidine Metabolism,0.3,40,imputation,4,2,2,Dihydrothymine,Dihydrothymine,433142383.56399715,433142383.56399715,0.0,0.0,1,1,1
ST003390,hsa00240,Pyrimidine Metabolism,0.3,41,imputation,4,2,2,Dihydrothymine,Dihydrothymine,433142383.56399715,433142383.56399715,0.0,0.0,1,1,1
ST003390,hsa00240,Pyrimidine Metabolism,0.3,42,imputation,4,2,2,Pseudouridine,Pseudouridine,22384.056827521737,22384.056827521737,0.0,0.0,1,1,1
ST003390,hsa00240,Pyrimidine Metabolism,0.3,43,imputation,4,2,2,Dihydrothymine,Dihydrothymine,433142383.56399715,433142383.56399715,0.0,0.0,1,1,1
ST003390,hsa00240,Pyrimidine Metabolism,0.3,44,imputation,4,2,2,Pseudouridine,Pseudouridine,22384.056827521737,22384.056827521737,0.0,0.0,1,1,1
ST003390,hsa00240,Pyrimidine Metabolism,0.3,45,imputation,4,2,2,Dihydrothymine,Dihydrothymine,433142383.56399715,433142383.56399715,0.0,0.0,1,1,1
ST003390,hsa00240,Pyrimidine Metabolism,0.3,46,imputation,4,2,2,Cytidine,Cytidine,250.2672902006243,250.2672902006243,0.0,0.0,1,1,1
ST003390,hsa00240,Pyrimidine Metabolism,0.3,47,imputation,4,2,2,Pseudouridine,Pseudouridine,22384.056827521737,22384.056827521737,0.0,0.0,1,1,1
ST003390,hsa00240,Pyrimidine Metabolism,0.3,48,imputation,4,2,2,Dihydrothymine,Dihydrothymine,433142383.56399715,433142383.56399715,0.0,0.0,1,1,1
ST003390,hsa00240,Pyrimidine Metabolism,0.3,49,imputation,4,2,2,Pseudouridine,Pseudouridine,22384.056827521737,22384.056827521737,0.0,0.0,1,1,1
ST003390,hsa00240,Pyrimidine Metabolism,0.3,50,imputation,4,2,2,Pseudouridine,Pseudouridine,22384.056827521737,22384.056827521737,0.0,0.0,1,1,1
ST003390,hsa00240,Pyrimidine Metabolism,0.3,51,imputation,4,2,2,Pseudouridine,Pseudouridine,22384.056827521737,22384.056827521737,0.0,0.0,1,1,1
ST003390,hsa00240,Pyrimidine Metabolism,0.3,52,imputation,4,2,2,Dihydrothymine,Dihydrothymine,433142383.56399715,433142383.56399715,0.0,0.0,1,1,1
ST003390,hsa00240,Pyrimidine Metabolism,0.3,53,imputation,4,2,2,Dihydrothymine,Dihydrothymine,433142383.56399715,433142383.56399715,0.0,0.0,1,1,1
ST003390,hsa00240,Pyrimidine Metabolism,0.3,54,imputation,4,2,2,Dihydrothymine,Dihydrothymine,433142383.56399715,433142383.56399715,0.0,0.0,1,1,1
ST003390,hsa00240,Pyrimidine Metabolism,0.3,55,imputation,4,2,2,Dihydrothymine,Dihydrothymine,433142383.56399715,433142383.56399715,0.0,0.0,1,1,1
ST003390,hsa00240,Pyrimidine Metabolism,0.3,56,imputation,4,2,2,Pseudouridine,Pseudouridine,22384.056827521737,22384.056827521737,0.0,0.0,1,1,1
ST003390,hsa00240,Pyrimidine Metabolism,0.3,57,imputation,4,2,2,Dihydrothymine,Dihydrothymine,433142383.56399715,433142383.56399715,0.0,0.0,1,1,1
ST003390,hsa00240,Pyrimidine Metabolism,0.3,58,imputation,4,2,2,Dihydrothymine,Dihydrothymine,433142383.56399715,433142383.56399715,0.0,0.0,1,1,1
ST003390,hsa00240,Pyrimidine Metabolism,0.3,59,imputation,4,2,2,Dihydrothymine,Dihydrothymine,433142383.56399715,433142383.56399715,0.0,0.0,1,1,1
ST003390,hsa00240,Pyrimidine Metabolism,0.3,60,imputation,4,2,2,Dihydrothymine,Dihydrothymine,433142383.56399715,433142383.56399715,0.0,0.0,1,1,1
ST003390,hsa00240,Pyrimidine Metabolism,0.3,61,imputation,4,2,2,Pseudouridine,Pseudouridine,22384.056827521737,22384.056827521737,0.0,0.0,1,1,1
ST003390,hsa00240,Pyrimidine Metabolism,0.3,62,imputation,4,2,2,Cytidine,Cytidine,250.2672902006243,250.2672902006243,0.0,0.0,1,1,1
ST003390,hsa00240,Pyrimidine Metabolism,0.3,63,imputation,4,2,2,Pseudouridine,Pseudouridine,22384.056827521737,22384.056827521737,0.0,0.0,1,1,1
ST003390,hsa00240,Pyrimidine Metabolism,0.3,64,imputation,4,2,2,Cytidine,Cytidine,250.2672902006243,250.2672902006243,0.0,0.0,1,1,1
ST003390,hsa00240,Pyrimidine Metabolism,0.3,65,imputation,4,2,2,Dihydrothymine,Dihydrothymine,433142383.56399715,433142383.56399715,0.0,0.0,1,1,1
ST003390,hsa00240,Pyrimidine Metabolism,0.3,66,imputation,4,2,2,Dihydrothymine,Dihydrothymine,433142383.56399715,433142383.56399715,0.0,0.0,1,1,1
ST003390,hsa00240,Pyrimidine Metabolism,0.3,67,imputation,4,2,2,Pseudouridine,Pseudouridine,22384.056827521737,22384.056827521737,0.0,0.0,1,1,1
ST003390,hsa00240,Pyrimidine Metabolism,0.3,68,imputation,4,2,2,Pseudouridine,Pseudouridine,22384.056827521737,22384.056827521737,0.0,0.0,1,1,1
ST003390,hsa00240,Pyrimidine Metabolism,0.3,69,imputation,4,2,2,Dihydrothymine,Dihydrothymine,433142383.56399715,433142383.56399715,0.0,0.0,1,1,1
ST003390,hsa00240,Pyrimidine Metabolism,0.3,70,imputation,4,2,2,Pseudouridine,Pseudouridine,22384.056827521737,22384.056827521737,0.0,0.0,1,1,1
ST003390,hsa00240,Pyrimidine Metabolism,0.3,71,imputation,4,2,2,Pseudouridine,Pseudouridine,22384.056827521737,22384.056827521737,0.0,0.0,1,1,1
ST003390,hsa00240,Pyrimidine Metabolism,0.3,72,imputation,4,2,2,Dihydrothymine,Dihydrothymine,433142383.56399715,433142383.56399715,0.0,0.0,1,1,1
ST003390,hsa00240,Pyrimidine Metabolism,0.3,73,imputation,4,2,2,Pseudouridine,Pseudouridine,22384.056827521737,22384.056827521737,0.0,0.0,1,1,1
ST003390,hsa00240,Pyrimidine Metabolism,0.3,74,imputation,4,2,2,Pseudouridine,Pseudouridine,22384.056827521737,22384.056827521737,0.0,0.0,1,1,1
ST003390,hsa00240,Pyrimidine Metabolism,0.3,75,imputation,4,2,2,Dihydrothymine,Dihydrothymine,433142383.56399715,433142383.56399715,0.0,0.0,1,1,1
ST003390,hsa00240,Pyrimidine Metabolism,0.3,76,imputation,4,2,2,Dihydrothymine,Dihydrothymine,433142383.56399715,433142383.56399715,0.0,0.0,1,1,1
ST003390,hsa00240,Pyrimidine Metabolism,0.3,77,imputation,4,2,2,Pseudouridine,Pseudouridine,22384.056827521737,22384.056827521737,0.0,0.0,1,1,1
ST003390,hsa00240,Pyrimidine Metabolism,0.3,78,imputation,4,2,2,Dihydrothymine,Dihydrothymine,433142383.56399715,433142383.56399715,0.0,0.0,1,1,1
ST003390,hsa00240,Pyrimidine Metabolism,0.3,79,imputation,4,2,2,Cytidine,Cytidine,250.2672902006243,250.2672902006243,0.0,0.0,1,1,1
ST003390,hsa00240,Pyrimidine Metabolism,0.3,80,imputation,4,2,2,Dihydrothymine,Dihydrothymine,433142383.56399715,433142383.56399715,0.0,0.0,1,1,1
ST003390,hsa00240,Pyrimidine Metabolism,0.3,81,imputation,4,2,2,Dihydrothymine,Dihydrothymine,433142383.56399715,433142383.56399715,0.0,0.0,1,1,1
ST003390,hsa00240,Pyrimidine Metabolism,0.3,82,imputation,4,2,2,Pseudouridine,Pseudouridine,22384.056827521737,22384.056827521737,0.0,0.0,1,1,1
ST003390,hsa00240,Pyrimidine Metabolism,0.3,83,imputation,4,2,2,Dihydrothymine,Dihydrothymine,433142383.56399715,433142383.56399715,0.0,0.0,1,1,1
ST003390,hsa00240,Pyrimidine Metabolism,0.3,84,imputation,4,2,2,Pseudouridine,Pseudouridine,22384.056827521737,22384.056827521737,0.0,0.0,1,1,1
ST003390,hsa00240,Pyrimidine Metabolism,0.3,85,imputation,4,2,2,Pseudouridine,Pseudouridine,22384.056827521737,22384.056827521737,0.0,0.0,1,1,1
ST003390,hsa00240,Pyrimidine Metabolism,0.3,86,imputation,4,2,2,Dihydrothymine,Dihydrothymine,433142383.56399715,433142383.56399715,0.0,0.0,1,1,1
ST003390,hsa00240,Pyrimidine Metabolism,0.3,87,imputation,4,2,2,Pseudouridine,Pseudouridine,22384.056827521737,22384.056827521737,0.0,0.0,1,1,1
ST003390,hsa00240,Pyrimidine Metabolism,0.3,88,imputation,4,2,2,Dihydrothymine,Dihydrothymine,433142383.56399715,433142383.56399715,0.0,0.0,1,1,1
ST003390,hsa00240,Pyrimidine Metabolism,0.3,89,imputation,4,2,2,Dihydrothymine,Dihydrothymine,433142383.56399715,433142383.56399715,0.0,0.0,1,1,1
ST003390,hsa00240,Pyrimidine Metabolism,0.3,90,imputation,4,2,2,Cytidine,Cytidine,250.2672902006243,250.2672902006243,0.0,0.0,1,1,1
ST003390,hsa00240,Pyrimidine Metabolism,0.3,91,imputation,4,2,2,Dihydrothymine,Dihydrothymine,433142383.56399715,433142383.56399715,0.0,0.0,1,1,1
ST003390,hsa00240,Pyrimidine Metabolism,0.3,92,imputation,4,2,2,Pseudouridine,Pseudouridine,22384.056827521737,22384.056827521737,0.0,0.0,1,1,1
ST003390,hsa00240,Pyrimidine Metabolism,0.3,93,imputation,4,2,2,Pseudouridine,Pseudouridine,22384.056827521737,22384.056827521737,0.0,0.0,1,1,1
ST003390,hsa00240,Pyrimidine Metabolism,0.3,94,imputation,4,2,2,Pseudouridine,Pseudouridine,22384.056827521737,22384.056827521737,0.0,0.0,1,1,1
ST003390,hsa00240,Pyrimidine Metabolism,0.3,95,imputation,4,2,2,Cytidine,Cytidine,250.2672902006243,250.2672902006243,0.0,0.0,1,1,1
ST003390,hsa00240,Pyrimidine Metabolism,0.3,96,imputation,4,2,2,Dihydrothymine,Dihydrothymine,433142383.56399715,433142383.56399715,0.0,0.0,1,1,1
ST003390,hsa00240,Pyrimidine Metabolism,0.3,97,imputation,4,2,2,Pseudouridine,Pseudouridine,22384.056827521737,22384.056827521737,0.0,0.0,1,1,1
ST003390,hsa00240,Pyrimidine Metabolism,0.3,98,imputation,4,2,2,Cytidine,Cytidine,250.2672902006243,250.2672902006243,0.0,0.0,1,1,1
ST003390,hsa00240,Pyrimidine Metabolism,0.3,99,imputation,4,2,2,Pseudouridine,Pseudouridine,22384.056827521737,22384.056827521737,0.0,0.0,1,1,1
ST003390,hsa00240,Pyrimidine Metabolism,0.3,100,imputation,4,2,2,Cytidine,Cytidine,250.2672902006243,250.2672902006243,0.0,0.0,1,1,1
ST003390,hsa00240,Pyrimidine Metabolism,0.4,1,imputation,4,2,2,Dihydrothymine,Dihydrothymine,433142383.56399715,433142383.56399715,0.0,0.0,1,1,1
ST003390,hsa00240,Pyrimidine Metabolism,0.4,2,imputation,4,2,2,Pseudouridine,Pseudouridine,22384.056827521737,22384.056827521737,0.0,0.0,1,1,1
ST003390,hsa00240,Pyrimidine Metabolism,0.4,3,imputation,4,2,2,Dihydrothymine,Dihydrothymine,433142383.56399715,433142383.56399715,0.0,0.0,1,1,1
ST003390,hsa00240,Pyrimidine Metabolism,0.4,4,imputation,4,2,2,Dihydrothymine,Dihydrothymine,433142383.56399715,433142383.56399715,0.0,0.0,1,1,1
ST003390,hsa00240,Pyrimidine Metabolism,0.4,5,imputation,4,2,2,Pseudouridine,Pseudouridine,22384.056827521737,22384.056827521737,0.0,0.0,1,1,1
ST003390,hsa00240,Pyrimidine Metabolism,0.4,6,imputation,4,2,2,Pseudouridine,Pseudouridine,22384.056827521737,22384.056827521737,0.0,0.0,1,1,1
ST003390,hsa00240,Pyrimidine Metabolism,0.4,7,imputation,4,2,2,Dihydrothymine,Dihydrothymine,433142383.56399715,433142383.56399715,0.0,0.0,1,1,1
ST003390,hsa00240,Pyrimidine Metabolism,0.4,8,imputation,4,2,2,Dihydrothymine,Dihydrothymine,433142383.56399715,433142383.56399715,0.0,0.0,1,1,1
ST003390,hsa00240,Pyrimidine Metabolism,0.4,9,imputation,4,2,2,Dihydrothymine,Dihydrothymine,433142383.56399715,433142383.56399715,0.0,0.0,1,1,1
ST003390,hsa00240,Pyrimidine Metabolism,0.4,10,imputation,4,2,2,Pseudouridine,Pseudouridine,22384.056827521737,22384.056827521737,0.0,0.0,1,1,1
ST003390,hsa00240,Pyrimidine Metabolism,0.4,11,imputation,4,2,2,Dihydrothymine,Dihydrothymine,433142383.56399715,433142383.56399715,0.0,0.0,1,1,1
ST003390,hsa00240,Pyrimidine Metabolism,0.4,12,imputation,4,2,2,Dihydrothymine,Dihydrothymine,433142383.56399715,433142383.56399715,0.0,0.0,1,1,1
ST003390,hsa00240,Pyrimidine Metabolism,0.4,13,imputation,4,2,2,Cytidine,Cytidine,250.2672902006243,250.2672902006243,0.0,0.0,1,1,1
ST003390,hsa00240,Pyrimidine Metabolism,0.4,14,imputation,4,2,2,Dihydrothymine,Dihydrothymine,433142383.56399715,433142383.56399715,0.0,0.0,1,1,1
ST003390,hsa00240,Pyrimidine Metabolism,0.4,15,imputation,4,2,2,Dihydrothymine,Dihydrothymine,433142383.56399715,433142383.56399715,0.0,0.0,1,1,1
ST003390,hsa00240,Pyrimidine Metabolism,0.4,16,imputation,4,2,2,Dihydrothymine,Dihydrothymine,433142383.56399715,433142383.56399715,0.0,0.0,1,1,1
ST003390,hsa00240,Pyrimidine Metabolism,0.4,17,imputation,4,2,2,Dihydrothymine,Dihydrothymine,433142383.56399715,433142383.56399715,0.0,0.0,1,1,1
ST003390,hsa00240,Pyrimidine Metabolism,0.4,18,imputation,4,2,2,Dihydrothymine,Dihydrothymine,433142383.56399715,433142383.56399715,0.0,0.0,1,1,1
ST003390,hsa00240,Pyrimidine Metabolism,0.4,19,imputation,4,2,2,Cytidine,Cytidine,250.2672902006243,250.2672902006243,0.0,0.0,1,1,1
ST003390,hsa00240,Pyrimidine Metabolism,0.4,20,imputation,4,2,2,Dihydrothymine,Dihydrothymine,433142383.56399715,433142383.56399715,0.0,0.0,1,1,1
ST003390,hsa00240,Pyrimidine Metabolism,0.4,21,imputation,4,2,2,Dihydrothymine,Dihydrothymine,433142383.56399715,433142383.56399715,0.0,0.0,1,1,1
ST003390,hsa00240,Pyrimidine Metabolism,0.4,22,imputation,4,2,2,Cytidine,Cytidine,250.2672902006243,250.2672902006243,0.0,0.0,1,1,1
ST003390,hsa00240,Pyrimidine Metabolism,0.4,23,imputation,4,2,2,Dihydrothymine,Dihydrothymine,433142383.56399715,433142383.56399715,0.0,0.0,1,1,1
ST003390,hsa00240,Pyrimidine Metabolism,0.4,24,imputation,4,2,2,Dihydrothymine,Dihydrothymine,433142383.56399715,433142383.56399715,0.0,0.0,1,1,1
ST003390,hsa00240,Pyrimidine Metabolism,0.4,25,imputation,4,2,2,Cytidine,Cytidine,250.2672902006243,250.2672902006243,0.0,0.0,1,1,1
ST003390,hsa00240,Pyrimidine Metabolism,0.4,26,imputation,4,2,2,Pseudouridine,Pseudouridine,22384.056827521737,22384.056827521737,0.0,0.0,1,1,1
ST003390,hsa00240,Pyrimidine Metabolism,0.4,27,imputation,4,2,2,Cytidine,Cytidine,250.2672902006243,250.2672902006243,0.0,0.0,1,1,1
ST003390,hsa00240,Pyrimidine Metabolism,0.4,28,imputation,4,2,2,Dihydrothymine,Dihydrothymine,433142383.56399715,433142383.56399715,0.0,0.0,1,1,1
ST003390,hsa00240,Pyrimidine Metabolism,0.4,29,imputation,4,2,2,Pseudouridine,Pseudouridine,22384.056827521737,22384.056827521737,0.0,0.0,1,1,1
ST003390,hsa00240,Pyrimidine Metabolism,0.4,30,imputation,4,2,2,Pseudouridine,Pseudouridine,22384.056827521737,22384.056827521737,0.0,0.0,1,1,1
ST003390,hsa00240,Pyrimidine Metabolism,0.4,31,imputation,4,2,2,Pseudouridine,Pseudouridine,22384.056827521737,22384.056827521737,0.0,0.0,1,1,1
ST003390,hsa00240,Pyrimidine Metabolism,0.4,32,imputation,4,2,2,Dihydrothymine,Dihydrothymine,433142383.56399715,433142383.56399715,0.0,0.0,1,1,1
ST003390,hsa00240,Pyrimidine Metabolism,0.4,33,imputation,4,2,2,Pseudouridine,Pseudouridine,22384.056827521737,22384.056827521737,0.0,0.0,1,1,1
ST003390,hsa00240,Pyrimidine Metabolism,0.4,34,imputation,4,2,2,Dihydrothymine,Dihydrothymine,433142383.56399715,433142383.56399715,0.0,0.0,1,1,1
ST003390,hsa00240,Pyrimidine Metabolism,0.4,35,imputation,4,2,2,Dihydrothymine,Dihydrothymine,433142383.56399715,433142383.56399715,0.0,0.0,1,1,1
ST003390,hsa00240,Pyrimidine Metabolism,0.4,36,imputation,4,2,2,Dihydrothymine,Dihydrothymine,433142383.56399715,433142383.56399715,0.0,0.0,1,1,1
ST003390,hsa00240,Pyrimidine Metabolism,0.4,37,imputation,4,2,2,Dihydrothymine,Dihydrothymine,433142383.56399715,433142383.56399715,0.0,0.0,1,1,1
ST003390,hsa00240,Pyrimidine Metabolism,0.4,38,imputation,4,2,2,Dihydrothymine,Dihydrothymine,433142383.56399715,433142383.56399715,0.0,0.0,1,1,1
ST003390,hsa00240,Pyrimidine Metabolism,0.4,39,imputation,4,2,2,Dihydrothymine,Dihydrothymine,433142383.56399715,433142383.56399715,0.0,0.0,1,1,1
ST003390,hsa00240,Pyrimidine Metabolism,0.4,40,imputation,4,2,2,Dihydrothymine,Dihydrothymine,433142383.56399715,433142383.56399715,0.0,0.0,1,1,1
ST003390,hsa00240,Pyrimidine Metabolism,0.4,41,imputation,4,2,2,Dihydrothymine,Dihydrothymine,433142383.56399715,433142383.56399715,0.0,0.0,1,1,1
ST003390,hsa00240,Pyrimidine Metabolism,0.4,42,imputation,4,2,2,Pseudouridine,Pseudouridine,22384.056827521737,22384.056827521737,0.0,0.0,1,1,1
ST003390,hsa00240,Pyrimidine Metabolism,0.4,43,imputation,4,2,2,Dihydrothymine,Dihydrothymine,433142383.56399715,433142383.56399715,0.0,0.0,1,1,1
ST003390,hsa00240,Pyrimidine Metabolism,0.4,44,imputation,4,2,2,Pseudouridine,Pseudouridine,22384.056827521737,22384.056827521737,0.0,0.0,1,1,1
ST003390,hsa00240,Pyrimidine Metabolism,0.4,45,imputation,4,2,2,Dihydrothymine,Dihydrothymine,433142383.56399715,433142383.56399715,0.0,0.0,1,1,1
ST003390,hsa00240,Pyrimidine Metabolism,0.4,46,imputation,4,2,2,Cytidine,Cytidine,250.2672902006243,250.2672902006243,0.0,0.0,1,1,1
ST003390,hsa00240,Pyrimidine Metabolism,0.4,47,imputation,4,2,2,Pseudouridine,Pseudouridine,22384.056827521737,22384.056827521737,0.0,0.0,1,1,1
ST003390,hsa00240,Pyrimidine Metabolism,0.4,48,imputation,4,2,2,Dihydrothymine,Dihydrothymine,433142383.56399715,433142383.56399715,0.0,0.0,1,1,1
ST003390,hsa00240,Pyrimidine Metabolism,0.4,49,imputation,4,2,2,Pseudouridine,Pseudouridine,22384.056827521737,22384.056827521737,0.0,0.0,1,1,1
ST003390,hsa00240,Pyrimidine Metabolism,0.4,50,imputation,4,2,2,Pseudouridine,Pseudouridine,22384.056827521737,22384.056827521737,0.0,0.0,1,1,1
ST003390,hsa00240,Pyrimidine Metabolism,0.4,51,imputation,4,2,2,Pseudouridine,Pseudouridine,22384.056827521737,22384.056827521737,0.0,0.0,1,1,1
ST003390,hsa00240,Pyrimidine Metabolism,0.4,52,imputation,4,2,2,Dihydrothymine,Dihydrothymine,433142383.56399715,433142383.56399715,0.0,0.0,1,1,1
ST003390,hsa00240,Pyrimidine Metabolism,0.4,53,imputation,4,2,2,Dihydrothymine,Dihydrothymine,433142383.56399715,433142383.56399715,0.0,0.0,1,1,1
ST003390,hsa00240,Pyrimidine Metabolism,0.4,54,imputation,4,2,2,Dihydrothymine,Dihydrothymine,433142383.56399715,433142383.56399715,0.0,0.0,1,1,1
ST003390,hsa00240,Pyrimidine Metabolism,0.4,55,imputation,4,2,2,Dihydrothymine,Dihydrothymine,433142383.56399715,433142383.56399715,0.0,0.0,1,1,1
ST003390,hsa00240,Pyrimidine Metabolism,0.4,56,imputation,4,2,2,Pseudouridine,Pseudouridine,22384.056827521737,22384.056827521737,0.0,0.0,1,1,1
ST003390,hsa00240,Pyrimidine Metabolism,0.4,57,imputation,4,2,2,Dihydrothymine,Dihydrothymine,433142383.56399715,433142383.56399715,0.0,0.0,1,1,1
ST003390,hsa00240,Pyrimidine Metabolism,0.4,58,imputation,4,2,2,Dihydrothymine,Dihydrothymine,433142383.56399715,433142383.56399715,0.0,0.0,1,1,1
ST003390,hsa00240,Pyrimidine Metabolism,0.4,59,imputation,4,2,2,Dihydrothymine,Dihydrothymine,433142383.56399715,433142383.56399715,0.0,0.0,1,1,1
ST003390,hsa00240,Pyrimidine Metabolism,0.4,60,imputation,4,2,2,Dihydrothymine,Dihydrothymine,433142383.56399715,433142383.56399715,0.0,0.0,1,1,1
ST003390,hsa00240,Pyrimidine Metabolism,0.4,61,imputation,4,2,2,Pseudouridine,Pseudouridine,22384.056827521737,22384.056827521737,0.0,0.0,1,1,1
ST003390,hsa00240,Pyrimidine Metabolism,0.4,62,imputation,4,2,2,Cytidine,Cytidine,250.2672902006243,250.2672902006243,0.0,0.0,1,1,1
ST003390,hsa00240,Pyrimidine Metabolism,0.4,63,imputation,4,2,2,Pseudouridine,Pseudouridine,22384.056827521737,22384.056827521737,0.0,0.0,1,1,1
ST003390,hsa00240,Pyrimidine Metabolism,0.4,64,imputation,4,2,2,Cytidine,Cytidine,250.2672902006243,250.2672902006243,0.0,0.0,1,1,1
ST003390,hsa00240,Pyrimidine Metabolism,0.4,65,imputation,4,2,2,Dihydrothymine,Dihydrothymine,433142383.56399715,433142383.56399715,0.0,0.0,1,1,1
ST003390,hsa00240,Pyrimidine Metabolism,0.4,66,imputation,4,2,2,Dihydrothymine,Dihydrothymine,433142383.56399715,433142383.56399715,0.0,0.0,1,1,1
ST003390,hsa00240,Pyrimidine Metabolism,0.4,67,imputation,4,2,2,Pseudouridine,Pseudouridine,22384.056827521737,22384.056827521737,0.0,0.0,1,1,1
ST003390,hsa00240,Pyrimidine Metabolism,0.4,68,imputation,4,2,2,Pseudouridine,Pseudouridine,22384.056827521737,22384.056827521737,0.0,0.0,1,1,1
ST003390,hsa00240,Pyrimidine Metabolism,0.4,69,imputation,4,2,2,Dihydrothymine,Dihydrothymine,433142383.56399715,433142383.56399715,0.0,0.0,1,1,1
ST003390,hsa00240,Pyrimidine Metabolism,0.4,70,imputation,4,2,2,Pseudouridine,Pseudouridine,22384.056827521737,22384.056827521737,0.0,0.0,1,1,1
ST003390,hsa00240,Pyrimidine Metabolism,0.4,71,imputation,4,2,2,Pseudouridine,Pseudouridine,22384.056827521737,22384.056827521737,0.0,0.0,1,1,1
ST003390,hsa00240,Pyrimidine Metabolism,0.4,72,imputation,4,2,2,Dihydrothymine,Dihydrothymine,433142383.56399715,433142383.56399715,0.0,0.0,1,1,1
ST003390,hsa00240,Pyrimidine Metabolism,0.4,73,imputation,4,2,2,Pseudouridine,Pseudouridine,22384.056827521737,22384.056827521737,0.0,0.0,1,1,1
ST003390,hsa00240,Pyrimidine Metabolism,0.4,74,imputation,4,2,2,Pseudouridine,Pseudouridine,22384.056827521737,22384.056827521737,0.0,0.0,1,1,1
ST003390,hsa00240,Pyrimidine Metabolism,0.4,75,imputation,4,2,2,Dihydrothymine,Dihydrothymine,433142383.56399715,433142383.56399715,0.0,0.0,1,1,1
ST003390,hsa00240,Pyrimidine Metabolism,0.4,76,imputation,4,2,2,Dihydrothymine,Dihydrothymine,433142383.56399715,433142383.56399715,0.0,0.0,1,1,1
ST003390,hsa00240,Pyrimidine Metabolism,0.4,77,imputation,4,2,2,Pseudouridine,Pseudouridine,22384.056827521737,22384.056827521737,0.0,0.0,1,1,1
ST003390,hsa00240,Pyrimidine Metabolism,0.4,78,imputation,4,2,2,Dihydrothymine,Dihydrothymine,433142383.56399715,433142383.56399715,0.0,0.0,1,1,1
ST003390,hsa00240,Pyrimidine Metabolism,0.4,79,imputation,4,2,2,Cytidine,Cytidine,250.2672902006243,250.2672902006243,0.0,0.0,1,1,1
ST003390,hsa00240,Pyrimidine Metabolism,0.4,80,imputation,4,2,2,Dihydrothymine,Dihydrothymine,433142383.56399715,433142383.56399715,0.0,0.0,1,1,1
ST003390,hsa00240,Pyrimidine Metabolism,0.4,81,imputation,4,2,2,Dihydrothymine,Dihydrothymine,433142383.56399715,433142383.56399715,0.0,0.0,1,1,1
ST003390,hsa00240,Pyrimidine Metabolism,0.4,82,imputation,4,2,2,Pseudouridine,Pseudouridine,22384.056827521737,22384.056827521737,0.0,0.0,1,1,1
ST003390,hsa00240,Pyrimidine Metabolism,0.4,83,imputation,4,2,2,Dihydrothymine,Dihydrothymine,433142383.56399715,433142383.56399715,0.0,0.0,1,1,1
ST003390,hsa00240,Pyrimidine Metabolism,0.4,84,imputation,4,2,2,Pseudouridine,Pseudouridine,22384.056827521737,22384.056827521737,0.0,0.0,1,1,1
ST003390,hsa00240,Pyrimidine Metabolism,0.4,85,imputation,4,2,2,Pseudouridine,Pseudouridine,22384.056827521737,22384.056827521737,0.0,0.0,1,1,1
ST003390,hsa00240,Pyrimidine Metabolism,0.4,86,imputation,4,2,2,Dihydrothymine,Dihydrothymine,433142383.56399715,433142383.56399715,0.0,0.0,1,1,1
ST003390,hsa00240,Pyrimidine Metabolism,0.4,87,imputation,4,2,2,Pseudouridine,Pseudouridine,22384.056827521737,22384.056827521737,0.0,0.0,1,1,1
ST003390,hsa00240,Pyrimidine Metabolism,0.4,88,imputation,4,2,2,Dihydrothymine,Dihydrothymine,433142383.56399715,433142383.56399715,0.0,0.0,1,1,1
ST003390,hsa00240,Pyrimidine Metabolism,0.4,89,imputation,4,2,2,Dihydrothymine,Dihydrothymine,433142383.56399715,433142383.56399715,0.0,0.0,1,1,1
ST003390,hsa00240,Pyrimidine Metabolism,0.4,90,imputation,4,2,2,Cytidine,Cytidine,250.2672902006243,250.2672902006243,0.0,0.0,1,1,1
ST003390,hsa00240,Pyrimidine Metabolism,0.4,91,imputation,4,2,2,Dihydrothymine,Dihydrothymine,433142383.56399715,433142383.56399715,0.0,0.0,1,1,1
ST003390,hsa00240,Pyrimidine Metabolism,0.4,92,imputation,4,2,2,Pseudouridine,Pseudouridine,22384.056827521737,22384.056827521737,0.0,0.0,1,1,1
ST003390,hsa00240,Pyrimidine Metabolism,0.4,93,imputation,4,2,2,Pseudouridine,Pseudouridine,22384.056827521737,22384.056827521737,0.0,0.0,1,1,1
ST003390,hsa00240,Pyrimidine Metabolism,0.4,94,imputation,4,2,2,Pseudouridine,Pseudouridine,22384.056827521737,22384.056827521737,0.0,0.0,1,1,1
ST003390,hsa00240,Pyrimidine Metabolism,0.4,95,imputation,4,2,2,Cytidine,Cytidine,250.2672902006243,250.2672902006243,0.0,0.0,1,1,1
ST003390,hsa00240,Pyrimidine Metabolism,0.4,96,imputation,4,2,2,Dihydrothymine,Dihydrothymine,433142383.56399715,433142383.56399715,0.0,0.0,1,1,1
ST003390,hsa00240,Pyrimidine Metabolism,0.4,97,imputation,4,2,2,Pseudouridine,Pseudouridine,22384.056827521737,22384.056827521737,0.0,0.0,1,1,1
ST003390,hsa00240,Pyrimidine Metabolism,0.4,98,imputation,4,2,2,Cytidine,Cytidine,250.2672902006243,250.2672902006243,0.0,0.0,1,1,1
ST003390,hsa00240,Pyrimidine Metabolism,0.4,99,imputation,4,2,2,Pseudouridine,Pseudouridine,22384.056827521737,22384.056827521737,0.0,0.0,1,1,1
ST003390,hsa00240,Pyrimidine Metabolism,0.4,100,imputation,4,2,2,Cytidine,Cytidine,250.2672902006243,250.2672902006243,0.0,0.0,1,1,1
ST003390,hsa00280,Valine Leucine Isoleucine Degradation,0.2,1,imputation,3,2,1,Isoleucine,Isoleucine,9280041.676697738,9280041.676697738,0.0,0.0,1,1,1
ST003390,hsa00280,Valine Leucine Isoleucine Degradation,0.2,2,imputation,3,2,1,Leucine,Leucine,33913412.02494423,33913412.02494423,0.0,0.0,1,1,1
ST003390,hsa00280,Valine Leucine Isoleucine Degradation,0.2,3,imputation,3,2,1,Leucine,Leucine,33913412.02494423,33913412.02494423,0.0,0.0,1,1,1
ST003390,hsa00280,Valine Leucine Isoleucine Degradation,0.2,4,imputation,3,2,1,Isoleucine,Isoleucine,9280041.676697738,9280041.676697738,0.0,0.0,1,1,1
ST003390,hsa00280,Valine Leucine Isoleucine Degradation,0.2,5,imputation,3,2,1,Leucine,Leucine,33913412.02494423,33913412.02494423,0.0,0.0,1,1,1
ST003390,hsa00280,Valine Leucine Isoleucine Degradation,0.2,6,imputation,3,2,1,Valine,Valine,73346063.54663958,73346063.54663958,0.0,0.0,1,1,1
ST003390,hsa00280,Valine Leucine Isoleucine Degradation,0.2,7,imputation,3,2,1,Isoleucine,Isoleucine,9280041.676697738,9280041.676697738,0.0,0.0,1,1,1
ST003390,hsa00280,Valine Leucine Isoleucine Degradation,0.2,8,imputation,3,2,1,Leucine,Leucine,33913412.02494423,33913412.02494423,0.0,0.0,1,1,1
ST003390,hsa00280,Valine Leucine Isoleucine Degradation,0.2,9,imputation,3,2,1,Isoleucine,Isoleucine,9280041.676697738,9280041.676697738,0.0,0.0,1,1,1
ST003390,hsa00280,Valine Leucine Isoleucine Degradation,0.2,10,imputation,3,2,1,Leucine,Leucine,33913412.02494423,33913412.02494423,0.0,0.0,1,1,1
ST003390,hsa00280,Valine Leucine Isoleucine Degradation,0.2,11,imputation,3,2,1,Valine,Valine,73346063.54663958,73346063.54663958,0.0,0.0,1,1,1
ST003390,hsa00280,Valine Leucine Isoleucine Degradation,0.2,12,imputation,3,2,1,Isoleucine,Isoleucine,9280041.676697738,9280041.676697738,0.0,0.0,1,1,1
ST003390,hsa00280,Valine Leucine Isoleucine Degradation,0.2,13,imputation,3,2,1,Isoleucine,Isoleucine,9280041.676697738,9280041.676697738,0.0,0.0,1,1,1
ST003390,hsa00280,Valine Leucine Isoleucine Degradation,0.2,14,imputation,3,2,1,Valine,Valine,73346063.54663958,73346063.54663958,0.0,0.0,1,1,1
ST003390,hsa00280,Valine Leucine Isoleucine Degradation,0.2,15,imputation,3,2,1,Isoleucine,Isoleucine,9280041.676697738,9280041.676697738,0.0,0.0,1,1,1
ST003390,hsa00280,Valine Leucine Isoleucine Degradation,0.2,16,imputation,3,2,1,Valine,Valine,73346063.54663958,73346063.54663958,0.0,0.0,1,1,1
ST003390,hsa00280,Valine Leucine Isoleucine Degradation,0.2,17,imputation,3,2,1,Isoleucine,Isoleucine,9280041.676697738,9280041.676697738,0.0,0.0,1,1,1
ST003390,hsa00280,Valine Leucine Isoleucine Degradation,0.2,18,imputation,3,2,1,Leucine,Leucine,33913412.02494423,33913412.02494423,0.0,0.0,1,1,1
ST003390,hsa00280,Valine Leucine Isoleucine Degradation,0.2,19,imputation,3,2,1,Leucine,Leucine,33913412.02494423,33913412.02494423,0.0,0.0,1,1,1
ST003390,hsa00280,Valine Leucine Isoleucine Degradation,0.2,20,imputation,3,2,1,Valine,Valine,73346063.54663958,73346063.54663958,0.0,0.0,1,1,1
ST003390,hsa00280,Valine Leucine Isoleucine Degradation,0.2,21,imputation,3,2,1,Leucine,Leucine,33913412.02494423,33913412.02494423,0.0,0.0,1,1,1
ST003390,hsa00280,Valine Leucine Isoleucine Degradation,0.2,22,imputation,3,2,1,Leucine,Leucine,33913412.02494423,33913412.02494423,0.0,0.0,1,1,1
ST003390,hsa00280,Valine Leucine Isoleucine Degradation,0.2,23,imputation,3,2,1,Leucine,Leucine,33913412.02494423,33913412.02494423,0.0,0.0,1,1,1
ST003390,hsa00280,Valine Leucine Isoleucine Degradation,0.2,24,imputation,3,2,1,Isoleucine,Isoleucine,9280041.676697738,9280041.676697738,0.0,0.0,1,1,1
ST003390,hsa00280,Valine Leucine Isoleucine Degradation,0.2,25,imputation,3,2,1,Isoleucine,Isoleucine,9280041.676697738,9280041.676697738,0.0,0.0,1,1,1
ST003390,hsa00280,Valine Leucine Isoleucine Degradation,0.2,26,imputation,3,2,1,Valine,Valine,73346063.54663958,73346063.54663958,0.0,0.0,1,1,1
ST003390,hsa00280,Valine Leucine Isoleucine Degradation,0.2,27,imputation,3,2,1,Valine,Valine,73346063.54663958,73346063.54663958,0.0,0.0,1,1,1
ST003390,hsa00280,Valine Leucine Isoleucine Degradation,0.2,28,imputation,3,2,1,Isoleucine,Isoleucine,9280041.676697738,9280041.676697738,0.0,0.0,1,1,1
ST003390,hsa00280,Valine Leucine Isoleucine Degradation,0.2,29,imputation,3,2,1,Leucine,Leucine,33913412.02494423,33913412.02494423,0.0,0.0,1,1,1
ST003390,hsa00280,Valine Leucine Isoleucine Degradation,0.2,30,imputation,3,2,1,Isoleucine,Isoleucine,9280041.676697738,9280041.676697738,0.0,0.0,1,1,1
ST003390,hsa00280,Valine Leucine Isoleucine Degradation,0.2,31,imputation,3,2,1,Leucine,Leucine,33913412.02494423,33913412.02494423,0.0,0.0,1,1,1
ST003390,hsa00280,Valine Leucine Isoleucine Degradation,0.2,32,imputation,3,2,1,Valine,Valine,73346063.54663958,73346063.54663958,0.0,0.0,1,1,1
ST003390,hsa00280,Valine Leucine Isoleucine Degradation,0.2,33,imputation,3,2,1,Leucine,Leucine,33913412.02494423,33913412.02494423,0.0,0.0,1,1,1
ST003390,hsa00280,Valine Leucine Isoleucine Degradation,0.2,34,imputation,3,2,1,Leucine,Leucine,33913412.02494423,33913412.02494423,0.0,0.0,1,1,1
ST003390,hsa00280,Valine Leucine Isoleucine Degradation,0.2,35,imputation,3,2,1,Leucine,Leucine,33913412.02494423,33913412.02494423,0.0,0.0,1,1,1
ST003390,hsa00280,Valine Leucine Isoleucine Degradation,0.2,36,imputation,3,2,1,Isoleucine,Isoleucine,9280041.676697738,9280041.676697738,0.0,0.0,1,1,1
ST003390,hsa00280,Valine Leucine Isoleucine Degradation,0.2,37,imputation,3,2,1,Isoleucine,Isoleucine,9280041.676697738,9280041.676697738,0.0,0.0,1,1,1
ST003390,hsa00280,Valine Leucine Isoleucine Degradation,0.2,38,imputation,3,2,1,Leucine,Leucine,33913412.02494423,33913412.02494423,0.0,0.0,1,1,1
ST003390,hsa00280,Valine Leucine Isoleucine Degradation,0.2,39,imputation,3,2,1,Valine,Valine,73346063.54663958,73346063.54663958,0.0,0.0,1,1,1
ST003390,hsa00280,Valine Leucine Isoleucine Degradation,0.2,40,imputation,3,2,1,Isoleucine,Isoleucine,9280041.676697738,9280041.676697738,0.0,0.0,1,1,1
ST003390,hsa00280,Valine Leucine Isoleucine Degradation,0.2,41,imputation,3,2,1,Leucine,Leucine,33913412.02494423,33913412.02494423,0.0,0.0,1,1,1
ST003390,hsa00280,Valine Leucine Isoleucine Degradation,0.2,42,imputation,3,2,1,Valine,Valine,73346063.54663958,73346063.54663958,0.0,0.0,1,1,1
ST003390,hsa00280,Valine Leucine Isoleucine Degradation,0.2,43,imputation,3,2,1,Isoleucine,Isoleucine,9280041.676697738,9280041.676697738,0.0,0.0,1,1,1
ST003390,hsa00280,Valine Leucine Isoleucine Degradation,0.2,44,imputation,3,2,1,Isoleucine,Isoleucine,9280041.676697738,9280041.676697738,0.0,0.0,1,1,1
ST003390,hsa00280,Valine Leucine Isoleucine Degradation,0.2,45,imputation,3,2,1,Isoleucine,Isoleucine,9280041.676697738,9280041.676697738,0.0,0.0,1,1,1
ST003390,hsa00280,Valine Leucine Isoleucine Degradation,0.2,46,imputation,3,2,1,Leucine,Leucine,33913412.02494423,33913412.02494423,0.0,0.0,1,1,1
ST003390,hsa00280,Valine Leucine Isoleucine Degradation,0.2,47,imputation,3,2,1,Isoleucine,Isoleucine,9280041.676697738,9280041.676697738,0.0,0.0,1,1,1
ST003390,hsa00280,Valine Leucine Isoleucine Degradation,0.2,48,imputation,3,2,1,Isoleucine,Isoleucine,9280041.676697738,9280041.676697738,0.0,0.0,1,1,1
ST003390,hsa00280,Valine Leucine Isoleucine Degradation,0.2,49,imputation,3,2,1,Isoleucine,Isoleucine,9280041.676697738,9280041.676697738,0.0,0.0,1,1,1
ST003390,hsa00280,Valine Leucine Isoleucine Degradation,0.2,50,imputation,3,2,1,Leucine,Leucine,33913412.02494423,33913412.02494423,0.0,0.0,1,1,1
ST003390,hsa00280,Valine Leucine Isoleucine Degradation,0.2,51,imputation,3,2,1,Leucine,Leucine,33913412.02494423,33913412.02494423,0.0,0.0,1,1,1
ST003390,hsa00280,Valine Leucine Isoleucine Degradation,0.2,52,imputation,3,2,1,Valine,Valine,73346063.54663958,73346063.54663958,0.0,0.0,1,1,1
ST003390,hsa00280,Valine Leucine Isoleucine Degradation,0.2,53,imputation,3,2,1,Valine,Valine,73346063.54663958,73346063.54663958,0.0,0.0,1,1,1
ST003390,hsa00280,Valine Leucine Isoleucine Degradation,0.2,54,imputation,3,2,1,Leucine,Leucine,33913412.02494423,33913412.02494423,0.0,0.0,1,1,1
ST003390,hsa00280,Valine Leucine Isoleucine Degradation,0.2,55,imputation,3,2,1,Isoleucine,Isoleucine,9280041.676697738,9280041.676697738,0.0,0.0,1,1,1
ST003390,hsa00280,Valine Leucine Isoleucine Degradation,0.2,56,imputation,3,2,1,Leucine,Leucine,33913412.02494423,33913412.02494423,0.0,0.0,1,1,1
ST003390,hsa00280,Valine Leucine Isoleucine Degradation,0.2,57,imputation,3,2,1,Leucine,Leucine,33913412.02494423,33913412.02494423,0.0,0.0,1,1,1
ST003390,hsa00280,Valine Leucine Isoleucine Degradation,0.2,58,imputation,3,2,1,Isoleucine,Isoleucine,9280041.676697738,9280041.676697738,0.0,0.0,1,1,1
ST003390,hsa00280,Valine Leucine Isoleucine Degradation,0.2,59,imputation,3,2,1,Valine,Valine,73346063.54663958,73346063.54663958,0.0,0.0,1,1,1
ST003390,hsa00280,Valine Leucine Isoleucine Degradation,0.2,60,imputation,3,2,1,Isoleucine,Isoleucine,9280041.676697738,9280041.676697738,0.0,0.0,1,1,1
ST003390,hsa00280,Valine Leucine Isoleucine Degradation,0.2,61,imputation,3,2,1,Valine,Valine,73346063.54663958,73346063.54663958,0.0,0.0,1,1,1
ST003390,hsa00280,Valine Leucine Isoleucine Degradation,0.2,62,imputation,3,2,1,Isoleucine,Isoleucine,9280041.676697738,9280041.676697738,0.0,0.0,1,1,1
ST003390,hsa00280,Valine Leucine Isoleucine Degradation,0.2,63,imputation,3,2,1,Valine,Valine,73346063.54663958,73346063.54663958,0.0,0.0,1,1,1
ST003390,hsa00280,Valine Leucine Isoleucine Degradation,0.2,64,imputation,3,2,1,Valine,Valine,73346063.54663958,73346063.54663958,0.0,0.0,1,1,1
ST003390,hsa00280,Valine Leucine Isoleucine Degradation,0.2,65,imputation,3,2,1,Isoleucine,Isoleucine,9280041.676697738,9280041.676697738,0.0,0.0,1,1,1
ST003390,hsa00280,Valine Leucine Isoleucine Degradation,0.2,66,imputation,3,2,1,Isoleucine,Isoleucine,9280041.676697738,9280041.676697738,0.0,0.0,1,1,1
ST003390,hsa00280,Valine Leucine Isoleucine Degradation,0.2,67,imputation,3,2,1,Leucine,Leucine,33913412.02494423,33913412.02494423,0.0,0.0,1,1,1
ST003390,hsa00280,Valine Leucine Isoleucine Degradation,0.2,68,imputation,3,2,1,Leucine,Leucine,33913412.02494423,33913412.02494423,0.0,0.0,1,1,1
ST003390,hsa00280,Valine Leucine Isoleucine Degradation,0.2,69,imputation,3,2,1,Isoleucine,Isoleucine,9280041.676697738,9280041.676697738,0.0,0.0,1,1,1
ST003390,hsa00280,Valine Leucine Isoleucine Degradation,0.2,70,imputation,3,2,1,Leucine,Leucine,33913412.02494423,33913412.02494423,0.0,0.0,1,1,1
ST003390,hsa00280,Valine Leucine Isoleucine Degradation,0.2,71,imputation,3,2,1,Isoleucine,Isoleucine,9280041.676697738,9280041.676697738,0.0,0.0,1,1,1
ST003390,hsa00280,Valine Leucine Isoleucine Degradation,0.2,72,imputation,3,2,1,Isoleucine,Isoleucine,9280041.676697738,9280041.676697738,0.0,0.0,1,1,1
ST003390,hsa00280,Valine Leucine Isoleucine Degradation,0.2,73,imputation,3,2,1,Leucine,Leucine,33913412.02494423,33913412.02494423,0.0,0.0,1,1,1
ST003390,hsa00280,Valine Leucine Isoleucine Degradation,0.2,74,imputation,3,2,1,Valine,Valine,73346063.54663958,73346063.54663958,0.0,0.0,1,1,1
ST003390,hsa00280,Valine Leucine Isoleucine Degradation,0.2,75,imputation,3,2,1,Isoleucine,Isoleucine,9280041.676697738,9280041.676697738,0.0,0.0,1,1,1
ST003390,hsa00280,Valine Leucine Isoleucine Degradation,0.2,76,imputation,3,2,1,Valine,Valine,73346063.54663958,73346063.54663958,0.0,0.0,1,1,1
ST003390,hsa00280,Valine Leucine Isoleucine Degradation,0.2,77,imputation,3,2,1,Leucine,Leucine,33913412.02494423,33913412.02494423,0.0,0.0,1,1,1
ST003390,hsa00280,Valine Leucine Isoleucine Degradation,0.2,78,imputation,3,2,1,Valine,Valine,73346063.54663958,73346063.54663958,0.0,0.0,1,1,1
ST003390,hsa00280,Valine Leucine Isoleucine Degradation,0.2,79,imputation,3,2,1,Isoleucine,Isoleucine,9280041.676697738,9280041.676697738,0.0,0.0,1,1,1
ST003390,hsa00280,Valine Leucine Isoleucine Degradation,0.2,80,imputation,3,2,1,Valine,Valine,73346063.54663958,73346063.54663958,0.0,0.0,1,1,1
ST003390,hsa00280,Valine Leucine Isoleucine Degradation,0.2,81,imputation,3,2,1,Isoleucine,Isoleucine,9280041.676697738,9280041.676697738,0.0,0.0,1,1,1
ST003390,hsa00280,Valine Leucine Isoleucine Degradation,0.2,82,imputation,3,2,1,Leucine,Leucine,33913412.02494423,33913412.02494423,0.0,0.0,1,1,1
ST003390,hsa00280,Valine Leucine Isoleucine Degradation,0.2,83,imputation,3,2,1,Isoleucine,Isoleucine,9280041.676697738,9280041.676697738,0.0,0.0,1,1,1
ST003390,hsa00280,Valine Leucine Isoleucine Degradation,0.2,84,imputation,3,2,1,Valine,Valine,73346063.54663958,73346063.54663958,0.0,0.0,1,1,1
ST003390,hsa00280,Valine Leucine Isoleucine Degradation,0.2,85,imputation,3,2,1,Isoleucine,Isoleucine,9280041.676697738,9280041.676697738,0.0,0.0,1,1,1
ST003390,hsa00280,Valine Leucine Isoleucine Degradation,0.2,86,imputation,3,2,1,Isoleucine,Isoleucine,9280041.676697738,9280041.676697738,0.0,0.0,1,1,1
ST003390,hsa00280,Valine Leucine Isoleucine Degradation,0.2,87,imputation,3,2,1,Valine,Valine,73346063.54663958,73346063.54663958,0.0,0.0,1,1,1
ST003390,hsa00280,Valine Leucine Isoleucine Degradation,0.2,88,imputation,3,2,1,Valine,Valine,73346063.54663958,73346063.54663958,0.0,0.0,1,1,1
ST003390,hsa00280,Valine Leucine Isoleucine Degradation,0.2,89,imputation,3,2,1,Leucine,Leucine,33913412.02494423,33913412.02494423,0.0,0.0,1,1,1
ST003390,hsa00280,Valine Leucine Isoleucine Degradation,0.2,90,imputation,3,2,1,Leucine,Leucine,33913412.02494423,33913412.02494423,0.0,0.0,1,1,1
ST003390,hsa00280,Valine Leucine Isoleucine Degradation,0.2,91,imputation,3,2,1,Leucine,Leucine,33913412.02494423,33913412.02494423,0.0,0.0,1,1,1
ST003390,hsa00280,Valine Leucine Isoleucine Degradation,0.2,92,imputation,3,2,1,Leucine,Leucine,33913412.02494423,33913412.02494423,0.0,0.0,1,1,1
ST003390,hsa00280,Valine Leucine Isoleucine Degradation,0.2,93,imputation,3,2,1,Valine,Valine,73346063.54663958,73346063.54663958,0.0,0.0,1,1,1
ST003390,hsa00280,Valine Leucine Isoleucine Degradation,0.2,94,imputation,3,2,1,Valine,Valine,73346063.54663958,73346063.54663958,0.0,0.0,1,1,1
ST003390,hsa00280,Valine Leucine Isoleucine Degradation,0.2,95,imputation,3,2,1,Isoleucine,Isoleucine,9280041.676697738,9280041.676697738,0.0,0.0,1,1,1
ST003390,hsa00280,Valine Leucine Isoleucine Degradation,0.2,96,imputation,3,2,1,Isoleucine,Isoleucine,9280041.676697738,9280041.676697738,0.0,0.0,1,1,1
ST003390,hsa00280,Valine Leucine Isoleucine Degradation,0.2,97,imputation,3,2,1,Isoleucine,Isoleucine,9280041.676697738,9280041.676697738,0.0,0.0,1,1,1
ST003390,hsa00280,Valine Leucine Isoleucine Degradation,0.2,98,imputation,3,2,1,Isoleucine,Isoleucine,9280041.676697738,9280041.676697738,0.0,0.0,1,1,1
ST003390,hsa00280,Valine Leucine Isoleucine Degradation,0.2,99,imputation,3,2,1,Valine,Valine,73346063.54663958,73346063.54663958,0.0,0.0,1,1,1
ST003390,hsa00280,Valine Leucine Isoleucine Degradation,0.2,100,imputation,3,2,1,Valine,Valine,73346063.54663958,73346063.54663958,0.0,0.0,1,1,1
ST003390,hsa00280,Valine Leucine Isoleucine Degradation,0.3,1,imputation,3,2,1,Isoleucine,Isoleucine,9280041.676697738,9280041.676697738,0.0,0.0,1,1,1
ST003390,hsa00280,Valine Leucine Isoleucine Degradation,0.3,2,imputation,3,2,1,Leucine,Leucine,33913412.02494423,33913412.02494423,0.0,0.0,1,1,1
ST003390,hsa00280,Valine Leucine Isoleucine Degradation,0.3,3,imputation,3,2,1,Leucine,Leucine,33913412.02494423,33913412.02494423,0.0,0.0,1,1,1
ST003390,hsa00280,Valine Leucine Isoleucine Degradation,0.3,4,imputation,3,2,1,Isoleucine,Isoleucine,9280041.676697738,9280041.676697738,0.0,0.0,1,1,1
ST003390,hsa00280,Valine Leucine Isoleucine Degradation,0.3,5,imputation,3,2,1,Leucine,Leucine,33913412.02494423,33913412.02494423,0.0,0.0,1,1,1
ST003390,hsa00280,Valine Leucine Isoleucine Degradation,0.3,6,imputation,3,2,1,Valine,Valine,73346063.54663958,73346063.54663958,0.0,0.0,1,1,1
ST003390,hsa00280,Valine Leucine Isoleucine Degradation,0.3,7,imputation,3,2,1,Isoleucine,Isoleucine,9280041.676697738,9280041.676697738,0.0,0.0,1,1,1
ST003390,hsa00280,Valine Leucine Isoleucine Degradation,0.3,8,imputation,3,2,1,Leucine,Leucine,33913412.02494423,33913412.02494423,0.0,0.0,1,1,1
ST003390,hsa00280,Valine Leucine Isoleucine Degradation,0.3,9,imputation,3,2,1,Isoleucine,Isoleucine,9280041.676697738,9280041.676697738,0.0,0.0,1,1,1
ST003390,hsa00280,Valine Leucine Isoleucine Degradation,0.3,10,imputation,3,2,1,Leucine,Leucine,33913412.02494423,33913412.02494423,0.0,0.0,1,1,1
ST003390,hsa00280,Valine Leucine Isoleucine Degradation,0.3,11,imputation,3,2,1,Valine,Valine,73346063.54663958,73346063.54663958,0.0,0.0,1,1,1
ST003390,hsa00280,Valine Leucine Isoleucine Degradation,0.3,12,imputation,3,2,1,Isoleucine,Isoleucine,9280041.676697738,9280041.676697738,0.0,0.0,1,1,1
ST003390,hsa00280,Valine Leucine Isoleucine Degradation,0.3,13,imputation,3,2,1,Isoleucine,Isoleucine,9280041.676697738,9280041.676697738,0.0,0.0,1,1,1
ST003390,hsa00280,Valine Leucine Isoleucine Degradation,0.3,14,imputation,3,2,1,Valine,Valine,73346063.54663958,73346063.54663958,0.0,0.0,1,1,1
ST003390,hsa00280,Valine Leucine Isoleucine Degradation,0.3,15,imputation,3,2,1,Isoleucine,Isoleucine,9280041.676697738,9280041.676697738,0.0,0.0,1,1,1
ST003390,hsa00280,Valine Leucine Isoleucine Degradation,0.3,16,imputation,3,2,1,Valine,Valine,73346063.54663958,73346063.54663958,0.0,0.0,1,1,1
ST003390,hsa00280,Valine Leucine Isoleucine Degradation,0.3,17,imputation,3,2,1,Isoleucine,Isoleucine,9280041.676697738,9280041.676697738,0.0,0.0,1,1,1
ST003390,hsa00280,Valine Leucine Isoleucine Degradation,0.3,18,imputation,3,2,1,Leucine,Leucine,33913412.02494423,33913412.02494423,0.0,0.0,1,1,1
ST003390,hsa00280,Valine Leucine Isoleucine Degradation,0.3,19,imputation,3,2,1,Leucine,Leucine,33913412.02494423,33913412.02494423,0.0,0.0,1,1,1
ST003390,hsa00280,Valine Leucine Isoleucine Degradation,0.3,20,imputation,3,2,1,Valine,Valine,73346063.54663958,73346063.54663958,0.0,0.0,1,1,1
ST003390,hsa00280,Valine Leucine Isoleucine Degradation,0.3,21,imputation,3,2,1,Leucine,Leucine,33913412.02494423,33913412.02494423,0.0,0.0,1,1,1
ST003390,hsa00280,Valine Leucine Isoleucine Degradation,0.3,22,imputation,3,2,1,Leucine,Leucine,33913412.02494423,33913412.02494423,0.0,0.0,1,1,1
ST003390,hsa00280,Valine Leucine Isoleucine Degradation,0.3,23,imputation,3,2,1,Leucine,Leucine,33913412.02494423,33913412.02494423,0.0,0.0,1,1,1
ST003390,hsa00280,Valine Leucine Isoleucine Degradation,0.3,24,imputation,3,2,1,Isoleucine,Isoleucine,9280041.676697738,9280041.676697738,0.0,0.0,1,1,1
ST003390,hsa00280,Valine Leucine Isoleucine Degradation,0.3,25,imputation,3,2,1,Isoleucine,Isoleucine,9280041.676697738,9280041.676697738,0.0,0.0,1,1,1
ST003390,hsa00280,Valine Leucine Isoleucine Degradation,0.3,26,imputation,3,2,1,Valine,Valine,73346063.54663958,73346063.54663958,0.0,0.0,1,1,1
ST003390,hsa00280,Valine Leucine Isoleucine Degradation,0.3,27,imputation,3,2,1,Valine,Valine,73346063.54663958,73346063.54663958,0.0,0.0,1,1,1
ST003390,hsa00280,Valine Leucine Isoleucine Degradation,0.3,28,imputation,3,2,1,Isoleucine,Isoleucine,9280041.676697738,9280041.676697738,0.0,0.0,1,1,1
ST003390,hsa00280,Valine Leucine Isoleucine Degradation,0.3,29,imputation,3,2,1,Leucine,Leucine,33913412.02494423,33913412.02494423,0.0,0.0,1,1,1
ST003390,hsa00280,Valine Leucine Isoleucine Degradation,0.3,30,imputation,3,2,1,Isoleucine,Isoleucine,9280041.676697738,9280041.676697738,0.0,0.0,1,1,1
ST003390,hsa00280,Valine Leucine Isoleucine Degradation,0.3,31,imputation,3,2,1,Leucine,Leucine,33913412.02494423,33913412.02494423,0.0,0.0,1,1,1
ST003390,hsa00280,Valine Leucine Isoleucine Degradation,0.3,32,imputation,3,2,1,Valine,Valine,73346063.54663958,73346063.54663958,0.0,0.0,1,1,1
ST003390,hsa00280,Valine Leucine Isoleucine Degradation,0.3,33,imputation,3,2,1,Leucine,Leucine,33913412.02494423,33913412.02494423,0.0,0.0,1,1,1
ST003390,hsa00280,Valine Leucine Isoleucine Degradation,0.3,34,imputation,3,2,1,Leucine,Leucine,33913412.02494423,33913412.02494423,0.0,0.0,1,1,1
ST003390,hsa00280,Valine Leucine Isoleucine Degradation,0.3,35,imputation,3,2,1,Leucine,Leucine,33913412.02494423,33913412.02494423,0.0,0.0,1,1,1
ST003390,hsa00280,Valine Leucine Isoleucine Degradation,0.3,36,imputation,3,2,1,Isoleucine,Isoleucine,9280041.676697738,9280041.676697738,0.0,0.0,1,1,1
ST003390,hsa00280,Valine Leucine Isoleucine Degradation,0.3,37,imputation,3,2,1,Isoleucine,Isoleucine,9280041.676697738,9280041.676697738,0.0,0.0,1,1,1
ST003390,hsa00280,Valine Leucine Isoleucine Degradation,0.3,38,imputation,3,2,1,Leucine,Leucine,33913412.02494423,33913412.02494423,0.0,0.0,1,1,1
ST003390,hsa00280,Valine Leucine Isoleucine Degradation,0.3,39,imputation,3,2,1,Valine,Valine,73346063.54663958,73346063.54663958,0.0,0.0,1,1,1
ST003390,hsa00280,Valine Leucine Isoleucine Degradation,0.3,40,imputation,3,2,1,Isoleucine,Isoleucine,9280041.676697738,9280041.676697738,0.0,0.0,1,1,1
ST003390,hsa00280,Valine Leucine Isoleucine Degradation,0.3,41,imputation,3,2,1,Leucine,Leucine,33913412.02494423,33913412.02494423,0.0,0.0,1,1,1
ST003390,hsa00280,Valine Leucine Isoleucine Degradation,0.3,42,imputation,3,2,1,Valine,Valine,73346063.54663958,73346063.54663958,0.0,0.0,1,1,1
ST003390,hsa00280,Valine Leucine Isoleucine Degradation,0.3,43,imputation,3,2,1,Isoleucine,Isoleucine,9280041.676697738,9280041.676697738,0.0,0.0,1,1,1
ST003390,hsa00280,Valine Leucine Isoleucine Degradation,0.3,44,imputation,3,2,1,Isoleucine,Isoleucine,9280041.676697738,9280041.676697738,0.0,0.0,1,1,1
ST003390,hsa00280,Valine Leucine Isoleucine Degradation,0.3,45,imputation,3,2,1,Isoleucine,Isoleucine,9280041.676697738,9280041.676697738,0.0,0.0,1,1,1
ST003390,hsa00280,Valine Leucine Isoleucine Degradation,0.3,46,imputation,3,2,1,Leucine,Leucine,33913412.02494423,33913412.02494423,0.0,0.0,1,1,1
ST003390,hsa00280,Valine Leucine Isoleucine Degradation,0.3,47,imputation,3,2,1,Isoleucine,Isoleucine,9280041.676697738,9280041.676697738,0.0,0.0,1,1,1
ST003390,hsa00280,Valine Leucine Isoleucine Degradation,0.3,48,imputation,3,2,1,Isoleucine,Isoleucine,9280041.676697738,9280041.676697738,0.0,0.0,1,1,1
ST003390,hsa00280,Valine Leucine Isoleucine Degradation,0.3,49,imputation,3,2,1,Isoleucine,Isoleucine,9280041.676697738,9280041.676697738,0.0,0.0,1,1,1
ST003390,hsa00280,Valine Leucine Isoleucine Degradation,0.3,50,imputation,3,2,1,Leucine,Leucine,33913412.02494423,33913412.02494423,0.0,0.0,1,1,1
ST003390,hsa00280,Valine Leucine Isoleucine Degradation,0.3,51,imputation,3,2,1,Leucine,Leucine,33913412.02494423,33913412.02494423,0.0,0.0,1,1,1
ST003390,hsa00280,Valine Leucine Isoleucine Degradation,0.3,52,imputation,3,2,1,Valine,Valine,73346063.54663958,73346063.54663958,0.0,0.0,1,1,1
ST003390,hsa00280,Valine Leucine Isoleucine Degradation,0.3,53,imputation,3,2,1,Valine,Valine,73346063.54663958,73346063.54663958,0.0,0.0,1,1,1
ST003390,hsa00280,Valine Leucine Isoleucine Degradation,0.3,54,imputation,3,2,1,Leucine,Leucine,33913412.02494423,33913412.02494423,0.0,0.0,1,1,1
ST003390,hsa00280,Valine Leucine Isoleucine Degradation,0.3,55,imputation,3,2,1,Isoleucine,Isoleucine,9280041.676697738,9280041.676697738,0.0,0.0,1,1,1
ST003390,hsa00280,Valine Leucine Isoleucine Degradation,0.3,56,imputation,3,2,1,Leucine,Leucine,33913412.02494423,33913412.02494423,0.0,0.0,1,1,1
ST003390,hsa00280,Valine Leucine Isoleucine Degradation,0.3,57,imputation,3,2,1,Leucine,Leucine,33913412.02494423,33913412.02494423,0.0,0.0,1,1,1
ST003390,hsa00280,Valine Leucine Isoleucine Degradation,0.3,58,imputation,3,2,1,Isoleucine,Isoleucine,9280041.676697738,9280041.676697738,0.0,0.0,1,1,1
ST003390,hsa00280,Valine Leucine Isoleucine Degradation,0.3,59,imputation,3,2,1,Valine,Valine,73346063.54663958,73346063.54663958,0.0,0.0,1,1,1
ST003390,hsa00280,Valine Leucine Isoleucine Degradation,0.3,60,imputation,3,2,1,Isoleucine,Isoleucine,9280041.676697738,9280041.676697738,0.0,0.0,1,1,1
ST003390,hsa00280,Valine Leucine Isoleucine Degradation,0.3,61,imputation,3,2,1,Valine,Valine,73346063.54663958,73346063.54663958,0.0,0.0,1,1,1
ST003390,hsa00280,Valine Leucine Isoleucine Degradation,0.3,62,imputation,3,2,1,Isoleucine,Isoleucine,9280041.676697738,9280041.676697738,0.0,0.0,1,1,1
ST003390,hsa00280,Valine Leucine Isoleucine Degradation,0.3,63,imputation,3,2,1,Valine,Valine,73346063.54663958,73346063.54663958,0.0,0.0,1,1,1
ST003390,hsa00280,Valine Leucine Isoleucine Degradation,0.3,64,imputation,3,2,1,Valine,Valine,73346063.54663958,73346063.54663958,0.0,0.0,1,1,1
ST003390,hsa00280,Valine Leucine Isoleucine Degradation,0.3,65,imputation,3,2,1,Isoleucine,Isoleucine,9280041.676697738,9280041.676697738,0.0,0.0,1,1,1
ST003390,hsa00280,Valine Leucine Isoleucine Degradation,0.3,66,imputation,3,2,1,Isoleucine,Isoleucine,9280041.676697738,9280041.676697738,0.0,0.0,1,1,1
ST003390,hsa00280,Valine Leucine Isoleucine Degradation,0.3,67,imputation,3,2,1,Leucine,Leucine,33913412.02494423,33913412.02494423,0.0,0.0,1,1,1
ST003390,hsa00280,Valine Leucine Isoleucine Degradation,0.3,68,imputation,3,2,1,Leucine,Leucine,33913412.02494423,33913412.02494423,0.0,0.0,1,1,1
ST003390,hsa00280,Valine Leucine Isoleucine Degradation,0.3,69,imputation,3,2,1,Isoleucine,Isoleucine,9280041.676697738,9280041.676697738,0.0,0.0,1,1,1
ST003390,hsa00280,Valine Leucine Isoleucine Degradation,0.3,70,imputation,3,2,1,Leucine,Leucine,33913412.02494423,33913412.02494423,0.0,0.0,1,1,1
ST003390,hsa00280,Valine Leucine Isoleucine Degradation,0.3,71,imputation,3,2,1,Isoleucine,Isoleucine,9280041.676697738,9280041.676697738,0.0,0.0,1,1,1
ST003390,hsa00280,Valine Leucine Isoleucine Degradation,0.3,72,imputation,3,2,1,Isoleucine,Isoleucine,9280041.676697738,9280041.676697738,0.0,0.0,1,1,1
ST003390,hsa00280,Valine Leucine Isoleucine Degradation,0.3,73,imputation,3,2,1,Leucine,Leucine,33913412.02494423,33913412.02494423,0.0,0.0,1,1,1
ST003390,hsa00280,Valine Leucine Isoleucine Degradation,0.3,74,imputation,3,2,1,Valine,Valine,73346063.54663958,73346063.54663958,0.0,0.0,1,1,1
ST003390,hsa00280,Valine Leucine Isoleucine Degradation,0.3,75,imputation,3,2,1,Isoleucine,Isoleucine,9280041.676697738,9280041.676697738,0.0,0.0,1,1,1
ST003390,hsa00280,Valine Leucine Isoleucine Degradation,0.3,76,imputation,3,2,1,Valine,Valine,73346063.54663958,73346063.54663958,0.0,0.0,1,1,1
ST003390,hsa00280,Valine Leucine Isoleucine Degradation,0.3,77,imputation,3,2,1,Leucine,Leucine,33913412.02494423,33913412.02494423,0.0,0.0,1,1,1
ST003390,hsa00280,Valine Leucine Isoleucine Degradation,0.3,78,imputation,3,2,1,Valine,Valine,73346063.54663958,73346063.54663958,0.0,0.0,1,1,1
ST003390,hsa00280,Valine Leucine Isoleucine Degradation,0.3,79,imputation,3,2,1,Isoleucine,Isoleucine,9280041.676697738,9280041.676697738,0.0,0.0,1,1,1
ST003390,hsa00280,Valine Leucine Isoleucine Degradation,0.3,80,imputation,3,2,1,Valine,Valine,73346063.54663958,73346063.54663958,0.0,0.0,1,1,1
ST003390,hsa00280,Valine Leucine Isoleucine Degradation,0.3,81,imputation,3,2,1,Isoleucine,Isoleucine,9280041.676697738,9280041.676697738,0.0,0.0,1,1,1
ST003390,hsa00280,Valine Leucine Isoleucine Degradation,0.3,82,imputation,3,2,1,Leucine,Leucine,33913412.02494423,33913412.02494423,0.0,0.0,1,1,1
ST003390,hsa00280,Valine Leucine Isoleucine Degradation,0.3,83,imputation,3,2,1,Isoleucine,Isoleucine,9280041.676697738,9280041.676697738,0.0,0.0,1,1,1
ST003390,hsa00280,Valine Leucine Isoleucine Degradation,0.3,84,imputation,3,2,1,Valine,Valine,73346063.54663958,73346063.54663958,0.0,0.0,1,1,1
ST003390,hsa00280,Valine Leucine Isoleucine Degradation,0.3,85,imputation,3,2,1,Isoleucine,Isoleucine,9280041.676697738,9280041.676697738,0.0,0.0,1,1,1
ST003390,hsa00280,Valine Leucine Isoleucine Degradation,0.3,86,imputation,3,2,1,Isoleucine,Isoleucine,9280041.676697738,9280041.676697738,0.0,0.0,1,1,1
ST003390,hsa00280,Valine Leucine Isoleucine Degradation,0.3,87,imputation,3,2,1,Valine,Valine,73346063.54663958,73346063.54663958,0.0,0.0,1,1,1
ST003390,hsa00280,Valine Leucine Isoleucine Degradation,0.3,88,imputation,3,2,1,Valine,Valine,73346063.54663958,73346063.54663958,0.0,0.0,1,1,1
ST003390,hsa00280,Valine Leucine Isoleucine Degradation,0.3,89,imputation,3,2,1,Leucine,Leucine,33913412.02494423,33913412.02494423,0.0,0.0,1,1,1
ST003390,hsa00280,Valine Leucine Isoleucine Degradation,0.3,90,imputation,3,2,1,Leucine,Leucine,33913412.02494423,33913412.02494423,0.0,0.0,1,1,1
ST003390,hsa00280,Valine Leucine Isoleucine Degradation,0.3,91,imputation,3,2,1,Leucine,Leucine,33913412.02494423,33913412.02494423,0.0,0.0,1,1,1
ST003390,hsa00280,Valine Leucine Isoleucine Degradation,0.3,92,imputation,3,2,1,Leucine,Leucine,33913412.02494423,33913412.02494423,0.0,0.0,1,1,1
ST003390,hsa00280,Valine Leucine Isoleucine Degradation,0.3,93,imputation,3,2,1,Valine,Valine,73346063.54663958,73346063.54663958,0.0,0.0,1,1,1
ST003390,hsa00280,Valine Leucine Isoleucine Degradation,0.3,94,imputation,3,2,1,Valine,Valine,73346063.54663958,73346063.54663958,0.0,0.0,1,1,1
ST003390,hsa00280,Valine Leucine Isoleucine Degradation,0.3,95,imputation,3,2,1,Isoleucine,Isoleucine,9280041.676697738,9280041.676697738,0.0,0.0,1,1,1
ST003390,hsa00280,Valine Leucine Isoleucine Degradation,0.3,96,imputation,3,2,1,Isoleucine,Isoleucine,9280041.676697738,9280041.676697738,0.0,0.0,1,1,1
ST003390,hsa00280,Valine Leucine Isoleucine Degradation,0.3,97,imputation,3,2,1,Isoleucine,Isoleucine,9280041.676697738,9280041.676697738,0.0,0.0,1,1,1
ST003390,hsa00280,Valine Leucine Isoleucine Degradation,0.3,98,imputation,3,2,1,Isoleucine,Isoleucine,9280041.676697738,9280041.676697738,0.0,0.0,1,1,1
ST003390,hsa00280,Valine Leucine Isoleucine Degradation,0.3,99,imputation,3,2,1,Valine,Valine,73346063.54663958,73346063.54663958,0.0,0.0,1,1,1
ST003390,hsa00280,Valine Leucine Isoleucine Degradation,0.3,100,imputation,3,2,1,Valine,Valine,73346063.54663958,73346063.54663958,0.0,0.0,1,1,1
ST003390,hsa00280,Valine Leucine Isoleucine Degradation,0.4,1,imputation,3,1,2,Leucine,Leucine,33913412.02494423,33913412.02494423,0.0,0.0,1,1,1
ST003390,hsa00280,Valine Leucine Isoleucine Degradation,0.4,2,imputation,3,1,2,Leucine,Leucine,33913412.02494423,33913412.02494423,0.0,0.0,1,1,1
ST003390,hsa00280,Valine Leucine Isoleucine Degradation,0.4,3,imputation,3,1,2,Valine,Valine,73346063.54663958,73346063.54663958,0.0,0.0,1,1,1
ST003390,hsa00280,Valine Leucine Isoleucine Degradation,0.4,4,imputation,3,1,2,Leucine,Leucine,33913412.02494423,33913412.02494423,0.0,0.0,1,1,1
ST003390,hsa00280,Valine Leucine Isoleucine Degradation,0.4,5,imputation,3,1,2,Leucine,Leucine,33913412.02494423,33913412.02494423,0.0,0.0,1,1,1
ST003390,hsa00280,Valine Leucine Isoleucine Degradation,0.4,6,imputation,3,1,2,Valine,Valine,73346063.54663958,73346063.54663958,0.0,0.0,1,1,1
ST003390,hsa00280,Valine Leucine Isoleucine Degradation,0.4,7,imputation,3,1,2,Leucine,Leucine,33913412.02494423,33913412.02494423,0.0,0.0,1,1,1
ST003390,hsa00280,Valine Leucine Isoleucine Degradation,0.4,8,imputation,3,1,2,Valine,Valine,73346063.54663958,73346063.54663958,0.0,0.0,1,1,1
ST003390,hsa00280,Valine Leucine Isoleucine Degradation,0.4,9,imputation,3,1,2,Valine,Valine,73346063.54663958,73346063.54663958,0.0,0.0,1,1,1
ST003390,hsa00280,Valine Leucine Isoleucine Degradation,0.4,10,imputation,3,1,2,Leucine,Leucine,33913412.02494423,33913412.02494423,0.0,0.0,1,1,1
ST003390,hsa00280,Valine Leucine Isoleucine Degradation,0.4,11,imputation,3,1,2,Valine,Valine,73346063.54663958,73346063.54663958,0.0,0.0,1,1,1
ST003390,hsa00280,Valine Leucine Isoleucine Degradation,0.4,12,imputation,3,1,2,Leucine,Leucine,33913412.02494423,33913412.02494423,0.0,0.0,1,1,1
ST003390,hsa00280,Valine Leucine Isoleucine Degradation,0.4,13,imputation,3,1,2,Valine,Valine,73346063.54663958,73346063.54663958,0.0,0.0,1,1,1
ST003390,hsa00280,Valine Leucine Isoleucine Degradation,0.4,14,imputation,3,1,2,Valine,Valine,73346063.54663958,73346063.54663958,0.0,0.0,1,1,1
ST003390,hsa00280,Valine Leucine Isoleucine Degradation,0.4,15,imputation,3,1,2,Leucine,Leucine,33913412.02494423,33913412.02494423,0.0,0.0,1,1,1
ST003390,hsa00280,Valine Leucine Isoleucine Degradation,0.4,16,imputation,3,1,2,Valine,Valine,73346063.54663958,73346063.54663958,0.0,0.0,1,1,1
ST003390,hsa00280,Valine Leucine Isoleucine Degradation,0.4,17,imputation,3,1,2,Valine,Valine,73346063.54663958,73346063.54663958,0.0,0.0,1,1,1
ST003390,hsa00280,Valine Leucine Isoleucine Degradation,0.4,18,imputation,3,1,2,Valine,Valine,73346063.54663958,73346063.54663958,0.0,0.0,1,1,1
ST003390,hsa00280,Valine Leucine Isoleucine Degradation,0.4,19,imputation,3,1,2,Leucine,Leucine,33913412.02494423,33913412.02494423,0.0,0.0,1,1,1
ST003390,hsa00280,Valine Leucine Isoleucine Degradation,0.4,20,imputation,3,1,2,Valine,Valine,73346063.54663958,73346063.54663958,0.0,0.0,1,1,1
ST003390,hsa00280,Valine Leucine Isoleucine Degradation,0.4,21,imputation,3,1,2,Valine,Valine,73346063.54663958,73346063.54663958,0.0,0.0,1,1,1
ST003390,hsa00280,Valine Leucine Isoleucine Degradation,0.4,22,imputation,3,1,2,Leucine,Leucine,33913412.02494423,33913412.02494423,0.0,0.0,1,1,1
ST003390,hsa00280,Valine Leucine Isoleucine Degradation,0.4,23,imputation,3,1,2,Valine,Valine,73346063.54663958,73346063.54663958,0.0,0.0,1,1,1
ST003390,hsa00280,Valine Leucine Isoleucine Degradation,0.4,24,imputation,3,1,2,Leucine,Leucine,33913412.02494423,33913412.02494423,0.0,0.0,1,1,1
ST003390,hsa00280,Valine Leucine Isoleucine Degradation,0.4,25,imputation,3,1,2,Valine,Valine,73346063.54663958,73346063.54663958,0.0,0.0,1,1,1
ST003390,hsa00280,Valine Leucine Isoleucine Degradation,0.4,26,imputation,3,1,2,Valine,Valine,73346063.54663958,73346063.54663958,0.0,0.0,1,1,1
ST003390,hsa00280,Valine Leucine Isoleucine Degradation,0.4,27,imputation,3,1,2,Valine,Valine,73346063.54663958,73346063.54663958,0.0,0.0,1,1,1
ST003390,hsa00280,Valine Leucine Isoleucine Degradation,0.4,28,imputation,3,1,2,Leucine,Leucine,33913412.02494423,33913412.02494423,0.0,0.0,1,1,1
ST003390,hsa00280,Valine Leucine Isoleucine Degradation,0.4,29,imputation,3,1,2,Leucine,Leucine,33913412.02494423,33913412.02494423,0.0,0.0,1,1,1
ST003390,hsa00280,Valine Leucine Isoleucine Degradation,0.4,30,imputation,3,1,2,Valine,Valine,73346063.54663958,73346063.54663958,0.0,0.0,1,1,1
ST003390,hsa00280,Valine Leucine Isoleucine Degradation,0.4,31,imputation,3,1,2,Leucine,Leucine,33913412.02494423,33913412.02494423,0.0,0.0,1,1,1
ST003390,hsa00280,Valine Leucine Isoleucine Degradation,0.4,32,imputation,3,1,2,Valine,Valine,73346063.54663958,73346063.54663958,0.0,0.0,1,1,1
ST003390,hsa00280,Valine Leucine Isoleucine Degradation,0.4,33,imputation,3,1,2,Valine,Valine,73346063.54663958,73346063.54663958,0.0,0.0,1,1,1
ST003390,hsa00280,Valine Leucine Isoleucine Degradation,0.4,34,imputation,3,1,2,Valine,Valine,73346063.54663958,73346063.54663958,0.0,0.0,1,1,1
ST003390,hsa00280,Valine Leucine Isoleucine Degradation,0.4,35,imputation,3,1,2,Valine,Valine,73346063.54663958,73346063.54663958,0.0,0.0,1,1,1
ST003390,hsa00280,Valine Leucine Isoleucine Degradation,0.4,36,imputation,3,1,2,Valine,Valine,73346063.54663958,73346063.54663958,0.0,0.0,1,1,1
ST003390,hsa00280,Valine Leucine Isoleucine Degradation,0.4,37,imputation,3,1,2,Leucine,Leucine,33913412.02494423,33913412.02494423,0.0,0.0,1,1,1
ST003390,hsa00280,Valine Leucine Isoleucine Degradation,0.4,38,imputation,3,1,2,Valine,Valine,73346063.54663958,73346063.54663958,0.0,0.0,1,1,1
ST003390,hsa00280,Valine Leucine Isoleucine Degradation,0.4,39,imputation,3,1,2,Valine,Valine,73346063.54663958,73346063.54663958,0.0,0.0,1,1,1
ST003390,hsa00280,Valine Leucine Isoleucine Degradation,0.4,40,imputation,3,1,2,Leucine,Leucine,33913412.02494423,33913412.02494423,0.0,0.0,1,1,1
ST003390,hsa00280,Valine Leucine Isoleucine Degradation,0.4,41,imputation,3,1,2,Valine,Valine,73346063.54663958,73346063.54663958,0.0,0.0,1,1,1
ST003390,hsa00280,Valine Leucine Isoleucine Degradation,0.4,42,imputation,3,1,2,Valine,Valine,73346063.54663958,73346063.54663958,0.0,0.0,1,1,1
ST003390,hsa00280,Valine Leucine Isoleucine Degradation,0.4,43,imputation,3,1,2,Valine,Valine,73346063.54663958,73346063.54663958,0.0,0.0,1,1,1
ST003390,hsa00280,Valine Leucine Isoleucine Degradation,0.4,44,imputation,3,1,2,Leucine,Leucine,33913412.02494423,33913412.02494423,0.0,0.0,1,1,1
ST003390,hsa00280,Valine Leucine Isoleucine Degradation,0.4,45,imputation,3,1,2,Valine,Valine,73346063.54663958,73346063.54663958,0.0,0.0,1,1,1
ST003390,hsa00280,Valine Leucine Isoleucine Degradation,0.4,46,imputation,3,1,2,Leucine,Leucine,33913412.02494423,33913412.02494423,0.0,0.0,1,1,1
ST003390,hsa00280,Valine Leucine Isoleucine Degradation,0.4,47,imputation,3,1,2,Leucine,Leucine,33913412.02494423,33913412.02494423,0.0,0.0,1,1,1
ST003390,hsa00280,Valine Leucine Isoleucine Degradation,0.4,48,imputation,3,1,2,Valine,Valine,73346063.54663958,73346063.54663958,0.0,0.0,1,1,1
ST003390,hsa00280,Valine Leucine Isoleucine Degradation,0.4,49,imputation,3,1,2,Valine,Valine,73346063.54663958,73346063.54663958,0.0,0.0,1,1,1
ST003390,hsa00280,Valine Leucine Isoleucine Degradation,0.4,50,imputation,3,1,2,Valine,Valine,73346063.54663958,73346063.54663958,0.0,0.0,1,1,1
ST003390,hsa00280,Valine Leucine Isoleucine Degradation,0.4,51,imputation,3,1,2,Valine,Valine,73346063.54663958,73346063.54663958,0.0,0.0,1,1,1
ST003390,hsa00280,Valine Leucine Isoleucine Degradation,0.4,52,imputation,3,1,2,Valine,Valine,73346063.54663958,73346063.54663958,0.0,0.0,1,1,1
ST003390,hsa00280,Valine Leucine Isoleucine Degradation,0.4,53,imputation,3,1,2,Valine,Valine,73346063.54663958,73346063.54663958,0.0,0.0,1,1,1
ST003390,hsa00280,Valine Leucine Isoleucine Degradation,0.4,54,imputation,3,1,2,Valine,Valine,73346063.54663958,73346063.54663958,0.0,0.0,1,1,1
ST003390,hsa00280,Valine Leucine Isoleucine Degradation,0.4,55,imputation,3,1,2,Leucine,Leucine,33913412.02494423,33913412.02494423,0.0,0.0,1,1,1
ST003390,hsa00280,Valine Leucine Isoleucine Degradation,0.4,56,imputation,3,1,2,Leucine,Leucine,33913412.02494423,33913412.02494423,0.0,0.0,1,1,1
ST003390,hsa00280,Valine Leucine Isoleucine Degradation,0.4,57,imputation,3,1,2,Valine,Valine,73346063.54663958,73346063.54663958,0.0,0.0,1,1,1
ST003390,hsa00280,Valine Leucine Isoleucine Degradation,0.4,58,imputation,3,1,2,Leucine,Leucine,33913412.02494423,33913412.02494423,0.0,0.0,1,1,1
ST003390,hsa00280,Valine Leucine Isoleucine Degradation,0.4,59,imputation,3,1,2,Valine,Valine,73346063.54663958,73346063.54663958,0.0,0.0,1,1,1
ST003390,hsa00280,Valine Leucine Isoleucine Degradation,0.4,60,imputation,3,1,2,Leucine,Leucine,33913412.02494423,33913412.02494423,0.0,0.0,1,1,1
ST003390,hsa00280,Valine Leucine Isoleucine Degradation,0.4,61,imputation,3,1,2,Valine,Valine,73346063.54663958,73346063.54663958,0.0,0.0,1,1,1
ST003390,hsa00280,Valine Leucine Isoleucine Degradation,0.4,62,imputation,3,1,2,Valine,Valine,73346063.54663958,73346063.54663958,0.0,0.0,1,1,1
ST003390,hsa00280,Valine Leucine Isoleucine Degradation,0.4,63,imputation,3,1,2,Valine,Valine,73346063.54663958,73346063.54663958,0.0,0.0,1,1,1
ST003390,hsa00280,Valine Leucine Isoleucine Degradation,0.4,64,imputation,3,1,2,Valine,Valine,73346063.54663958,73346063.54663958,0.0,0.0,1,1,1
ST003390,hsa00280,Valine Leucine Isoleucine Degradation,0.4,65,imputation,3,1,2,Leucine,Leucine,33913412.02494423,33913412.02494423,0.0,0.0,1,1,1
ST003390,hsa00280,Valine Leucine Isoleucine Degradation,0.4,66,imputation,3,1,2,Valine,Valine,73346063.54663958,73346063.54663958,0.0,0.0,1,1,1
ST003390,hsa00280,Valine Leucine Isoleucine Degradation,0.4,67,imputation,3,1,2,Leucine,Leucine,33913412.02494423,33913412.02494423,0.0,0.0,1,1,1
ST003390,hsa00280,Valine Leucine Isoleucine Degradation,0.4,68,imputation,3,1,2,Leucine,Leucine,33913412.02494423,33913412.02494423,0.0,0.0,1,1,1
ST003390,hsa00280,Valine Leucine Isoleucine Degradation,0.4,69,imputation,3,1,2,Leucine,Leucine,33913412.02494423,33913412.02494423,0.0,0.0,1,1,1
ST003390,hsa00280,Valine Leucine Isoleucine Degradation,0.4,70,imputation,3,1,2,Valine,Valine,73346063.54663958,73346063.54663958,0.0,0.0,1,1,1
ST003390,hsa00280,Valine Leucine Isoleucine Degradation,0.4,71,imputation,3,1,2,Leucine,Leucine,33913412.02494423,33913412.02494423,0.0,0.0,1,1,1
ST003390,hsa00280,Valine Leucine Isoleucine Degradation,0.4,72,imputation,3,1,2,Valine,Valine,73346063.54663958,73346063.54663958,0.0,0.0,1,1,1
ST003390,hsa00280,Valine Leucine Isoleucine Degradation,0.4,73,imputation,3,1,2,Leucine,Leucine,33913412.02494423,33913412.02494423,0.0,0.0,1,1,1
ST003390,hsa00280,Valine Leucine Isoleucine Degradation,0.4,74,imputation,3,1,2,Valine,Valine,73346063.54663958,73346063.54663958,0.0,0.0,1,1,1
ST003390,hsa00280,Valine Leucine Isoleucine Degradation,0.4,75,imputation,3,1,2,Valine,Valine,73346063.54663958,73346063.54663958,0.0,0.0,1,1,1
ST003390,hsa00280,Valine Leucine Isoleucine Degradation,0.4,76,imputation,3,1,2,Valine,Valine,73346063.54663958,73346063.54663958,0.0,0.0,1,1,1
ST003390,hsa00280,Valine Leucine Isoleucine Degradation,0.4,77,imputation,3,1,2,Leucine,Leucine,33913412.02494423,33913412.02494423,0.0,0.0,1,1,1
ST003390,hsa00280,Valine Leucine Isoleucine Degradation,0.4,78,imputation,3,1,2,Valine,Valine,73346063.54663958,73346063.54663958,0.0,0.0,1,1,1
ST003390,hsa00280,Valine Leucine Isoleucine Degradation,0.4,79,imputation,3,1,2,Valine,Valine,73346063.54663958,73346063.54663958,0.0,0.0,1,1,1
ST003390,hsa00280,Valine Leucine Isoleucine Degradation,0.4,80,imputation,3,1,2,Valine,Valine,73346063.54663958,73346063.54663958,0.0,0.0,1,1,1
ST003390,hsa00280,Valine Leucine Isoleucine Degradation,0.4,81,imputation,3,1,2,Leucine,Leucine,33913412.02494423,33913412.02494423,0.0,0.0,1,1,1
ST003390,hsa00280,Valine Leucine Isoleucine Degradation,0.4,82,imputation,3,1,2,Leucine,Leucine,33913412.02494423,33913412.02494423,0.0,0.0,1,1,1
ST003390,hsa00280,Valine Leucine Isoleucine Degradation,0.4,83,imputation,3,1,2,Valine,Valine,73346063.54663958,73346063.54663958,0.0,0.0,1,1,1
ST003390,hsa00280,Valine Leucine Isoleucine Degradation,0.4,84,imputation,3,1,2,Valine,Valine,73346063.54663958,73346063.54663958,0.0,0.0,1,1,1
ST003390,hsa00280,Valine Leucine Isoleucine Degradation,0.4,85,imputation,3,1,2,Valine,Valine,73346063.54663958,73346063.54663958,0.0,0.0,1,1,1
ST003390,hsa00280,Valine Leucine Isoleucine Degradation,0.4,86,imputation,3,1,2,Leucine,Leucine,33913412.02494423,33913412.02494423,0.0,0.0,1,1,1
ST003390,hsa00280,Valine Leucine Isoleucine Degradation,0.4,87,imputation,3,1,2,Valine,Valine,73346063.54663958,73346063.54663958,0.0,0.0,1,1,1
ST003390,hsa00280,Valine Leucine Isoleucine Degradation,0.4,88,imputation,3,1,2,Valine,Valine,73346063.54663958,73346063.54663958,0.0,0.0,1,1,1
ST003390,hsa00280,Valine Leucine Isoleucine Degradation,0.4,89,imputation,3,1,2,Valine,Valine,73346063.54663958,73346063.54663958,0.0,0.0,1,1,1
ST003390,hsa00280,Valine Leucine Isoleucine Degradation,0.4,90,imputation,3,1,2,Leucine,Leucine,33913412.02494423,33913412.02494423,0.0,0.0,1,1,1
ST003390,hsa00280,Valine Leucine Isoleucine Degradation,0.4,91,imputation,3,1,2,Valine,Valine,73346063.54663958,73346063.54663958,0.0,0.0,1,1,1
ST003390,hsa00280,Valine Leucine Isoleucine Degradation,0.4,92,imputation,3,1,2,Leucine,Leucine,33913412.02494423,33913412.02494423,0.0,0.0,1,1,1
ST003390,hsa00280,Valine Leucine Isoleucine Degradation,0.4,93,imputation,3,1,2,Valine,Valine,73346063.54663958,73346063.54663958,0.0,0.0,1,1,1
ST003390,hsa00280,Valine Leucine Isoleucine Degradation,0.4,94,imputation,3,1,2,Valine,Valine,73346063.54663958,73346063.54663958,0.0,0.0,1,1,1
ST003390,hsa00280,Valine Leucine Isoleucine Degradation,0.4,95,imputation,3,1,2,Valine,Valine,73346063.54663958,73346063.54663958,0.0,0.0,1,1,1
ST003390,hsa00280,Valine Leucine Isoleucine Degradation,0.4,96,imputation,3,1,2,Leucine,Leucine,33913412.02494423,33913412.02494423,0.0,0.0,1,1,1
ST003390,hsa00280,Valine Leucine Isoleucine Degradation,0.4,97,imputation,3,1,2,Leucine,Leucine,33913412.02494423,33913412.02494423,0.0,0.0,1,1,1
ST003390,hsa00280,Valine Leucine Isoleucine Degradation,0.4,98,imputation,3,1,2,Valine,Valine,73346063.54663958,73346063.54663958,0.0,0.0,1,1,1
ST003390,hsa00280,Valine Leucine Isoleucine Degradation,0.4,99,imputation,3,1,2,Valine,Valine,73346063.54663958,73346063.54663958,0.0,0.0,1,1,1
ST003390,hsa00280,Valine Leucine Isoleucine Degradation,0.4,100,imputation,3,1,2,Valine,Valine,73346063.54663958,73346063.54663958,0.0,0.0,1,1,1
ST003506,hsa00280,Valine Leucine Isoleucine Degradation,0.2,1,imputation,8,6,2,3-Hydroxyisobutyric acid,3-Hydroxyisobutyric acid,167.51939393939398,167.51939393939398,0.0,0.0,1,1,1
ST003506,hsa00280,Valine Leucine Isoleucine Degradation,0.2,2,imputation,8,6,2,Leucine,Leucine,1878.355267379679,1878.355267379679,0.0,0.0,1,1,1
ST003506,hsa00280,Valine Leucine Isoleucine Degradation,0.2,3,imputation,8,6,2,Isoleucine,Isoleucine,589.1126559714795,589.1126559714795,0.0,0.0,1,1,1
ST003506,hsa00280,Valine Leucine Isoleucine Degradation,0.2,4,imputation,8,6,2,Isoleucine,Isoleucine,589.1126559714795,589.1126559714795,0.0,0.0,1,1,1
ST003506,hsa00280,Valine Leucine Isoleucine Degradation,0.2,5,imputation,8,6,2,Ketoleucine,Ketoleucine,246.51037433155076,246.51037433155076,0.0,0.0,1,1,1
ST003506,hsa00280,Valine Leucine Isoleucine Degradation,0.2,6,imputation,8,6,2,Ketoleucine,Ketoleucine,246.51037433155076,246.51037433155076,0.0,0.0,1,1,1
ST003506,hsa00280,Valine Leucine Isoleucine Degradation,0.2,7,imputation,8,6,2,3-Methyl-2-oxovaleric acid,3-Methyl-2-oxovaleric acid,126.60652406417111,126.60652406417111,0.0,0.0,1,1,1
ST003506,hsa00280,Valine Leucine Isoleucine Degradation,0.2,8,imputation,8,6,2,Valine,Valine,4258.709385026738,4258.709385026738,0.0,0.0,1,1,1
ST003506,hsa00280,Valine Leucine Isoleucine Degradation,0.2,9,imputation,8,6,2,Leucine,Leucine,1878.355267379679,1878.355267379679,0.0,0.0,1,1,1
ST003506,hsa00280,Valine Leucine Isoleucine Degradation,0.2,10,imputation,8,6,2,3-Hydroxyisobutyric acid,3-Hydroxyisobutyric acid,167.51939393939398,167.51939393939398,0.0,0.0,1,1,1
ST003506,hsa00280,Valine Leucine Isoleucine Degradation,0.2,11,imputation,8,6,2,Valine,Valine,4258.709385026738,4258.709385026738,0.0,0.0,1,1,1
ST003506,hsa00280,Valine Leucine Isoleucine Degradation,0.2,12,imputation,8,6,2,Isoleucine,Isoleucine,589.1126559714795,589.1126559714795,0.0,0.0,1,1,1
ST003506,hsa00280,Valine Leucine Isoleucine Degradation,0.2,13,imputation,8,6,2,Valine,Valine,4258.709385026738,4258.709385026738,0.0,0.0,1,1,1
ST003506,hsa00280,Valine Leucine Isoleucine Degradation,0.2,14,imputation,8,6,2,Isoleucine,Isoleucine,589.1126559714795,589.1126559714795,0.0,0.0,1,1,1
ST003506,hsa00280,Valine Leucine Isoleucine Degradation,0.2,15,imputation,8,6,2,3-Hydroxyisobutyric acid,3-Hydroxyisobutyric acid,167.51939393939398,167.51939393939398,0.0,0.0,1,1,1
ST003506,hsa00280,Valine Leucine Isoleucine Degradation,0.2,16,imputation,8,6,2,Isoleucine,Isoleucine,589.1126559714795,589.1126559714795,0.0,0.0,1,1,1
ST003506,hsa00280,Valine Leucine Isoleucine Degradation,0.2,17,imputation,8,6,2,Isoleucine,Isoleucine,589.1126559714795,589.1126559714795,0.0,0.0,1,1,1
ST003506,hsa00280,Valine Leucine Isoleucine Degradation,0.2,18,imputation,8,6,2,Ketoisovaleric acid,Ketoisovaleric acid,56.419474153297685,56.419474153297685,0.0,0.0,1,1,1
ST003506,hsa00280,Valine Leucine Isoleucine Degradation,0.2,19,imputation,8,6,2,Valine,Valine,4258.709385026738,4258.709385026738,0.0,0.0,1,1,1
ST003506,hsa00280,Valine Leucine Isoleucine Degradation,0.2,20,imputation,8,6,2,3-Hydroxyisobutyric acid,3-Hydroxyisobutyric acid,167.51939393939398,167.51939393939398,0.0,0.0,1,1,1
ST003506,hsa00280,Valine Leucine Isoleucine Degradation,0.2,21,imputation,8,6,2,Valine,Valine,4258.709385026738,4258.709385026738,0.0,0.0,1,1,1
ST003506,hsa00280,Valine Leucine Isoleucine Degradation,0.2,22,imputation,8,6,2,Valine,Valine,4258.709385026738,4258.709385026738,0.0,0.0,1,1,1
ST003506,hsa00280,Valine Leucine Isoleucine Degradation,0.2,23,imputation,8,6,2,Leucine,Leucine,1878.355267379679,1878.355267379679,0.0,0.0,1,1,1
ST003506,hsa00280,Valine Leucine Isoleucine Degradation,0.2,24,imputation,8,6,2,3-Methyl-2-oxovaleric acid,3-Methyl-2-oxovaleric acid,126.60652406417111,126.60652406417111,0.0,0.0,1,1,1
ST003506,hsa00280,Valine Leucine Isoleucine Degradation,0.2,25,imputation,8,6,2,3-Hydroxyisobutyric acid,3-Hydroxyisobutyric acid,167.51939393939398,167.51939393939398,0.0,0.0,1,1,1
ST003506,hsa00280,Valine Leucine Isoleucine Degradation,0.2,26,imputation,8,6,2,Valine,Valine,4258.709385026738,4258.709385026738,0.0,0.0,1,1,1
ST003506,hsa00280,Valine Leucine Isoleucine Degradation,0.2,27,imputation,8,6,2,Valine,Valine,4258.709385026738,4258.709385026738,0.0,0.0,1,1,1
ST003506,hsa00280,Valine Leucine Isoleucine Degradation,0.2,28,imputation,8,6,2,3-Methyl-2-oxovaleric acid,3-Methyl-2-oxovaleric acid,126.60652406417111,126.60652406417111,0.0,0.0,1,1,1
ST003506,hsa00280,Valine Leucine Isoleucine Degradation,0.2,29,imputation,8,6,2,Ketoleucine,Ketoleucine,246.51037433155076,246.51037433155076,0.0,0.0,1,1,1
ST003506,hsa00280,Valine Leucine Isoleucine Degradation,0.2,30,imputation,8,6,2,Leucine,Leucine,1878.355267379679,1878.355267379679,0.0,0.0,1,1,1
ST003506,hsa00280,Valine Leucine Isoleucine Degradation,0.2,31,imputation,8,6,2,3-Hydroxyisobutyric acid,3-Hydroxyisobutyric acid,167.51939393939398,167.51939393939398,0.0,0.0,1,1,1
ST003506,hsa00280,Valine Leucine Isoleucine Degradation,0.2,32,imputation,8,6,2,3-Methyl-2-oxovaleric acid,3-Methyl-2-oxovaleric acid,126.60652406417111,126.60652406417111,0.0,0.0,1,1,1
ST003506,hsa00280,Valine Leucine Isoleucine Degradation,0.2,33,imputation,8,6,2,Valine,Valine,4258.709385026738,4258.709385026738,0.0,0.0,1,1,1
ST003506,hsa00280,Valine Leucine Isoleucine Degradation,0.2,34,imputation,8,6,2,Isoleucine,Isoleucine,589.1126559714795,589.1126559714795,0.0,0.0,1,1,1
ST003506,hsa00280,Valine Leucine Isoleucine Degradation,0.2,35,imputation,8,6,2,Ketoisovaleric acid,Ketoisovaleric acid,56.419474153297685,56.419474153297685,0.0,0.0,1,1,1
ST003506,hsa00280,Valine Leucine Isoleucine Degradation,0.2,36,imputation,8,6,2,Isoleucine,Isoleucine,589.1126559714795,589.1126559714795,0.0,0.0,1,1,1
ST003506,hsa00280,Valine Leucine Isoleucine Degradation,0.2,37,imputation,8,6,2,Isoleucine,Isoleucine,589.1126559714795,589.1126559714795,0.0,0.0,1,1,1
ST003506,hsa00280,Valine Leucine Isoleucine Degradation,0.2,38,imputation,8,6,2,Isoleucine,Isoleucine,589.1126559714795,589.1126559714795,0.0,0.0,1,1,1
ST003506,hsa00280,Valine Leucine Isoleucine Degradation,0.2,39,imputation,8,6,2,Valine,Valine,4258.709385026738,4258.709385026738,0.0,0.0,1,1,1
ST003506,hsa00280,Valine Leucine Isoleucine Degradation,0.2,40,imputation,8,6,2,Leucine,Leucine,1878.355267379679,1878.355267379679,0.0,0.0,1,1,1
ST003506,hsa00280,Valine Leucine Isoleucine Degradation,0.2,41,imputation,8,6,2,Valine,Valine,4258.709385026738,4258.709385026738,0.0,0.0,1,1,1
ST003506,hsa00280,Valine Leucine Isoleucine Degradation,0.2,42,imputation,8,6,2,Leucine,Leucine,1878.355267379679,1878.355267379679,0.0,0.0,1,1,1
ST003506,hsa00280,Valine Leucine Isoleucine Degradation,0.2,43,imputation,8,6,2,Isoleucine,Isoleucine,589.1126559714795,589.1126559714795,0.0,0.0,1,1,1
ST003506,hsa00280,Valine Leucine Isoleucine Degradation,0.2,44,imputation,8,6,2,3-Hydroxyisobutyric acid,3-Hydroxyisobutyric acid,167.51939393939398,167.51939393939398,0.0,0.0,1,1,1
ST003506,hsa00280,Valine Leucine Isoleucine Degradation,0.2,45,imputation,8,6,2,Ketoleucine,Ketoleucine,246.51037433155076,246.51037433155076,0.0,0.0,1,1,1
ST003506,hsa00280,Valine Leucine Isoleucine Degradation,0.2,46,imputation,8,6,2,Leucine,Leucine,1878.355267379679,1878.355267379679,0.0,0.0,1,1,1
ST003506,hsa00280,Valine Leucine Isoleucine Degradation,0.2,47,imputation,8,6,2,Leucine,Leucine,1878.355267379679,1878.355267379679,0.0,0.0,1,1,1
ST003506,hsa00280,Valine Leucine Isoleucine Degradation,0.2,48,imputation,8,6,2,Isoleucine,Isoleucine,589.1126559714795,589.1126559714795,0.0,0.0,1,1,1
ST003506,hsa00280,Valine Leucine Isoleucine Degradation,0.2,49,imputation,8,6,2,3-Methyl-2-oxovaleric acid,3-Methyl-2-oxovaleric acid,126.60652406417111,126.60652406417111,0.0,0.0,1,1,1
ST003506,hsa00280,Valine Leucine Isoleucine Degradation,0.2,50,imputation,8,6,2,Leucine,Leucine,1878.355267379679,1878.355267379679,0.0,0.0,1,1,1
ST003506,hsa00280,Valine Leucine Isoleucine Degradation,0.2,51,imputation,8,6,2,Valine,Valine,4258.709385026738,4258.709385026738,0.0,0.0,1,1,1
ST003506,hsa00280,Valine Leucine Isoleucine Degradation,0.2,52,imputation,8,6,2,3-Hydroxyisobutyric acid,3-Hydroxyisobutyric acid,167.51939393939398,167.51939393939398,0.0,0.0,1,1,1
ST003506,hsa00280,Valine Leucine Isoleucine Degradation,0.2,53,imputation,8,6,2,Isoleucine,Isoleucine,589.1126559714795,589.1126559714795,0.0,0.0,1,1,1
ST003506,hsa00280,Valine Leucine Isoleucine Degradation,0.2,54,imputation,8,6,2,Ketoleucine,Ketoleucine,246.51037433155076,246.51037433155076,0.0,0.0,1,1,1
ST003506,hsa00280,Valine Leucine Isoleucine Degradation,0.2,55,imputation,8,6,2,Valine,Valine,4258.709385026738,4258.709385026738,0.0,0.0,1,1,1
ST003506,hsa00280,Valine Leucine Isoleucine Degradation,0.2,56,imputation,8,6,2,Ketoleucine,Ketoleucine,246.51037433155076,246.51037433155076,0.0,0.0,1,1,1
ST003506,hsa00280,Valine Leucine Isoleucine Degradation,0.2,57,imputation,8,6,2,Leucine,Leucine,1878.355267379679,1878.355267379679,0.0,0.0,1,1,1
ST003506,hsa00280,Valine Leucine Isoleucine Degradation,0.2,58,imputation,8,6,2,Isoleucine,Isoleucine,589.1126559714795,589.1126559714795,0.0,0.0,1,1,1
ST003506,hsa00280,Valine Leucine Isoleucine Degradation,0.2,59,imputation,8,6,2,Isoleucine,Isoleucine,589.1126559714795,589.1126559714795,0.0,0.0,1,1,1
ST003506,hsa00280,Valine Leucine Isoleucine Degradation,0.2,60,imputation,8,6,2,Ketoleucine,Ketoleucine,246.51037433155076,246.51037433155076,0.0,0.0,1,1,1
ST003506,hsa00280,Valine Leucine Isoleucine Degradation,0.2,61,imputation,8,6,2,Valine,Valine,4258.709385026738,4258.709385026738,0.0,0.0,1,1,1
ST003506,hsa00280,Valine Leucine Isoleucine Degradation,0.2,62,imputation,8,6,2,Leucine,Leucine,1878.355267379679,1878.355267379679,0.0,0.0,1,1,1
ST003506,hsa00280,Valine Leucine Isoleucine Degradation,0.2,63,imputation,8,6,2,Ketoleucine,Ketoleucine,246.51037433155076,246.51037433155076,0.0,0.0,1,1,1
ST003506,hsa00280,Valine Leucine Isoleucine Degradation,0.2,64,imputation,8,6,2,Valine,Valine,4258.709385026738,4258.709385026738,0.0,0.0,1,1,1
ST003506,hsa00280,Valine Leucine Isoleucine Degradation,0.2,65,imputation,8,6,2,Isoleucine,Isoleucine,589.1126559714795,589.1126559714795,0.0,0.0,1,1,1
ST003506,hsa00280,Valine Leucine Isoleucine Degradation,0.2,66,imputation,8,6,2,Ketoleucine,Ketoleucine,246.51037433155076,246.51037433155076,0.0,0.0,1,1,1
ST003506,hsa00280,Valine Leucine Isoleucine Degradation,0.2,67,imputation,8,6,2,3-Methyl-2-oxovaleric acid,3-Methyl-2-oxovaleric acid,126.60652406417111,126.60652406417111,0.0,0.0,1,1,1
ST003506,hsa00280,Valine Leucine Isoleucine Degradation,0.2,68,imputation,8,6,2,Valine,Valine,4258.709385026738,4258.709385026738,0.0,0.0,1,1,1
ST003506,hsa00280,Valine Leucine Isoleucine Degradation,0.2,69,imputation,8,6,2,Isoleucine,Isoleucine,589.1126559714795,589.1126559714795,0.0,0.0,1,1,1
ST003506,hsa00280,Valine Leucine Isoleucine Degradation,0.2,70,imputation,8,6,2,Valine,Valine,4258.709385026738,4258.709385026738,0.0,0.0,1,1,1
ST003506,hsa00280,Valine Leucine Isoleucine Degradation,0.2,71,imputation,8,6,2,Ketoleucine,Ketoleucine,246.51037433155076,246.51037433155076,0.0,0.0,1,1,1
ST003506,hsa00280,Valine Leucine Isoleucine Degradation,0.2,72,imputation,8,6,2,Isoleucine,Isoleucine,589.1126559714795,589.1126559714795,0.0,0.0,1,1,1
ST003506,hsa00280,Valine Leucine Isoleucine Degradation,0.2,73,imputation,8,6,2,3-Methyl-2-oxovaleric acid,3-Methyl-2-oxovaleric acid,126.60652406417111,126.60652406417111,0.0,0.0,1,1,1
ST003506,hsa00280,Valine Leucine Isoleucine Degradation,0.2,74,imputation,8,6,2,3-Hydroxyisobutyric acid,3-Hydroxyisobutyric acid,167.51939393939398,167.51939393939398,0.0,0.0,1,1,1
ST003506,hsa00280,Valine Leucine Isoleucine Degradation,0.2,75,imputation,8,6,2,Isoleucine,Isoleucine,589.1126559714795,589.1126559714795,0.0,0.0,1,1,1
ST003506,hsa00280,Valine Leucine Isoleucine Degradation,0.2,76,imputation,8,6,2,Valine,Valine,4258.709385026738,4258.709385026738,0.0,0.0,1,1,1
ST003506,hsa00280,Valine Leucine Isoleucine Degradation,0.2,77,imputation,8,6,2,3-Methyl-2-oxovaleric acid,3-Methyl-2-oxovaleric acid,126.60652406417111,126.60652406417111,0.0,0.0,1,1,1
ST003506,hsa00280,Valine Leucine Isoleucine Degradation,0.2,78,imputation,8,6,2,Isoleucine,Isoleucine,589.1126559714795,589.1126559714795,0.0,0.0,1,1,1
ST003506,hsa00280,Valine Leucine Isoleucine Degradation,0.2,79,imputation,8,6,2,Valine,Valine,4258.709385026738,4258.709385026738,0.0,0.0,1,1,1
ST003506,hsa00280,Valine Leucine Isoleucine Degradation,0.2,80,imputation,8,6,2,Isoleucine,Isoleucine,589.1126559714795,589.1126559714795,0.0,0.0,1,1,1
ST003506,hsa00280,Valine Leucine Isoleucine Degradation,0.2,81,imputation,8,6,2,3-Hydroxyisobutyric acid,3-Hydroxyisobutyric acid,167.51939393939398,167.51939393939398,0.0,0.0,1,1,1
ST003506,hsa00280,Valine Leucine Isoleucine Degradation,0.2,82,imputation,8,6,2,Valine,Valine,4258.709385026738,4258.709385026738,0.0,0.0,1,1,1
ST003506,hsa00280,Valine Leucine Isoleucine Degradation,0.2,83,imputation,8,6,2,Isoleucine,Isoleucine,589.1126559714795,589.1126559714795,0.0,0.0,1,1,1
ST003506,hsa00280,Valine Leucine Isoleucine Degradation,0.2,84,imputation,8,6,2,3-Hydroxyisobutyric acid,3-Hydroxyisobutyric acid,167.51939393939398,167.51939393939398,0.0,0.0,1,1,1
ST003506,hsa00280,Valine Leucine Isoleucine Degradation,0.2,85,imputation,8,6,2,3-Hydroxyisobutyric acid,3-Hydroxyisobutyric acid,167.51939393939398,167.51939393939398,0.0,0.0,1,1,1
ST003506,hsa00280,Valine Leucine Isoleucine Degradation,0.2,86,imputation,8,6,2,Valine,Valine,4258.709385026738,4258.709385026738,0.0,0.0,1,1,1
ST003506,hsa00280,Valine Leucine Isoleucine Degradation,0.2,87,imputation,8,6,2,3-Hydroxyisobutyric acid,3-Hydroxyisobutyric acid,167.51939393939398,167.51939393939398,0.0,0.0,1,1,1
ST003506,hsa00280,Valine Leucine Isoleucine Degradation,0.2,88,imputation,8,6,2,Leucine,Leucine,1878.355267379679,1878.355267379679,0.0,0.0,1,1,1
ST003506,hsa00280,Valine Leucine Isoleucine Degradation,0.2,89,imputation,8,6,2,Ketoleucine,Ketoleucine,246.51037433155076,246.51037433155076,0.0,0.0,1,1,1
ST003506,hsa00280,Valine Leucine Isoleucine Degradation,0.2,90,imputation,8,6,2,Leucine,Leucine,1878.355267379679,1878.355267379679,0.0,0.0,1,1,1
ST003506,hsa00280,Valine Leucine Isoleucine Degradation,0.2,91,imputation,8,6,2,Valine,Valine,4258.709385026738,4258.709385026738,0.0,0.0,1,1,1
ST003506,hsa00280,Valine Leucine Isoleucine Degradation,0.2,92,imputation,8,6,2,Valine,Valine,4258.709385026738,4258.709385026738,0.0,0.0,1,1,1
ST003506,hsa00280,Valine Leucine Isoleucine Degradation,0.2,93,imputation,8,6,2,Valine,Valine,4258.709385026738,4258.709385026738,0.0,0.0,1,1,1
ST003506,hsa00280,Valine Leucine Isoleucine Degradation,0.2,94,imputation,8,6,2,Leucine,Leucine,1878.355267379679,1878.355267379679,0.0,0.0,1,1,1
ST003506,hsa00280,Valine Leucine Isoleucine Degradation,0.2,95,imputation,8,6,2,Valine,Valine,4258.709385026738,4258.709385026738,0.0,0.0,1,1,1
ST003506,hsa00280,Valine Leucine Isoleucine Degradation,0.2,96,imputation,8,6,2,Valine,Valine,4258.709385026738,4258.709385026738,0.0,0.0,1,1,1
ST003506,hsa00280,Valine Leucine Isoleucine Degradation,0.2,97,imputation,8,6,2,Ketoleucine,Ketoleucine,246.51037433155076,246.51037433155076,0.0,0.0,1,1,1
ST003506,hsa00280,Valine Leucine Isoleucine Degradation,0.2,98,imputation,8,6,2,3-Hydroxyisobutyric acid,3-Hydroxyisobutyric acid,167.51939393939398,167.51939393939398,0.0,0.0,1,1,1
ST003506,hsa00280,Valine Leucine Isoleucine Degradation,0.2,99,imputation,8,6,2,3-Hydroxyisobutyric acid,3-Hydroxyisobutyric acid,167.51939393939398,167.51939393939398,0.0,0.0,1,1,1
ST003506,hsa00280,Valine Leucine Isoleucine Degradation,0.2,100,imputation,8,6,2,Valine,Valine,4258.709385026738,4258.709385026738,0.0,0.0,1,1,1
ST003506,hsa00280,Valine Leucine Isoleucine Degradation,0.3,1,imputation,8,5,3,Ketoleucine,Ketoleucine,246.51037433155076,246.51037433155076,0.0,0.0,1,1,1
ST003506,hsa00280,Valine Leucine Isoleucine Degradation,0.3,2,imputation,8,5,3,Valine,Valine,4258.709385026738,4258.709385026738,0.0,0.0,1,1,1
ST003506,hsa00280,Valine Leucine Isoleucine Degradation,0.3,3,imputation,8,5,3,Leucine,Leucine,1878.355267379679,1878.355267379679,0.0,0.0,1,1,1
ST003506,hsa00280,Valine Leucine Isoleucine Degradation,0.3,4,imputation,8,5,3,Isoleucine,Isoleucine,589.1126559714795,589.1126559714795,0.0,0.0,1,1,1
ST003506,hsa00280,Valine Leucine Isoleucine Degradation,0.3,5,imputation,8,5,3,Isoleucine,Isoleucine,589.1126559714795,589.1126559714795,0.0,0.0,1,1,1
ST003506,hsa00280,Valine Leucine Isoleucine Degradation,0.3,6,imputation,8,5,3,Ketoleucine,Ketoleucine,246.51037433155076,246.51037433155076,0.0,0.0,1,1,1
ST003506,hsa00280,Valine Leucine Isoleucine Degradation,0.3,7,imputation,8,5,3,Isoleucine,Isoleucine,589.1126559714795,589.1126559714795,0.0,0.0,1,1,1
ST003506,hsa00280,Valine Leucine Isoleucine Degradation,0.3,8,imputation,8,5,3,Valine,Valine,4258.709385026738,4258.709385026738,0.0,0.0,1,1,1
ST003506,hsa00280,Valine Leucine Isoleucine Degradation,0.3,9,imputation,8,5,3,Leucine,Leucine,1878.355267379679,1878.355267379679,0.0,0.0,1,1,1
ST003506,hsa00280,Valine Leucine Isoleucine Degradation,0.3,10,imputation,8,5,3,Ketoleucine,Ketoleucine,246.51037433155076,246.51037433155076,0.0,0.0,1,1,1
ST003506,hsa00280,Valine Leucine Isoleucine Degradation,0.3,11,imputation,8,5,3,Valine,Valine,4258.709385026738,4258.709385026738,0.0,0.0,1,1,1
ST003506,hsa00280,Valine Leucine Isoleucine Degradation,0.3,12,imputation,8,5,3,Isoleucine,Isoleucine,589.1126559714795,589.1126559714795,0.0,0.0,1,1,1
ST003506,hsa00280,Valine Leucine Isoleucine Degradation,0.3,13,imputation,8,5,3,Valine,Valine,4258.709385026738,4258.709385026738,0.0,0.0,1,1,1
ST003506,hsa00280,Valine Leucine Isoleucine Degradation,0.3,14,imputation,8,5,3,Isoleucine,Isoleucine,589.1126559714795,589.1126559714795,0.0,0.0,1,1,1
ST003506,hsa00280,Valine Leucine Isoleucine Degradation,0.3,15,imputation,8,5,3,3-Hydroxyisobutyric acid,3-Hydroxyisobutyric acid,167.51939393939398,167.51939393939398,0.0,0.0,1,1,1
ST003506,hsa00280,Valine Leucine Isoleucine Degradation,0.3,16,imputation,8,5,3,Isoleucine,Isoleucine,589.1126559714795,589.1126559714795,0.0,0.0,1,1,1
ST003506,hsa00280,Valine Leucine Isoleucine Degradation,0.3,17,imputation,8,5,3,Isoleucine,Isoleucine,589.1126559714795,589.1126559714795,0.0,0.0,1,1,1
ST003506,hsa00280,Valine Leucine Isoleucine Degradation,0.3,18,imputation,8,5,3,Valine,Valine,4258.709385026738,4258.709385026738,0.0,0.0,1,1,1
ST003506,hsa00280,Valine Leucine Isoleucine Degradation,0.3,19,imputation,8,5,3,Valine,Valine,4258.709385026738,4258.709385026738,0.0,0.0,1,1,1
ST003506,hsa00280,Valine Leucine Isoleucine Degradation,0.3,20,imputation,8,5,3,3-Hydroxyisobutyric acid,3-Hydroxyisobutyric acid,167.51939393939398,167.51939393939398,0.0,0.0,1,1,1
ST003506,hsa00280,Valine Leucine Isoleucine Degradation,0.3,21,imputation,8,5,3,Valine,Valine,4258.709385026738,4258.709385026738,0.0,0.0,1,1,1
ST003506,hsa00280,Valine Leucine Isoleucine Degradation,0.3,22,imputation,8,5,3,Valine,Valine,4258.709385026738,4258.709385026738,0.0,0.0,1,1,1
ST003506,hsa00280,Valine Leucine Isoleucine Degradation,0.3,23,imputation,8,5,3,Valine,Valine,4258.709385026738,4258.709385026738,0.0,0.0,1,1,1
ST003506,hsa00280,Valine Leucine Isoleucine Degradation,0.3,24,imputation,8,5,3,Isoleucine,Isoleucine,589.1126559714795,589.1126559714795,0.0,0.0,1,1,1
ST003506,hsa00280,Valine Leucine Isoleucine Degradation,0.3,25,imputation,8,5,3,Isoleucine,Isoleucine,589.1126559714795,589.1126559714795,0.0,0.0,1,1,1
ST003506,hsa00280,Valine Leucine Isoleucine Degradation,0.3,26,imputation,8,5,3,Valine,Valine,4258.709385026738,4258.709385026738,0.0,0.0,1,1,1
ST003506,hsa00280,Valine Leucine Isoleucine Degradation,0.3,27,imputation,8,5,3,Valine,Valine,4258.709385026738,4258.709385026738,0.0,0.0,1,1,1
ST003506,hsa00280,Valine Leucine Isoleucine Degradation,0.3,28,imputation,8,5,3,Ketoleucine,Ketoleucine,246.51037433155076,246.51037433155076,0.0,0.0,1,1,1
ST003506,hsa00280,Valine Leucine Isoleucine Degradation,0.3,29,imputation,8,5,3,Leucine,Leucine,1878.355267379679,1878.355267379679,0.0,0.0,1,1,1
ST003506,hsa00280,Valine Leucine Isoleucine Degradation,0.3,30,imputation,8,5,3,Leucine,Leucine,1878.355267379679,1878.355267379679,0.0,0.0,1,1,1
ST003506,hsa00280,Valine Leucine Isoleucine Degradation,0.3,31,imputation,8,5,3,Valine,Valine,4258.709385026738,4258.709385026738,0.0,0.0,1,1,1
ST003506,hsa00280,Valine Leucine Isoleucine Degradation,0.3,32,imputation,8,5,3,3-Hydroxyisobutyric acid,3-Hydroxyisobutyric acid,167.51939393939398,167.51939393939398,0.0,0.0,1,1,1
ST003506,hsa00280,Valine Leucine Isoleucine Degradation,0.3,33,imputation,8,5,3,Valine,Valine,4258.709385026738,4258.709385026738,0.0,0.0,1,1,1
ST003506,hsa00280,Valine Leucine Isoleucine Degradation,0.3,34,imputation,8,5,3,Leucine,Leucine,1878.355267379679,1878.355267379679,0.0,0.0,1,1,1
ST003506,hsa00280,Valine Leucine Isoleucine Degradation,0.3,35,imputation,8,5,3,3-Methyl-2-oxovaleric acid,3-Methyl-2-oxovaleric acid,126.60652406417111,126.60652406417111,0.0,0.0,1,1,1
ST003506,hsa00280,Valine Leucine Isoleucine Degradation,0.3,36,imputation,8,5,3,Isoleucine,Isoleucine,589.1126559714795,589.1126559714795,0.0,0.0,1,1,1
ST003506,hsa00280,Valine Leucine Isoleucine Degradation,0.3,37,imputation,8,5,3,Valine,Valine,4258.709385026738,4258.709385026738,0.0,0.0,1,1,1
ST003506,hsa00280,Valine Leucine Isoleucine Degradation,0.3,38,imputation,8,5,3,Valine,Valine,4258.709385026738,4258.709385026738,0.0,0.0,1,1,1
ST003506,hsa00280,Valine Leucine Isoleucine Degradation,0.3,39,imputation,8,5,3,Valine,Valine,4258.709385026738,4258.709385026738,0.0,0.0,1,1,1
ST003506,hsa00280,Valine Leucine Isoleucine Degradation,0.3,40,imputation,8,5,3,Leucine,Leucine,1878.355267379679,1878.355267379679,0.0,0.0,1,1,1
ST003506,hsa00280,Valine Leucine Isoleucine Degradation,0.3,41,imputation,8,5,3,Valine,Valine,4258.709385026738,4258.709385026738,0.0,0.0,1,1,1
ST003506,hsa00280,Valine Leucine Isoleucine Degradation,0.3,42,imputation,8,5,3,Leucine,Leucine,1878.355267379679,1878.355267379679,0.0,0.0,1,1,1
ST003506,hsa00280,Valine Leucine Isoleucine Degradation,0.3,43,imputation,8,5,3,Isoleucine,Isoleucine,589.1126559714795,589.1126559714795,0.0,0.0,1,1,1
ST003506,hsa00280,Valine Leucine Isoleucine Degradation,0.3,44,imputation,8,5,3,3-Hydroxyisobutyric acid,3-Hydroxyisobutyric acid,167.51939393939398,167.51939393939398,0.0,0.0,1,1,1
ST003506,hsa00280,Valine Leucine Isoleucine Degradation,0.3,45,imputation,8,5,3,Ketoleucine,Ketoleucine,246.51037433155076,246.51037433155076,0.0,0.0,1,1,1
ST003506,hsa00280,Valine Leucine Isoleucine Degradation,0.3,46,imputation,8,5,3,Leucine,Leucine,1878.355267379679,1878.355267379679,0.0,0.0,1,1,1
ST003506,hsa00280,Valine Leucine Isoleucine Degradation,0.3,47,imputation,8,5,3,Leucine,Leucine,1878.355267379679,1878.355267379679,0.0,0.0,1,1,1
ST003506,hsa00280,Valine Leucine Isoleucine Degradation,0.3,48,imputation,8,5,3,Isoleucine,Isoleucine,589.1126559714795,589.1126559714795,0.0,0.0,1,1,1
ST003506,hsa00280,Valine Leucine Isoleucine Degradation,0.3,49,imputation,8,5,3,Valine,Valine,4258.709385026738,4258.709385026738,0.0,0.0,1,1,1
ST003506,hsa00280,Valine Leucine Isoleucine Degradation,0.3,50,imputation,8,5,3,Valine,Valine,4258.709385026738,4258.709385026738,0.0,0.0,1,1,1
ST003506,hsa00280,Valine Leucine Isoleucine Degradation,0.3,51,imputation,8,5,3,Valine,Valine,4258.709385026738,4258.709385026738,0.0,0.0,1,1,1
ST003506,hsa00280,Valine Leucine Isoleucine Degradation,0.3,52,imputation,8,5,3,Valine,Valine,4258.709385026738,4258.709385026738,0.0,0.0,1,1,1
ST003506,hsa00280,Valine Leucine Isoleucine Degradation,0.3,53,imputation,8,5,3,Isoleucine,Isoleucine,589.1126559714795,589.1126559714795,0.0,0.0,1,1,1
ST003506,hsa00280,Valine Leucine Isoleucine Degradation,0.3,54,imputation,8,5,3,Valine,Valine,4258.709385026738,4258.709385026738,0.0,0.0,1,1,1
ST003506,hsa00280,Valine Leucine Isoleucine Degradation,0.3,55,imputation,8,5,3,Valine,Valine,4258.709385026738,4258.709385026738,0.0,0.0,1,1,1
ST003506,hsa00280,Valine Leucine Isoleucine Degradation,0.3,56,imputation,8,5,3,Ketoleucine,Ketoleucine,246.51037433155076,246.51037433155076,0.0,0.0,1,1,1
ST003506,hsa00280,Valine Leucine Isoleucine Degradation,0.3,57,imputation,8,5,3,Leucine,Leucine,1878.355267379679,1878.355267379679,0.0,0.0,1,1,1
ST003506,hsa00280,Valine Leucine Isoleucine Degradation,0.3,58,imputation,8,5,3,Leucine,Leucine,1878.355267379679,1878.355267379679,0.0,0.0,1,1,1
ST003506,hsa00280,Valine Leucine Isoleucine Degradation,0.3,59,imputation,8,5,3,Isoleucine,Isoleucine,589.1126559714795,589.1126559714795,0.0,0.0,1,1,1
ST003506,hsa00280,Valine Leucine Isoleucine Degradation,0.3,60,imputation,8,5,3,Ketoleucine,Ketoleucine,246.51037433155076,246.51037433155076,0.0,0.0,1,1,1
ST003506,hsa00280,Valine Leucine Isoleucine Degradation,0.3,61,imputation,8,5,3,Valine,Valine,4258.709385026738,4258.709385026738,0.0,0.0,1,1,1
ST003506,hsa00280,Valine Leucine Isoleucine Degradation,0.3,62,imputation,8,5,3,Leucine,Leucine,1878.355267379679,1878.355267379679,0.0,0.0,1,1,1
ST003506,hsa00280,Valine Leucine Isoleucine Degradation,0.3,63,imputation,8,5,3,Ketoleucine,Ketoleucine,246.51037433155076,246.51037433155076,0.0,0.0,1,1,1
ST003506,hsa00280,Valine Leucine Isoleucine Degradation,0.3,64,imputation,8,5,3,Valine,Valine,4258.709385026738,4258.709385026738,0.0,0.0,1,1,1
ST003506,hsa00280,Valine Leucine Isoleucine Degradation,0.3,65,imputation,8,5,3,Leucine,Leucine,1878.355267379679,1878.355267379679,0.0,0.0,1,1,1
ST003506,hsa00280,Valine Leucine Isoleucine Degradation,0.3,66,imputation,8,5,3,Ketoleucine,Ketoleucine,246.51037433155076,246.51037433155076,0.0,0.0,1,1,1
ST003506,hsa00280,Valine Leucine Isoleucine Degradation,0.3,67,imputation,8,5,3,Isoleucine,Isoleucine,589.1126559714795,589.1126559714795,0.0,0.0,1,1,1
ST003506,hsa00280,Valine Leucine Isoleucine Degradation,0.3,68,imputation,8,5,3,Valine,Valine,4258.709385026738,4258.709385026738,0.0,0.0,1,1,1
ST003506,hsa00280,Valine Leucine Isoleucine Degradation,0.3,69,imputation,8,5,3,Valine,Valine,4258.709385026738,4258.709385026738,0.0,0.0,1,1,1
ST003506,hsa00280,Valine Leucine Isoleucine Degradation,0.3,70,imputation,8,5,3,Valine,Valine,4258.709385026738,4258.709385026738,0.0,0.0,1,1,1
ST003506,hsa00280,Valine Leucine Isoleucine Degradation,0.3,71,imputation,8,5,3,Leucine,Leucine,1878.355267379679,1878.355267379679,0.0,0.0,1,1,1
ST003506,hsa00280,Valine Leucine Isoleucine Degradation,0.3,72,imputation,8,5,3,Isoleucine,Isoleucine,589.1126559714795,589.1126559714795,0.0,0.0,1,1,1
ST003506,hsa00280,Valine Leucine Isoleucine Degradation,0.3,73,imputation,8,5,3,3-Hydroxyisobutyric acid,3-Hydroxyisobutyric acid,167.51939393939398,167.51939393939398,0.0,0.0,1,1,1
ST003506,hsa00280,Valine Leucine Isoleucine Degradation,0.3,74,imputation,8,5,3,Ketoleucine,Ketoleucine,246.51037433155076,246.51037433155076,0.0,0.0,1,1,1
ST003506,hsa00280,Valine Leucine Isoleucine Degradation,0.3,75,imputation,8,5,3,Leucine,Leucine,1878.355267379679,1878.355267379679,0.0,0.0,1,1,1
ST003506,hsa00280,Valine Leucine Isoleucine Degradation,0.3,76,imputation,8,5,3,Valine,Valine,4258.709385026738,4258.709385026738,0.0,0.0,1,1,1
ST003506,hsa00280,Valine Leucine Isoleucine Degradation,0.3,77,imputation,8,5,3,Ketoleucine,Ketoleucine,246.51037433155076,246.51037433155076,0.0,0.0,1,1,1
ST003506,hsa00280,Valine Leucine Isoleucine Degradation,0.3,78,imputation,8,5,3,Isoleucine,Isoleucine,589.1126559714795,589.1126559714795,0.0,0.0,1,1,1
ST003506,hsa00280,Valine Leucine Isoleucine Degradation,0.3,79,imputation,8,5,3,Valine,Valine,4258.709385026738,4258.709385026738,0.0,0.0,1,1,1
ST003506,hsa00280,Valine Leucine Isoleucine Degradation,0.3,80,imputation,8,5,3,Isoleucine,Isoleucine,589.1126559714795,589.1126559714795,0.0,0.0,1,1,1
ST003506,hsa00280,Valine Leucine Isoleucine Degradation,0.3,81,imputation,8,5,3,Valine,Valine,4258.709385026738,4258.709385026738,0.0,0.0,1,1,1
ST003506,hsa00280,Valine Leucine Isoleucine Degradation,0.3,82,imputation,8,5,3,Valine,Valine,4258.709385026738,4258.709385026738,0.0,0.0,1,1,1
ST003506,hsa00280,Valine Leucine Isoleucine Degradation,0.3,83,imputation,8,5,3,Isoleucine,Isoleucine,589.1126559714795,589.1126559714795,0.0,0.0,1,1,1
ST003506,hsa00280,Valine Leucine Isoleucine Degradation,0.3,84,imputation,8,5,3,Leucine,Leucine,1878.355267379679,1878.355267379679,0.0,0.0,1,1,1
ST003506,hsa00280,Valine Leucine Isoleucine Degradation,0.3,85,imputation,8,5,3,Leucine,Leucine,1878.355267379679,1878.355267379679,0.0,0.0,1,1,1
ST003506,hsa00280,Valine Leucine Isoleucine Degradation,0.3,86,imputation,8,5,3,Valine,Valine,4258.709385026738,4258.709385026738,0.0,0.0,1,1,1
ST003506,hsa00280,Valine Leucine Isoleucine Degradation,0.3,87,imputation,8,5,3,Ketoleucine,Ketoleucine,246.51037433155076,246.51037433155076,0.0,0.0,1,1,1
ST003506,hsa00280,Valine Leucine Isoleucine Degradation,0.3,88,imputation,8,5,3,Leucine,Leucine,1878.355267379679,1878.355267379679,0.0,0.0,1,1,1
ST003506,hsa00280,Valine Leucine Isoleucine Degradation,0.3,89,imputation,8,5,3,Ketoleucine,Ketoleucine,246.51037433155076,246.51037433155076,0.0,0.0,1,1,1
ST003506,hsa00280,Valine Leucine Isoleucine Degradation,0.3,90,imputation,8,5,3,Leucine,Leucine,1878.355267379679,1878.355267379679,0.0,0.0,1,1,1
ST003506,hsa00280,Valine Leucine Isoleucine Degradation,0.3,91,imputation,8,5,3,Valine,Valine,4258.709385026738,4258.709385026738,0.0,0.0,1,1,1
ST003506,hsa00280,Valine Leucine Isoleucine Degradation,0.3,92,imputation,8,5,3,Valine,Valine,4258.709385026738,4258.709385026738,0.0,0.0,1,1,1
ST003506,hsa00280,Valine Leucine Isoleucine Degradation,0.3,93,imputation,8,5,3,Valine,Valine,4258.709385026738,4258.709385026738,0.0,0.0,1,1,1
ST003506,hsa00280,Valine Leucine Isoleucine Degradation,0.3,94,imputation,8,5,3,Leucine,Leucine,1878.355267379679,1878.355267379679,0.0,0.0,1,1,1
ST003506,hsa00280,Valine Leucine Isoleucine Degradation,0.3,95,imputation,8,5,3,Valine,Valine,4258.709385026738,4258.709385026738,0.0,0.0,1,1,1
ST003506,hsa00280,Valine Leucine Isoleucine Degradation,0.3,96,imputation,8,5,3,Valine,Valine,4258.709385026738,4258.709385026738,0.0,0.0,1,1,1
ST003506,hsa00280,Valine Leucine Isoleucine Degradation,0.3,97,imputation,8,5,3,Ketoleucine,Ketoleucine,246.51037433155076,246.51037433155076,0.0,0.0,1,1,1
ST003506,hsa00280,Valine Leucine Isoleucine Degradation,0.3,98,imputation,8,5,3,3-Hydroxyisobutyric acid,3-Hydroxyisobutyric acid,167.51939393939398,167.51939393939398,0.0,0.0,1,1,1
ST003506,hsa00280,Valine Leucine Isoleucine Degradation,0.3,99,imputation,8,5,3,Isoleucine,Isoleucine,589.1126559714795,589.1126559714795,0.0,0.0,1,1,1
ST003506,hsa00280,Valine Leucine Isoleucine Degradation,0.3,100,imputation,8,5,3,Valine,Valine,4258.709385026738,4258.709385026738,0.0,0.0,1,1,1
ST003506,hsa00280,Valine Leucine Isoleucine Degradation,0.4,1,imputation,8,4,4,Ketoleucine,Ketoleucine,246.51037433155076,246.51037433155076,0.0,0.0,1,1,1
ST003506,hsa00280,Valine Leucine Isoleucine Degradation,0.4,2,imputation,8,4,4,Valine,Valine,4258.709385026738,4258.709385026738,0.0,0.0,1,1,1
ST003506,hsa00280,Valine Leucine Isoleucine Degradation,0.4,3,imputation,8,4,4,Leucine,Leucine,1878.355267379679,1878.355267379679,0.0,0.0,1,1,1
ST003506,hsa00280,Valine Leucine Isoleucine Degradation,0.4,4,imputation,8,4,4,Isoleucine,Isoleucine,589.1126559714795,589.1126559714795,0.0,0.0,1,1,1
ST003506,hsa00280,Valine Leucine Isoleucine Degradation,0.4,5,imputation,8,4,4,Isoleucine,Isoleucine,589.1126559714795,589.1126559714795,0.0,0.0,1,1,1
ST003506,hsa00280,Valine Leucine Isoleucine Degradation,0.4,6,imputation,8,4,4,Valine,Valine,4258.709385026738,4258.709385026738,0.0,0.0,1,1,1
ST003506,hsa00280,Valine Leucine Isoleucine Degradation,0.4,7,imputation,8,4,4,Isoleucine,Isoleucine,589.1126559714795,589.1126559714795,0.0,0.0,1,1,1
ST003506,hsa00280,Valine Leucine Isoleucine Degradation,0.4,8,imputation,8,4,4,Valine,Valine,4258.709385026738,4258.709385026738,0.0,0.0,1,1,1
ST003506,hsa00280,Valine Leucine Isoleucine Degradation,0.4,9,imputation,8,4,4,Leucine,Leucine,1878.355267379679,1878.355267379679,0.0,0.0,1,1,1
ST003506,hsa00280,Valine Leucine Isoleucine Degradation,0.4,10,imputation,8,4,4,Valine,Valine,4258.709385026738,4258.709385026738,0.0,0.0,1,1,1
ST003506,hsa00280,Valine Leucine Isoleucine Degradation,0.4,11,imputation,8,4,4,Valine,Valine,4258.709385026738,4258.709385026738,0.0,0.0,1,1,1
ST003506,hsa00280,Valine Leucine Isoleucine Degradation,0.4,12,imputation,8,4,4,Valine,Valine,4258.709385026738,4258.709385026738,0.0,0.0,1,1,1
ST003506,hsa00280,Valine Leucine Isoleucine Degradation,0.4,13,imputation,8,4,4,Valine,Valine,4258.709385026738,4258.709385026738,0.0,0.0,1,1,1
ST003506,hsa00280,Valine Leucine Isoleucine Degradation,0.4,14,imputation,8,4,4,Isoleucine,Isoleucine,589.1126559714795,589.1126559714795,0.0,0.0,1,1,1
ST003506,hsa00280,Valine Leucine Isoleucine Degradation,0.4,15,imputation,8,4,4,Ketoleucine,Ketoleucine,246.51037433155076,246.51037433155076,0.0,0.0,1,1,1
ST003506,hsa00280,Valine Leucine Isoleucine Degradation,0.4,16,imputation,8,4,4,Leucine,Leucine,1878.355267379679,1878.355267379679,0.0,0.0,1,1,1
ST003506,hsa00280,Valine Leucine Isoleucine Degradation,0.4,17,imputation,8,4,4,Valine,Valine,4258.709385026738,4258.709385026738,0.0,0.0,1,1,1
ST003506,hsa00280,Valine Leucine Isoleucine Degradation,0.4,18,imputation,8,4,4,Valine,Valine,4258.709385026738,4258.709385026738,0.0,0.0,1,1,1
ST003506,hsa00280,Valine Leucine Isoleucine Degradation,0.4,19,imputation,8,4,4,Valine,Valine,4258.709385026738,4258.709385026738,0.0,0.0,1,1,1
ST003506,hsa00280,Valine Leucine Isoleucine Degradation,0.4,20,imputation,8,4,4,Isoleucine,Isoleucine,589.1126559714795,589.1126559714795,0.0,0.0,1,1,1
ST003506,hsa00280,Valine Leucine Isoleucine Degradation,0.4,21,imputation,8,4,4,Valine,Valine,4258.709385026738,4258.709385026738,0.0,0.0,1,1,1
ST003506,hsa00280,Valine Leucine Isoleucine Degradation,0.4,22,imputation,8,4,4,Valine,Valine,4258.709385026738,4258.709385026738,0.0,0.0,1,1,1
ST003506,hsa00280,Valine Leucine Isoleucine Degradation,0.4,23,imputation,8,4,4,Valine,Valine,4258.709385026738,4258.709385026738,0.0,0.0,1,1,1
ST003506,hsa00280,Valine Leucine Isoleucine Degradation,0.4,24,imputation,8,4,4,Valine,Valine,4258.709385026738,4258.709385026738,0.0,0.0,1,1,1
ST003506,hsa00280,Valine Leucine Isoleucine Degradation,0.4,25,imputation,8,4,4,Isoleucine,Isoleucine,589.1126559714795,589.1126559714795,0.0,0.0,1,1,1
ST003506,hsa00280,Valine Leucine Isoleucine Degradation,0.4,26,imputation,8,4,4,Valine,Valine,4258.709385026738,4258.709385026738,0.0,0.0,1,1,1
ST003506,hsa00280,Valine Leucine Isoleucine Degradation,0.4,27,imputation,8,4,4,Valine,Valine,4258.709385026738,4258.709385026738,0.0,0.0,1,1,1
ST003506,hsa00280,Valine Leucine Isoleucine Degradation,0.4,28,imputation,8,4,4,Isoleucine,Isoleucine,589.1126559714795,589.1126559714795,0.0,0.0,1,1,1
ST003506,hsa00280,Valine Leucine Isoleucine Degradation,0.4,29,imputation,8,4,4,Leucine,Leucine,1878.355267379679,1878.355267379679,0.0,0.0,1,1,1
ST003506,hsa00280,Valine Leucine Isoleucine Degradation,0.4,30,imputation,8,4,4,Valine,Valine,4258.709385026738,4258.709385026738,0.0,0.0,1,1,1
ST003506,hsa00280,Valine Leucine Isoleucine Degradation,0.4,31,imputation,8,4,4,Valine,Valine,4258.709385026738,4258.709385026738,0.0,0.0,1,1,1
ST003506,hsa00280,Valine Leucine Isoleucine Degradation,0.4,32,imputation,8,4,4,Leucine,Leucine,1878.355267379679,1878.355267379679,0.0,0.0,1,1,1
ST003506,hsa00280,Valine Leucine Isoleucine Degradation,0.4,33,imputation,8,4,4,Valine,Valine,4258.709385026738,4258.709385026738,0.0,0.0,1,1,1
ST003506,hsa00280,Valine Leucine Isoleucine Degradation,0.4,34,imputation,8,4,4,Leucine,Leucine,1878.355267379679,1878.355267379679,0.0,0.0,1,1,1
ST003506,hsa00280,Valine Leucine Isoleucine Degradation,0.4,35,imputation,8,4,4,Ketoleucine,Ketoleucine,246.51037433155076,246.51037433155076,0.0,0.0,1,1,1
ST003506,hsa00280,Valine Leucine Isoleucine Degradation,0.4,36,imputation,8,4,4,Isoleucine,Isoleucine,589.1126559714795,589.1126559714795,0.0,0.0,1,1,1
ST003506,hsa00280,Valine Leucine Isoleucine Degradation,0.4,37,imputation,8,4,4,Valine,Valine,4258.709385026738,4258.709385026738,0.0,0.0,1,1,1
ST003506,hsa00280,Valine Leucine Isoleucine Degradation,0.4,38,imputation,8,4,4,Valine,Valine,4258.709385026738,4258.709385026738,0.0,0.0,1,1,1
ST003506,hsa00280,Valine Leucine Isoleucine Degradation,0.4,39,imputation,8,4,4,Valine,Valine,4258.709385026738,4258.709385026738,0.0,0.0,1,1,1
ST003506,hsa00280,Valine Leucine Isoleucine Degradation,0.4,40,imputation,8,4,4,Leucine,Leucine,1878.355267379679,1878.355267379679,0.0,0.0,1,1,1
ST003506,hsa00280,Valine Leucine Isoleucine Degradation,0.4,41,imputation,8,4,4,Valine,Valine,4258.709385026738,4258.709385026738,0.0,0.0,1,1,1
ST003506,hsa00280,Valine Leucine Isoleucine Degradation,0.4,42,imputation,8,4,4,Leucine,Leucine,1878.355267379679,1878.355267379679,0.0,0.0,1,1,1
ST003506,hsa00280,Valine Leucine Isoleucine Degradation,0.4,43,imputation,8,4,4,Isoleucine,Isoleucine,589.1126559714795,589.1126559714795,0.0,0.0,1,1,1
ST003506,hsa00280,Valine Leucine Isoleucine Degradation,0.4,44,imputation,8,4,4,Valine,Valine,4258.709385026738,4258.709385026738,0.0,0.0,1,1,1
ST003506,hsa00280,Valine Leucine Isoleucine Degradation,0.4,45,imputation,8,4,4,Ketoleucine,Ketoleucine,246.51037433155076,246.51037433155076,0.0,0.0,1,1,1
ST003506,hsa00280,Valine Leucine Isoleucine Degradation,0.4,46,imputation,8,4,4,Valine,Valine,4258.709385026738,4258.709385026738,0.0,0.0,1,1,1
ST003506,hsa00280,Valine Leucine Isoleucine Degradation,0.4,47,imputation,8,4,4,Leucine,Leucine,1878.355267379679,1878.355267379679,0.0,0.0,1,1,1
ST003506,hsa00280,Valine Leucine Isoleucine Degradation,0.4,48,imputation,8,4,4,Valine,Valine,4258.709385026738,4258.709385026738,0.0,0.0,1,1,1
ST003506,hsa00280,Valine Leucine Isoleucine Degradation,0.4,49,imputation,8,4,4,Valine,Valine,4258.709385026738,4258.709385026738,0.0,0.0,1,1,1
ST003506,hsa00280,Valine Leucine Isoleucine Degradation,0.4,50,imputation,8,4,4,Valine,Valine,4258.709385026738,4258.709385026738,0.0,0.0,1,1,1
ST003506,hsa00280,Valine Leucine Isoleucine Degradation,0.4,51,imputation,8,4,4,Valine,Valine,4258.709385026738,4258.709385026738,0.0,0.0,1,1,1
ST003506,hsa00280,Valine Leucine Isoleucine Degradation,0.4,52,imputation,8,4,4,Valine,Valine,4258.709385026738,4258.709385026738,0.0,0.0,1,1,1
ST003506,hsa00280,Valine Leucine Isoleucine Degradation,0.4,53,imputation,8,4,4,Isoleucine,Isoleucine,589.1126559714795,589.1126559714795,0.0,0.0,1,1,1
ST003506,hsa00280,Valine Leucine Isoleucine Degradation,0.4,54,imputation,8,4,4,Valine,Valine,4258.709385026738,4258.709385026738,0.0,0.0,1,1,1
ST003506,hsa00280,Valine Leucine Isoleucine Degradation,0.4,55,imputation,8,4,4,Valine,Valine,4258.709385026738,4258.709385026738,0.0,0.0,1,1,1
ST003506,hsa00280,Valine Leucine Isoleucine Degradation,0.4,56,imputation,8,4,4,Ketoleucine,Ketoleucine,246.51037433155076,246.51037433155076,0.0,0.0,1,1,1
ST003506,hsa00280,Valine Leucine Isoleucine Degradation,0.4,57,imputation,8,4,4,Leucine,Leucine,1878.355267379679,1878.355267379679,0.0,0.0,1,1,1
ST003506,hsa00280,Valine Leucine Isoleucine Degradation,0.4,58,imputation,8,4,4,Leucine,Leucine,1878.355267379679,1878.355267379679,0.0,0.0,1,1,1
ST003506,hsa00280,Valine Leucine Isoleucine Degradation,0.4,59,imputation,8,4,4,Valine,Valine,4258.709385026738,4258.709385026738,0.0,0.0,1,1,1
ST003506,hsa00280,Valine Leucine Isoleucine Degradation,0.4,60,imputation,8,4,4,Valine,Valine,4258.709385026738,4258.709385026738,0.0,0.0,1,1,1
ST003506,hsa00280,Valine Leucine Isoleucine Degradation,0.4,61,imputation,8,4,4,Valine,Valine,4258.709385026738,4258.709385026738,0.0,0.0,1,1,1
ST003506,hsa00280,Valine Leucine Isoleucine Degradation,0.4,62,imputation,8,4,4,Leucine,Leucine,1878.355267379679,1878.355267379679,0.0,0.0,1,1,1
ST003506,hsa00280,Valine Leucine Isoleucine Degradation,0.4,63,imputation,8,4,4,Valine,Valine,4258.709385026738,4258.709385026738,0.0,0.0,1,1,1
ST003506,hsa00280,Valine Leucine Isoleucine Degradation,0.4,64,imputation,8,4,4,Valine,Valine,4258.709385026738,4258.709385026738,0.0,0.0,1,1,1
ST003506,hsa00280,Valine Leucine Isoleucine Degradation,0.4,65,imputation,8,4,4,Valine,Valine,4258.709385026738,4258.709385026738,0.0,0.0,1,1,1
ST003506,hsa00280,Valine Leucine Isoleucine Degradation,0.4,66,imputation,8,4,4,Isoleucine,Isoleucine,589.1126559714795,589.1126559714795,0.0,0.0,1,1,1
ST003506,hsa00280,Valine Leucine Isoleucine Degradation,0.4,67,imputation,8,4,4,Isoleucine,Isoleucine,589.1126559714795,589.1126559714795,0.0,0.0,1,1,1
ST003506,hsa00280,Valine Leucine Isoleucine Degradation,0.4,68,imputation,8,4,4,Valine,Valine,4258.709385026738,4258.709385026738,0.0,0.0,1,1,1
ST003506,hsa00280,Valine Leucine Isoleucine Degradation,0.4,69,imputation,8,4,4,Valine,Valine,4258.709385026738,4258.709385026738,0.0,0.0,1,1,1
ST003506,hsa00280,Valine Leucine Isoleucine Degradation,0.4,70,imputation,8,4,4,Valine,Valine,4258.709385026738,4258.709385026738,0.0,0.0,1,1,1
ST003506,hsa00280,Valine Leucine Isoleucine Degradation,0.4,71,imputation,8,4,4,Leucine,Leucine,1878.355267379679,1878.355267379679,0.0,0.0,1,1,1
ST003506,hsa00280,Valine Leucine Isoleucine Degradation,0.4,72,imputation,8,4,4,Isoleucine,Isoleucine,589.1126559714795,589.1126559714795,0.0,0.0,1,1,1
ST003506,hsa00280,Valine Leucine Isoleucine Degradation,0.4,73,imputation,8,4,4,Valine,Valine,4258.709385026738,4258.709385026738,0.0,0.0,1,1,1
ST003506,hsa00280,Valine Leucine Isoleucine Degradation,0.4,74,imputation,8,4,4,Leucine,Leucine,1878.355267379679,1878.355267379679,0.0,0.0,1,1,1
ST003506,hsa00280,Valine Leucine Isoleucine Degradation,0.4,75,imputation,8,4,4,Leucine,Leucine,1878.355267379679,1878.355267379679,0.0,0.0,1,1,1
ST003506,hsa00280,Valine Leucine Isoleucine Degradation,0.4,76,imputation,8,4,4,Valine,Valine,4258.709385026738,4258.709385026738,0.0,0.0,1,1,1
ST003506,hsa00280,Valine Leucine Isoleucine Degradation,0.4,77,imputation,8,4,4,Valine,Valine,4258.709385026738,4258.709385026738,0.0,0.0,1,1,1
ST003506,hsa00280,Valine Leucine Isoleucine Degradation,0.4,78,imputation,8,4,4,Isoleucine,Isoleucine,589.1126559714795,589.1126559714795,0.0,0.0,1,1,1
ST003506,hsa00280,Valine Leucine Isoleucine Degradation,0.4,79,imputation,8,4,4,Valine,Valine,4258.709385026738,4258.709385026738,0.0,0.0,1,1,1
ST003506,hsa00280,Valine Leucine Isoleucine Degradation,0.4,80,imputation,8,4,4,Isoleucine,Isoleucine,589.1126559714795,589.1126559714795,0.0,0.0,1,1,1
ST003506,hsa00280,Valine Leucine Isoleucine Degradation,0.4,81,imputation,8,4,4,Valine,Valine,4258.709385026738,4258.709385026738,0.0,0.0,1,1,1
ST003506,hsa00280,Valine Leucine Isoleucine Degradation,0.4,82,imputation,8,4,4,Valine,Valine,4258.709385026738,4258.709385026738,0.0,0.0,1,1,1
ST003506,hsa00280,Valine Leucine Isoleucine Degradation,0.4,83,imputation,8,4,4,Isoleucine,Isoleucine,589.1126559714795,589.1126559714795,0.0,0.0,1,1,1
ST003506,hsa00280,Valine Leucine Isoleucine Degradation,0.4,84,imputation,8,4,4,Leucine,Leucine,1878.355267379679,1878.355267379679,0.0,0.0,1,1,1
ST003506,hsa00280,Valine Leucine Isoleucine Degradation,0.4,85,imputation,8,4,4,Leucine,Leucine,1878.355267379679,1878.355267379679,0.0,0.0,1,1,1
ST003506,hsa00280,Valine Leucine Isoleucine Degradation,0.4,86,imputation,8,4,4,Valine,Valine,4258.709385026738,4258.709385026738,0.0,0.0,1,1,1
ST003506,hsa00280,Valine Leucine Isoleucine Degradation,0.4,87,imputation,8,4,4,Isoleucine,Isoleucine,589.1126559714795,589.1126559714795,0.0,0.0,1,1,1
ST003506,hsa00280,Valine Leucine Isoleucine Degradation,0.4,88,imputation,8,4,4,Leucine,Leucine,1878.355267379679,1878.355267379679,0.0,0.0,1,1,1
ST003506,hsa00280,Valine Leucine Isoleucine Degradation,0.4,89,imputation,8,4,4,Ketoleucine,Ketoleucine,246.51037433155076,246.51037433155076,0.0,0.0,1,1,1
ST003506,hsa00280,Valine Leucine Isoleucine Degradation,0.4,90,imputation,8,4,4,Leucine,Leucine,1878.355267379679,1878.355267379679,0.0,0.0,1,1,1
ST003506,hsa00280,Valine Leucine Isoleucine Degradation,0.4,91,imputation,8,4,4,Valine,Valine,4258.709385026738,4258.709385026738,0.0,0.0,1,1,1
ST003506,hsa00280,Valine Leucine Isoleucine Degradation,0.4,92,imputation,8,4,4,Valine,Valine,4258.709385026738,4258.709385026738,0.0,0.0,1,1,1
ST003506,hsa00280,Valine Leucine Isoleucine Degradation,0.4,93,imputation,8,4,4,Valine,Valine,4258.709385026738,4258.709385026738,0.0,0.0,1,1,1
ST003506,hsa00280,Valine Leucine Isoleucine Degradation,0.4,94,imputation,8,4,4,Leucine,Leucine,1878.355267379679,1878.355267379679,0.0,0.0,1,1,1
ST003506,hsa00280,Valine Leucine Isoleucine Degradation,0.4,95,imputation,8,4,4,Valine,Valine,4258.709385026738,4258.709385026738,0.0,0.0,1,1,1
ST003506,hsa00280,Valine Leucine Isoleucine Degradation,0.4,96,imputation,8,4,4,Valine,Valine,4258.709385026738,4258.709385026738,0.0,0.0,1,1,1
ST003506,hsa00280,Valine Leucine Isoleucine Degradation,0.4,97,imputation,8,4,4,Leucine,Leucine,1878.355267379679,1878.355267379679,0.0,0.0,1,1,1
ST003506,hsa00280,Valine Leucine Isoleucine Degradation,0.4,98,imputation,8,4,4,Leucine,Leucine,1878.355267379679,1878.355267379679,0.0,0.0,1,1,1
ST003506,hsa00280,Valine Leucine Isoleucine Degradation,0.4,99,imputation,8,4,4,Isoleucine,Isoleucine,589.1126559714795,589.1126559714795,0.0,0.0,1,1,1
ST003506,hsa00280,Valine Leucine Isoleucine Degradation,0.4,100,imputation,8,4,4,Valine,Valine,4258.709385026738,4258.709385026738,0.0,0.0,1,1,1
ST003506,hsa00260,Glycine Serine Threonine Metabolism,0.2,1,imputation,5,4,1,Betaine,Betaine,363.5489483065953,363.5489483065953,0.0,0.0,1,1,1
ST003506,hsa00260,Glycine Serine Threonine Metabolism,0.2,2,imputation,5,4,1,Serine,Serine,5149.219358288771,5149.219358288771,0.0,0.0,1,1,1
ST003506,hsa00260,Glycine Serine Threonine Metabolism,0.2,3,imputation,5,4,1,Glycine,Glycine,18430.784991087345,18430.784991087345,0.0,0.0,1,1,1
ST003506,hsa00260,Glycine Serine Threonine Metabolism,0.2,4,imputation,5,4,1,Betaine,Betaine,363.5489483065953,363.5489483065953,0.0,0.0,1,1,1
ST003506,hsa00260,Glycine Serine Threonine Metabolism,0.2,5,imputation,5,4,1,Glycine,Glycine,18430.784991087345,18430.784991087345,0.0,0.0,1,1,1
ST003506,hsa00260,Glycine Serine Threonine Metabolism,0.2,6,imputation,5,4,1,Threonine,Threonine,1277.9255971479504,1277.9255971479504,0.0,0.0,1,1,1
ST003506,hsa00260,Glycine Serine Threonine Metabolism,0.2,7,imputation,5,4,1,Betaine,Betaine,363.5489483065953,363.5489483065953,0.0,0.0,1,1,1
ST003506,hsa00260,Glycine Serine Threonine Metabolism,0.2,8,imputation,5,4,1,Serine,Serine,5149.219358288771,5149.219358288771,0.0,0.0,1,1,1
ST003506,hsa00260,Glycine Serine Threonine Metabolism,0.2,9,imputation,5,4,1,Dimethylglycine,Dimethylglycine,3.1875668449197856,3.1875668449197856,0.0,0.0,1,1,1
ST003506,hsa00260,Glycine Serine Threonine Metabolism,0.2,10,imputation,5,4,1,Glycine,Glycine,18430.784991087345,18430.784991087345,0.0,0.0,1,1,1
ST003506,hsa00260,Glycine Serine Threonine Metabolism,0.2,11,imputation,5,4,1,Threonine,Threonine,1277.9255971479504,1277.9255971479504,0.0,0.0,1,1,1
ST003506,hsa00260,Glycine Serine Threonine Metabolism,0.2,12,imputation,5,4,1,Dimethylglycine,Dimethylglycine,3.1875668449197856,3.1875668449197856,0.0,0.0,1,1,1
ST003506,hsa00260,Glycine Serine Threonine Metabolism,0.2,13,imputation,5,4,1,Betaine,Betaine,363.5489483065953,363.5489483065953,0.0,0.0,1,1,1
ST003506,hsa00260,Glycine Serine Threonine Metabolism,0.2,14,imputation,5,4,1,Threonine,Threonine,1277.9255971479504,1277.9255971479504,0.0,0.0,1,1,1
ST003506,hsa00260,Glycine Serine Threonine Metabolism,0.2,15,imputation,5,4,1,Betaine,Betaine,363.5489483065953,363.5489483065953,0.0,0.0,1,1,1
ST003506,hsa00260,Glycine Serine Threonine Metabolism,0.2,16,imputation,5,4,1,Threonine,Threonine,1277.9255971479504,1277.9255971479504,0.0,0.0,1,1,1
ST003506,hsa00260,Glycine Serine Threonine Metabolism,0.2,17,imputation,5,4,1,Dimethylglycine,Dimethylglycine,3.1875668449197856,3.1875668449197856,0.0,0.0,1,1,1
ST003506,hsa00260,Glycine Serine Threonine Metabolism,0.2,18,imputation,5,4,1,Glycine,Glycine,18430.784991087345,18430.784991087345,0.0,0.0,1,1,1
ST003506,hsa00260,Glycine Serine Threonine Metabolism,0.2,19,imputation,5,4,1,Serine,Serine,5149.219358288771,5149.219358288771,0.0,0.0,1,1,1
ST003506,hsa00260,Glycine Serine Threonine Metabolism,0.2,20,imputation,5,4,1,Threonine,Threonine,1277.9255971479504,1277.9255971479504,0.0,0.0,1,1,1
ST003506,hsa00260,Glycine Serine Threonine Metabolism,0.2,21,imputation,5,4,1,Serine,Serine,5149.219358288771,5149.219358288771,0.0,0.0,1,1,1
ST003506,hsa00260,Glycine Serine Threonine Metabolism,0.2,22,imputation,5,4,1,Serine,Serine,5149.219358288771,5149.219358288771,0.0,0.0,1,1,1
ST003506,hsa00260,Glycine Serine Threonine Metabolism,0.2,23,imputation,5,4,1,Serine,Serine,5149.219358288771,5149.219358288771,0.0,0.0,1,1,1
ST003506,hsa00260,Glycine Serine Threonine Metabolism,0.2,24,imputation,5,4,1,Betaine,Betaine,363.5489483065953,363.5489483065953,0.0,0.0,1,1,1
ST003506,hsa00260,Glycine Serine Threonine Metabolism,0.2,25,imputation,5,4,1,Betaine,Betaine,363.5489483065953,363.5489483065953,0.0,0.0,1,1,1
ST003506,hsa00260,Glycine Serine Threonine Metabolism,0.2,26,imputation,5,4,1,Serine,Serine,5149.219358288771,5149.219358288771,0.0,0.0,1,1,1
ST003506,hsa00260,Glycine Serine Threonine Metabolism,0.2,27,imputation,5,4,1,Betaine,Betaine,363.5489483065953,363.5489483065953,0.0,0.0,1,1,1
ST003506,hsa00260,Glycine Serine Threonine Metabolism,0.2,28,imputation,5,4,1,Betaine,Betaine,363.5489483065953,363.5489483065953,0.0,0.0,1,1,1
ST003506,hsa00260,Glycine Serine Threonine Metabolism,0.2,29,imputation,5,4,1,Glycine,Glycine,18430.784991087345,18430.784991087345,0.0,0.0,1,1,1
ST003506,hsa00260,Glycine Serine Threonine Metabolism,0.2,30,imputation,5,4,1,Betaine,Betaine,363.5489483065953,363.5489483065953,0.0,0.0,1,1,1
ST003506,hsa00260,Glycine Serine Threonine Metabolism,0.2,31,imputation,5,4,1,Glycine,Glycine,18430.784991087345,18430.784991087345,0.0,0.0,1,1,1
ST003506,hsa00260,Glycine Serine Threonine Metabolism,0.2,32,imputation,5,4,1,Threonine,Threonine,1277.9255971479504,1277.9255971479504,0.0,0.0,1,1,1
ST003506,hsa00260,Glycine Serine Threonine Metabolism,0.2,33,imputation,5,4,1,Serine,Serine,5149.219358288771,5149.219358288771,0.0,0.0,1,1,1
ST003506,hsa00260,Glycine Serine Threonine Metabolism,0.2,34,imputation,5,4,1,Glycine,Glycine,18430.784991087345,18430.784991087345,0.0,0.0,1,1,1
ST003506,hsa00260,Glycine Serine Threonine Metabolism,0.2,35,imputation,5,4,1,Glycine,Glycine,18430.784991087345,18430.784991087345,0.0,0.0,1,1,1
ST003506,hsa00260,Glycine Serine Threonine Metabolism,0.2,36,imputation,5,4,1,Dimethylglycine,Dimethylglycine,3.1875668449197856,3.1875668449197856,0.0,0.0,1,1,1
ST003506,hsa00260,Glycine Serine Threonine Metabolism,0.2,37,imputation,5,4,1,Dimethylglycine,Dimethylglycine,3.1875668449197856,3.1875668449197856,0.0,0.0,1,1,1
ST003506,hsa00260,Glycine Serine Threonine Metabolism,0.2,38,imputation,5,4,1,Glycine,Glycine,18430.784991087345,18430.784991087345,0.0,0.0,1,1,1
ST003506,hsa00260,Glycine Serine Threonine Metabolism,0.2,39,imputation,5,4,1,Threonine,Threonine,1277.9255971479504,1277.9255971479504,0.0,0.0,1,1,1
ST003506,hsa00260,Glycine Serine Threonine Metabolism,0.2,40,imputation,5,4,1,Dimethylglycine,Dimethylglycine,3.1875668449197856,3.1875668449197856,0.0,0.0,1,1,1
ST003506,hsa00260,Glycine Serine Threonine Metabolism,0.2,41,imputation,5,4,1,Serine,Serine,5149.219358288771,5149.219358288771,0.0,0.0,1,1,1
ST003506,hsa00260,Glycine Serine Threonine Metabolism,0.2,42,imputation,5,4,1,Glycine,Glycine,18430.784991087345,18430.784991087345,0.0,0.0,1,1,1
ST003506,hsa00260,Glycine Serine Threonine Metabolism,0.2,43,imputation,5,4,1,Dimethylglycine,Dimethylglycine,3.1875668449197856,3.1875668449197856,0.0,0.0,1,1,1
ST003506,hsa00260,Glycine Serine Threonine Metabolism,0.2,44,imputation,5,4,1,Betaine,Betaine,363.5489483065953,363.5489483065953,0.0,0.0,1,1,1
ST003506,hsa00260,Glycine Serine Threonine Metabolism,0.2,45,imputation,5,4,1,Dimethylglycine,Dimethylglycine,3.1875668449197856,3.1875668449197856,0.0,0.0,1,1,1
ST003506,hsa00260,Glycine Serine Threonine Metabolism,0.2,46,imputation,5,4,1,Serine,Serine,5149.219358288771,5149.219358288771,0.0,0.0,1,1,1
ST003506,hsa00260,Glycine Serine Threonine Metabolism,0.2,47,imputation,5,4,1,Betaine,Betaine,363.5489483065953,363.5489483065953,0.0,0.0,1,1,1
ST003506,hsa00260,Glycine Serine Threonine Metabolism,0.2,48,imputation,5,4,1,Dimethylglycine,Dimethylglycine,3.1875668449197856,3.1875668449197856,0.0,0.0,1,1,1
ST003506,hsa00260,Glycine Serine Threonine Metabolism,0.2,49,imputation,5,4,1,Betaine,Betaine,363.5489483065953,363.5489483065953,0.0,0.0,1,1,1
ST003506,hsa00260,Glycine Serine Threonine Metabolism,0.2,50,imputation,5,4,1,Serine,Serine,5149.219358288771,5149.219358288771,0.0,0.0,1,1,1
ST003506,hsa00260,Glycine Serine Threonine Metabolism,0.2,51,imputation,5,4,1,Serine,Serine,5149.219358288771,5149.219358288771,0.0,0.0,1,1,1
ST003506,hsa00260,Glycine Serine Threonine Metabolism,0.2,52,imputation,5,4,1,Threonine,Threonine,1277.9255971479504,1277.9255971479504,0.0,0.0,1,1,1
ST003506,hsa00260,Glycine Serine Threonine Metabolism,0.2,53,imputation,5,4,1,Threonine,Threonine,1277.9255971479504,1277.9255971479504,0.0,0.0,1,1,1
ST003506,hsa00260,Glycine Serine Threonine Metabolism,0.2,54,imputation,5,4,1,Glycine,Glycine,18430.784991087345,18430.784991087345,0.0,0.0,1,1,1
ST003506,hsa00260,Glycine Serine Threonine Metabolism,0.2,55,imputation,5,4,1,Dimethylglycine,Dimethylglycine,3.1875668449197856,3.1875668449197856,0.0,0.0,1,1,1
ST003506,hsa00260,Glycine Serine Threonine Metabolism,0.2,56,imputation,5,4,1,Glycine,Glycine,18430.784991087345,18430.784991087345,0.0,0.0,1,1,1
ST003506,hsa00260,Glycine Serine Threonine Metabolism,0.2,57,imputation,5,4,1,Serine,Serine,5149.219358288771,5149.219358288771,0.0,0.0,1,1,1
ST003506,hsa00260,Glycine Serine Threonine Metabolism,0.2,58,imputation,5,4,1,Dimethylglycine,Dimethylglycine,3.1875668449197856,3.1875668449197856,0.0,0.0,1,1,1
ST003506,hsa00260,Glycine Serine Threonine Metabolism,0.2,59,imputation,5,4,1,Threonine,Threonine,1277.9255971479504,1277.9255971479504,0.0,0.0,1,1,1
ST003506,hsa00260,Glycine Serine Threonine Metabolism,0.2,60,imputation,5,4,1,Dimethylglycine,Dimethylglycine,3.1875668449197856,3.1875668449197856,0.0,0.0,1,1,1
ST003506,hsa00260,Glycine Serine Threonine Metabolism,0.2,61,imputation,5,4,1,Serine,Serine,5149.219358288771,5149.219358288771,0.0,0.0,1,1,1
ST003506,hsa00260,Glycine Serine Threonine Metabolism,0.2,62,imputation,5,4,1,Betaine,Betaine,363.5489483065953,363.5489483065953,0.0,0.0,1,1,1
ST003506,hsa00260,Glycine Serine Threonine Metabolism,0.2,63,imputation,5,4,1,Threonine,Threonine,1277.9255971479504,1277.9255971479504,0.0,0.0,1,1,1
ST003506,hsa00260,Glycine Serine Threonine Metabolism,0.2,64,imputation,5,4,1,Serine,Serine,5149.219358288771,5149.219358288771,0.0,0.0,1,1,1
ST003506,hsa00260,Glycine Serine Threonine Metabolism,0.2,65,imputation,5,4,1,Dimethylglycine,Dimethylglycine,3.1875668449197856,3.1875668449197856,0.0,0.0,1,1,1
ST003506,hsa00260,Glycine Serine Threonine Metabolism,0.2,66,imputation,5,4,1,Dimethylglycine,Dimethylglycine,3.1875668449197856,3.1875668449197856,0.0,0.0,1,1,1
ST003506,hsa00260,Glycine Serine Threonine Metabolism,0.2,67,imputation,5,4,1,Glycine,Glycine,18430.784991087345,18430.784991087345,0.0,0.0,1,1,1
ST003506,hsa00260,Glycine Serine Threonine Metabolism,0.2,68,imputation,5,4,1,Serine,Serine,5149.219358288771,5149.219358288771,0.0,0.0,1,1,1
ST003506,hsa00260,Glycine Serine Threonine Metabolism,0.2,69,imputation,5,4,1,Dimethylglycine,Dimethylglycine,3.1875668449197856,3.1875668449197856,0.0,0.0,1,1,1
ST003506,hsa00260,Glycine Serine Threonine Metabolism,0.2,70,imputation,5,4,1,Serine,Serine,5149.219358288771,5149.219358288771,0.0,0.0,1,1,1
ST003506,hsa00260,Glycine Serine Threonine Metabolism,0.2,71,imputation,5,4,1,Betaine,Betaine,363.5489483065953,363.5489483065953,0.0,0.0,1,1,1
ST003506,hsa00260,Glycine Serine Threonine Metabolism,0.2,72,imputation,5,4,1,Dimethylglycine,Dimethylglycine,3.1875668449197856,3.1875668449197856,0.0,0.0,1,1,1
ST003506,hsa00260,Glycine Serine Threonine Metabolism,0.2,73,imputation,5,4,1,Glycine,Glycine,18430.784991087345,18430.784991087345,0.0,0.0,1,1,1
ST003506,hsa00260,Glycine Serine Threonine Metabolism,0.2,74,imputation,5,4,1,Threonine,Threonine,1277.9255971479504,1277.9255971479504,0.0,0.0,1,1,1
ST003506,hsa00260,Glycine Serine Threonine Metabolism,0.2,75,imputation,5,4,1,Dimethylglycine,Dimethylglycine,3.1875668449197856,3.1875668449197856,0.0,0.0,1,1,1
ST003506,hsa00260,Glycine Serine Threonine Metabolism,0.2,76,imputation,5,4,1,Dimethylglycine,Dimethylglycine,3.1875668449197856,3.1875668449197856,0.0,0.0,1,1,1
ST003506,hsa00260,Glycine Serine Threonine Metabolism,0.2,77,imputation,5,4,1,Glycine,Glycine,18430.784991087345,18430.784991087345,0.0,0.0,1,1,1
ST003506,hsa00260,Glycine Serine Threonine Metabolism,0.2,78,imputation,5,4,1,Threonine,Threonine,1277.9255971479504,1277.9255971479504,0.0,0.0,1,1,1
ST003506,hsa00260,Glycine Serine Threonine Metabolism,0.2,79,imputation,5,4,1,Betaine,Betaine,363.5489483065953,363.5489483065953,0.0,0.0,1,1,1
ST003506,hsa00260,Glycine Serine Threonine Metabolism,0.2,80,imputation,5,4,1,Threonine,Threonine,1277.9255971479504,1277.9255971479504,0.0,0.0,1,1,1
ST003506,hsa00260,Glycine Serine Threonine Metabolism,0.2,81,imputation,5,4,1,Betaine,Betaine,363.5489483065953,363.5489483065953,0.0,0.0,1,1,1
ST003506,hsa00260,Glycine Serine Threonine Metabolism,0.2,82,imputation,5,4,1,Glycine,Glycine,18430.784991087345,18430.784991087345,0.0,0.0,1,1,1
ST003506,hsa00260,Glycine Serine Threonine Metabolism,0.2,83,imputation,5,4,1,Dimethylglycine,Dimethylglycine,3.1875668449197856,3.1875668449197856,0.0,0.0,1,1,1
ST003506,hsa00260,Glycine Serine Threonine Metabolism,0.2,84,imputation,5,4,1,Threonine,Threonine,1277.9255971479504,1277.9255971479504,0.0,0.0,1,1,1
ST003506,hsa00260,Glycine Serine Threonine Metabolism,0.2,85,imputation,5,4,1,Betaine,Betaine,363.5489483065953,363.5489483065953,0.0,0.0,1,1,1
ST003506,hsa00260,Glycine Serine Threonine Metabolism,0.2,86,imputation,5,4,1,Dimethylglycine,Dimethylglycine,3.1875668449197856,3.1875668449197856,0.0,0.0,1,1,1
ST003506,hsa00260,Glycine Serine Threonine Metabolism,0.2,87,imputation,5,4,1,Threonine,Threonine,1277.9255971479504,1277.9255971479504,0.0,0.0,1,1,1
ST003506,hsa00260,Glycine Serine Threonine Metabolism,0.2,88,imputation,5,4,1,Threonine,Threonine,1277.9255971479504,1277.9255971479504,0.0,0.0,1,1,1
ST003506,hsa00260,Glycine Serine Threonine Metabolism,0.2,89,imputation,5,4,1,Glycine,Glycine,18430.784991087345,18430.784991087345,0.0,0.0,1,1,1
ST003506,hsa00260,Glycine Serine Threonine Metabolism,0.2,90,imputation,5,4,1,Serine,Serine,5149.219358288771,5149.219358288771,0.0,0.0,1,1,1
ST003506,hsa00260,Glycine Serine Threonine Metabolism,0.2,91,imputation,5,4,1,Serine,Serine,5149.219358288771,5149.219358288771,0.0,0.0,1,1,1
ST003506,hsa00260,Glycine Serine Threonine Metabolism,0.2,92,imputation,5,4,1,Serine,Serine,5149.219358288771,5149.219358288771,0.0,0.0,1,1,1
ST003506,hsa00260,Glycine Serine Threonine Metabolism,0.2,93,imputation,5,4,1,Glycine,Glycine,18430.784991087345,18430.784991087345,0.0,0.0,1,1,1
ST003506,hsa00260,Glycine Serine Threonine Metabolism,0.2,94,imputation,5,4,1,Threonine,Threonine,1277.9255971479504,1277.9255971479504,0.0,0.0,1,1,1
ST003506,hsa00260,Glycine Serine Threonine Metabolism,0.2,95,imputation,5,4,1,Betaine,Betaine,363.5489483065953,363.5489483065953,0.0,0.0,1,1,1
ST003506,hsa00260,Glycine Serine Threonine Metabolism,0.2,96,imputation,5,4,1,Dimethylglycine,Dimethylglycine,3.1875668449197856,3.1875668449197856,0.0,0.0,1,1,1
ST003506,hsa00260,Glycine Serine Threonine Metabolism,0.2,97,imputation,5,4,1,Betaine,Betaine,363.5489483065953,363.5489483065953,0.0,0.0,1,1,1
ST003506,hsa00260,Glycine Serine Threonine Metabolism,0.2,98,imputation,5,4,1,Betaine,Betaine,363.5489483065953,363.5489483065953,0.0,0.0,1,1,1
ST003506,hsa00260,Glycine Serine Threonine Metabolism,0.2,99,imputation,5,4,1,Threonine,Threonine,1277.9255971479504,1277.9255971479504,0.0,0.0,1,1,1
ST003506,hsa00260,Glycine Serine Threonine Metabolism,0.2,100,imputation,5,4,1,Threonine,Threonine,1277.9255971479504,1277.9255971479504,0.0,0.0,1,1,1
ST003506,hsa00260,Glycine Serine Threonine Metabolism,0.3,1,imputation,5,3,2,Glycine,Glycine,18430.784991087345,18430.784991087345,0.0,0.0,1,1,1
ST003506,hsa00260,Glycine Serine Threonine Metabolism,0.3,2,imputation,5,3,2,Serine,Serine,5149.219358288771,5149.219358288771,0.0,0.0,1,1,1
ST003506,hsa00260,Glycine Serine Threonine Metabolism,0.3,3,imputation,5,3,2,Glycine,Glycine,18430.784991087345,18430.784991087345,0.0,0.0,1,1,1
ST003506,hsa00260,Glycine Serine Threonine Metabolism,0.3,4,imputation,5,3,2,Serine,Serine,5149.219358288771,5149.219358288771,0.0,0.0,1,1,1
ST003506,hsa00260,Glycine Serine Threonine Metabolism,0.3,5,imputation,5,3,2,Glycine,Glycine,18430.784991087345,18430.784991087345,0.0,0.0,1,1,1
ST003506,hsa00260,Glycine Serine Threonine Metabolism,0.3,6,imputation,5,3,2,Glycine,Glycine,18430.784991087345,18430.784991087345,0.0,0.0,1,1,1
ST003506,hsa00260,Glycine Serine Threonine Metabolism,0.3,7,imputation,5,3,2,Glycine,Glycine,18430.784991087345,18430.784991087345,0.0,0.0,1,1,1
ST003506,hsa00260,Glycine Serine Threonine Metabolism,0.3,8,imputation,5,3,2,Glycine,Glycine,18430.784991087345,18430.784991087345,0.0,0.0,1,1,1
ST003506,hsa00260,Glycine Serine Threonine Metabolism,0.3,9,imputation,5,3,2,Threonine,Threonine,1277.9255971479504,1277.9255971479504,0.0,0.0,1,1,1
ST003506,hsa00260,Glycine Serine Threonine Metabolism,0.3,10,imputation,5,3,2,Glycine,Glycine,18430.784991087345,18430.784991087345,0.0,0.0,1,1,1
ST003506,hsa00260,Glycine Serine Threonine Metabolism,0.3,11,imputation,5,3,2,Threonine,Threonine,1277.9255971479504,1277.9255971479504,0.0,0.0,1,1,1
ST003506,hsa00260,Glycine Serine Threonine Metabolism,0.3,12,imputation,5,3,2,Serine,Serine,5149.219358288771,5149.219358288771,0.0,0.0,1,1,1
ST003506,hsa00260,Glycine Serine Threonine Metabolism,0.3,13,imputation,5,3,2,Betaine,Betaine,363.5489483065953,363.5489483065953,0.0,0.0,1,1,1
ST003506,hsa00260,Glycine Serine Threonine Metabolism,0.3,14,imputation,5,3,2,Threonine,Threonine,1277.9255971479504,1277.9255971479504,0.0,0.0,1,1,1
ST003506,hsa00260,Glycine Serine Threonine Metabolism,0.3,15,imputation,5,3,2,Glycine,Glycine,18430.784991087345,18430.784991087345,0.0,0.0,1,1,1
ST003506,hsa00260,Glycine Serine Threonine Metabolism,0.3,16,imputation,5,3,2,Threonine,Threonine,1277.9255971479504,1277.9255971479504,0.0,0.0,1,1,1
ST003506,hsa00260,Glycine Serine Threonine Metabolism,0.3,17,imputation,5,3,2,Betaine,Betaine,363.5489483065953,363.5489483065953,0.0,0.0,1,1,1
ST003506,hsa00260,Glycine Serine Threonine Metabolism,0.3,18,imputation,5,3,2,Glycine,Glycine,18430.784991087345,18430.784991087345,0.0,0.0,1,1,1
ST003506,hsa00260,Glycine Serine Threonine Metabolism,0.3,19,imputation,5,3,2,Serine,Serine,5149.219358288771,5149.219358288771,0.0,0.0,1,1,1
ST003506,hsa00260,Glycine Serine Threonine Metabolism,0.3,20,imputation,5,3,2,Threonine,Threonine,1277.9255971479504,1277.9255971479504,0.0,0.0,1,1,1
ST003506,hsa00260,Glycine Serine Threonine Metabolism,0.3,21,imputation,5,3,2,Serine,Serine,5149.219358288771,5149.219358288771,0.0,0.0,1,1,1
ST003506,hsa00260,Glycine Serine Threonine Metabolism,0.3,22,imputation,5,3,2,Serine,Serine,5149.219358288771,5149.219358288771,0.0,0.0,1,1,1
ST003506,hsa00260,Glycine Serine Threonine Metabolism,0.3,23,imputation,5,3,2,Glycine,Glycine,18430.784991087345,18430.784991087345,0.0,0.0,1,1,1
ST003506,hsa00260,Glycine Serine Threonine Metabolism,0.3,24,imputation,5,3,2,Glycine,Glycine,18430.784991087345,18430.784991087345,0.0,0.0,1,1,1
ST003506,hsa00260,Glycine Serine Threonine Metabolism,0.3,25,imputation,5,3,2,Threonine,Threonine,1277.9255971479504,1277.9255971479504,0.0,0.0,1,1,1
ST003506,hsa00260,Glycine Serine Threonine Metabolism,0.3,26,imputation,5,3,2,Serine,Serine,5149.219358288771,5149.219358288771,0.0,0.0,1,1,1
ST003506,hsa00260,Glycine Serine Threonine Metabolism,0.3,27,imputation,5,3,2,Threonine,Threonine,1277.9255971479504,1277.9255971479504,0.0,0.0,1,1,1
ST003506,hsa00260,Glycine Serine Threonine Metabolism,0.3,28,imputation,5,3,2,Glycine,Glycine,18430.784991087345,18430.784991087345,0.0,0.0,1,1,1
ST003506,hsa00260,Glycine Serine Threonine Metabolism,0.3,29,imputation,5,3,2,Glycine,Glycine,18430.784991087345,18430.784991087345,0.0,0.0,1,1,1
ST003506,hsa00260,Glycine Serine Threonine Metabolism,0.3,30,imputation,5,3,2,Betaine,Betaine,363.5489483065953,363.5489483065953,0.0,0.0,1,1,1
ST003506,hsa00260,Glycine Serine Threonine Metabolism,0.3,31,imputation,5,3,2,Glycine,Glycine,18430.784991087345,18430.784991087345,0.0,0.0,1,1,1
ST003506,hsa00260,Glycine Serine Threonine Metabolism,0.3,32,imputation,5,3,2,Threonine,Threonine,1277.9255971479504,1277.9255971479504,0.0,0.0,1,1,1
ST003506,hsa00260,Glycine Serine Threonine Metabolism,0.3,33,imputation,5,3,2,Serine,Serine,5149.219358288771,5149.219358288771,0.0,0.0,1,1,1
ST003506,hsa00260,Glycine Serine Threonine Metabolism,0.3,34,imputation,5,3,2,Glycine,Glycine,18430.784991087345,18430.784991087345,0.0,0.0,1,1,1
ST003506,hsa00260,Glycine Serine Threonine Metabolism,0.3,35,imputation,5,3,2,Glycine,Glycine,18430.784991087345,18430.784991087345,0.0,0.0,1,1,1
ST003506,hsa00260,Glycine Serine Threonine Metabolism,0.3,36,imputation,5,3,2,Betaine,Betaine,363.5489483065953,363.5489483065953,0.0,0.0,1,1,1
ST003506,hsa00260,Glycine Serine Threonine Metabolism,0.3,37,imputation,5,3,2,Serine,Serine,5149.219358288771,5149.219358288771,0.0,0.0,1,1,1
ST003506,hsa00260,Glycine Serine Threonine Metabolism,0.3,38,imputation,5,3,2,Glycine,Glycine,18430.784991087345,18430.784991087345,0.0,0.0,1,1,1
ST003506,hsa00260,Glycine Serine Threonine Metabolism,0.3,39,imputation,5,3,2,Serine,Serine,5149.219358288771,5149.219358288771,0.0,0.0,1,1,1
ST003506,hsa00260,Glycine Serine Threonine Metabolism,0.3,40,imputation,5,3,2,Serine,Serine,5149.219358288771,5149.219358288771,0.0,0.0,1,1,1
ST003506,hsa00260,Glycine Serine Threonine Metabolism,0.3,41,imputation,5,3,2,Serine,Serine,5149.219358288771,5149.219358288771,0.0,0.0,1,1,1
ST003506,hsa00260,Glycine Serine Threonine Metabolism,0.3,42,imputation,5,3,2,Glycine,Glycine,18430.784991087345,18430.784991087345,0.0,0.0,1,1,1
ST003506,hsa00260,Glycine Serine Threonine Metabolism,0.3,43,imputation,5,3,2,Betaine,Betaine,363.5489483065953,363.5489483065953,0.0,0.0,1,1,1
ST003506,hsa00260,Glycine Serine Threonine Metabolism,0.3,44,imputation,5,3,2,Glycine,Glycine,18430.784991087345,18430.784991087345,0.0,0.0,1,1,1
ST003506,hsa00260,Glycine Serine Threonine Metabolism,0.3,45,imputation,5,3,2,Threonine,Threonine,1277.9255971479504,1277.9255971479504,0.0,0.0,1,1,1
ST003506,hsa00260,Glycine Serine Threonine Metabolism,0.3,46,imputation,5,3,2,Serine,Serine,5149.219358288771,5149.219358288771,0.0,0.0,1,1,1
ST003506,hsa00260,Glycine Serine Threonine Metabolism,0.3,47,imputation,5,3,2,Glycine,Glycine,18430.784991087345,18430.784991087345,0.0,0.0,1,1,1
ST003506,hsa00260,Glycine Serine Threonine Metabolism,0.3,48,imputation,5,3,2,Betaine,Betaine,363.5489483065953,363.5489483065953,0.0,0.0,1,1,1
ST003506,hsa00260,Glycine Serine Threonine Metabolism,0.3,49,imputation,5,3,2,Betaine,Betaine,363.5489483065953,363.5489483065953,0.0,0.0,1,1,1
ST003506,hsa00260,Glycine Serine Threonine Metabolism,0.3,50,imputation,5,3,2,Glycine,Glycine,18430.784991087345,18430.784991087345,0.0,0.0,1,1,1
ST003506,hsa00260,Glycine Serine Threonine Metabolism,0.3,51,imputation,5,3,2,Glycine,Glycine,18430.784991087345,18430.784991087345,0.0,0.0,1,1,1
ST003506,hsa00260,Glycine Serine Threonine Metabolism,0.3,52,imputation,5,3,2,Threonine,Threonine,1277.9255971479504,1277.9255971479504,0.0,0.0,1,1,1
ST003506,hsa00260,Glycine Serine Threonine Metabolism,0.3,53,imputation,5,3,2,Threonine,Threonine,1277.9255971479504,1277.9255971479504,0.0,0.0,1,1,1
ST003506,hsa00260,Glycine Serine Threonine Metabolism,0.3,54,imputation,5,3,2,Glycine,Glycine,18430.784991087345,18430.784991087345,0.0,0.0,1,1,1
ST003506,hsa00260,Glycine Serine Threonine Metabolism,0.3,55,imputation,5,3,2,Serine,Serine,5149.219358288771,5149.219358288771,0.0,0.0,1,1,1
ST003506,hsa00260,Glycine Serine Threonine Metabolism,0.3,56,imputation,5,3,2,Glycine,Glycine,18430.784991087345,18430.784991087345,0.0,0.0,1,1,1
ST003506,hsa00260,Glycine Serine Threonine Metabolism,0.3,57,imputation,5,3,2,Serine,Serine,5149.219358288771,5149.219358288771,0.0,0.0,1,1,1
ST003506,hsa00260,Glycine Serine Threonine Metabolism,0.3,58,imputation,5,3,2,Serine,Serine,5149.219358288771,5149.219358288771,0.0,0.0,1,1,1
ST003506,hsa00260,Glycine Serine Threonine Metabolism,0.3,59,imputation,5,3,2,Threonine,Threonine,1277.9255971479504,1277.9255971479504,0.0,0.0,1,1,1
ST003506,hsa00260,Glycine Serine Threonine Metabolism,0.3,60,imputation,5,3,2,Glycine,Glycine,18430.784991087345,18430.784991087345,0.0,0.0,1,1,1
ST003506,hsa00260,Glycine Serine Threonine Metabolism,0.3,61,imputation,5,3,2,Serine,Serine,5149.219358288771,5149.219358288771,0.0,0.0,1,1,1
ST003506,hsa00260,Glycine Serine Threonine Metabolism,0.3,62,imputation,5,3,2,Betaine,Betaine,363.5489483065953,363.5489483065953,0.0,0.0,1,1,1
ST003506,hsa00260,Glycine Serine Threonine Metabolism,0.3,63,imputation,5,3,2,Glycine,Glycine,18430.784991087345,18430.784991087345,0.0,0.0,1,1,1
ST003506,hsa00260,Glycine Serine Threonine Metabolism,0.3,64,imputation,5,3,2,Serine,Serine,5149.219358288771,5149.219358288771,0.0,0.0,1,1,1
ST003506,hsa00260,Glycine Serine Threonine Metabolism,0.3,65,imputation,5,3,2,Serine,Serine,5149.219358288771,5149.219358288771,0.0,0.0,1,1,1
ST003506,hsa00260,Glycine Serine Threonine Metabolism,0.3,66,imputation,5,3,2,Betaine,Betaine,363.5489483065953,363.5489483065953,0.0,0.0,1,1,1
ST003506,hsa00260,Glycine Serine Threonine Metabolism,0.3,67,imputation,5,3,2,Glycine,Glycine,18430.784991087345,18430.784991087345,0.0,0.0,1,1,1
ST003506,hsa00260,Glycine Serine Threonine Metabolism,0.3,68,imputation,5,3,2,Serine,Serine,5149.219358288771,5149.219358288771,0.0,0.0,1,1,1
ST003506,hsa00260,Glycine Serine Threonine Metabolism,0.3,69,imputation,5,3,2,Glycine,Glycine,18430.784991087345,18430.784991087345,0.0,0.0,1,1,1
ST003506,hsa00260,Glycine Serine Threonine Metabolism,0.3,70,imputation,5,3,2,Glycine,Glycine,18430.784991087345,18430.784991087345,0.0,0.0,1,1,1
ST003506,hsa00260,Glycine Serine Threonine Metabolism,0.3,71,imputation,5,3,2,Glycine,Glycine,18430.784991087345,18430.784991087345,0.0,0.0,1,1,1
ST003506,hsa00260,Glycine Serine Threonine Metabolism,0.3,72,imputation,5,3,2,Betaine,Betaine,363.5489483065953,363.5489483065953,0.0,0.0,1,1,1
ST003506,hsa00260,Glycine Serine Threonine Metabolism,0.3,73,imputation,5,3,2,Glycine,Glycine,18430.784991087345,18430.784991087345,0.0,0.0,1,1,1
ST003506,hsa00260,Glycine Serine Threonine Metabolism,0.3,74,imputation,5,3,2,Glycine,Glycine,18430.784991087345,18430.784991087345,0.0,0.0,1,1,1
ST003506,hsa00260,Glycine Serine Threonine Metabolism,0.3,75,imputation,5,3,2,Threonine,Threonine,1277.9255971479504,1277.9255971479504,0.0,0.0,1,1,1
ST003506,hsa00260,Glycine Serine Threonine Metabolism,0.3,76,imputation,5,3,2,Glycine,Glycine,18430.784991087345,18430.784991087345,0.0,0.0,1,1,1
ST003506,hsa00260,Glycine Serine Threonine Metabolism,0.3,77,imputation,5,3,2,Glycine,Glycine,18430.784991087345,18430.784991087345,0.0,0.0,1,1,1
ST003506,hsa00260,Glycine Serine Threonine Metabolism,0.3,78,imputation,5,3,2,Threonine,Threonine,1277.9255971479504,1277.9255971479504,0.0,0.0,1,1,1
ST003506,hsa00260,Glycine Serine Threonine Metabolism,0.3,79,imputation,5,3,2,Betaine,Betaine,363.5489483065953,363.5489483065953,0.0,0.0,1,1,1
ST003506,hsa00260,Glycine Serine Threonine Metabolism,0.3,80,imputation,5,3,2,Threonine,Threonine,1277.9255971479504,1277.9255971479504,0.0,0.0,1,1,1
ST003506,hsa00260,Glycine Serine Threonine Metabolism,0.3,81,imputation,5,3,2,Glycine,Glycine,18430.784991087345,18430.784991087345,0.0,0.0,1,1,1
ST003506,hsa00260,Glycine Serine Threonine Metabolism,0.3,82,imputation,5,3,2,Glycine,Glycine,18430.784991087345,18430.784991087345,0.0,0.0,1,1,1
ST003506,hsa00260,Glycine Serine Threonine Metabolism,0.3,83,imputation,5,3,2,Threonine,Threonine,1277.9255971479504,1277.9255971479504,0.0,0.0,1,1,1
ST003506,hsa00260,Glycine Serine Threonine Metabolism,0.3,84,imputation,5,3,2,Threonine,Threonine,1277.9255971479504,1277.9255971479504,0.0,0.0,1,1,1
ST003506,hsa00260,Glycine Serine Threonine Metabolism,0.3,85,imputation,5,3,2,Threonine,Threonine,1277.9255971479504,1277.9255971479504,0.0,0.0,1,1,1
ST003506,hsa00260,Glycine Serine Threonine Metabolism,0.3,86,imputation,5,3,2,Serine,Serine,5149.219358288771,5149.219358288771,0.0,0.0,1,1,1
ST003506,hsa00260,Glycine Serine Threonine Metabolism,0.3,87,imputation,5,3,2,Glycine,Glycine,18430.784991087345,18430.784991087345,0.0,0.0,1,1,1
ST003506,hsa00260,Glycine Serine Threonine Metabolism,0.3,88,imputation,5,3,2,Serine,Serine,5149.219358288771,5149.219358288771,0.0,0.0,1,1,1
ST003506,hsa00260,Glycine Serine Threonine Metabolism,0.3,89,imputation,5,3,2,Glycine,Glycine,18430.784991087345,18430.784991087345,0.0,0.0,1,1,1
ST003506,hsa00260,Glycine Serine Threonine Metabolism,0.3,90,imputation,5,3,2,Serine,Serine,5149.219358288771,5149.219358288771,0.0,0.0,1,1,1
ST003506,hsa00260,Glycine Serine Threonine Metabolism,0.3,91,imputation,5,3,2,Glycine,Glycine,18430.784991087345,18430.784991087345,0.0,0.0,1,1,1
ST003506,hsa00260,Glycine Serine Threonine Metabolism,0.3,92,imputation,5,3,2,Serine,Serine,5149.219358288771,5149.219358288771,0.0,0.0,1,1,1
ST003506,hsa00260,Glycine Serine Threonine Metabolism,0.3,93,imputation,5,3,2,Glycine,Glycine,18430.784991087345,18430.784991087345,0.0,0.0,1,1,1
ST003506,hsa00260,Glycine Serine Threonine Metabolism,0.3,94,imputation,5,3,2,Serine,Serine,5149.219358288771,5149.219358288771,0.0,0.0,1,1,1
ST003506,hsa00260,Glycine Serine Threonine Metabolism,0.3,95,imputation,5,3,2,Betaine,Betaine,363.5489483065953,363.5489483065953,0.0,0.0,1,1,1
ST003506,hsa00260,Glycine Serine Threonine Metabolism,0.3,96,imputation,5,3,2,Serine,Serine,5149.219358288771,5149.219358288771,0.0,0.0,1,1,1
ST003506,hsa00260,Glycine Serine Threonine Metabolism,0.3,97,imputation,5,3,2,Glycine,Glycine,18430.784991087345,18430.784991087345,0.0,0.0,1,1,1
ST003506,hsa00260,Glycine Serine Threonine Metabolism,0.3,98,imputation,5,3,2,Threonine,Threonine,1277.9255971479504,1277.9255971479504,0.0,0.0,1,1,1
ST003506,hsa00260,Glycine Serine Threonine Metabolism,0.3,99,imputation,5,3,2,Threonine,Threonine,1277.9255971479504,1277.9255971479504,0.0,0.0,1,1,1
ST003506,hsa00260,Glycine Serine Threonine Metabolism,0.3,100,imputation,5,3,2,Serine,Serine,5149.219358288771,5149.219358288771,0.0,0.0,1,1,1
ST003506,hsa00260,Glycine Serine Threonine Metabolism,0.4,1,imputation,5,3,2,Glycine,Glycine,18430.784991087345,18430.784991087345,0.0,0.0,1,1,1
ST003506,hsa00260,Glycine Serine Threonine Metabolism,0.4,2,imputation,5,3,2,Serine,Serine,5149.219358288771,5149.219358288771,0.0,0.0,1,1,1
ST003506,hsa00260,Glycine Serine Threonine Metabolism,0.4,3,imputation,5,3,2,Glycine,Glycine,18430.784991087345,18430.784991087345,0.0,0.0,1,1,1
ST003506,hsa00260,Glycine Serine Threonine Metabolism,0.4,4,imputation,5,3,2,Serine,Serine,5149.219358288771,5149.219358288771,0.0,0.0,1,1,1
ST003506,hsa00260,Glycine Serine Threonine Metabolism,0.4,5,imputation,5,3,2,Glycine,Glycine,18430.784991087345,18430.784991087345,0.0,0.0,1,1,1
ST003506,hsa00260,Glycine Serine Threonine Metabolism,0.4,6,imputation,5,3,2,Glycine,Glycine,18430.784991087345,18430.784991087345,0.0,0.0,1,1,1
ST003506,hsa00260,Glycine Serine Threonine Metabolism,0.4,7,imputation,5,3,2,Glycine,Glycine,18430.784991087345,18430.784991087345,0.0,0.0,1,1,1
ST003506,hsa00260,Glycine Serine Threonine Metabolism,0.4,8,imputation,5,3,2,Glycine,Glycine,18430.784991087345,18430.784991087345,0.0,0.0,1,1,1
ST003506,hsa00260,Glycine Serine Threonine Metabolism,0.4,9,imputation,5,3,2,Threonine,Threonine,1277.9255971479504,1277.9255971479504,0.0,0.0,1,1,1
ST003506,hsa00260,Glycine Serine Threonine Metabolism,0.4,10,imputation,5,3,2,Glycine,Glycine,18430.784991087345,18430.784991087345,0.0,0.0,1,1,1
ST003506,hsa00260,Glycine Serine Threonine Metabolism,0.4,11,imputation,5,3,2,Threonine,Threonine,1277.9255971479504,1277.9255971479504,0.0,0.0,1,1,1
ST003506,hsa00260,Glycine Serine Threonine Metabolism,0.4,12,imputation,5,3,2,Serine,Serine,5149.219358288771,5149.219358288771,0.0,0.0,1,1,1
ST003506,hsa00260,Glycine Serine Threonine Metabolism,0.4,13,imputation,5,3,2,Betaine,Betaine,363.5489483065953,363.5489483065953,0.0,0.0,1,1,1
ST003506,hsa00260,Glycine Serine Threonine Metabolism,0.4,14,imputation,5,3,2,Threonine,Threonine,1277.9255971479504,1277.9255971479504,0.0,0.0,1,1,1
ST003506,hsa00260,Glycine Serine Threonine Metabolism,0.4,15,imputation,5,3,2,Glycine,Glycine,18430.784991087345,18430.784991087345,0.0,0.0,1,1,1
ST003506,hsa00260,Glycine Serine Threonine Metabolism,0.4,16,imputation,5,3,2,Threonine,Threonine,1277.9255971479504,1277.9255971479504,0.0,0.0,1,1,1
ST003506,hsa00260,Glycine Serine Threonine Metabolism,0.4,17,imputation,5,3,2,Betaine,Betaine,363.5489483065953,363.5489483065953,0.0,0.0,1,1,1
ST003506,hsa00260,Glycine Serine Threonine Metabolism,0.4,18,imputation,5,3,2,Glycine,Glycine,18430.784991087345,18430.784991087345,0.0,0.0,1,1,1
ST003506,hsa00260,Glycine Serine Threonine Metabolism,0.4,19,imputation,5,3,2,Serine,Serine,5149.219358288771,5149.219358288771,0.0,0.0,1,1,1
ST003506,hsa00260,Glycine Serine Threonine Metabolism,0.4,20,imputation,5,3,2,Threonine,Threonine,1277.9255971479504,1277.9255971479504,0.0,0.0,1,1,1
ST003506,hsa00260,Glycine Serine Threonine Metabolism,0.4,21,imputation,5,3,2,Serine,Serine,5149.219358288771,5149.219358288771,0.0,0.0,1,1,1
ST003506,hsa00260,Glycine Serine Threonine Metabolism,0.4,22,imputation,5,3,2,Serine,Serine,5149.219358288771,5149.219358288771,0.0,0.0,1,1,1
ST003506,hsa00260,Glycine Serine Threonine Metabolism,0.4,23,imputation,5,3,2,Glycine,Glycine,18430.784991087345,18430.784991087345,0.0,0.0,1,1,1
ST003506,hsa00260,Glycine Serine Threonine Metabolism,0.4,24,imputation,5,3,2,Glycine,Glycine,18430.784991087345,18430.784991087345,0.0,0.0,1,1,1
ST003506,hsa00260,Glycine Serine Threonine Metabolism,0.4,25,imputation,5,3,2,Threonine,Threonine,1277.9255971479504,1277.9255971479504,0.0,0.0,1,1,1
ST003506,hsa00260,Glycine Serine Threonine Metabolism,0.4,26,imputation,5,3,2,Serine,Serine,5149.219358288771,5149.219358288771,0.0,0.0,1,1,1
ST003506,hsa00260,Glycine Serine Threonine Metabolism,0.4,27,imputation,5,3,2,Threonine,Threonine,1277.9255971479504,1277.9255971479504,0.0,0.0,1,1,1
ST003506,hsa00260,Glycine Serine Threonine Metabolism,0.4,28,imputation,5,3,2,Glycine,Glycine,18430.784991087345,18430.784991087345,0.0,0.0,1,1,1
ST003506,hsa00260,Glycine Serine Threonine Metabolism,0.4,29,imputation,5,3,2,Glycine,Glycine,18430.784991087345,18430.784991087345,0.0,0.0,1,1,1
ST003506,hsa00260,Glycine Serine Threonine Metabolism,0.4,30,imputation,5,3,2,Betaine,Betaine,363.5489483065953,363.5489483065953,0.0,0.0,1,1,1
ST003506,hsa00260,Glycine Serine Threonine Metabolism,0.4,31,imputation,5,3,2,Glycine,Glycine,18430.784991087345,18430.784991087345,0.0,0.0,1,1,1
ST003506,hsa00260,Glycine Serine Threonine Metabolism,0.4,32,imputation,5,3,2,Threonine,Threonine,1277.9255971479504,1277.9255971479504,0.0,0.0,1,1,1
ST003506,hsa00260,Glycine Serine Threonine Metabolism,0.4,33,imputation,5,3,2,Serine,Serine,5149.219358288771,5149.219358288771,0.0,0.0,1,1,1
ST003506,hsa00260,Glycine Serine Threonine Metabolism,0.4,34,imputation,5,3,2,Glycine,Glycine,18430.784991087345,18430.784991087345,0.0,0.0,1,1,1
ST003506,hsa00260,Glycine Serine Threonine Metabolism,0.4,35,imputation,5,3,2,Glycine,Glycine,18430.784991087345,18430.784991087345,0.0,0.0,1,1,1
ST003506,hsa00260,Glycine Serine Threonine Metabolism,0.4,36,imputation,5,3,2,Betaine,Betaine,363.5489483065953,363.5489483065953,0.0,0.0,1,1,1
ST003506,hsa00260,Glycine Serine Threonine Metabolism,0.4,37,imputation,5,3,2,Serine,Serine,5149.219358288771,5149.219358288771,0.0,0.0,1,1,1
ST003506,hsa00260,Glycine Serine Threonine Metabolism,0.4,38,imputation,5,3,2,Glycine,Glycine,18430.784991087345,18430.784991087345,0.0,0.0,1,1,1
ST003506,hsa00260,Glycine Serine Threonine Metabolism,0.4,39,imputation,5,3,2,Serine,Serine,5149.219358288771,5149.219358288771,0.0,0.0,1,1,1
ST003506,hsa00260,Glycine Serine Threonine Metabolism,0.4,40,imputation,5,3,2,Serine,Serine,5149.219358288771,5149.219358288771,0.0,0.0,1,1,1
ST003506,hsa00260,Glycine Serine Threonine Metabolism,0.4,41,imputation,5,3,2,Serine,Serine,5149.219358288771,5149.219358288771,0.0,0.0,1,1,1
ST003506,hsa00260,Glycine Serine Threonine Metabolism,0.4,42,imputation,5,3,2,Glycine,Glycine,18430.784991087345,18430.784991087345,0.0,0.0,1,1,1
ST003506,hsa00260,Glycine Serine Threonine Metabolism,0.4,43,imputation,5,3,2,Betaine,Betaine,363.5489483065953,363.5489483065953,0.0,0.0,1,1,1
ST003506,hsa00260,Glycine Serine Threonine Metabolism,0.4,44,imputation,5,3,2,Glycine,Glycine,18430.784991087345,18430.784991087345,0.0,0.0,1,1,1
ST003506,hsa00260,Glycine Serine Threonine Metabolism,0.4,45,imputation,5,3,2,Threonine,Threonine,1277.9255971479504,1277.9255971479504,0.0,0.0,1,1,1
ST003506,hsa00260,Glycine Serine Threonine Metabolism,0.4,46,imputation,5,3,2,Serine,Serine,5149.219358288771,5149.219358288771,0.0,0.0,1,1,1
ST003506,hsa00260,Glycine Serine Threonine Metabolism,0.4,47,imputation,5,3,2,Glycine,Glycine,18430.784991087345,18430.784991087345,0.0,0.0,1,1,1
ST003506,hsa00260,Glycine Serine Threonine Metabolism,0.4,48,imputation,5,3,2,Betaine,Betaine,363.5489483065953,363.5489483065953,0.0,0.0,1,1,1
ST003506,hsa00260,Glycine Serine Threonine Metabolism,0.4,49,imputation,5,3,2,Betaine,Betaine,363.5489483065953,363.5489483065953,0.0,0.0,1,1,1
ST003506,hsa00260,Glycine Serine Threonine Metabolism,0.4,50,imputation,5,3,2,Glycine,Glycine,18430.784991087345,18430.784991087345,0.0,0.0,1,1,1
ST003506,hsa00260,Glycine Serine Threonine Metabolism,0.4,51,imputation,5,3,2,Glycine,Glycine,18430.784991087345,18430.784991087345,0.0,0.0,1,1,1
ST003506,hsa00260,Glycine Serine Threonine Metabolism,0.4,52,imputation,5,3,2,Threonine,Threonine,1277.9255971479504,1277.9255971479504,0.0,0.0,1,1,1
ST003506,hsa00260,Glycine Serine Threonine Metabolism,0.4,53,imputation,5,3,2,Threonine,Threonine,1277.9255971479504,1277.9255971479504,0.0,0.0,1,1,1
ST003506,hsa00260,Glycine Serine Threonine Metabolism,0.4,54,imputation,5,3,2,Glycine,Glycine,18430.784991087345,18430.784991087345,0.0,0.0,1,1,1
ST003506,hsa00260,Glycine Serine Threonine Metabolism,0.4,55,imputation,5,3,2,Serine,Serine,5149.219358288771,5149.219358288771,0.0,0.0,1,1,1
ST003506,hsa00260,Glycine Serine Threonine Metabolism,0.4,56,imputation,5,3,2,Glycine,Glycine,18430.784991087345,18430.784991087345,0.0,0.0,1,1,1
ST003506,hsa00260,Glycine Serine Threonine Metabolism,0.4,57,imputation,5,3,2,Serine,Serine,5149.219358288771,5149.219358288771,0.0,0.0,1,1,1
ST003506,hsa00260,Glycine Serine Threonine Metabolism,0.4,58,imputation,5,3,2,Serine,Serine,5149.219358288771,5149.219358288771,0.0,0.0,1,1,1
ST003506,hsa00260,Glycine Serine Threonine Metabolism,0.4,59,imputation,5,3,2,Threonine,Threonine,1277.9255971479504,1277.9255971479504,0.0,0.0,1,1,1
ST003506,hsa00260,Glycine Serine Threonine Metabolism,0.4,60,imputation,5,3,2,Glycine,Glycine,18430.784991087345,18430.784991087345,0.0,0.0,1,1,1
ST003506,hsa00260,Glycine Serine Threonine Metabolism,0.4,61,imputation,5,3,2,Serine,Serine,5149.219358288771,5149.219358288771,0.0,0.0,1,1,1
ST003506,hsa00260,Glycine Serine Threonine Metabolism,0.4,62,imputation,5,3,2,Betaine,Betaine,363.5489483065953,363.5489483065953,0.0,0.0,1,1,1
ST003506,hsa00260,Glycine Serine Threonine Metabolism,0.4,63,imputation,5,3,2,Glycine,Glycine,18430.784991087345,18430.784991087345,0.0,0.0,1,1,1
ST003506,hsa00260,Glycine Serine Threonine Metabolism,0.4,64,imputation,5,3,2,Serine,Serine,5149.219358288771,5149.219358288771,0.0,0.0,1,1,1
ST003506,hsa00260,Glycine Serine Threonine Metabolism,0.4,65,imputation,5,3,2,Serine,Serine,5149.219358288771,5149.219358288771,0.0,0.0,1,1,1
ST003506,hsa00260,Glycine Serine Threonine Metabolism,0.4,66,imputation,5,3,2,Betaine,Betaine,363.5489483065953,363.5489483065953,0.0,0.0,1,1,1
ST003506,hsa00260,Glycine Serine Threonine Metabolism,0.4,67,imputation,5,3,2,Glycine,Glycine,18430.784991087345,18430.784991087345,0.0,0.0,1,1,1
ST003506,hsa00260,Glycine Serine Threonine Metabolism,0.4,68,imputation,5,3,2,Serine,Serine,5149.219358288771,5149.219358288771,0.0,0.0,1,1,1
ST003506,hsa00260,Glycine Serine Threonine Metabolism,0.4,69,imputation,5,3,2,Glycine,Glycine,18430.784991087345,18430.784991087345,0.0,0.0,1,1,1
ST003506,hsa00260,Glycine Serine Threonine Metabolism,0.4,70,imputation,5,3,2,Glycine,Glycine,18430.784991087345,18430.784991087345,0.0,0.0,1,1,1
ST003506,hsa00260,Glycine Serine Threonine Metabolism,0.4,71,imputation,5,3,2,Glycine,Glycine,18430.784991087345,18430.784991087345,0.0,0.0,1,1,1
ST003506,hsa00260,Glycine Serine Threonine Metabolism,0.4,72,imputation,5,3,2,Betaine,Betaine,363.5489483065953,363.5489483065953,0.0,0.0,1,1,1
ST003506,hsa00260,Glycine Serine Threonine Metabolism,0.4,73,imputation,5,3,2,Glycine,Glycine,18430.784991087345,18430.784991087345,0.0,0.0,1,1,1
ST003506,hsa00260,Glycine Serine Threonine Metabolism,0.4,74,imputation,5,3,2,Glycine,Glycine,18430.784991087345,18430.784991087345,0.0,0.0,1,1,1
ST003506,hsa00260,Glycine Serine Threonine Metabolism,0.4,75,imputation,5,3,2,Threonine,Threonine,1277.9255971479504,1277.9255971479504,0.0,0.0,1,1,1
ST003506,hsa00260,Glycine Serine Threonine Metabolism,0.4,76,imputation,5,3,2,Glycine,Glycine,18430.784991087345,18430.784991087345,0.0,0.0,1,1,1
ST003506,hsa00260,Glycine Serine Threonine Metabolism,0.4,77,imputation,5,3,2,Glycine,Glycine,18430.784991087345,18430.784991087345,0.0,0.0,1,1,1
ST003506,hsa00260,Glycine Serine Threonine Metabolism,0.4,78,imputation,5,3,2,Threonine,Threonine,1277.9255971479504,1277.9255971479504,0.0,0.0,1,1,1
ST003506,hsa00260,Glycine Serine Threonine Metabolism,0.4,79,imputation,5,3,2,Betaine,Betaine,363.5489483065953,363.5489483065953,0.0,0.0,1,1,1
ST003506,hsa00260,Glycine Serine Threonine Metabolism,0.4,80,imputation,5,3,2,Threonine,Threonine,1277.9255971479504,1277.9255971479504,0.0,0.0,1,1,1
ST003506,hsa00260,Glycine Serine Threonine Metabolism,0.4,81,imputation,5,3,2,Glycine,Glycine,18430.784991087345,18430.784991087345,0.0,0.0,1,1,1
ST003506,hsa00260,Glycine Serine Threonine Metabolism,0.4,82,imputation,5,3,2,Glycine,Glycine,18430.784991087345,18430.784991087345,0.0,0.0,1,1,1
ST003506,hsa00260,Glycine Serine Threonine Metabolism,0.4,83,imputation,5,3,2,Threonine,Threonine,1277.9255971479504,1277.9255971479504,0.0,0.0,1,1,1
ST003506,hsa00260,Glycine Serine Threonine Metabolism,0.4,84,imputation,5,3,2,Threonine,Threonine,1277.9255971479504,1277.9255971479504,0.0,0.0,1,1,1
ST003506,hsa00260,Glycine Serine Threonine Metabolism,0.4,85,imputation,5,3,2,Threonine,Threonine,1277.9255971479504,1277.9255971479504,0.0,0.0,1,1,1
ST003506,hsa00260,Glycine Serine Threonine Metabolism,0.4,86,imputation,5,3,2,Serine,Serine,5149.219358288771,5149.219358288771,0.0,0.0,1,1,1
ST003506,hsa00260,Glycine Serine Threonine Metabolism,0.4,87,imputation,5,3,2,Glycine,Glycine,18430.784991087345,18430.784991087345,0.0,0.0,1,1,1
ST003506,hsa00260,Glycine Serine Threonine Metabolism,0.4,88,imputation,5,3,2,Serine,Serine,5149.219358288771,5149.219358288771,0.0,0.0,1,1,1
ST003506,hsa00260,Glycine Serine Threonine Metabolism,0.4,89,imputation,5,3,2,Glycine,Glycine,18430.784991087345,18430.784991087345,0.0,0.0,1,1,1
ST003506,hsa00260,Glycine Serine Threonine Metabolism,0.4,90,imputation,5,3,2,Serine,Serine,5149.219358288771,5149.219358288771,0.0,0.0,1,1,1
ST003506,hsa00260,Glycine Serine Threonine Metabolism,0.4,91,imputation,5,3,2,Glycine,Glycine,18430.784991087345,18430.784991087345,0.0,0.0,1,1,1
ST003506,hsa00260,Glycine Serine Threonine Metabolism,0.4,92,imputation,5,3,2,Serine,Serine,5149.219358288771,5149.219358288771,0.0,0.0,1,1,1
ST003506,hsa00260,Glycine Serine Threonine Metabolism,0.4,93,imputation,5,3,2,Glycine,Glycine,18430.784991087345,18430.784991087345,0.0,0.0,1,1,1
ST003506,hsa00260,Glycine Serine Threonine Metabolism,0.4,94,imputation,5,3,2,Serine,Serine,5149.219358288771,5149.219358288771,0.0,0.0,1,1,1
ST003506,hsa00260,Glycine Serine Threonine Metabolism,0.4,95,imputation,5,3,2,Betaine,Betaine,363.5489483065953,363.5489483065953,0.0,0.0,1,1,1
ST003506,hsa00260,Glycine Serine Threonine Metabolism,0.4,96,imputation,5,3,2,Serine,Serine,5149.219358288771,5149.219358288771,0.0,0.0,1,1,1
ST003506,hsa00260,Glycine Serine Threonine Metabolism,0.4,97,imputation,5,3,2,Glycine,Glycine,18430.784991087345,18430.784991087345,0.0,0.0,1,1,1
ST003506,hsa00260,Glycine Serine Threonine Metabolism,0.4,98,imputation,5,3,2,Threonine,Threonine,1277.9255971479504,1277.9255971479504,0.0,0.0,1,1,1
ST003506,hsa00260,Glycine Serine Threonine Metabolism,0.4,99,imputation,5,3,2,Threonine,Threonine,1277.9255971479504,1277.9255971479504,0.0,0.0,1,1,1
ST003506,hsa00260,Glycine Serine Threonine Metabolism,0.4,100,imputation,5,3,2,Serine,Serine,5149.219358288771,5149.219358288771,0.0,0.0,1,1,1
ST003506,hsa00250,Alanine Aspartate Glutamate Metabolism,0.2,1,imputation,4,3,1,Alanine,Alanine,28325.30962566845,28325.30962566845,0.0,0.0,1,1,1
ST003506,hsa00250,Alanine Aspartate Glutamate Metabolism,0.2,2,imputation,4,3,1,Pyroglutamic acid,Pyroglutamic acid,11516.48531194296,11516.48531194296,0.0,0.0,1,1,1
ST003506,hsa00250,Alanine Aspartate Glutamate Metabolism,0.2,3,imputation,4,3,1,Glutamine,Glutamine,35270.59073975045,35270.59073975045,0.0,0.0,1,1,1
ST003506,hsa00250,Alanine Aspartate Glutamate Metabolism,0.2,4,imputation,4,3,1,Alanine,Alanine,28325.30962566845,28325.30962566845,0.0,0.0,1,1,1
ST003506,hsa00250,Alanine Aspartate Glutamate Metabolism,0.2,5,imputation,4,3,1,Glutamine,Glutamine,35270.59073975045,35270.59073975045,0.0,0.0,1,1,1
ST003506,hsa00250,Alanine Aspartate Glutamate Metabolism,0.2,6,imputation,4,3,1,Glutamine,Glutamine,35270.59073975045,35270.59073975045,0.0,0.0,1,1,1
ST003506,hsa00250,Alanine Aspartate Glutamate Metabolism,0.2,7,imputation,4,3,1,Alanine,Alanine,28325.30962566845,28325.30962566845,0.0,0.0,1,1,1
ST003506,hsa00250,Alanine Aspartate Glutamate Metabolism,0.2,8,imputation,4,3,1,Pyroglutamic acid,Pyroglutamic acid,11516.48531194296,11516.48531194296,0.0,0.0,1,1,1
ST003506,hsa00250,Alanine Aspartate Glutamate Metabolism,0.2,9,imputation,4,3,1,Asparagine,Asparagine,505.0146880570409,505.0146880570409,0.0,0.0,1,1,1
ST003506,hsa00250,Alanine Aspartate Glutamate Metabolism,0.2,10,imputation,4,3,1,Glutamine,Glutamine,35270.59073975045,35270.59073975045,0.0,0.0,1,1,1
ST003506,hsa00250,Alanine Aspartate Glutamate Metabolism,0.2,11,imputation,4,3,1,Asparagine,Asparagine,505.0146880570409,505.0146880570409,0.0,0.0,1,1,1
ST003506,hsa00250,Alanine Aspartate Glutamate Metabolism,0.2,12,imputation,4,3,1,Asparagine,Asparagine,505.0146880570409,505.0146880570409,0.0,0.0,1,1,1
ST003506,hsa00250,Alanine Aspartate Glutamate Metabolism,0.2,13,imputation,4,3,1,Alanine,Alanine,28325.30962566845,28325.30962566845,0.0,0.0,1,1,1
ST003506,hsa00250,Alanine Aspartate Glutamate Metabolism,0.2,14,imputation,4,3,1,Alanine,Alanine,28325.30962566845,28325.30962566845,0.0,0.0,1,1,1
ST003506,hsa00250,Alanine Aspartate Glutamate Metabolism,0.2,15,imputation,4,3,1,Alanine,Alanine,28325.30962566845,28325.30962566845,0.0,0.0,1,1,1
ST003506,hsa00250,Alanine Aspartate Glutamate Metabolism,0.2,16,imputation,4,3,1,Asparagine,Asparagine,505.0146880570409,505.0146880570409,0.0,0.0,1,1,1
ST003506,hsa00250,Alanine Aspartate Glutamate Metabolism,0.2,17,imputation,4,3,1,Asparagine,Asparagine,505.0146880570409,505.0146880570409,0.0,0.0,1,1,1
ST003506,hsa00250,Alanine Aspartate Glutamate Metabolism,0.2,18,imputation,4,3,1,Glutamine,Glutamine,35270.59073975045,35270.59073975045,0.0,0.0,1,1,1
ST003506,hsa00250,Alanine Aspartate Glutamate Metabolism,0.2,19,imputation,4,3,1,Pyroglutamic acid,Pyroglutamic acid,11516.48531194296,11516.48531194296,0.0,0.0,1,1,1
ST003506,hsa00250,Alanine Aspartate Glutamate Metabolism,0.2,20,imputation,4,3,1,Asparagine,Asparagine,505.0146880570409,505.0146880570409,0.0,0.0,1,1,1
ST003506,hsa00250,Alanine Aspartate Glutamate Metabolism,0.2,21,imputation,4,3,1,Pyroglutamic acid,Pyroglutamic acid,11516.48531194296,11516.48531194296,0.0,0.0,1,1,1
ST003506,hsa00250,Alanine Aspartate Glutamate Metabolism,0.2,22,imputation,4,3,1,Pyroglutamic acid,Pyroglutamic acid,11516.48531194296,11516.48531194296,0.0,0.0,1,1,1
ST003506,hsa00250,Alanine Aspartate Glutamate Metabolism,0.2,23,imputation,4,3,1,Pyroglutamic acid,Pyroglutamic acid,11516.48531194296,11516.48531194296,0.0,0.0,1,1,1
ST003506,hsa00250,Alanine Aspartate Glutamate Metabolism,0.2,24,imputation,4,3,1,Alanine,Alanine,28325.30962566845,28325.30962566845,0.0,0.0,1,1,1
ST003506,hsa00250,Alanine Aspartate Glutamate Metabolism,0.2,25,imputation,4,3,1,Alanine,Alanine,28325.30962566845,28325.30962566845,0.0,0.0,1,1,1
ST003506,hsa00250,Alanine Aspartate Glutamate Metabolism,0.2,26,imputation,4,3,1,Pyroglutamic acid,Pyroglutamic acid,11516.48531194296,11516.48531194296,0.0,0.0,1,1,1
ST003506,hsa00250,Alanine Aspartate Glutamate Metabolism,0.2,27,imputation,4,3,1,Alanine,Alanine,28325.30962566845,28325.30962566845,0.0,0.0,1,1,1
ST003506,hsa00250,Alanine Aspartate Glutamate Metabolism,0.2,28,imputation,4,3,1,Alanine,Alanine,28325.30962566845,28325.30962566845,0.0,0.0,1,1,1
ST003506,hsa00250,Alanine Aspartate Glutamate Metabolism,0.2,29,imputation,4,3,1,Glutamine,Glutamine,35270.59073975045,35270.59073975045,0.0,0.0,1,1,1
ST003506,hsa00250,Alanine Aspartate Glutamate Metabolism,0.2,30,imputation,4,3,1,Alanine,Alanine,28325.30962566845,28325.30962566845,0.0,0.0,1,1,1
ST003506,hsa00250,Alanine Aspartate Glutamate Metabolism,0.2,31,imputation,4,3,1,Glutamine,Glutamine,35270.59073975045,35270.59073975045,0.0,0.0,1,1,1
ST003506,hsa00250,Alanine Aspartate Glutamate Metabolism,0.2,32,imputation,4,3,1,Alanine,Alanine,28325.30962566845,28325.30962566845,0.0,0.0,1,1,1
ST003506,hsa00250,Alanine Aspartate Glutamate Metabolism,0.2,33,imputation,4,3,1,Pyroglutamic acid,Pyroglutamic acid,11516.48531194296,11516.48531194296,0.0,0.0,1,1,1
ST003506,hsa00250,Alanine Aspartate Glutamate Metabolism,0.2,34,imputation,4,3,1,Glutamine,Glutamine,35270.59073975045,35270.59073975045,0.0,0.0,1,1,1
ST003506,hsa00250,Alanine Aspartate Glutamate Metabolism,0.2,35,imputation,4,3,1,Glutamine,Glutamine,35270.59073975045,35270.59073975045,0.0,0.0,1,1,1
ST003506,hsa00250,Alanine Aspartate Glutamate Metabolism,0.2,36,imputation,4,3,1,Asparagine,Asparagine,505.0146880570409,505.0146880570409,0.0,0.0,1,1,1
ST003506,hsa00250,Alanine Aspartate Glutamate Metabolism,0.2,37,imputation,4,3,1,Asparagine,Asparagine,505.0146880570409,505.0146880570409,0.0,0.0,1,1,1
ST003506,hsa00250,Alanine Aspartate Glutamate Metabolism,0.2,38,imputation,4,3,1,Glutamine,Glutamine,35270.59073975045,35270.59073975045,0.0,0.0,1,1,1
ST003506,hsa00250,Alanine Aspartate Glutamate Metabolism,0.2,39,imputation,4,3,1,Pyroglutamic acid,Pyroglutamic acid,11516.48531194296,11516.48531194296,0.0,0.0,1,1,1
ST003506,hsa00250,Alanine Aspartate Glutamate Metabolism,0.2,40,imputation,4,3,1,Asparagine,Asparagine,505.0146880570409,505.0146880570409,0.0,0.0,1,1,1
ST003506,hsa00250,Alanine Aspartate Glutamate Metabolism,0.2,41,imputation,4,3,1,Pyroglutamic acid,Pyroglutamic acid,11516.48531194296,11516.48531194296,0.0,0.0,1,1,1
ST003506,hsa00250,Alanine Aspartate Glutamate Metabolism,0.2,42,imputation,4,3,1,Glutamine,Glutamine,35270.59073975045,35270.59073975045,0.0,0.0,1,1,1
ST003506,hsa00250,Alanine Aspartate Glutamate Metabolism,0.2,43,imputation,4,3,1,Asparagine,Asparagine,505.0146880570409,505.0146880570409,0.0,0.0,1,1,1
ST003506,hsa00250,Alanine Aspartate Glutamate Metabolism,0.2,44,imputation,4,3,1,Alanine,Alanine,28325.30962566845,28325.30962566845,0.0,0.0,1,1,1
ST003506,hsa00250,Alanine Aspartate Glutamate Metabolism,0.2,45,imputation,4,3,1,Asparagine,Asparagine,505.0146880570409,505.0146880570409,0.0,0.0,1,1,1
ST003506,hsa00250,Alanine Aspartate Glutamate Metabolism,0.2,46,imputation,4,3,1,Pyroglutamic acid,Pyroglutamic acid,11516.48531194296,11516.48531194296,0.0,0.0,1,1,1
ST003506,hsa00250,Alanine Aspartate Glutamate Metabolism,0.2,47,imputation,4,3,1,Alanine,Alanine,28325.30962566845,28325.30962566845,0.0,0.0,1,1,1
ST003506,hsa00250,Alanine Aspartate Glutamate Metabolism,0.2,48,imputation,4,3,1,Asparagine,Asparagine,505.0146880570409,505.0146880570409,0.0,0.0,1,1,1
ST003506,hsa00250,Alanine Aspartate Glutamate Metabolism,0.2,49,imputation,4,3,1,Alanine,Alanine,28325.30962566845,28325.30962566845,0.0,0.0,1,1,1
ST003506,hsa00250,Alanine Aspartate Glutamate Metabolism,0.2,50,imputation,4,3,1,Pyroglutamic acid,Pyroglutamic acid,11516.48531194296,11516.48531194296,0.0,0.0,1,1,1
ST003506,hsa00250,Alanine Aspartate Glutamate Metabolism,0.2,51,imputation,4,3,1,Pyroglutamic acid,Pyroglutamic acid,11516.48531194296,11516.48531194296,0.0,0.0,1,1,1
ST003506,hsa00250,Alanine Aspartate Glutamate Metabolism,0.2,52,imputation,4,3,1,Asparagine,Asparagine,505.0146880570409,505.0146880570409,0.0,0.0,1,1,1
ST003506,hsa00250,Alanine Aspartate Glutamate Metabolism,0.2,53,imputation,4,3,1,Asparagine,Asparagine,505.0146880570409,505.0146880570409,0.0,0.0,1,1,1
ST003506,hsa00250,Alanine Aspartate Glutamate Metabolism,0.2,54,imputation,4,3,1,Glutamine,Glutamine,35270.59073975045,35270.59073975045,0.0,0.0,1,1,1
ST003506,hsa00250,Alanine Aspartate Glutamate Metabolism,0.2,55,imputation,4,3,1,Asparagine,Asparagine,505.0146880570409,505.0146880570409,0.0,0.0,1,1,1
ST003506,hsa00250,Alanine Aspartate Glutamate Metabolism,0.2,56,imputation,4,3,1,Glutamine,Glutamine,35270.59073975045,35270.59073975045,0.0,0.0,1,1,1
ST003506,hsa00250,Alanine Aspartate Glutamate Metabolism,0.2,57,imputation,4,3,1,Pyroglutamic acid,Pyroglutamic acid,11516.48531194296,11516.48531194296,0.0,0.0,1,1,1
ST003506,hsa00250,Alanine Aspartate Glutamate Metabolism,0.2,58,imputation,4,3,1,Asparagine,Asparagine,505.0146880570409,505.0146880570409,0.0,0.0,1,1,1
ST003506,hsa00250,Alanine Aspartate Glutamate Metabolism,0.2,59,imputation,4,3,1,Asparagine,Asparagine,505.0146880570409,505.0146880570409,0.0,0.0,1,1,1
ST003506,hsa00250,Alanine Aspartate Glutamate Metabolism,0.2,60,imputation,4,3,1,Asparagine,Asparagine,505.0146880570409,505.0146880570409,0.0,0.0,1,1,1
ST003506,hsa00250,Alanine Aspartate Glutamate Metabolism,0.2,61,imputation,4,3,1,Pyroglutamic acid,Pyroglutamic acid,11516.48531194296,11516.48531194296,0.0,0.0,1,1,1
ST003506,hsa00250,Alanine Aspartate Glutamate Metabolism,0.2,62,imputation,4,3,1,Alanine,Alanine,28325.30962566845,28325.30962566845,0.0,0.0,1,1,1
ST003506,hsa00250,Alanine Aspartate Glutamate Metabolism,0.2,63,imputation,4,3,1,Glutamine,Glutamine,35270.59073975045,35270.59073975045,0.0,0.0,1,1,1
ST003506,hsa00250,Alanine Aspartate Glutamate Metabolism,0.2,64,imputation,4,3,1,Pyroglutamic acid,Pyroglutamic acid,11516.48531194296,11516.48531194296,0.0,0.0,1,1,1
ST003506,hsa00250,Alanine Aspartate Glutamate Metabolism,0.2,65,imputation,4,3,1,Asparagine,Asparagine,505.0146880570409,505.0146880570409,0.0,0.0,1,1,1
ST003506,hsa00250,Alanine Aspartate Glutamate Metabolism,0.2,66,imputation,4,3,1,Asparagine,Asparagine,505.0146880570409,505.0146880570409,0.0,0.0,1,1,1
ST003506,hsa00250,Alanine Aspartate Glutamate Metabolism,0.2,67,imputation,4,3,1,Glutamine,Glutamine,35270.59073975045,35270.59073975045,0.0,0.0,1,1,1
ST003506,hsa00250,Alanine Aspartate Glutamate Metabolism,0.2,68,imputation,4,3,1,Pyroglutamic acid,Pyroglutamic acid,11516.48531194296,11516.48531194296,0.0,0.0,1,1,1
ST003506,hsa00250,Alanine Aspartate Glutamate Metabolism,0.2,69,imputation,4,3,1,Asparagine,Asparagine,505.0146880570409,505.0146880570409,0.0,0.0,1,1,1
ST003506,hsa00250,Alanine Aspartate Glutamate Metabolism,0.2,70,imputation,4,3,1,Pyroglutamic acid,Pyroglutamic acid,11516.48531194296,11516.48531194296,0.0,0.0,1,1,1
ST003506,hsa00250,Alanine Aspartate Glutamate Metabolism,0.2,71,imputation,4,3,1,Alanine,Alanine,28325.30962566845,28325.30962566845,0.0,0.0,1,1,1
ST003506,hsa00250,Alanine Aspartate Glutamate Metabolism,0.2,72,imputation,4,3,1,Asparagine,Asparagine,505.0146880570409,505.0146880570409,0.0,0.0,1,1,1
ST003506,hsa00250,Alanine Aspartate Glutamate Metabolism,0.2,73,imputation,4,3,1,Glutamine,Glutamine,35270.59073975045,35270.59073975045,0.0,0.0,1,1,1
ST003506,hsa00250,Alanine Aspartate Glutamate Metabolism,0.2,74,imputation,4,3,1,Glutamine,Glutamine,35270.59073975045,35270.59073975045,0.0,0.0,1,1,1
ST003506,hsa00250,Alanine Aspartate Glutamate Metabolism,0.2,75,imputation,4,3,1,Asparagine,Asparagine,505.0146880570409,505.0146880570409,0.0,0.0,1,1,1
ST003506,hsa00250,Alanine Aspartate Glutamate Metabolism,0.2,76,imputation,4,3,1,Asparagine,Asparagine,505.0146880570409,505.0146880570409,0.0,0.0,1,1,1
ST003506,hsa00250,Alanine Aspartate Glutamate Metabolism,0.2,77,imputation,4,3,1,Glutamine,Glutamine,35270.59073975045,35270.59073975045,0.0,0.0,1,1,1
ST003506,hsa00250,Alanine Aspartate Glutamate Metabolism,0.2,78,imputation,4,3,1,Asparagine,Asparagine,505.0146880570409,505.0146880570409,0.0,0.0,1,1,1
ST003506,hsa00250,Alanine Aspartate Glutamate Metabolism,0.2,79,imputation,4,3,1,Alanine,Alanine,28325.30962566845,28325.30962566845,0.0,0.0,1,1,1
ST003506,hsa00250,Alanine Aspartate Glutamate Metabolism,0.2,80,imputation,4,3,1,Asparagine,Asparagine,505.0146880570409,505.0146880570409,0.0,0.0,1,1,1
ST003506,hsa00250,Alanine Aspartate Glutamate Metabolism,0.2,81,imputation,4,3,1,Alanine,Alanine,28325.30962566845,28325.30962566845,0.0,0.0,1,1,1
ST003506,hsa00250,Alanine Aspartate Glutamate Metabolism,0.2,82,imputation,4,3,1,Glutamine,Glutamine,35270.59073975045,35270.59073975045,0.0,0.0,1,1,1
ST003506,hsa00250,Alanine Aspartate Glutamate Metabolism,0.2,83,imputation,4,3,1,Asparagine,Asparagine,505.0146880570409,505.0146880570409,0.0,0.0,1,1,1
ST003506,hsa00250,Alanine Aspartate Glutamate Metabolism,0.2,84,imputation,4,3,1,Alanine,Alanine,28325.30962566845,28325.30962566845,0.0,0.0,1,1,1
ST003506,hsa00250,Alanine Aspartate Glutamate Metabolism,0.2,85,imputation,4,3,1,Alanine,Alanine,28325.30962566845,28325.30962566845,0.0,0.0,1,1,1
ST003506,hsa00250,Alanine Aspartate Glutamate Metabolism,0.2,86,imputation,4,3,1,Asparagine,Asparagine,505.0146880570409,505.0146880570409,0.0,0.0,1,1,1
ST003506,hsa00250,Alanine Aspartate Glutamate Metabolism,0.2,87,imputation,4,3,1,Glutamine,Glutamine,35270.59073975045,35270.59073975045,0.0,0.0,1,1,1
ST003506,hsa00250,Alanine Aspartate Glutamate Metabolism,0.2,88,imputation,4,3,1,Pyroglutamic acid,Pyroglutamic acid,11516.48531194296,11516.48531194296,0.0,0.0,1,1,1
ST003506,hsa00250,Alanine Aspartate Glutamate Metabolism,0.2,89,imputation,4,3,1,Glutamine,Glutamine,35270.59073975045,35270.59073975045,0.0,0.0,1,1,1
ST003506,hsa00250,Alanine Aspartate Glutamate Metabolism,0.2,90,imputation,4,3,1,Pyroglutamic acid,Pyroglutamic acid,11516.48531194296,11516.48531194296,0.0,0.0,1,1,1
ST003506,hsa00250,Alanine Aspartate Glutamate Metabolism,0.2,91,imputation,4,3,1,Pyroglutamic acid,Pyroglutamic acid,11516.48531194296,11516.48531194296,0.0,0.0,1,1,1
ST003506,hsa00250,Alanine Aspartate Glutamate Metabolism,0.2,92,imputation,4,3,1,Pyroglutamic acid,Pyroglutamic acid,11516.48531194296,11516.48531194296,0.0,0.0,1,1,1
ST003506,hsa00250,Alanine Aspartate Glutamate Metabolism,0.2,93,imputation,4,3,1,Glutamine,Glutamine,35270.59073975045,35270.59073975045,0.0,0.0,1,1,1
ST003506,hsa00250,Alanine Aspartate Glutamate Metabolism,0.2,94,imputation,4,3,1,Pyroglutamic acid,Pyroglutamic acid,11516.48531194296,11516.48531194296,0.0,0.0,1,1,1
ST003506,hsa00250,Alanine Aspartate Glutamate Metabolism,0.2,95,imputation,4,3,1,Alanine,Alanine,28325.30962566845,28325.30962566845,0.0,0.0,1,1,1
ST003506,hsa00250,Alanine Aspartate Glutamate Metabolism,0.2,96,imputation,4,3,1,Asparagine,Asparagine,505.0146880570409,505.0146880570409,0.0,0.0,1,1,1
ST003506,hsa00250,Alanine Aspartate Glutamate Metabolism,0.2,97,imputation,4,3,1,Alanine,Alanine,28325.30962566845,28325.30962566845,0.0,0.0,1,1,1
ST003506,hsa00250,Alanine Aspartate Glutamate Metabolism,0.2,98,imputation,4,3,1,Alanine,Alanine,28325.30962566845,28325.30962566845,0.0,0.0,1,1,1
ST003506,hsa00250,Alanine Aspartate Glutamate Metabolism,0.2,99,imputation,4,3,1,Alanine,Alanine,28325.30962566845,28325.30962566845,0.0,0.0,1,1,1
ST003506,hsa00250,Alanine Aspartate Glutamate Metabolism,0.2,100,imputation,4,3,1,Pyroglutamic acid,Pyroglutamic acid,11516.48531194296,11516.48531194296,0.0,0.0,1,1,1
ST003506,hsa00250,Alanine Aspartate Glutamate Metabolism,0.3,1,imputation,4,2,2,Alanine,Alanine,28325.30962566845,28325.30962566845,0.0,0.0,1,1,1
ST003506,hsa00250,Alanine Aspartate Glutamate Metabolism,0.3,2,imputation,4,2,2,Glutamine,Glutamine,35270.59073975045,35270.59073975045,0.0,0.0,1,1,1
ST003506,hsa00250,Alanine Aspartate Glutamate Metabolism,0.3,3,imputation,4,2,2,Glutamine,Glutamine,35270.59073975045,35270.59073975045,0.0,0.0,1,1,1
ST003506,hsa00250,Alanine Aspartate Glutamate Metabolism,0.3,4,imputation,4,2,2,Alanine,Alanine,28325.30962566845,28325.30962566845,0.0,0.0,1,1,1
ST003506,hsa00250,Alanine Aspartate Glutamate Metabolism,0.3,5,imputation,4,2,2,Glutamine,Glutamine,35270.59073975045,35270.59073975045,0.0,0.0,1,1,1
ST003506,hsa00250,Alanine Aspartate Glutamate Metabolism,0.3,6,imputation,4,2,2,Glutamine,Glutamine,35270.59073975045,35270.59073975045,0.0,0.0,1,1,1
ST003506,hsa00250,Alanine Aspartate Glutamate Metabolism,0.3,7,imputation,4,2,2,Alanine,Alanine,28325.30962566845,28325.30962566845,0.0,0.0,1,1,1
ST003506,hsa00250,Alanine Aspartate Glutamate Metabolism,0.3,8,imputation,4,2,2,Pyroglutamic acid,Pyroglutamic acid,11516.48531194296,11516.48531194296,0.0,0.0,1,1,1
ST003506,hsa00250,Alanine Aspartate Glutamate Metabolism,0.3,9,imputation,4,2,2,Glutamine,Glutamine,35270.59073975045,35270.59073975045,0.0,0.0,1,1,1
ST003506,hsa00250,Alanine Aspartate Glutamate Metabolism,0.3,10,imputation,4,2,2,Glutamine,Glutamine,35270.59073975045,35270.59073975045,0.0,0.0,1,1,1
ST003506,hsa00250,Alanine Aspartate Glutamate Metabolism,0.3,11,imputation,4,2,2,Pyroglutamic acid,Pyroglutamic acid,11516.48531194296,11516.48531194296,0.0,0.0,1,1,1
ST003506,hsa00250,Alanine Aspartate Glutamate Metabolism,0.3,12,imputation,4,2,2,Pyroglutamic acid,Pyroglutamic acid,11516.48531194296,11516.48531194296,0.0,0.0,1,1,1
ST003506,hsa00250,Alanine Aspartate Glutamate Metabolism,0.3,13,imputation,4,2,2,Alanine,Alanine,28325.30962566845,28325.30962566845,0.0,0.0,1,1,1
ST003506,hsa00250,Alanine Aspartate Glutamate Metabolism,0.3,14,imputation,4,2,2,Alanine,Alanine,28325.30962566845,28325.30962566845,0.0,0.0,1,1,1
ST003506,hsa00250,Alanine Aspartate Glutamate Metabolism,0.3,15,imputation,4,2,2,Alanine,Alanine,28325.30962566845,28325.30962566845,0.0,0.0,1,1,1
ST003506,hsa00250,Alanine Aspartate Glutamate Metabolism,0.3,16,imputation,4,2,2,Alanine,Alanine,28325.30962566845,28325.30962566845,0.0,0.0,1,1,1
ST003506,hsa00250,Alanine Aspartate Glutamate Metabolism,0.3,17,imputation,4,2,2,Alanine,Alanine,28325.30962566845,28325.30962566845,0.0,0.0,1,1,1
ST003506,hsa00250,Alanine Aspartate Glutamate Metabolism,0.3,18,imputation,4,2,2,Glutamine,Glutamine,35270.59073975045,35270.59073975045,0.0,0.0,1,1,1
ST003506,hsa00250,Alanine Aspartate Glutamate Metabolism,0.3,19,imputation,4,2,2,Alanine,Alanine,28325.30962566845,28325.30962566845,0.0,0.0,1,1,1
ST003506,hsa00250,Alanine Aspartate Glutamate Metabolism,0.3,20,imputation,4,2,2,Alanine,Alanine,28325.30962566845,28325.30962566845,0.0,0.0,1,1,1
ST003506,hsa00250,Alanine Aspartate Glutamate Metabolism,0.3,21,imputation,4,2,2,Pyroglutamic acid,Pyroglutamic acid,11516.48531194296,11516.48531194296,0.0,0.0,1,1,1
ST003506,hsa00250,Alanine Aspartate Glutamate Metabolism,0.3,22,imputation,4,2,2,Alanine,Alanine,28325.30962566845,28325.30962566845,0.0,0.0,1,1,1
ST003506,hsa00250,Alanine Aspartate Glutamate Metabolism,0.3,23,imputation,4,2,2,Pyroglutamic acid,Pyroglutamic acid,11516.48531194296,11516.48531194296,0.0,0.0,1,1,1
ST003506,hsa00250,Alanine Aspartate Glutamate Metabolism,0.3,24,imputation,4,2,2,Alanine,Alanine,28325.30962566845,28325.30962566845,0.0,0.0,1,1,1
ST003506,hsa00250,Alanine Aspartate Glutamate Metabolism,0.3,25,imputation,4,2,2,Alanine,Alanine,28325.30962566845,28325.30962566845,0.0,0.0,1,1,1
ST003506,hsa00250,Alanine Aspartate Glutamate Metabolism,0.3,26,imputation,4,2,2,Glutamine,Glutamine,35270.59073975045,35270.59073975045,0.0,0.0,1,1,1
ST003506,hsa00250,Alanine Aspartate Glutamate Metabolism,0.3,27,imputation,4,2,2,Alanine,Alanine,28325.30962566845,28325.30962566845,0.0,0.0,1,1,1
ST003506,hsa00250,Alanine Aspartate Glutamate Metabolism,0.3,28,imputation,4,2,2,Alanine,Alanine,28325.30962566845,28325.30962566845,0.0,0.0,1,1,1
ST003506,hsa00250,Alanine Aspartate Glutamate Metabolism,0.3,29,imputation,4,2,2,Glutamine,Glutamine,35270.59073975045,35270.59073975045,0.0,0.0,1,1,1
ST003506,hsa00250,Alanine Aspartate Glutamate Metabolism,0.3,30,imputation,4,2,2,Glutamine,Glutamine,35270.59073975045,35270.59073975045,0.0,0.0,1,1,1
ST003506,hsa00250,Alanine Aspartate Glutamate Metabolism,0.3,31,imputation,4,2,2,Glutamine,Glutamine,35270.59073975045,35270.59073975045,0.0,0.0,1,1,1
ST003506,hsa00250,Alanine Aspartate Glutamate Metabolism,0.3,32,imputation,4,2,2,Alanine,Alanine,28325.30962566845,28325.30962566845,0.0,0.0,1,1,1
ST003506,hsa00250,Alanine Aspartate Glutamate Metabolism,0.3,33,imputation,4,2,2,Glutamine,Glutamine,35270.59073975045,35270.59073975045,0.0,0.0,1,1,1
ST003506,hsa00250,Alanine Aspartate Glutamate Metabolism,0.3,34,imputation,4,2,2,Glutamine,Glutamine,35270.59073975045,35270.59073975045,0.0,0.0,1,1,1
ST003506,hsa00250,Alanine Aspartate Glutamate Metabolism,0.3,35,imputation,4,2,2,Glutamine,Glutamine,35270.59073975045,35270.59073975045,0.0,0.0,1,1,1
ST003506,hsa00250,Alanine Aspartate Glutamate Metabolism,0.3,36,imputation,4,2,2,Alanine,Alanine,28325.30962566845,28325.30962566845,0.0,0.0,1,1,1
ST003506,hsa00250,Alanine Aspartate Glutamate Metabolism,0.3,37,imputation,4,2,2,Pyroglutamic acid,Pyroglutamic acid,11516.48531194296,11516.48531194296,0.0,0.0,1,1,1
ST003506,hsa00250,Alanine Aspartate Glutamate Metabolism,0.3,38,imputation,4,2,2,Glutamine,Glutamine,35270.59073975045,35270.59073975045,0.0,0.0,1,1,1
ST003506,hsa00250,Alanine Aspartate Glutamate Metabolism,0.3,39,imputation,4,2,2,Pyroglutamic acid,Pyroglutamic acid,11516.48531194296,11516.48531194296,0.0,0.0,1,1,1
ST003506,hsa00250,Alanine Aspartate Glutamate Metabolism,0.3,40,imputation,4,2,2,Pyroglutamic acid,Pyroglutamic acid,11516.48531194296,11516.48531194296,0.0,0.0,1,1,1
ST003506,hsa00250,Alanine Aspartate Glutamate Metabolism,0.3,41,imputation,4,2,2,Pyroglutamic acid,Pyroglutamic acid,11516.48531194296,11516.48531194296,0.0,0.0,1,1,1
ST003506,hsa00250,Alanine Aspartate Glutamate Metabolism,0.3,42,imputation,4,2,2,Glutamine,Glutamine,35270.59073975045,35270.59073975045,0.0,0.0,1,1,1
ST003506,hsa00250,Alanine Aspartate Glutamate Metabolism,0.3,43,imputation,4,2,2,Glutamine,Glutamine,35270.59073975045,35270.59073975045,0.0,0.0,1,1,1
ST003506,hsa00250,Alanine Aspartate Glutamate Metabolism,0.3,44,imputation,4,2,2,Glutamine,Glutamine,35270.59073975045,35270.59073975045,0.0,0.0,1,1,1
ST003506,hsa00250,Alanine Aspartate Glutamate Metabolism,0.3,45,imputation,4,2,2,Glutamine,Glutamine,35270.59073975045,35270.59073975045,0.0,0.0,1,1,1
ST003506,hsa00250,Alanine Aspartate Glutamate Metabolism,0.3,46,imputation,4,2,2,Alanine,Alanine,28325.30962566845,28325.30962566845,0.0,0.0,1,1,1
ST003506,hsa00250,Alanine Aspartate Glutamate Metabolism,0.3,47,imputation,4,2,2,Glutamine,Glutamine,35270.59073975045,35270.59073975045,0.0,0.0,1,1,1
ST003506,hsa00250,Alanine Aspartate Glutamate Metabolism,0.3,48,imputation,4,2,2,Glutamine,Glutamine,35270.59073975045,35270.59073975045,0.0,0.0,1,1,1
ST003506,hsa00250,Alanine Aspartate Glutamate Metabolism,0.3,49,imputation,4,2,2,Glutamine,Glutamine,35270.59073975045,35270.59073975045,0.0,0.0,1,1,1
ST003506,hsa00250,Alanine Aspartate Glutamate Metabolism,0.3,50,imputation,4,2,2,Glutamine,Glutamine,35270.59073975045,35270.59073975045,0.0,0.0,1,1,1
ST003506,hsa00250,Alanine Aspartate Glutamate Metabolism,0.3,51,imputation,4,2,2,Glutamine,Glutamine,35270.59073975045,35270.59073975045,0.0,0.0,1,1,1
ST003506,hsa00250,Alanine Aspartate Glutamate Metabolism,0.3,52,imputation,4,2,2,Alanine,Alanine,28325.30962566845,28325.30962566845,0.0,0.0,1,1,1
ST003506,hsa00250,Alanine Aspartate Glutamate Metabolism,0.3,53,imputation,4,2,2,Pyroglutamic acid,Pyroglutamic acid,11516.48531194296,11516.48531194296,0.0,0.0,1,1,1
ST003506,hsa00250,Alanine Aspartate Glutamate Metabolism,0.3,54,imputation,4,2,2,Glutamine,Glutamine,35270.59073975045,35270.59073975045,0.0,0.0,1,1,1
ST003506,hsa00250,Alanine Aspartate Glutamate Metabolism,0.3,55,imputation,4,2,2,Pyroglutamic acid,Pyroglutamic acid,11516.48531194296,11516.48531194296,0.0,0.0,1,1,1
ST003506,hsa00250,Alanine Aspartate Glutamate Metabolism,0.3,56,imputation,4,2,2,Glutamine,Glutamine,35270.59073975045,35270.59073975045,0.0,0.0,1,1,1
ST003506,hsa00250,Alanine Aspartate Glutamate Metabolism,0.3,57,imputation,4,2,2,Pyroglutamic acid,Pyroglutamic acid,11516.48531194296,11516.48531194296,0.0,0.0,1,1,1
ST003506,hsa00250,Alanine Aspartate Glutamate Metabolism,0.3,58,imputation,4,2,2,Pyroglutamic acid,Pyroglutamic acid,11516.48531194296,11516.48531194296,0.0,0.0,1,1,1
ST003506,hsa00250,Alanine Aspartate Glutamate Metabolism,0.3,59,imputation,4,2,2,Glutamine,Glutamine,35270.59073975045,35270.59073975045,0.0,0.0,1,1,1
ST003506,hsa00250,Alanine Aspartate Glutamate Metabolism,0.3,60,imputation,4,2,2,Glutamine,Glutamine,35270.59073975045,35270.59073975045,0.0,0.0,1,1,1
ST003506,hsa00250,Alanine Aspartate Glutamate Metabolism,0.3,61,imputation,4,2,2,Glutamine,Glutamine,35270.59073975045,35270.59073975045,0.0,0.0,1,1,1
ST003506,hsa00250,Alanine Aspartate Glutamate Metabolism,0.3,62,imputation,4,2,2,Alanine,Alanine,28325.30962566845,28325.30962566845,0.0,0.0,1,1,1
ST003506,hsa00250,Alanine Aspartate Glutamate Metabolism,0.3,63,imputation,4,2,2,Glutamine,Glutamine,35270.59073975045,35270.59073975045,0.0,0.0,1,1,1
ST003506,hsa00250,Alanine Aspartate Glutamate Metabolism,0.3,64,imputation,4,2,2,Alanine,Alanine,28325.30962566845,28325.30962566845,0.0,0.0,1,1,1
ST003506,hsa00250,Alanine Aspartate Glutamate Metabolism,0.3,65,imputation,4,2,2,Glutamine,Glutamine,35270.59073975045,35270.59073975045,0.0,0.0,1,1,1
ST003506,hsa00250,Alanine Aspartate Glutamate Metabolism,0.3,66,imputation,4,2,2,Glutamine,Glutamine,35270.59073975045,35270.59073975045,0.0,0.0,1,1,1
ST003506,hsa00250,Alanine Aspartate Glutamate Metabolism,0.3,67,imputation,4,2,2,Glutamine,Glutamine,35270.59073975045,35270.59073975045,0.0,0.0,1,1,1
ST003506,hsa00250,Alanine Aspartate Glutamate Metabolism,0.3,68,imputation,4,2,2,Glutamine,Glutamine,35270.59073975045,35270.59073975045,0.0,0.0,1,1,1
ST003506,hsa00250,Alanine Aspartate Glutamate Metabolism,0.3,69,imputation,4,2,2,Pyroglutamic acid,Pyroglutamic acid,11516.48531194296,11516.48531194296,0.0,0.0,1,1,1
ST003506,hsa00250,Alanine Aspartate Glutamate Metabolism,0.3,70,imputation,4,2,2,Glutamine,Glutamine,35270.59073975045,35270.59073975045,0.0,0.0,1,1,1
ST003506,hsa00250,Alanine Aspartate Glutamate Metabolism,0.3,71,imputation,4,2,2,Glutamine,Glutamine,35270.59073975045,35270.59073975045,0.0,0.0,1,1,1
ST003506,hsa00250,Alanine Aspartate Glutamate Metabolism,0.3,72,imputation,4,2,2,Glutamine,Glutamine,35270.59073975045,35270.59073975045,0.0,0.0,1,1,1
ST003506,hsa00250,Alanine Aspartate Glutamate Metabolism,0.3,73,imputation,4,2,2,Glutamine,Glutamine,35270.59073975045,35270.59073975045,0.0,0.0,1,1,1
ST003506,hsa00250,Alanine Aspartate Glutamate Metabolism,0.3,74,imputation,4,2,2,Glutamine,Glutamine,35270.59073975045,35270.59073975045,0.0,0.0,1,1,1
ST003506,hsa00250,Alanine Aspartate Glutamate Metabolism,0.3,75,imputation,4,2,2,Alanine,Alanine,28325.30962566845,28325.30962566845,0.0,0.0,1,1,1
ST003506,hsa00250,Alanine Aspartate Glutamate Metabolism,0.3,76,imputation,4,2,2,Pyroglutamic acid,Pyroglutamic acid,11516.48531194296,11516.48531194296,0.0,0.0,1,1,1
ST003506,hsa00250,Alanine Aspartate Glutamate Metabolism,0.3,77,imputation,4,2,2,Glutamine,Glutamine,35270.59073975045,35270.59073975045,0.0,0.0,1,1,1
ST003506,hsa00250,Alanine Aspartate Glutamate Metabolism,0.3,78,imputation,4,2,2,Alanine,Alanine,28325.30962566845,28325.30962566845,0.0,0.0,1,1,1
ST003506,hsa00250,Alanine Aspartate Glutamate Metabolism,0.3,79,imputation,4,2,2,Alanine,Alanine,28325.30962566845,28325.30962566845,0.0,0.0,1,1,1
ST003506,hsa00250,Alanine Aspartate Glutamate Metabolism,0.3,80,imputation,4,2,2,Glutamine,Glutamine,35270.59073975045,35270.59073975045,0.0,0.0,1,1,1
ST003506,hsa00250,Alanine Aspartate Glutamate Metabolism,0.3,81,imputation,4,2,2,Alanine,Alanine,28325.30962566845,28325.30962566845,0.0,0.0,1,1,1
ST003506,hsa00250,Alanine Aspartate Glutamate Metabolism,0.3,82,imputation,4,2,2,Glutamine,Glutamine,35270.59073975045,35270.59073975045,0.0,0.0,1,1,1
ST003506,hsa00250,Alanine Aspartate Glutamate Metabolism,0.3,83,imputation,4,2,2,Alanine,Alanine,28325.30962566845,28325.30962566845,0.0,0.0,1,1,1
ST003506,hsa00250,Alanine Aspartate Glutamate Metabolism,0.3,84,imputation,4,2,2,Glutamine,Glutamine,35270.59073975045,35270.59073975045,0.0,0.0,1,1,1
ST003506,hsa00250,Alanine Aspartate Glutamate Metabolism,0.3,85,imputation,4,2,2,Glutamine,Glutamine,35270.59073975045,35270.59073975045,0.0,0.0,1,1,1
ST003506,hsa00250,Alanine Aspartate Glutamate Metabolism,0.3,86,imputation,4,2,2,Pyroglutamic acid,Pyroglutamic acid,11516.48531194296,11516.48531194296,0.0,0.0,1,1,1
ST003506,hsa00250,Alanine Aspartate Glutamate Metabolism,0.3,87,imputation,4,2,2,Glutamine,Glutamine,35270.59073975045,35270.59073975045,0.0,0.0,1,1,1
ST003506,hsa00250,Alanine Aspartate Glutamate Metabolism,0.3,88,imputation,4,2,2,Pyroglutamic acid,Pyroglutamic acid,11516.48531194296,11516.48531194296,0.0,0.0,1,1,1
ST003506,hsa00250,Alanine Aspartate Glutamate Metabolism,0.3,89,imputation,4,2,2,Glutamine,Glutamine,35270.59073975045,35270.59073975045,0.0,0.0,1,1,1
ST003506,hsa00250,Alanine Aspartate Glutamate Metabolism,0.3,90,imputation,4,2,2,Alanine,Alanine,28325.30962566845,28325.30962566845,0.0,0.0,1,1,1
ST003506,hsa00250,Alanine Aspartate Glutamate Metabolism,0.3,91,imputation,4,2,2,Pyroglutamic acid,Pyroglutamic acid,11516.48531194296,11516.48531194296,0.0,0.0,1,1,1
ST003506,hsa00250,Alanine Aspartate Glutamate Metabolism,0.3,92,imputation,4,2,2,Glutamine,Glutamine,35270.59073975045,35270.59073975045,0.0,0.0,1,1,1
ST003506,hsa00250,Alanine Aspartate Glutamate Metabolism,0.3,93,imputation,4,2,2,Glutamine,Glutamine,35270.59073975045,35270.59073975045,0.0,0.0,1,1,1
ST003506,hsa00250,Alanine Aspartate Glutamate Metabolism,0.3,94,imputation,4,2,2,Glutamine,Glutamine,35270.59073975045,35270.59073975045,0.0,0.0,1,1,1
ST003506,hsa00250,Alanine Aspartate Glutamate Metabolism,0.3,95,imputation,4,2,2,Alanine,Alanine,28325.30962566845,28325.30962566845,0.0,0.0,1,1,1
ST003506,hsa00250,Alanine Aspartate Glutamate Metabolism,0.3,96,imputation,4,2,2,Pyroglutamic acid,Pyroglutamic acid,11516.48531194296,11516.48531194296,0.0,0.0,1,1,1
ST003506,hsa00250,Alanine Aspartate Glutamate Metabolism,0.3,97,imputation,4,2,2,Glutamine,Glutamine,35270.59073975045,35270.59073975045,0.0,0.0,1,1,1
ST003506,hsa00250,Alanine Aspartate Glutamate Metabolism,0.3,98,imputation,4,2,2,Alanine,Alanine,28325.30962566845,28325.30962566845,0.0,0.0,1,1,1
ST003506,hsa00250,Alanine Aspartate Glutamate Metabolism,0.3,99,imputation,4,2,2,Glutamine,Glutamine,35270.59073975045,35270.59073975045,0.0,0.0,1,1,1
ST003506,hsa00250,Alanine Aspartate Glutamate Metabolism,0.3,100,imputation,4,2,2,Alanine,Alanine,28325.30962566845,28325.30962566845,0.0,0.0,1,1,1
ST003506,hsa00250,Alanine Aspartate Glutamate Metabolism,0.4,1,imputation,4,2,2,Alanine,Alanine,28325.30962566845,28325.30962566845,0.0,0.0,1,1,1
ST003506,hsa00250,Alanine Aspartate Glutamate Metabolism,0.4,2,imputation,4,2,2,Glutamine,Glutamine,35270.59073975045,35270.59073975045,0.0,0.0,1,1,1
ST003506,hsa00250,Alanine Aspartate Glutamate Metabolism,0.4,3,imputation,4,2,2,Glutamine,Glutamine,35270.59073975045,35270.59073975045,0.0,0.0,1,1,1
ST003506,hsa00250,Alanine Aspartate Glutamate Metabolism,0.4,4,imputation,4,2,2,Alanine,Alanine,28325.30962566845,28325.30962566845,0.0,0.0,1,1,1
ST003506,hsa00250,Alanine Aspartate Glutamate Metabolism,0.4,5,imputation,4,2,2,Glutamine,Glutamine,35270.59073975045,35270.59073975045,0.0,0.0,1,1,1
ST003506,hsa00250,Alanine Aspartate Glutamate Metabolism,0.4,6,imputation,4,2,2,Glutamine,Glutamine,35270.59073975045,35270.59073975045,0.0,0.0,1,1,1
ST003506,hsa00250,Alanine Aspartate Glutamate Metabolism,0.4,7,imputation,4,2,2,Alanine,Alanine,28325.30962566845,28325.30962566845,0.0,0.0,1,1,1
ST003506,hsa00250,Alanine Aspartate Glutamate Metabolism,0.4,8,imputation,4,2,2,Pyroglutamic acid,Pyroglutamic acid,11516.48531194296,11516.48531194296,0.0,0.0,1,1,1
ST003506,hsa00250,Alanine Aspartate Glutamate Metabolism,0.4,9,imputation,4,2,2,Glutamine,Glutamine,35270.59073975045,35270.59073975045,0.0,0.0,1,1,1
ST003506,hsa00250,Alanine Aspartate Glutamate Metabolism,0.4,10,imputation,4,2,2,Glutamine,Glutamine,35270.59073975045,35270.59073975045,0.0,0.0,1,1,1
ST003506,hsa00250,Alanine Aspartate Glutamate Metabolism,0.4,11,imputation,4,2,2,Pyroglutamic acid,Pyroglutamic acid,11516.48531194296,11516.48531194296,0.0,0.0,1,1,1
ST003506,hsa00250,Alanine Aspartate Glutamate Metabolism,0.4,12,imputation,4,2,2,Pyroglutamic acid,Pyroglutamic acid,11516.48531194296,11516.48531194296,0.0,0.0,1,1,1
ST003506,hsa00250,Alanine Aspartate Glutamate Metabolism,0.4,13,imputation,4,2,2,Alanine,Alanine,28325.30962566845,28325.30962566845,0.0,0.0,1,1,1
ST003506,hsa00250,Alanine Aspartate Glutamate Metabolism,0.4,14,imputation,4,2,2,Alanine,Alanine,28325.30962566845,28325.30962566845,0.0,0.0,1,1,1
ST003506,hsa00250,Alanine Aspartate Glutamate Metabolism,0.4,15,imputation,4,2,2,Alanine,Alanine,28325.30962566845,28325.30962566845,0.0,0.0,1,1,1
ST003506,hsa00250,Alanine Aspartate Glutamate Metabolism,0.4,16,imputation,4,2,2,Alanine,Alanine,28325.30962566845,28325.30962566845,0.0,0.0,1,1,1
ST003506,hsa00250,Alanine Aspartate Glutamate Metabolism,0.4,17,imputation,4,2,2,Alanine,Alanine,28325.30962566845,28325.30962566845,0.0,0.0,1,1,1
ST003506,hsa00250,Alanine Aspartate Glutamate Metabolism,0.4,18,imputation,4,2,2,Glutamine,Glutamine,35270.59073975045,35270.59073975045,0.0,0.0,1,1,1
ST003506,hsa00250,Alanine Aspartate Glutamate Metabolism,0.4,19,imputation,4,2,2,Alanine,Alanine,28325.30962566845,28325.30962566845,0.0,0.0,1,1,1
ST003506,hsa00250,Alanine Aspartate Glutamate Metabolism,0.4,20,imputation,4,2,2,Alanine,Alanine,28325.30962566845,28325.30962566845,0.0,0.0,1,1,1
ST003506,hsa00250,Alanine Aspartate Glutamate Metabolism,0.4,21,imputation,4,2,2,Pyroglutamic acid,Pyroglutamic acid,11516.48531194296,11516.48531194296,0.0,0.0,1,1,1
ST003506,hsa00250,Alanine Aspartate Glutamate Metabolism,0.4,22,imputation,4,2,2,Alanine,Alanine,28325.30962566845,28325.30962566845,0.0,0.0,1,1,1
ST003506,hsa00250,Alanine Aspartate Glutamate Metabolism,0.4,23,imputation,4,2,2,Pyroglutamic acid,Pyroglutamic acid,11516.48531194296,11516.48531194296,0.0,0.0,1,1,1
ST003506,hsa00250,Alanine Aspartate Glutamate Metabolism,0.4,24,imputation,4,2,2,Alanine,Alanine,28325.30962566845,28325.30962566845,0.0,0.0,1,1,1
ST003506,hsa00250,Alanine Aspartate Glutamate Metabolism,0.4,25,imputation,4,2,2,Alanine,Alanine,28325.30962566845,28325.30962566845,0.0,0.0,1,1,1
ST003506,hsa00250,Alanine Aspartate Glutamate Metabolism,0.4,26,imputation,4,2,2,Glutamine,Glutamine,35270.59073975045,35270.59073975045,0.0,0.0,1,1,1
ST003506,hsa00250,Alanine Aspartate Glutamate Metabolism,0.4,27,imputation,4,2,2,Alanine,Alanine,28325.30962566845,28325.30962566845,0.0,0.0,1,1,1
ST003506,hsa00250,Alanine Aspartate Glutamate Metabolism,0.4,28,imputation,4,2,2,Alanine,Alanine,28325.30962566845,28325.30962566845,0.0,0.0,1,1,1
ST003506,hsa00250,Alanine Aspartate Glutamate Metabolism,0.4,29,imputation,4,2,2,Glutamine,Glutamine,35270.59073975045,35270.59073975045,0.0,0.0,1,1,1
ST003506,hsa00250,Alanine Aspartate Glutamate Metabolism,0.4,30,imputation,4,2,2,Glutamine,Glutamine,35270.59073975045,35270.59073975045,0.0,0.0,1,1,1
ST003506,hsa00250,Alanine Aspartate Glutamate Metabolism,0.4,31,imputation,4,2,2,Glutamine,Glutamine,35270.59073975045,35270.59073975045,0.0,0.0,1,1,1
ST003506,hsa00250,Alanine Aspartate Glutamate Metabolism,0.4,32,imputation,4,2,2,Alanine,Alanine,28325.30962566845,28325.30962566845,0.0,0.0,1,1,1
ST003506,hsa00250,Alanine Aspartate Glutamate Metabolism,0.4,33,imputation,4,2,2,Glutamine,Glutamine,35270.59073975045,35270.59073975045,0.0,0.0,1,1,1
ST003506,hsa00250,Alanine Aspartate Glutamate Metabolism,0.4,34,imputation,4,2,2,Glutamine,Glutamine,35270.59073975045,35270.59073975045,0.0,0.0,1,1,1
ST003506,hsa00250,Alanine Aspartate Glutamate Metabolism,0.4,35,imputation,4,2,2,Glutamine,Glutamine,35270.59073975045,35270.59073975045,0.0,0.0,1,1,1
ST003506,hsa00250,Alanine Aspartate Glutamate Metabolism,0.4,36,imputation,4,2,2,Alanine,Alanine,28325.30962566845,28325.30962566845,0.0,0.0,1,1,1
ST003506,hsa00250,Alanine Aspartate Glutamate Metabolism,0.4,37,imputation,4,2,2,Pyroglutamic acid,Pyroglutamic acid,11516.48531194296,11516.48531194296,0.0,0.0,1,1,1
ST003506,hsa00250,Alanine Aspartate Glutamate Metabolism,0.4,38,imputation,4,2,2,Glutamine,Glutamine,35270.59073975045,35270.59073975045,0.0,0.0,1,1,1
ST003506,hsa00250,Alanine Aspartate Glutamate Metabolism,0.4,39,imputation,4,2,2,Pyroglutamic acid,Pyroglutamic acid,11516.48531194296,11516.48531194296,0.0,0.0,1,1,1
ST003506,hsa00250,Alanine Aspartate Glutamate Metabolism,0.4,40,imputation,4,2,2,Pyroglutamic acid,Pyroglutamic acid,11516.48531194296,11516.48531194296,0.0,0.0,1,1,1
ST003506,hsa00250,Alanine Aspartate Glutamate Metabolism,0.4,41,imputation,4,2,2,Pyroglutamic acid,Pyroglutamic acid,11516.48531194296,11516.48531194296,0.0,0.0,1,1,1
ST003506,hsa00250,Alanine Aspartate Glutamate Metabolism,0.4,42,imputation,4,2,2,Glutamine,Glutamine,35270.59073975045,35270.59073975045,0.0,0.0,1,1,1
ST003506,hsa00250,Alanine Aspartate Glutamate Metabolism,0.4,43,imputation,4,2,2,Glutamine,Glutamine,35270.59073975045,35270.59073975045,0.0,0.0,1,1,1
ST003506,hsa00250,Alanine Aspartate Glutamate Metabolism,0.4,44,imputation,4,2,2,Glutamine,Glutamine,35270.59073975045,35270.59073975045,0.0,0.0,1,1,1
ST003506,hsa00250,Alanine Aspartate Glutamate Metabolism,0.4,45,imputation,4,2,2,Glutamine,Glutamine,35270.59073975045,35270.59073975045,0.0,0.0,1,1,1
ST003506,hsa00250,Alanine Aspartate Glutamate Metabolism,0.4,46,imputation,4,2,2,Alanine,Alanine,28325.30962566845,28325.30962566845,0.0,0.0,1,1,1
ST003506,hsa00250,Alanine Aspartate Glutamate Metabolism,0.4,47,imputation,4,2,2,Glutamine,Glutamine,35270.59073975045,35270.59073975045,0.0,0.0,1,1,1
ST003506,hsa00250,Alanine Aspartate Glutamate Metabolism,0.4,48,imputation,4,2,2,Glutamine,Glutamine,35270.59073975045,35270.59073975045,0.0,0.0,1,1,1
ST003506,hsa00250,Alanine Aspartate Glutamate Metabolism,0.4,49,imputation,4,2,2,Glutamine,Glutamine,35270.59073975045,35270.59073975045,0.0,0.0,1,1,1
ST003506,hsa00250,Alanine Aspartate Glutamate Metabolism,0.4,50,imputation,4,2,2,Glutamine,Glutamine,35270.59073975045,35270.59073975045,0.0,0.0,1,1,1
ST003506,hsa00250,Alanine Aspartate Glutamate Metabolism,0.4,51,imputation,4,2,2,Glutamine,Glutamine,35270.59073975045,35270.59073975045,0.0,0.0,1,1,1
ST003506,hsa00250,Alanine Aspartate Glutamate Metabolism,0.4,52,imputation,4,2,2,Alanine,Alanine,28325.30962566845,28325.30962566845,0.0,0.0,1,1,1
ST003506,hsa00250,Alanine Aspartate Glutamate Metabolism,0.4,53,imputation,4,2,2,Pyroglutamic acid,Pyroglutamic acid,11516.48531194296,11516.48531194296,0.0,0.0,1,1,1
ST003506,hsa00250,Alanine Aspartate Glutamate Metabolism,0.4,54,imputation,4,2,2,Glutamine,Glutamine,35270.59073975045,35270.59073975045,0.0,0.0,1,1,1
ST003506,hsa00250,Alanine Aspartate Glutamate Metabolism,0.4,55,imputation,4,2,2,Pyroglutamic acid,Pyroglutamic acid,11516.48531194296,11516.48531194296,0.0,0.0,1,1,1
ST003506,hsa00250,Alanine Aspartate Glutamate Metabolism,0.4,56,imputation,4,2,2,Glutamine,Glutamine,35270.59073975045,35270.59073975045,0.0,0.0,1,1,1
ST003506,hsa00250,Alanine Aspartate Glutamate Metabolism,0.4,57,imputation,4,2,2,Pyroglutamic acid,Pyroglutamic acid,11516.48531194296,11516.48531194296,0.0,0.0,1,1,1
ST003506,hsa00250,Alanine Aspartate Glutamate Metabolism,0.4,58,imputation,4,2,2,Pyroglutamic acid,Pyroglutamic acid,11516.48531194296,11516.48531194296,0.0,0.0,1,1,1
ST003506,hsa00250,Alanine Aspartate Glutamate Metabolism,0.4,59,imputation,4,2,2,Glutamine,Glutamine,35270.59073975045,35270.59073975045,0.0,0.0,1,1,1
ST003506,hsa00250,Alanine Aspartate Glutamate Metabolism,0.4,60,imputation,4,2,2,Glutamine,Glutamine,35270.59073975045,35270.59073975045,0.0,0.0,1,1,1
ST003506,hsa00250,Alanine Aspartate Glutamate Metabolism,0.4,61,imputation,4,2,2,Glutamine,Glutamine,35270.59073975045,35270.59073975045,0.0,0.0,1,1,1
ST003506,hsa00250,Alanine Aspartate Glutamate Metabolism,0.4,62,imputation,4,2,2,Alanine,Alanine,28325.30962566845,28325.30962566845,0.0,0.0,1,1,1
ST003506,hsa00250,Alanine Aspartate Glutamate Metabolism,0.4,63,imputation,4,2,2,Glutamine,Glutamine,35270.59073975045,35270.59073975045,0.0,0.0,1,1,1
ST003506,hsa00250,Alanine Aspartate Glutamate Metabolism,0.4,64,imputation,4,2,2,Alanine,Alanine,28325.30962566845,28325.30962566845,0.0,0.0,1,1,1
ST003506,hsa00250,Alanine Aspartate Glutamate Metabolism,0.4,65,imputation,4,2,2,Glutamine,Glutamine,35270.59073975045,35270.59073975045,0.0,0.0,1,1,1
ST003506,hsa00250,Alanine Aspartate Glutamate Metabolism,0.4,66,imputation,4,2,2,Glutamine,Glutamine,35270.59073975045,35270.59073975045,0.0,0.0,1,1,1
ST003506,hsa00250,Alanine Aspartate Glutamate Metabolism,0.4,67,imputation,4,2,2,Glutamine,Glutamine,35270.59073975045,35270.59073975045,0.0,0.0,1,1,1
ST003506,hsa00250,Alanine Aspartate Glutamate Metabolism,0.4,68,imputation,4,2,2,Glutamine,Glutamine,35270.59073975045,35270.59073975045,0.0,0.0,1,1,1
ST003506,hsa00250,Alanine Aspartate Glutamate Metabolism,0.4,69,imputation,4,2,2,Pyroglutamic acid,Pyroglutamic acid,11516.48531194296,11516.48531194296,0.0,0.0,1,1,1
ST003506,hsa00250,Alanine Aspartate Glutamate Metabolism,0.4,70,imputation,4,2,2,Glutamine,Glutamine,35270.59073975045,35270.59073975045,0.0,0.0,1,1,1
ST003506,hsa00250,Alanine Aspartate Glutamate Metabolism,0.4,71,imputation,4,2,2,Glutamine,Glutamine,35270.59073975045,35270.59073975045,0.0,0.0,1,1,1
ST003506,hsa00250,Alanine Aspartate Glutamate Metabolism,0.4,72,imputation,4,2,2,Glutamine,Glutamine,35270.59073975045,35270.59073975045,0.0,0.0,1,1,1
ST003506,hsa00250,Alanine Aspartate Glutamate Metabolism,0.4,73,imputation,4,2,2,Glutamine,Glutamine,35270.59073975045,35270.59073975045,0.0,0.0,1,1,1
ST003506,hsa00250,Alanine Aspartate Glutamate Metabolism,0.4,74,imputation,4,2,2,Glutamine,Glutamine,35270.59073975045,35270.59073975045,0.0,0.0,1,1,1
ST003506,hsa00250,Alanine Aspartate Glutamate Metabolism,0.4,75,imputation,4,2,2,Alanine,Alanine,28325.30962566845,28325.30962566845,0.0,0.0,1,1,1
ST003506,hsa00250,Alanine Aspartate Glutamate Metabolism,0.4,76,imputation,4,2,2,Pyroglutamic acid,Pyroglutamic acid,11516.48531194296,11516.48531194296,0.0,0.0,1,1,1
ST003506,hsa00250,Alanine Aspartate Glutamate Metabolism,0.4,77,imputation,4,2,2,Glutamine,Glutamine,35270.59073975045,35270.59073975045,0.0,0.0,1,1,1
ST003506,hsa00250,Alanine Aspartate Glutamate Metabolism,0.4,78,imputation,4,2,2,Alanine,Alanine,28325.30962566845,28325.30962566845,0.0,0.0,1,1,1
ST003506,hsa00250,Alanine Aspartate Glutamate Metabolism,0.4,79,imputation,4,2,2,Alanine,Alanine,28325.30962566845,28325.30962566845,0.0,0.0,1,1,1
ST003506,hsa00250,Alanine Aspartate Glutamate Metabolism,0.4,80,imputation,4,2,2,Glutamine,Glutamine,35270.59073975045,35270.59073975045,0.0,0.0,1,1,1
ST003506,hsa00250,Alanine Aspartate Glutamate Metabolism,0.4,81,imputation,4,2,2,Alanine,Alanine,28325.30962566845,28325.30962566845,0.0,0.0,1,1,1
ST003506,hsa00250,Alanine Aspartate Glutamate Metabolism,0.4,82,imputation,4,2,2,Glutamine,Glutamine,35270.59073975045,35270.59073975045,0.0,0.0,1,1,1
ST003506,hsa00250,Alanine Aspartate Glutamate Metabolism,0.4,83,imputation,4,2,2,Alanine,Alanine,28325.30962566845,28325.30962566845,0.0,0.0,1,1,1
ST003506,hsa00250,Alanine Aspartate Glutamate Metabolism,0.4,84,imputation,4,2,2,Glutamine,Glutamine,35270.59073975045,35270.59073975045,0.0,0.0,1,1,1
ST003506,hsa00250,Alanine Aspartate Glutamate Metabolism,0.4,85,imputation,4,2,2,Glutamine,Glutamine,35270.59073975045,35270.59073975045,0.0,0.0,1,1,1
ST003506,hsa00250,Alanine Aspartate Glutamate Metabolism,0.4,86,imputation,4,2,2,Pyroglutamic acid,Pyroglutamic acid,11516.48531194296,11516.48531194296,0.0,0.0,1,1,1
ST003506,hsa00250,Alanine Aspartate Glutamate Metabolism,0.4,87,imputation,4,2,2,Glutamine,Glutamine,35270.59073975045,35270.59073975045,0.0,0.0,1,1,1
ST003506,hsa00250,Alanine Aspartate Glutamate Metabolism,0.4,88,imputation,4,2,2,Pyroglutamic acid,Pyroglutamic acid,11516.48531194296,11516.48531194296,0.0,0.0,1,1,1
ST003506,hsa00250,Alanine Aspartate Glutamate Metabolism,0.4,89,imputation,4,2,2,Glutamine,Glutamine,35270.59073975045,35270.59073975045,0.0,0.0,1,1,1
ST003506,hsa00250,Alanine Aspartate Glutamate Metabolism,0.4,90,imputation,4,2,2,Alanine,Alanine,28325.30962566845,28325.30962566845,0.0,0.0,1,1,1
ST003506,hsa00250,Alanine Aspartate Glutamate Metabolism,0.4,91,imputation,4,2,2,Pyroglutamic acid,Pyroglutamic acid,11516.48531194296,11516.48531194296,0.0,0.0,1,1,1
ST003506,hsa00250,Alanine Aspartate Glutamate Metabolism,0.4,92,imputation,4,2,2,Glutamine,Glutamine,35270.59073975045,35270.59073975045,0.0,0.0,1,1,1
ST003506,hsa00250,Alanine Aspartate Glutamate Metabolism,0.4,93,imputation,4,2,2,Glutamine,Glutamine,35270.59073975045,35270.59073975045,0.0,0.0,1,1,1
ST003506,hsa00250,Alanine Aspartate Glutamate Metabolism,0.4,94,imputation,4,2,2,Glutamine,Glutamine,35270.59073975045,35270.59073975045,0.0,0.0,1,1,1
ST003506,hsa00250,Alanine Aspartate Glutamate Metabolism,0.4,95,imputation,4,2,2,Alanine,Alanine,28325.30962566845,28325.30962566845,0.0,0.0,1,1,1
ST003506,hsa00250,Alanine Aspartate Glutamate Metabolism,0.4,96,imputation,4,2,2,Pyroglutamic acid,Pyroglutamic acid,11516.48531194296,11516.48531194296,0.0,0.0,1,1,1
ST003506,hsa00250,Alanine Aspartate Glutamate Metabolism,0.4,97,imputation,4,2,2,Glutamine,Glutamine,35270.59073975045,35270.59073975045,0.0,0.0,1,1,1
ST003506,hsa00250,Alanine Aspartate Glutamate Metabolism,0.4,98,imputation,4,2,2,Alanine,Alanine,28325.30962566845,28325.30962566845,0.0,0.0,1,1,1
ST003506,hsa00250,Alanine Aspartate Glutamate Metabolism,0.4,99,imputation,4,2,2,Glutamine,Glutamine,35270.59073975045,35270.59073975045,0.0,0.0,1,1,1
ST003506,hsa00250,Alanine Aspartate Glutamate Metabolism,0.4,100,imputation,4,2,2,Alanine,Alanine,28325.30962566845,28325.30962566845,0.0,0.0,1,1,1
ST003506,hsa00330,Arginine and Proline Metabolism,0.2,1,imputation,4,3,1,Creatine,Creatine,1180.58243315508,1180.58243315508,0.0,0.0,1,1,1
ST003506,hsa00330,Arginine and Proline Metabolism,0.2,2,imputation,4,3,1,Proline,Proline,6328.459688057041,6328.459688057041,0.0,0.0,1,1,1
ST003506,hsa00330,Arginine and Proline Metabolism,0.2,3,imputation,4,3,1,Ornithine,Ornithine,583.0677094474153,583.0677094474153,0.0,0.0,1,1,1
ST003506,hsa00330,Arginine and Proline Metabolism,0.2,4,imputation,4,3,1,Creatine,Creatine,1180.58243315508,1180.58243315508,0.0,0.0,1,1,1
ST003506,hsa00330,Arginine and Proline Metabolism,0.2,5,imputation,4,3,1,Ornithine,Ornithine,583.0677094474153,583.0677094474153,0.0,0.0,1,1,1
ST003506,hsa00330,Arginine and Proline Metabolism,0.2,6,imputation,4,3,1,Ornithine,Ornithine,583.0677094474153,583.0677094474153,0.0,0.0,1,1,1
ST003506,hsa00330,Arginine and Proline Metabolism,0.2,7,imputation,4,3,1,Creatine,Creatine,1180.58243315508,1180.58243315508,0.0,0.0,1,1,1
ST003506,hsa00330,Arginine and Proline Metabolism,0.2,8,imputation,4,3,1,Proline,Proline,6328.459688057041,6328.459688057041,0.0,0.0,1,1,1
ST003506,hsa00330,Arginine and Proline Metabolism,0.2,9,imputation,4,3,1,Creatinine,Creatinine,768.8200802139038,768.8200802139038,0.0,0.0,1,1,1
ST003506,hsa00330,Arginine and Proline Metabolism,0.2,10,imputation,4,3,1,Ornithine,Ornithine,583.0677094474153,583.0677094474153,0.0,0.0,1,1,1
ST003506,hsa00330,Arginine and Proline Metabolism,0.2,11,imputation,4,3,1,Creatinine,Creatinine,768.8200802139038,768.8200802139038,0.0,0.0,1,1,1
ST003506,hsa00330,Arginine and Proline Metabolism,0.2,12,imputation,4,3,1,Creatinine,Creatinine,768.8200802139038,768.8200802139038,0.0,0.0,1,1,1
ST003506,hsa00330,Arginine and Proline Metabolism,0.2,13,imputation,4,3,1,Creatine,Creatine,1180.58243315508,1180.58243315508,0.0,0.0,1,1,1
ST003506,hsa00330,Arginine and Proline Metabolism,0.2,14,imputation,4,3,1,Creatine,Creatine,1180.58243315508,1180.58243315508,0.0,0.0,1,1,1
ST003506,hsa00330,Arginine and Proline Metabolism,0.2,15,imputation,4,3,1,Creatine,Creatine,1180.58243315508,1180.58243315508,0.0,0.0,1,1,1
ST003506,hsa00330,Arginine and Proline Metabolism,0.2,16,imputation,4,3,1,Creatinine,Creatinine,768.8200802139038,768.8200802139038,0.0,0.0,1,1,1
ST003506,hsa00330,Arginine and Proline Metabolism,0.2,17,imputation,4,3,1,Creatinine,Creatinine,768.8200802139038,768.8200802139038,0.0,0.0,1,1,1
ST003506,hsa00330,Arginine and Proline Metabolism,0.2,18,imputation,4,3,1,Ornithine,Ornithine,583.0677094474153,583.0677094474153,0.0,0.0,1,1,1
ST003506,hsa00330,Arginine and Proline Metabolism,0.2,19,imputation,4,3,1,Proline,Proline,6328.459688057041,6328.459688057041,0.0,0.0,1,1,1
ST003506,hsa00330,Arginine and Proline Metabolism,0.2,20,imputation,4,3,1,Creatinine,Creatinine,768.8200802139038,768.8200802139038,0.0,0.0,1,1,1
ST003506,hsa00330,Arginine and Proline Metabolism,0.2,21,imputation,4,3,1,Proline,Proline,6328.459688057041,6328.459688057041,0.0,0.0,1,1,1
ST003506,hsa00330,Arginine and Proline Metabolism,0.2,22,imputation,4,3,1,Proline,Proline,6328.459688057041,6328.459688057041,0.0,0.0,1,1,1
ST003506,hsa00330,Arginine and Proline Metabolism,0.2,23,imputation,4,3,1,Proline,Proline,6328.459688057041,6328.459688057041,0.0,0.0,1,1,1
ST003506,hsa00330,Arginine and Proline Metabolism,0.2,24,imputation,4,3,1,Creatine,Creatine,1180.58243315508,1180.58243315508,0.0,0.0,1,1,1
ST003506,hsa00330,Arginine and Proline Metabolism,0.2,25,imputation,4,3,1,Creatine,Creatine,1180.58243315508,1180.58243315508,0.0,0.0,1,1,1
ST003506,hsa00330,Arginine and Proline Metabolism,0.2,26,imputation,4,3,1,Proline,Proline,6328.459688057041,6328.459688057041,0.0,0.0,1,1,1
ST003506,hsa00330,Arginine and Proline Metabolism,0.2,27,imputation,4,3,1,Creatine,Creatine,1180.58243315508,1180.58243315508,0.0,0.0,1,1,1
ST003506,hsa00330,Arginine and Proline Metabolism,0.2,28,imputation,4,3,1,Creatine,Creatine,1180.58243315508,1180.58243315508,0.0,0.0,1,1,1
ST003506,hsa00330,Arginine and Proline Metabolism,0.2,29,imputation,4,3,1,Ornithine,Ornithine,583.0677094474153,583.0677094474153,0.0,0.0,1,1,1
ST003506,hsa00330,Arginine and Proline Metabolism,0.2,30,imputation,4,3,1,Creatine,Creatine,1180.58243315508,1180.58243315508,0.0,0.0,1,1,1
ST003506,hsa00330,Arginine and Proline Metabolism,0.2,31,imputation,4,3,1,Ornithine,Ornithine,583.0677094474153,583.0677094474153,0.0,0.0,1,1,1
ST003506,hsa00330,Arginine and Proline Metabolism,0.2,32,imputation,4,3,1,Creatine,Creatine,1180.58243315508,1180.58243315508,0.0,0.0,1,1,1
ST003506,hsa00330,Arginine and Proline Metabolism,0.2,33,imputation,4,3,1,Proline,Proline,6328.459688057041,6328.459688057041,0.0,0.0,1,1,1
ST003506,hsa00330,Arginine and Proline Metabolism,0.2,34,imputation,4,3,1,Ornithine,Ornithine,583.0677094474153,583.0677094474153,0.0,0.0,1,1,1
ST003506,hsa00330,Arginine and Proline Metabolism,0.2,35,imputation,4,3,1,Ornithine,Ornithine,583.0677094474153,583.0677094474153,0.0,0.0,1,1,1
ST003506,hsa00330,Arginine and Proline Metabolism,0.2,36,imputation,4,3,1,Creatinine,Creatinine,768.8200802139038,768.8200802139038,0.0,0.0,1,1,1
ST003506,hsa00330,Arginine and Proline Metabolism,0.2,37,imputation,4,3,1,Creatinine,Creatinine,768.8200802139038,768.8200802139038,0.0,0.0,1,1,1
ST003506,hsa00330,Arginine and Proline Metabolism,0.2,38,imputation,4,3,1,Ornithine,Ornithine,583.0677094474153,583.0677094474153,0.0,0.0,1,1,1
ST003506,hsa00330,Arginine and Proline Metabolism,0.2,39,imputation,4,3,1,Proline,Proline,6328.459688057041,6328.459688057041,0.0,0.0,1,1,1
ST003506,hsa00330,Arginine and Proline Metabolism,0.2,40,imputation,4,3,1,Creatinine,Creatinine,768.8200802139038,768.8200802139038,0.0,0.0,1,1,1
ST003506,hsa00330,Arginine and Proline Metabolism,0.2,41,imputation,4,3,1,Proline,Proline,6328.459688057041,6328.459688057041,0.0,0.0,1,1,1
ST003506,hsa00330,Arginine and Proline Metabolism,0.2,42,imputation,4,3,1,Ornithine,Ornithine,583.0677094474153,583.0677094474153,0.0,0.0,1,1,1
ST003506,hsa00330,Arginine and Proline Metabolism,0.2,43,imputation,4,3,1,Creatinine,Creatinine,768.8200802139038,768.8200802139038,0.0,0.0,1,1,1
ST003506,hsa00330,Arginine and Proline Metabolism,0.2,44,imputation,4,3,1,Creatine,Creatine,1180.58243315508,1180.58243315508,0.0,0.0,1,1,1
ST003506,hsa00330,Arginine and Proline Metabolism,0.2,45,imputation,4,3,1,Creatinine,Creatinine,768.8200802139038,768.8200802139038,0.0,0.0,1,1,1
ST003506,hsa00330,Arginine and Proline Metabolism,0.2,46,imputation,4,3,1,Proline,Proline,6328.459688057041,6328.459688057041,0.0,0.0,1,1,1
ST003506,hsa00330,Arginine and Proline Metabolism,0.2,47,imputation,4,3,1,Creatine,Creatine,1180.58243315508,1180.58243315508,0.0,0.0,1,1,1
ST003506,hsa00330,Arginine and Proline Metabolism,0.2,48,imputation,4,3,1,Creatinine,Creatinine,768.8200802139038,768.8200802139038,0.0,0.0,1,1,1
ST003506,hsa00330,Arginine and Proline Metabolism,0.2,49,imputation,4,3,1,Creatine,Creatine,1180.58243315508,1180.58243315508,0.0,0.0,1,1,1
ST003506,hsa00330,Arginine and Proline Metabolism,0.2,50,imputation,4,3,1,Proline,Proline,6328.459688057041,6328.459688057041,0.0,0.0,1,1,1
ST003506,hsa00330,Arginine and Proline Metabolism,0.2,51,imputation,4,3,1,Proline,Proline,6328.459688057041,6328.459688057041,0.0,0.0,1,1,1
ST003506,hsa00330,Arginine and Proline Metabolism,0.2,52,imputation,4,3,1,Creatinine,Creatinine,768.8200802139038,768.8200802139038,0.0,0.0,1,1,1
ST003506,hsa00330,Arginine and Proline Metabolism,0.2,53,imputation,4,3,1,Creatinine,Creatinine,768.8200802139038,768.8200802139038,0.0,0.0,1,1,1
ST003506,hsa00330,Arginine and Proline Metabolism,0.2,54,imputation,4,3,1,Ornithine,Ornithine,583.0677094474153,583.0677094474153,0.0,0.0,1,1,1
ST003506,hsa00330,Arginine and Proline Metabolism,0.2,55,imputation,4,3,1,Creatinine,Creatinine,768.8200802139038,768.8200802139038,0.0,0.0,1,1,1
ST003506,hsa00330,Arginine and Proline Metabolism,0.2,56,imputation,4,3,1,Ornithine,Ornithine,583.0677094474153,583.0677094474153,0.0,0.0,1,1,1
ST003506,hsa00330,Arginine and Proline Metabolism,0.2,57,imputation,4,3,1,Proline,Proline,6328.459688057041,6328.459688057041,0.0,0.0,1,1,1
ST003506,hsa00330,Arginine and Proline Metabolism,0.2,58,imputation,4,3,1,Creatinine,Creatinine,768.8200802139038,768.8200802139038,0.0,0.0,1,1,1
ST003506,hsa00330,Arginine and Proline Metabolism,0.2,59,imputation,4,3,1,Creatinine,Creatinine,768.8200802139038,768.8200802139038,0.0,0.0,1,1,1
ST003506,hsa00330,Arginine and Proline Metabolism,0.2,60,imputation,4,3,1,Creatinine,Creatinine,768.8200802139038,768.8200802139038,0.0,0.0,1,1,1
ST003506,hsa00330,Arginine and Proline Metabolism,0.2,61,imputation,4,3,1,Proline,Proline,6328.459688057041,6328.459688057041,0.0,0.0,1,1,1
ST003506,hsa00330,Arginine and Proline Metabolism,0.2,62,imputation,4,3,1,Creatine,Creatine,1180.58243315508,1180.58243315508,0.0,0.0,1,1,1
ST003506,hsa00330,Arginine and Proline Metabolism,0.2,63,imputation,4,3,1,Ornithine,Ornithine,583.0677094474153,583.0677094474153,0.0,0.0,1,1,1
ST003506,hsa00330,Arginine and Proline Metabolism,0.2,64,imputation,4,3,1,Proline,Proline,6328.459688057041,6328.459688057041,0.0,0.0,1,1,1
ST003506,hsa00330,Arginine and Proline Metabolism,0.2,65,imputation,4,3,1,Creatinine,Creatinine,768.8200802139038,768.8200802139038,0.0,0.0,1,1,1
ST003506,hsa00330,Arginine and Proline Metabolism,0.2,66,imputation,4,3,1,Creatinine,Creatinine,768.8200802139038,768.8200802139038,0.0,0.0,1,1,1
ST003506,hsa00330,Arginine and Proline Metabolism,0.2,67,imputation,4,3,1,Ornithine,Ornithine,583.0677094474153,583.0677094474153,0.0,0.0,1,1,1
ST003506,hsa00330,Arginine and Proline Metabolism,0.2,68,imputation,4,3,1,Proline,Proline,6328.459688057041,6328.459688057041,0.0,0.0,1,1,1
ST003506,hsa00330,Arginine and Proline Metabolism,0.2,69,imputation,4,3,1,Creatinine,Creatinine,768.8200802139038,768.8200802139038,0.0,0.0,1,1,1
ST003506,hsa00330,Arginine and Proline Metabolism,0.2,70,imputation,4,3,1,Proline,Proline,6328.459688057041,6328.459688057041,0.0,0.0,1,1,1
ST003506,hsa00330,Arginine and Proline Metabolism,0.2,71,imputation,4,3,1,Creatine,Creatine,1180.58243315508,1180.58243315508,0.0,0.0,1,1,1
ST003506,hsa00330,Arginine and Proline Metabolism,0.2,72,imputation,4,3,1,Creatinine,Creatinine,768.8200802139038,768.8200802139038,0.0,0.0,1,1,1
ST003506,hsa00330,Arginine and Proline Metabolism,0.2,73,imputation,4,3,1,Ornithine,Ornithine,583.0677094474153,583.0677094474153,0.0,0.0,1,1,1
ST003506,hsa00330,Arginine and Proline Metabolism,0.2,74,imputation,4,3,1,Ornithine,Ornithine,583.0677094474153,583.0677094474153,0.0,0.0,1,1,1
ST003506,hsa00330,Arginine and Proline Metabolism,0.2,75,imputation,4,3,1,Creatinine,Creatinine,768.8200802139038,768.8200802139038,0.0,0.0,1,1,1
ST003506,hsa00330,Arginine and Proline Metabolism,0.2,76,imputation,4,3,1,Creatinine,Creatinine,768.8200802139038,768.8200802139038,0.0,0.0,1,1,1
ST003506,hsa00330,Arginine and Proline Metabolism,0.2,77,imputation,4,3,1,Ornithine,Ornithine,583.0677094474153,583.0677094474153,0.0,0.0,1,1,1
ST003506,hsa00330,Arginine and Proline Metabolism,0.2,78,imputation,4,3,1,Creatinine,Creatinine,768.8200802139038,768.8200802139038,0.0,0.0,1,1,1
ST003506,hsa00330,Arginine and Proline Metabolism,0.2,79,imputation,4,3,1,Creatine,Creatine,1180.58243315508,1180.58243315508,0.0,0.0,1,1,1
ST003506,hsa00330,Arginine and Proline Metabolism,0.2,80,imputation,4,3,1,Creatinine,Creatinine,768.8200802139038,768.8200802139038,0.0,0.0,1,1,1
ST003506,hsa00330,Arginine and Proline Metabolism,0.2,81,imputation,4,3,1,Creatine,Creatine,1180.58243315508,1180.58243315508,0.0,0.0,1,1,1
ST003506,hsa00330,Arginine and Proline Metabolism,0.2,82,imputation,4,3,1,Ornithine,Ornithine,583.0677094474153,583.0677094474153,0.0,0.0,1,1,1
ST003506,hsa00330,Arginine and Proline Metabolism,0.2,83,imputation,4,3,1,Creatinine,Creatinine,768.8200802139038,768.8200802139038,0.0,0.0,1,1,1
ST003506,hsa00330,Arginine and Proline Metabolism,0.2,84,imputation,4,3,1,Creatine,Creatine,1180.58243315508,1180.58243315508,0.0,0.0,1,1,1
ST003506,hsa00330,Arginine and Proline Metabolism,0.2,85,imputation,4,3,1,Creatine,Creatine,1180.58243315508,1180.58243315508,0.0,0.0,1,1,1
ST003506,hsa00330,Arginine and Proline Metabolism,0.2,86,imputation,4,3,1,Creatinine,Creatinine,768.8200802139038,768.8200802139038,0.0,0.0,1,1,1
ST003506,hsa00330,Arginine and Proline Metabolism,0.2,87,imputation,4,3,1,Ornithine,Ornithine,583.0677094474153,583.0677094474153,0.0,0.0,1,1,1
ST003506,hsa00330,Arginine and Proline Metabolism,0.2,88,imputation,4,3,1,Proline,Proline,6328.459688057041,6328.459688057041,0.0,0.0,1,1,1
ST003506,hsa00330,Arginine and Proline Metabolism,0.2,89,imputation,4,3,1,Ornithine,Ornithine,583.0677094474153,583.0677094474153,0.0,0.0,1,1,1
ST003506,hsa00330,Arginine and Proline Metabolism,0.2,90,imputation,4,3,1,Proline,Proline,6328.459688057041,6328.459688057041,0.0,0.0,1,1,1
ST003506,hsa00330,Arginine and Proline Metabolism,0.2,91,imputation,4,3,1,Proline,Proline,6328.459688057041,6328.459688057041,0.0,0.0,1,1,1
ST003506,hsa00330,Arginine and Proline Metabolism,0.2,92,imputation,4,3,1,Proline,Proline,6328.459688057041,6328.459688057041,0.0,0.0,1,1,1
ST003506,hsa00330,Arginine and Proline Metabolism,0.2,93,imputation,4,3,1,Ornithine,Ornithine,583.0677094474153,583.0677094474153,0.0,0.0,1,1,1
ST003506,hsa00330,Arginine and Proline Metabolism,0.2,94,imputation,4,3,1,Proline,Proline,6328.459688057041,6328.459688057041,0.0,0.0,1,1,1
ST003506,hsa00330,Arginine and Proline Metabolism,0.2,95,imputation,4,3,1,Creatine,Creatine,1180.58243315508,1180.58243315508,0.0,0.0,1,1,1
ST003506,hsa00330,Arginine and Proline Metabolism,0.2,96,imputation,4,3,1,Creatinine,Creatinine,768.8200802139038,768.8200802139038,0.0,0.0,1,1,1
ST003506,hsa00330,Arginine and Proline Metabolism,0.2,97,imputation,4,3,1,Creatine,Creatine,1180.58243315508,1180.58243315508,0.0,0.0,1,1,1
ST003506,hsa00330,Arginine and Proline Metabolism,0.2,98,imputation,4,3,1,Creatine,Creatine,1180.58243315508,1180.58243315508,0.0,0.0,1,1,1
ST003506,hsa00330,Arginine and Proline Metabolism,0.2,99,imputation,4,3,1,Creatine,Creatine,1180.58243315508,1180.58243315508,0.0,0.0,1,1,1
ST003506,hsa00330,Arginine and Proline Metabolism,0.2,100,imputation,4,3,1,Proline,Proline,6328.459688057041,6328.459688057041,0.0,0.0,1,1,1
ST003506,hsa00330,Arginine and Proline Metabolism,0.3,1,imputation,4,2,2,Creatine,Creatine,1180.58243315508,1180.58243315508,0.0,0.0,1,1,1
ST003506,hsa00330,Arginine and Proline Metabolism,0.3,2,imputation,4,2,2,Proline,Proline,6328.459688057041,6328.459688057041,0.0,0.0,1,1,1
ST003506,hsa00330,Arginine and Proline Metabolism,0.3,3,imputation,4,2,2,Creatinine,Creatinine,768.8200802139038,768.8200802139038,0.0,0.0,1,1,1
ST003506,hsa00330,Arginine and Proline Metabolism,0.3,4,imputation,4,2,2,Creatine,Creatine,1180.58243315508,1180.58243315508,0.0,0.0,1,1,1
ST003506,hsa00330,Arginine and Proline Metabolism,0.3,5,imputation,4,2,2,Creatine,Creatine,1180.58243315508,1180.58243315508,0.0,0.0,1,1,1
ST003506,hsa00330,Arginine and Proline Metabolism,0.3,6,imputation,4,2,2,Creatine,Creatine,1180.58243315508,1180.58243315508,0.0,0.0,1,1,1
ST003506,hsa00330,Arginine and Proline Metabolism,0.3,7,imputation,4,2,2,Creatine,Creatine,1180.58243315508,1180.58243315508,0.0,0.0,1,1,1
ST003506,hsa00330,Arginine and Proline Metabolism,0.3,8,imputation,4,2,2,Proline,Proline,6328.459688057041,6328.459688057041,0.0,0.0,1,1,1
ST003506,hsa00330,Arginine and Proline Metabolism,0.3,9,imputation,4,2,2,Creatinine,Creatinine,768.8200802139038,768.8200802139038,0.0,0.0,1,1,1
ST003506,hsa00330,Arginine and Proline Metabolism,0.3,10,imputation,4,2,2,Creatine,Creatine,1180.58243315508,1180.58243315508,0.0,0.0,1,1,1
ST003506,hsa00330,Arginine and Proline Metabolism,0.3,11,imputation,4,2,2,Proline,Proline,6328.459688057041,6328.459688057041,0.0,0.0,1,1,1
ST003506,hsa00330,Arginine and Proline Metabolism,0.3,12,imputation,4,2,2,Proline,Proline,6328.459688057041,6328.459688057041,0.0,0.0,1,1,1
ST003506,hsa00330,Arginine and Proline Metabolism,0.3,13,imputation,4,2,2,Proline,Proline,6328.459688057041,6328.459688057041,0.0,0.0,1,1,1
ST003506,hsa00330,Arginine and Proline Metabolism,0.3,14,imputation,4,2,2,Creatine,Creatine,1180.58243315508,1180.58243315508,0.0,0.0,1,1,1
ST003506,hsa00330,Arginine and Proline Metabolism,0.3,15,imputation,4,2,2,Creatine,Creatine,1180.58243315508,1180.58243315508,0.0,0.0,1,1,1
ST003506,hsa00330,Arginine and Proline Metabolism,0.3,16,imputation,4,2,2,Creatine,Creatine,1180.58243315508,1180.58243315508,0.0,0.0,1,1,1
ST003506,hsa00330,Arginine and Proline Metabolism,0.3,17,imputation,4,2,2,Creatine,Creatine,1180.58243315508,1180.58243315508,0.0,0.0,1,1,1
ST003506,hsa00330,Arginine and Proline Metabolism,0.3,18,imputation,4,2,2,Creatinine,Creatinine,768.8200802139038,768.8200802139038,0.0,0.0,1,1,1
ST003506,hsa00330,Arginine and Proline Metabolism,0.3,19,imputation,4,2,2,Proline,Proline,6328.459688057041,6328.459688057041,0.0,0.0,1,1,1
ST003506,hsa00330,Arginine and Proline Metabolism,0.3,20,imputation,4,2,2,Creatine,Creatine,1180.58243315508,1180.58243315508,0.0,0.0,1,1,1
ST003506,hsa00330,Arginine and Proline Metabolism,0.3,21,imputation,4,2,2,Proline,Proline,6328.459688057041,6328.459688057041,0.0,0.0,1,1,1
ST003506,hsa00330,Arginine and Proline Metabolism,0.3,22,imputation,4,2,2,Proline,Proline,6328.459688057041,6328.459688057041,0.0,0.0,1,1,1
ST003506,hsa00330,Arginine and Proline Metabolism,0.3,23,imputation,4,2,2,Proline,Proline,6328.459688057041,6328.459688057041,0.0,0.0,1,1,1
ST003506,hsa00330,Arginine and Proline Metabolism,0.3,24,imputation,4,2,2,Creatine,Creatine,1180.58243315508,1180.58243315508,0.0,0.0,1,1,1
ST003506,hsa00330,Arginine and Proline Metabolism,0.3,25,imputation,4,2,2,Proline,Proline,6328.459688057041,6328.459688057041,0.0,0.0,1,1,1
ST003506,hsa00330,Arginine and Proline Metabolism,0.3,26,imputation,4,2,2,Proline,Proline,6328.459688057041,6328.459688057041,0.0,0.0,1,1,1
ST003506,hsa00330,Arginine and Proline Metabolism,0.3,27,imputation,4,2,2,Proline,Proline,6328.459688057041,6328.459688057041,0.0,0.0,1,1,1
ST003506,hsa00330,Arginine and Proline Metabolism,0.3,28,imputation,4,2,2,Creatine,Creatine,1180.58243315508,1180.58243315508,0.0,0.0,1,1,1
ST003506,hsa00330,Arginine and Proline Metabolism,0.3,29,imputation,4,2,2,Proline,Proline,6328.459688057041,6328.459688057041,0.0,0.0,1,1,1
ST003506,hsa00330,Arginine and Proline Metabolism,0.3,30,imputation,4,2,2,Creatine,Creatine,1180.58243315508,1180.58243315508,0.0,0.0,1,1,1
ST003506,hsa00330,Arginine and Proline Metabolism,0.3,31,imputation,4,2,2,Creatine,Creatine,1180.58243315508,1180.58243315508,0.0,0.0,1,1,1
ST003506,hsa00330,Arginine and Proline Metabolism,0.3,32,imputation,4,2,2,Creatine,Creatine,1180.58243315508,1180.58243315508,0.0,0.0,1,1,1
ST003506,hsa00330,Arginine and Proline Metabolism,0.3,33,imputation,4,2,2,Proline,Proline,6328.459688057041,6328.459688057041,0.0,0.0,1,1,1
ST003506,hsa00330,Arginine and Proline Metabolism,0.3,34,imputation,4,2,2,Creatinine,Creatinine,768.8200802139038,768.8200802139038,0.0,0.0,1,1,1
ST003506,hsa00330,Arginine and Proline Metabolism,0.3,35,imputation,4,2,2,Creatinine,Creatinine,768.8200802139038,768.8200802139038,0.0,0.0,1,1,1
ST003506,hsa00330,Arginine and Proline Metabolism,0.3,36,imputation,4,2,2,Creatine,Creatine,1180.58243315508,1180.58243315508,0.0,0.0,1,1,1
ST003506,hsa00330,Arginine and Proline Metabolism,0.3,37,imputation,4,2,2,Proline,Proline,6328.459688057041,6328.459688057041,0.0,0.0,1,1,1
ST003506,hsa00330,Arginine and Proline Metabolism,0.3,38,imputation,4,2,2,Creatinine,Creatinine,768.8200802139038,768.8200802139038,0.0,0.0,1,1,1
ST003506,hsa00330,Arginine and Proline Metabolism,0.3,39,imputation,4,2,2,Proline,Proline,6328.459688057041,6328.459688057041,0.0,0.0,1,1,1
ST003506,hsa00330,Arginine and Proline Metabolism,0.3,40,imputation,4,2,2,Proline,Proline,6328.459688057041,6328.459688057041,0.0,0.0,1,1,1
ST003506,hsa00330,Arginine and Proline Metabolism,0.3,41,imputation,4,2,2,Proline,Proline,6328.459688057041,6328.459688057041,0.0,0.0,1,1,1
ST003506,hsa00330,Arginine and Proline Metabolism,0.3,42,imputation,4,2,2,Creatine,Creatine,1180.58243315508,1180.58243315508,0.0,0.0,1,1,1
ST003506,hsa00330,Arginine and Proline Metabolism,0.3,43,imputation,4,2,2,Creatinine,Creatinine,768.8200802139038,768.8200802139038,0.0,0.0,1,1,1
ST003506,hsa00330,Arginine and Proline Metabolism,0.3,44,imputation,4,2,2,Creatine,Creatine,1180.58243315508,1180.58243315508,0.0,0.0,1,1,1
ST003506,hsa00330,Arginine and Proline Metabolism,0.3,45,imputation,4,2,2,Creatinine,Creatinine,768.8200802139038,768.8200802139038,0.0,0.0,1,1,1
ST003506,hsa00330,Arginine and Proline Metabolism,0.3,46,imputation,4,2,2,Proline,Proline,6328.459688057041,6328.459688057041,0.0,0.0,1,1,1
ST003506,hsa00330,Arginine and Proline Metabolism,0.3,47,imputation,4,2,2,Creatine,Creatine,1180.58243315508,1180.58243315508,0.0,0.0,1,1,1
ST003506,hsa00330,Arginine and Proline Metabolism,0.3,48,imputation,4,2,2,Creatinine,Creatinine,768.8200802139038,768.8200802139038,0.0,0.0,1,1,1
ST003506,hsa00330,Arginine and Proline Metabolism,0.3,49,imputation,4,2,2,Creatine,Creatine,1180.58243315508,1180.58243315508,0.0,0.0,1,1,1
ST003506,hsa00330,Arginine and Proline Metabolism,0.3,50,imputation,4,2,2,Proline,Proline,6328.459688057041,6328.459688057041,0.0,0.0,1,1,1
ST003506,hsa00330,Arginine and Proline Metabolism,0.3,51,imputation,4,2,2,Proline,Proline,6328.459688057041,6328.459688057041,0.0,0.0,1,1,1
ST003506,hsa00330,Arginine and Proline Metabolism,0.3,52,imputation,4,2,2,Creatine,Creatine,1180.58243315508,1180.58243315508,0.0,0.0,1,1,1
ST003506,hsa00330,Arginine and Proline Metabolism,0.3,53,imputation,4,2,2,Proline,Proline,6328.459688057041,6328.459688057041,0.0,0.0,1,1,1
ST003506,hsa00330,Arginine and Proline Metabolism,0.3,54,imputation,4,2,2,Creatinine,Creatinine,768.8200802139038,768.8200802139038,0.0,0.0,1,1,1
ST003506,hsa00330,Arginine and Proline Metabolism,0.3,55,imputation,4,2,2,Proline,Proline,6328.459688057041,6328.459688057041,0.0,0.0,1,1,1
ST003506,hsa00330,Arginine and Proline Metabolism,0.3,56,imputation,4,2,2,Proline,Proline,6328.459688057041,6328.459688057041,0.0,0.0,1,1,1
ST003506,hsa00330,Arginine and Proline Metabolism,0.3,57,imputation,4,2,2,Proline,Proline,6328.459688057041,6328.459688057041,0.0,0.0,1,1,1
ST003506,hsa00330,Arginine and Proline Metabolism,0.3,58,imputation,4,2,2,Proline,Proline,6328.459688057041,6328.459688057041,0.0,0.0,1,1,1
ST003506,hsa00330,Arginine and Proline Metabolism,0.3,59,imputation,4,2,2,Creatinine,Creatinine,768.8200802139038,768.8200802139038,0.0,0.0,1,1,1
ST003506,hsa00330,Arginine and Proline Metabolism,0.3,60,imputation,4,2,2,Creatinine,Creatinine,768.8200802139038,768.8200802139038,0.0,0.0,1,1,1
ST003506,hsa00330,Arginine and Proline Metabolism,0.3,61,imputation,4,2,2,Proline,Proline,6328.459688057041,6328.459688057041,0.0,0.0,1,1,1
ST003506,hsa00330,Arginine and Proline Metabolism,0.3,62,imputation,4,2,2,Proline,Proline,6328.459688057041,6328.459688057041,0.0,0.0,1,1,1
ST003506,hsa00330,Arginine and Proline Metabolism,0.3,63,imputation,4,2,2,Proline,Proline,6328.459688057041,6328.459688057041,0.0,0.0,1,1,1
ST003506,hsa00330,Arginine and Proline Metabolism,0.3,64,imputation,4,2,2,Proline,Proline,6328.459688057041,6328.459688057041,0.0,0.0,1,1,1
ST003506,hsa00330,Arginine and Proline Metabolism,0.3,65,imputation,4,2,2,Creatinine,Creatinine,768.8200802139038,768.8200802139038,0.0,0.0,1,1,1
ST003506,hsa00330,Arginine and Proline Metabolism,0.3,66,imputation,4,2,2,Creatinine,Creatinine,768.8200802139038,768.8200802139038,0.0,0.0,1,1,1
ST003506,hsa00330,Arginine and Proline Metabolism,0.3,67,imputation,4,2,2,Creatine,Creatine,1180.58243315508,1180.58243315508,0.0,0.0,1,1,1
ST003506,hsa00330,Arginine and Proline Metabolism,0.3,68,imputation,4,2,2,Proline,Proline,6328.459688057041,6328.459688057041,0.0,0.0,1,1,1
ST003506,hsa00330,Arginine and Proline Metabolism,0.3,69,imputation,4,2,2,Proline,Proline,6328.459688057041,6328.459688057041,0.0,0.0,1,1,1
ST003506,hsa00330,Arginine and Proline Metabolism,0.3,70,imputation,4,2,2,Proline,Proline,6328.459688057041,6328.459688057041,0.0,0.0,1,1,1
ST003506,hsa00330,Arginine and Proline Metabolism,0.3,71,imputation,4,2,2,Creatine,Creatine,1180.58243315508,1180.58243315508,0.0,0.0,1,1,1
ST003506,hsa00330,Arginine and Proline Metabolism,0.3,72,imputation,4,2,2,Creatinine,Creatinine,768.8200802139038,768.8200802139038,0.0,0.0,1,1,1
ST003506,hsa00330,Arginine and Proline Metabolism,0.3,73,imputation,4,2,2,Creatine,Creatine,1180.58243315508,1180.58243315508,0.0,0.0,1,1,1
ST003506,hsa00330,Arginine and Proline Metabolism,0.3,74,imputation,4,2,2,Creatine,Creatine,1180.58243315508,1180.58243315508,0.0,0.0,1,1,1
ST003506,hsa00330,Arginine and Proline Metabolism,0.3,75,imputation,4,2,2,Creatine,Creatine,1180.58243315508,1180.58243315508,0.0,0.0,1,1,1
ST003506,hsa00330,Arginine and Proline Metabolism,0.3,76,imputation,4,2,2,Proline,Proline,6328.459688057041,6328.459688057041,0.0,0.0,1,1,1
ST003506,hsa00330,Arginine and Proline Metabolism,0.3,77,imputation,4,2,2,Creatine,Creatine,1180.58243315508,1180.58243315508,0.0,0.0,1,1,1
ST003506,hsa00330,Arginine and Proline Metabolism,0.3,78,imputation,4,2,2,Creatine,Creatine,1180.58243315508,1180.58243315508,0.0,0.0,1,1,1
ST003506,hsa00330,Arginine and Proline Metabolism,0.3,79,imputation,4,2,2,Proline,Proline,6328.459688057041,6328.459688057041,0.0,0.0,1,1,1
ST003506,hsa00330,Arginine and Proline Metabolism,0.3,80,imputation,4,2,2,Creatinine,Creatinine,768.8200802139038,768.8200802139038,0.0,0.0,1,1,1
ST003506,hsa00330,Arginine and Proline Metabolism,0.3,81,imputation,4,2,2,Creatine,Creatine,1180.58243315508,1180.58243315508,0.0,0.0,1,1,1
ST003506,hsa00330,Arginine and Proline Metabolism,0.3,82,imputation,4,2,2,Proline,Proline,6328.459688057041,6328.459688057041,0.0,0.0,1,1,1
ST003506,hsa00330,Arginine and Proline Metabolism,0.3,83,imputation,4,2,2,Creatine,Creatine,1180.58243315508,1180.58243315508,0.0,0.0,1,1,1
ST003506,hsa00330,Arginine and Proline Metabolism,0.3,84,imputation,4,2,2,Creatine,Creatine,1180.58243315508,1180.58243315508,0.0,0.0,1,1,1
ST003506,hsa00330,Arginine and Proline Metabolism,0.3,85,imputation,4,2,2,Creatine,Creatine,1180.58243315508,1180.58243315508,0.0,0.0,1,1,1
ST003506,hsa00330,Arginine and Proline Metabolism,0.3,86,imputation,4,2,2,Proline,Proline,6328.459688057041,6328.459688057041,0.0,0.0,1,1,1
ST003506,hsa00330,Arginine and Proline Metabolism,0.3,87,imputation,4,2,2,Creatine,Creatine,1180.58243315508,1180.58243315508,0.0,0.0,1,1,1
ST003506,hsa00330,Arginine and Proline Metabolism,0.3,88,imputation,4,2,2,Proline,Proline,6328.459688057041,6328.459688057041,0.0,0.0,1,1,1
ST003506,hsa00330,Arginine and Proline Metabolism,0.3,89,imputation,4,2,2,Creatinine,Creatinine,768.8200802139038,768.8200802139038,0.0,0.0,1,1,1
ST003506,hsa00330,Arginine and Proline Metabolism,0.3,90,imputation,4,2,2,Proline,Proline,6328.459688057041,6328.459688057041,0.0,0.0,1,1,1
ST003506,hsa00330,Arginine and Proline Metabolism,0.3,91,imputation,4,2,2,Proline,Proline,6328.459688057041,6328.459688057041,0.0,0.0,1,1,1
ST003506,hsa00330,Arginine and Proline Metabolism,0.3,92,imputation,4,2,2,Proline,Proline,6328.459688057041,6328.459688057041,0.0,0.0,1,1,1
ST003506,hsa00330,Arginine and Proline Metabolism,0.3,93,imputation,4,2,2,Proline,Proline,6328.459688057041,6328.459688057041,0.0,0.0,1,1,1
ST003506,hsa00330,Arginine and Proline Metabolism,0.3,94,imputation,4,2,2,Proline,Proline,6328.459688057041,6328.459688057041,0.0,0.0,1,1,1
ST003506,hsa00330,Arginine and Proline Metabolism,0.3,95,imputation,4,2,2,Proline,Proline,6328.459688057041,6328.459688057041,0.0,0.0,1,1,1
ST003506,hsa00330,Arginine and Proline Metabolism,0.3,96,imputation,4,2,2,Proline,Proline,6328.459688057041,6328.459688057041,0.0,0.0,1,1,1
ST003506,hsa00330,Arginine and Proline Metabolism,0.3,97,imputation,4,2,2,Creatine,Creatine,1180.58243315508,1180.58243315508,0.0,0.0,1,1,1
ST003506,hsa00330,Arginine and Proline Metabolism,0.3,98,imputation,4,2,2,Proline,Proline,6328.459688057041,6328.459688057041,0.0,0.0,1,1,1
ST003506,hsa00330,Arginine and Proline Metabolism,0.3,99,imputation,4,2,2,Creatine,Creatine,1180.58243315508,1180.58243315508,0.0,0.0,1,1,1
ST003506,hsa00330,Arginine and Proline Metabolism,0.3,100,imputation,4,2,2,Proline,Proline,6328.459688057041,6328.459688057041,0.0,0.0,1,1,1
ST003506,hsa00330,Arginine and Proline Metabolism,0.4,1,imputation,4,2,2,Creatine,Creatine,1180.58243315508,1180.58243315508,0.0,0.0,1,1,1
ST003506,hsa00330,Arginine and Proline Metabolism,0.4,2,imputation,4,2,2,Proline,Proline,6328.459688057041,6328.459688057041,0.0,0.0,1,1,1
ST003506,hsa00330,Arginine and Proline Metabolism,0.4,3,imputation,4,2,2,Creatinine,Creatinine,768.8200802139038,768.8200802139038,0.0,0.0,1,1,1
ST003506,hsa00330,Arginine and Proline Metabolism,0.4,4,imputation,4,2,2,Creatine,Creatine,1180.58243315508,1180.58243315508,0.0,0.0,1,1,1
ST003506,hsa00330,Arginine and Proline Metabolism,0.4,5,imputation,4,2,2,Creatine,Creatine,1180.58243315508,1180.58243315508,0.0,0.0,1,1,1
ST003506,hsa00330,Arginine and Proline Metabolism,0.4,6,imputation,4,2,2,Creatine,Creatine,1180.58243315508,1180.58243315508,0.0,0.0,1,1,1
ST003506,hsa00330,Arginine and Proline Metabolism,0.4,7,imputation,4,2,2,Creatine,Creatine,1180.58243315508,1180.58243315508,0.0,0.0,1,1,1
ST003506,hsa00330,Arginine and Proline Metabolism,0.4,8,imputation,4,2,2,Proline,Proline,6328.459688057041,6328.459688057041,0.0,0.0,1,1,1
ST003506,hsa00330,Arginine and Proline Metabolism,0.4,9,imputation,4,2,2,Creatinine,Creatinine,768.8200802139038,768.8200802139038,0.0,0.0,1,1,1
ST003506,hsa00330,Arginine and Proline Metabolism,0.4,10,imputation,4,2,2,Creatine,Creatine,1180.58243315508,1180.58243315508,0.0,0.0,1,1,1
ST003506,hsa00330,Arginine and Proline Metabolism,0.4,11,imputation,4,2,2,Proline,Proline,6328.459688057041,6328.459688057041,0.0,0.0,1,1,1
ST003506,hsa00330,Arginine and Proline Metabolism,0.4,12,imputation,4,2,2,Proline,Proline,6328.459688057041,6328.459688057041,0.0,0.0,1,1,1
ST003506,hsa00330,Arginine and Proline Metabolism,0.4,13,imputation,4,2,2,Proline,Proline,6328.459688057041,6328.459688057041,0.0,0.0,1,1,1
ST003506,hsa00330,Arginine and Proline Metabolism,0.4,14,imputation,4,2,2,Creatine,Creatine,1180.58243315508,1180.58243315508,0.0,0.0,1,1,1
ST003506,hsa00330,Arginine and Proline Metabolism,0.4,15,imputation,4,2,2,Creatine,Creatine,1180.58243315508,1180.58243315508,0.0,0.0,1,1,1
ST003506,hsa00330,Arginine and Proline Metabolism,0.4,16,imputation,4,2,2,Creatine,Creatine,1180.58243315508,1180.58243315508,0.0,0.0,1,1,1
ST003506,hsa00330,Arginine and Proline Metabolism,0.4,17,imputation,4,2,2,Creatine,Creatine,1180.58243315508,1180.58243315508,0.0,0.0,1,1,1
ST003506,hsa00330,Arginine and Proline Metabolism,0.4,18,imputation,4,2,2,Creatinine,Creatinine,768.8200802139038,768.8200802139038,0.0,0.0,1,1,1
ST003506,hsa00330,Arginine and Proline Metabolism,0.4,19,imputation,4,2,2,Proline,Proline,6328.459688057041,6328.459688057041,0.0,0.0,1,1,1
ST003506,hsa00330,Arginine and Proline Metabolism,0.4,20,imputation,4,2,2,Creatine,Creatine,1180.58243315508,1180.58243315508,0.0,0.0,1,1,1
ST003506,hsa00330,Arginine and Proline Metabolism,0.4,21,imputation,4,2,2,Proline,Proline,6328.459688057041,6328.459688057041,0.0,0.0,1,1,1
ST003506,hsa00330,Arginine and Proline Metabolism,0.4,22,imputation,4,2,2,Proline,Proline,6328.459688057041,6328.459688057041,0.0,0.0,1,1,1
ST003506,hsa00330,Arginine and Proline Metabolism,0.4,23,imputation,4,2,2,Proline,Proline,6328.459688057041,6328.459688057041,0.0,0.0,1,1,1
ST003506,hsa00330,Arginine and Proline Metabolism,0.4,24,imputation,4,2,2,Creatine,Creatine,1180.58243315508,1180.58243315508,0.0,0.0,1,1,1
ST003506,hsa00330,Arginine and Proline Metabolism,0.4,25,imputation,4,2,2,Proline,Proline,6328.459688057041,6328.459688057041,0.0,0.0,1,1,1
ST003506,hsa00330,Arginine and Proline Metabolism,0.4,26,imputation,4,2,2,Proline,Proline,6328.459688057041,6328.459688057041,0.0,0.0,1,1,1
ST003506,hsa00330,Arginine and Proline Metabolism,0.4,27,imputation,4,2,2,Proline,Proline,6328.459688057041,6328.459688057041,0.0,0.0,1,1,1
ST003506,hsa00330,Arginine and Proline Metabolism,0.4,28,imputation,4,2,2,Creatine,Creatine,1180.58243315508,1180.58243315508,0.0,0.0,1,1,1
ST003506,hsa00330,Arginine and Proline Metabolism,0.4,29,imputation,4,2,2,Proline,Proline,6328.459688057041,6328.459688057041,0.0,0.0,1,1,1
ST003506,hsa00330,Arginine and Proline Metabolism,0.4,30,imputation,4,2,2,Creatine,Creatine,1180.58243315508,1180.58243315508,0.0,0.0,1,1,1
ST003506,hsa00330,Arginine and Proline Metabolism,0.4,31,imputation,4,2,2,Creatine,Creatine,1180.58243315508,1180.58243315508,0.0,0.0,1,1,1
ST003506,hsa00330,Arginine and Proline Metabolism,0.4,32,imputation,4,2,2,Creatine,Creatine,1180.58243315508,1180.58243315508,0.0,0.0,1,1,1
ST003506,hsa00330,Arginine and Proline Metabolism,0.4,33,imputation,4,2,2,Proline,Proline,6328.459688057041,6328.459688057041,0.0,0.0,1,1,1
ST003506,hsa00330,Arginine and Proline Metabolism,0.4,34,imputation,4,2,2,Creatinine,Creatinine,768.8200802139038,768.8200802139038,0.0,0.0,1,1,1
ST003506,hsa00330,Arginine and Proline Metabolism,0.4,35,imputation,4,2,2,Creatinine,Creatinine,768.8200802139038,768.8200802139038,0.0,0.0,1,1,1
ST003506,hsa00330,Arginine and Proline Metabolism,0.4,36,imputation,4,2,2,Creatine,Creatine,1180.58243315508,1180.58243315508,0.0,0.0,1,1,1
ST003506,hsa00330,Arginine and Proline Metabolism,0.4,37,imputation,4,2,2,Proline,Proline,6328.459688057041,6328.459688057041,0.0,0.0,1,1,1
ST003506,hsa00330,Arginine and Proline Metabolism,0.4,38,imputation,4,2,2,Creatinine,Creatinine,768.8200802139038,768.8200802139038,0.0,0.0,1,1,1
ST003506,hsa00330,Arginine and Proline Metabolism,0.4,39,imputation,4,2,2,Proline,Proline,6328.459688057041,6328.459688057041,0.0,0.0,1,1,1
ST003506,hsa00330,Arginine and Proline Metabolism,0.4,40,imputation,4,2,2,Proline,Proline,6328.459688057041,6328.459688057041,0.0,0.0,1,1,1
ST003506,hsa00330,Arginine and Proline Metabolism,0.4,41,imputation,4,2,2,Proline,Proline,6328.459688057041,6328.459688057041,0.0,0.0,1,1,1
ST003506,hsa00330,Arginine and Proline Metabolism,0.4,42,imputation,4,2,2,Creatine,Creatine,1180.58243315508,1180.58243315508,0.0,0.0,1,1,1
ST003506,hsa00330,Arginine and Proline Metabolism,0.4,43,imputation,4,2,2,Creatinine,Creatinine,768.8200802139038,768.8200802139038,0.0,0.0,1,1,1
ST003506,hsa00330,Arginine and Proline Metabolism,0.4,44,imputation,4,2,2,Creatine,Creatine,1180.58243315508,1180.58243315508,0.0,0.0,1,1,1
ST003506,hsa00330,Arginine and Proline Metabolism,0.4,45,imputation,4,2,2,Creatinine,Creatinine,768.8200802139038,768.8200802139038,0.0,0.0,1,1,1
ST003506,hsa00330,Arginine and Proline Metabolism,0.4,46,imputation,4,2,2,Proline,Proline,6328.459688057041,6328.459688057041,0.0,0.0,1,1,1
ST003506,hsa00330,Arginine and Proline Metabolism,0.4,47,imputation,4,2,2,Creatine,Creatine,1180.58243315508,1180.58243315508,0.0,0.0,1,1,1
ST003506,hsa00330,Arginine and Proline Metabolism,0.4,48,imputation,4,2,2,Creatinine,Creatinine,768.8200802139038,768.8200802139038,0.0,0.0,1,1,1
ST003506,hsa00330,Arginine and Proline Metabolism,0.4,49,imputation,4,2,2,Creatine,Creatine,1180.58243315508,1180.58243315508,0.0,0.0,1,1,1
ST003506,hsa00330,Arginine and Proline Metabolism,0.4,50,imputation,4,2,2,Proline,Proline,6328.459688057041,6328.459688057041,0.0,0.0,1,1,1
ST003506,hsa00330,Arginine and Proline Metabolism,0.4,51,imputation,4,2,2,Proline,Proline,6328.459688057041,6328.459688057041,0.0,0.0,1,1,1
ST003506,hsa00330,Arginine and Proline Metabolism,0.4,52,imputation,4,2,2,Creatine,Creatine,1180.58243315508,1180.58243315508,0.0,0.0,1,1,1
ST003506,hsa00330,Arginine and Proline Metabolism,0.4,53,imputation,4,2,2,Proline,Proline,6328.459688057041,6328.459688057041,0.0,0.0,1,1,1
ST003506,hsa00330,Arginine and Proline Metabolism,0.4,54,imputation,4,2,2,Creatinine,Creatinine,768.8200802139038,768.8200802139038,0.0,0.0,1,1,1
ST003506,hsa00330,Arginine and Proline Metabolism,0.4,55,imputation,4,2,2,Proline,Proline,6328.459688057041,6328.459688057041,0.0,0.0,1,1,1
ST003506,hsa00330,Arginine and Proline Metabolism,0.4,56,imputation,4,2,2,Proline,Proline,6328.459688057041,6328.459688057041,0.0,0.0,1,1,1
ST003506,hsa00330,Arginine and Proline Metabolism,0.4,57,imputation,4,2,2,Proline,Proline,6328.459688057041,6328.459688057041,0.0,0.0,1,1,1
ST003506,hsa00330,Arginine and Proline Metabolism,0.4,58,imputation,4,2,2,Proline,Proline,6328.459688057041,6328.459688057041,0.0,0.0,1,1,1
ST003506,hsa00330,Arginine and Proline Metabolism,0.4,59,imputation,4,2,2,Creatinine,Creatinine,768.8200802139038,768.8200802139038,0.0,0.0,1,1,1
ST003506,hsa00330,Arginine and Proline Metabolism,0.4,60,imputation,4,2,2,Creatinine,Creatinine,768.8200802139038,768.8200802139038,0.0,0.0,1,1,1
ST003506,hsa00330,Arginine and Proline Metabolism,0.4,61,imputation,4,2,2,Proline,Proline,6328.459688057041,6328.459688057041,0.0,0.0,1,1,1
ST003506,hsa00330,Arginine and Proline Metabolism,0.4,62,imputation,4,2,2,Proline,Proline,6328.459688057041,6328.459688057041,0.0,0.0,1,1,1
ST003506,hsa00330,Arginine and Proline Metabolism,0.4,63,imputation,4,2,2,Proline,Proline,6328.459688057041,6328.459688057041,0.0,0.0,1,1,1
ST003506,hsa00330,Arginine and Proline Metabolism,0.4,64,imputation,4,2,2,Proline,Proline,6328.459688057041,6328.459688057041,0.0,0.0,1,1,1
ST003506,hsa00330,Arginine and Proline Metabolism,0.4,65,imputation,4,2,2,Creatinine,Creatinine,768.8200802139038,768.8200802139038,0.0,0.0,1,1,1
ST003506,hsa00330,Arginine and Proline Metabolism,0.4,66,imputation,4,2,2,Creatinine,Creatinine,768.8200802139038,768.8200802139038,0.0,0.0,1,1,1
ST003506,hsa00330,Arginine and Proline Metabolism,0.4,67,imputation,4,2,2,Creatine,Creatine,1180.58243315508,1180.58243315508,0.0,0.0,1,1,1
ST003506,hsa00330,Arginine and Proline Metabolism,0.4,68,imputation,4,2,2,Proline,Proline,6328.459688057041,6328.459688057041,0.0,0.0,1,1,1
ST003506,hsa00330,Arginine and Proline Metabolism,0.4,69,imputation,4,2,2,Proline,Proline,6328.459688057041,6328.459688057041,0.0,0.0,1,1,1
ST003506,hsa00330,Arginine and Proline Metabolism,0.4,70,imputation,4,2,2,Proline,Proline,6328.459688057041,6328.459688057041,0.0,0.0,1,1,1
ST003506,hsa00330,Arginine and Proline Metabolism,0.4,71,imputation,4,2,2,Creatine,Creatine,1180.58243315508,1180.58243315508,0.0,0.0,1,1,1
ST003506,hsa00330,Arginine and Proline Metabolism,0.4,72,imputation,4,2,2,Creatinine,Creatinine,768.8200802139038,768.8200802139038,0.0,0.0,1,1,1
ST003506,hsa00330,Arginine and Proline Metabolism,0.4,73,imputation,4,2,2,Creatine,Creatine,1180.58243315508,1180.58243315508,0.0,0.0,1,1,1
ST003506,hsa00330,Arginine and Proline Metabolism,0.4,74,imputation,4,2,2,Creatine,Creatine,1180.58243315508,1180.58243315508,0.0,0.0,1,1,1
ST003506,hsa00330,Arginine and Proline Metabolism,0.4,75,imputation,4,2,2,Creatine,Creatine,1180.58243315508,1180.58243315508,0.0,0.0,1,1,1
ST003506,hsa00330,Arginine and Proline Metabolism,0.4,76,imputation,4,2,2,Proline,Proline,6328.459688057041,6328.459688057041,0.0,0.0,1,1,1
ST003506,hsa00330,Arginine and Proline Metabolism,0.4,77,imputation,4,2,2,Creatine,Creatine,1180.58243315508,1180.58243315508,0.0,0.0,1,1,1
ST003506,hsa00330,Arginine and Proline Metabolism,0.4,78,imputation,4,2,2,Creatine,Creatine,1180.58243315508,1180.58243315508,0.0,0.0,1,1,1
ST003506,hsa00330,Arginine and Proline Metabolism,0.4,79,imputation,4,2,2,Proline,Proline,6328.459688057041,6328.459688057041,0.0,0.0,1,1,1
ST003506,hsa00330,Arginine and Proline Metabolism,0.4,80,imputation,4,2,2,Creatinine,Creatinine,768.8200802139038,768.8200802139038,0.0,0.0,1,1,1
ST003506,hsa00330,Arginine and Proline Metabolism,0.4,81,imputation,4,2,2,Creatine,Creatine,1180.58243315508,1180.58243315508,0.0,0.0,1,1,1
ST003506,hsa00330,Arginine and Proline Metabolism,0.4,82,imputation,4,2,2,Proline,Proline,6328.459688057041,6328.459688057041,0.0,0.0,1,1,1
ST003506,hsa00330,Arginine and Proline Metabolism,0.4,83,imputation,4,2,2,Creatine,Creatine,1180.58243315508,1180.58243315508,0.0,0.0,1,1,1
ST003506,hsa00330,Arginine and Proline Metabolism,0.4,84,imputation,4,2,2,Creatine,Creatine,1180.58243315508,1180.58243315508,0.0,0.0,1,1,1
ST003506,hsa00330,Arginine and Proline Metabolism,0.4,85,imputation,4,2,2,Creatine,Creatine,1180.58243315508,1180.58243315508,0.0,0.0,1,1,1
ST003506,hsa00330,Arginine and Proline Metabolism,0.4,86,imputation,4,2,2,Proline,Proline,6328.459688057041,6328.459688057041,0.0,0.0,1,1,1
ST003506,hsa00330,Arginine and Proline Metabolism,0.4,87,imputation,4,2,2,Creatine,Creatine,1180.58243315508,1180.58243315508,0.0,0.0,1,1,1
ST003506,hsa00330,Arginine and Proline Metabolism,0.4,88,imputation,4,2,2,Proline,Proline,6328.459688057041,6328.459688057041,0.0,0.0,1,1,1
ST003506,hsa00330,Arginine and Proline Metabolism,0.4,89,imputation,4,2,2,Creatinine,Creatinine,768.8200802139038,768.8200802139038,0.0,0.0,1,1,1
ST003506,hsa00330,Arginine and Proline Metabolism,0.4,90,imputation,4,2,2,Proline,Proline,6328.459688057041,6328.459688057041,0.0,0.0,1,1,1
ST003506,hsa00330,Arginine and Proline Metabolism,0.4,91,imputation,4,2,2,Proline,Proline,6328.459688057041,6328.459688057041,0.0,0.0,1,1,1
ST003506,hsa00330,Arginine and Proline Metabolism,0.4,92,imputation,4,2,2,Proline,Proline,6328.459688057041,6328.459688057041,0.0,0.0,1,1,1
ST003506,hsa00330,Arginine and Proline Metabolism,0.4,93,imputation,4,2,2,Proline,Proline,6328.459688057041,6328.459688057041,0.0,0.0,1,1,1
ST003506,hsa00330,Arginine and Proline Metabolism,0.4,94,imputation,4,2,2,Proline,Proline,6328.459688057041,6328.459688057041,0.0,0.0,1,1,1
ST003506,hsa00330,Arginine and Proline Metabolism,0.4,95,imputation,4,2,2,Proline,Proline,6328.459688057041,6328.459688057041,0.0,0.0,1,1,1
ST003506,hsa00330,Arginine and Proline Metabolism,0.4,96,imputation,4,2,2,Proline,Proline,6328.459688057041,6328.459688057041,0.0,0.0,1,1,1
ST003506,hsa00330,Arginine and Proline Metabolism,0.4,97,imputation,4,2,2,Creatine,Creatine,1180.58243315508,1180.58243315508,0.0,0.0,1,1,1
ST003506,hsa00330,Arginine and Proline Metabolism,0.4,98,imputation,4,2,2,Proline,Proline,6328.459688057041,6328.459688057041,0.0,0.0,1,1,1
ST003506,hsa00330,Arginine and Proline Metabolism,0.4,99,imputation,4,2,2,Creatine,Creatine,1180.58243315508,1180.58243315508,0.0,0.0,1,1,1
ST003506,hsa00330,Arginine and Proline Metabolism,0.4,100,imputation,4,2,2,Proline,Proline,6328.459688057041,6328.459688057041,0.0,0.0,1,1,1
ST003506,hsa00564,Glycerophospholipid Metabolism,0.2,1,imputation,4,3,1,Betaine,Betaine,363.5489483065953,363.5489483065953,0.0,0.0,1,1,1
ST003506,hsa00564,Glycerophospholipid Metabolism,0.2,2,imputation,4,3,1,sn-Glycero-3-phosphocholine,sn-Glycero-3-phosphocholine,455.60970588235307,455.60970588235307,0.0,0.0,1,1,1
ST003506,hsa00564,Glycerophospholipid Metabolism,0.2,3,imputation,4,3,1,Glycerol,Glycerol,3846.2259893048126,3846.2259893048126,0.0,0.0,1,1,1
ST003506,hsa00564,Glycerophospholipid Metabolism,0.2,4,imputation,4,3,1,Betaine,Betaine,363.5489483065953,363.5489483065953,0.0,0.0,1,1,1
ST003506,hsa00564,Glycerophospholipid Metabolism,0.2,5,imputation,4,3,1,Glycerol,Glycerol,3846.2259893048126,3846.2259893048126,0.0,0.0,1,1,1
ST003506,hsa00564,Glycerophospholipid Metabolism,0.2,6,imputation,4,3,1,Glycerol,Glycerol,3846.2259893048126,3846.2259893048126,0.0,0.0,1,1,1
ST003506,hsa00564,Glycerophospholipid Metabolism,0.2,7,imputation,4,3,1,Betaine,Betaine,363.5489483065953,363.5489483065953,0.0,0.0,1,1,1
ST003506,hsa00564,Glycerophospholipid Metabolism,0.2,8,imputation,4,3,1,sn-Glycero-3-phosphocholine,sn-Glycero-3-phosphocholine,455.60970588235307,455.60970588235307,0.0,0.0,1,1,1
ST003506,hsa00564,Glycerophospholipid Metabolism,0.2,9,imputation,4,3,1,Choline,Choline,33.195436720142595,33.195436720142595,0.0,0.0,1,1,1
ST003506,hsa00564,Glycerophospholipid Metabolism,0.2,10,imputation,4,3,1,Glycerol,Glycerol,3846.2259893048126,3846.2259893048126,0.0,0.0,1,1,1
ST003506,hsa00564,Glycerophospholipid Metabolism,0.2,11,imputation,4,3,1,Choline,Choline,33.195436720142595,33.195436720142595,0.0,0.0,1,1,1
ST003506,hsa00564,Glycerophospholipid Metabolism,0.2,12,imputation,4,3,1,Choline,Choline,33.195436720142595,33.195436720142595,0.0,0.0,1,1,1
ST003506,hsa00564,Glycerophospholipid Metabolism,0.2,13,imputation,4,3,1,Betaine,Betaine,363.5489483065953,363.5489483065953,0.0,0.0,1,1,1
ST003506,hsa00564,Glycerophospholipid Metabolism,0.2,14,imputation,4,3,1,Betaine,Betaine,363.5489483065953,363.5489483065953,0.0,0.0,1,1,1
ST003506,hsa00564,Glycerophospholipid Metabolism,0.2,15,imputation,4,3,1,Betaine,Betaine,363.5489483065953,363.5489483065953,0.0,0.0,1,1,1
ST003506,hsa00564,Glycerophospholipid Metabolism,0.2,16,imputation,4,3,1,Choline,Choline,33.195436720142595,33.195436720142595,0.0,0.0,1,1,1
ST003506,hsa00564,Glycerophospholipid Metabolism,0.2,17,imputation,4,3,1,Choline,Choline,33.195436720142595,33.195436720142595,0.0,0.0,1,1,1
ST003506,hsa00564,Glycerophospholipid Metabolism,0.2,18,imputation,4,3,1,Glycerol,Glycerol,3846.2259893048126,3846.2259893048126,0.0,0.0,1,1,1
ST003506,hsa00564,Glycerophospholipid Metabolism,0.2,19,imputation,4,3,1,sn-Glycero-3-phosphocholine,sn-Glycero-3-phosphocholine,455.60970588235307,455.60970588235307,0.0,0.0,1,1,1
ST003506,hsa00564,Glycerophospholipid Metabolism,0.2,20,imputation,4,3,1,Choline,Choline,33.195436720142595,33.195436720142595,0.0,0.0,1,1,1
ST003506,hsa00564,Glycerophospholipid Metabolism,0.2,21,imputation,4,3,1,sn-Glycero-3-phosphocholine,sn-Glycero-3-phosphocholine,455.60970588235307,455.60970588235307,0.0,0.0,1,1,1
ST003506,hsa00564,Glycerophospholipid Metabolism,0.2,22,imputation,4,3,1,sn-Glycero-3-phosphocholine,sn-Glycero-3-phosphocholine,455.60970588235307,455.60970588235307,0.0,0.0,1,1,1
ST003506,hsa00564,Glycerophospholipid Metabolism,0.2,23,imputation,4,3,1,sn-Glycero-3-phosphocholine,sn-Glycero-3-phosphocholine,455.60970588235307,455.60970588235307,0.0,0.0,1,1,1
ST003506,hsa00564,Glycerophospholipid Metabolism,0.2,24,imputation,4,3,1,Betaine,Betaine,363.5489483065953,363.5489483065953,0.0,0.0,1,1,1
ST003506,hsa00564,Glycerophospholipid Metabolism,0.2,25,imputation,4,3,1,Betaine,Betaine,363.5489483065953,363.5489483065953,0.0,0.0,1,1,1
ST003506,hsa00564,Glycerophospholipid Metabolism,0.2,26,imputation,4,3,1,sn-Glycero-3-phosphocholine,sn-Glycero-3-phosphocholine,455.60970588235307,455.60970588235307,0.0,0.0,1,1,1
ST003506,hsa00564,Glycerophospholipid Metabolism,0.2,27,imputation,4,3,1,Betaine,Betaine,363.5489483065953,363.5489483065953,0.0,0.0,1,1,1
ST003506,hsa00564,Glycerophospholipid Metabolism,0.2,28,imputation,4,3,1,Betaine,Betaine,363.5489483065953,363.5489483065953,0.0,0.0,1,1,1
ST003506,hsa00564,Glycerophospholipid Metabolism,0.2,29,imputation,4,3,1,Glycerol,Glycerol,3846.2259893048126,3846.2259893048126,0.0,0.0,1,1,1
ST003506,hsa00564,Glycerophospholipid Metabolism,0.2,30,imputation,4,3,1,Betaine,Betaine,363.5489483065953,363.5489483065953,0.0,0.0,1,1,1
ST003506,hsa00564,Glycerophospholipid Metabolism,0.2,31,imputation,4,3,1,Glycerol,Glycerol,3846.2259893048126,3846.2259893048126,0.0,0.0,1,1,1
ST003506,hsa00564,Glycerophospholipid Metabolism,0.2,32,imputation,4,3,1,Betaine,Betaine,363.5489483065953,363.5489483065953,0.0,0.0,1,1,1
ST003506,hsa00564,Glycerophospholipid Metabolism,0.2,33,imputation,4,3,1,sn-Glycero-3-phosphocholine,sn-Glycero-3-phosphocholine,455.60970588235307,455.60970588235307,0.0,0.0,1,1,1
ST003506,hsa00564,Glycerophospholipid Metabolism,0.2,34,imputation,4,3,1,Glycerol,Glycerol,3846.2259893048126,3846.2259893048126,0.0,0.0,1,1,1
ST003506,hsa00564,Glycerophospholipid Metabolism,0.2,35,imputation,4,3,1,Glycerol,Glycerol,3846.2259893048126,3846.2259893048126,0.0,0.0,1,1,1
ST003506,hsa00564,Glycerophospholipid Metabolism,0.2,36,imputation,4,3,1,Choline,Choline,33.195436720142595,33.195436720142595,0.0,0.0,1,1,1
ST003506,hsa00564,Glycerophospholipid Metabolism,0.2,37,imputation,4,3,1,Choline,Choline,33.195436720142595,33.195436720142595,0.0,0.0,1,1,1
ST003506,hsa00564,Glycerophospholipid Metabolism,0.2,38,imputation,4,3,1,Glycerol,Glycerol,3846.2259893048126,3846.2259893048126,0.0,0.0,1,1,1
ST003506,hsa00564,Glycerophospholipid Metabolism,0.2,39,imputation,4,3,1,sn-Glycero-3-phosphocholine,sn-Glycero-3-phosphocholine,455.60970588235307,455.60970588235307,0.0,0.0,1,1,1
ST003506,hsa00564,Glycerophospholipid Metabolism,0.2,40,imputation,4,3,1,Choline,Choline,33.195436720142595,33.195436720142595,0.0,0.0,1,1,1
ST003506,hsa00564,Glycerophospholipid Metabolism,0.2,41,imputation,4,3,1,sn-Glycero-3-phosphocholine,sn-Glycero-3-phosphocholine,455.60970588235307,455.60970588235307,0.0,0.0,1,1,1
ST003506,hsa00564,Glycerophospholipid Metabolism,0.2,42,imputation,4,3,1,Glycerol,Glycerol,3846.2259893048126,3846.2259893048126,0.0,0.0,1,1,1
ST003506,hsa00564,Glycerophospholipid Metabolism,0.2,43,imputation,4,3,1,Choline,Choline,33.195436720142595,33.195436720142595,0.0,0.0,1,1,1
ST003506,hsa00564,Glycerophospholipid Metabolism,0.2,44,imputation,4,3,1,Betaine,Betaine,363.5489483065953,363.5489483065953,0.0,0.0,1,1,1
ST003506,hsa00564,Glycerophospholipid Metabolism,0.2,45,imputation,4,3,1,Choline,Choline,33.195436720142595,33.195436720142595,0.0,0.0,1,1,1
ST003506,hsa00564,Glycerophospholipid Metabolism,0.2,46,imputation,4,3,1,sn-Glycero-3-phosphocholine,sn-Glycero-3-phosphocholine,455.60970588235307,455.60970588235307,0.0,0.0,1,1,1
ST003506,hsa00564,Glycerophospholipid Metabolism,0.2,47,imputation,4,3,1,Betaine,Betaine,363.5489483065953,363.5489483065953,0.0,0.0,1,1,1
ST003506,hsa00564,Glycerophospholipid Metabolism,0.2,48,imputation,4,3,1,Choline,Choline,33.195436720142595,33.195436720142595,0.0,0.0,1,1,1
ST003506,hsa00564,Glycerophospholipid Metabolism,0.2,49,imputation,4,3,1,Betaine,Betaine,363.5489483065953,363.5489483065953,0.0,0.0,1,1,1
ST003506,hsa00564,Glycerophospholipid Metabolism,0.2,50,imputation,4,3,1,sn-Glycero-3-phosphocholine,sn-Glycero-3-phosphocholine,455.60970588235307,455.60970588235307,0.0,0.0,1,1,1
ST003506,hsa00564,Glycerophospholipid Metabolism,0.2,51,imputation,4,3,1,sn-Glycero-3-phosphocholine,sn-Glycero-3-phosphocholine,455.60970588235307,455.60970588235307,0.0,0.0,1,1,1
ST003506,hsa00564,Glycerophospholipid Metabolism,0.2,52,imputation,4,3,1,Choline,Choline,33.195436720142595,33.195436720142595,0.0,0.0,1,1,1
ST003506,hsa00564,Glycerophospholipid Metabolism,0.2,53,imputation,4,3,1,Choline,Choline,33.195436720142595,33.195436720142595,0.0,0.0,1,1,1
ST003506,hsa00564,Glycerophospholipid Metabolism,0.2,54,imputation,4,3,1,Glycerol,Glycerol,3846.2259893048126,3846.2259893048126,0.0,0.0,1,1,1
ST003506,hsa00564,Glycerophospholipid Metabolism,0.2,55,imputation,4,3,1,Choline,Choline,33.195436720142595,33.195436720142595,0.0,0.0,1,1,1
ST003506,hsa00564,Glycerophospholipid Metabolism,0.2,56,imputation,4,3,1,Glycerol,Glycerol,3846.2259893048126,3846.2259893048126,0.0,0.0,1,1,1
ST003506,hsa00564,Glycerophospholipid Metabolism,0.2,57,imputation,4,3,1,sn-Glycero-3-phosphocholine,sn-Glycero-3-phosphocholine,455.60970588235307,455.60970588235307,0.0,0.0,1,1,1
ST003506,hsa00564,Glycerophospholipid Metabolism,0.2,58,imputation,4,3,1,Choline,Choline,33.195436720142595,33.195436720142595,0.0,0.0,1,1,1
ST003506,hsa00564,Glycerophospholipid Metabolism,0.2,59,imputation,4,3,1,Choline,Choline,33.195436720142595,33.195436720142595,0.0,0.0,1,1,1
ST003506,hsa00564,Glycerophospholipid Metabolism,0.2,60,imputation,4,3,1,Choline,Choline,33.195436720142595,33.195436720142595,0.0,0.0,1,1,1
ST003506,hsa00564,Glycerophospholipid Metabolism,0.2,61,imputation,4,3,1,sn-Glycero-3-phosphocholine,sn-Glycero-3-phosphocholine,455.60970588235307,455.60970588235307,0.0,0.0,1,1,1
ST003506,hsa00564,Glycerophospholipid Metabolism,0.2,62,imputation,4,3,1,Betaine,Betaine,363.5489483065953,363.5489483065953,0.0,0.0,1,1,1
ST003506,hsa00564,Glycerophospholipid Metabolism,0.2,63,imputation,4,3,1,Glycerol,Glycerol,3846.2259893048126,3846.2259893048126,0.0,0.0,1,1,1
ST003506,hsa00564,Glycerophospholipid Metabolism,0.2,64,imputation,4,3,1,sn-Glycero-3-phosphocholine,sn-Glycero-3-phosphocholine,455.60970588235307,455.60970588235307,0.0,0.0,1,1,1
ST003506,hsa00564,Glycerophospholipid Metabolism,0.2,65,imputation,4,3,1,Choline,Choline,33.195436720142595,33.195436720142595,0.0,0.0,1,1,1
ST003506,hsa00564,Glycerophospholipid Metabolism,0.2,66,imputation,4,3,1,Choline,Choline,33.195436720142595,33.195436720142595,0.0,0.0,1,1,1
ST003506,hsa00564,Glycerophospholipid Metabolism,0.2,67,imputation,4,3,1,Glycerol,Glycerol,3846.2259893048126,3846.2259893048126,0.0,0.0,1,1,1
ST003506,hsa00564,Glycerophospholipid Metabolism,0.2,68,imputation,4,3,1,sn-Glycero-3-phosphocholine,sn-Glycero-3-phosphocholine,455.60970588235307,455.60970588235307,0.0,0.0,1,1,1
ST003506,hsa00564,Glycerophospholipid Metabolism,0.2,69,imputation,4,3,1,Choline,Choline,33.195436720142595,33.195436720142595,0.0,0.0,1,1,1
ST003506,hsa00564,Glycerophospholipid Metabolism,0.2,70,imputation,4,3,1,sn-Glycero-3-phosphocholine,sn-Glycero-3-phosphocholine,455.60970588235307,455.60970588235307,0.0,0.0,1,1,1
ST003506,hsa00564,Glycerophospholipid Metabolism,0.2,71,imputation,4,3,1,Betaine,Betaine,363.5489483065953,363.5489483065953,0.0,0.0,1,1,1
ST003506,hsa00564,Glycerophospholipid Metabolism,0.2,72,imputation,4,3,1,Choline,Choline,33.195436720142595,33.195436720142595,0.0,0.0,1,1,1
ST003506,hsa00564,Glycerophospholipid Metabolism,0.2,73,imputation,4,3,1,Glycerol,Glycerol,3846.2259893048126,3846.2259893048126,0.0,0.0,1,1,1
ST003506,hsa00564,Glycerophospholipid Metabolism,0.2,74,imputation,4,3,1,Glycerol,Glycerol,3846.2259893048126,3846.2259893048126,0.0,0.0,1,1,1
ST003506,hsa00564,Glycerophospholipid Metabolism,0.2,75,imputation,4,3,1,Choline,Choline,33.195436720142595,33.195436720142595,0.0,0.0,1,1,1
ST003506,hsa00564,Glycerophospholipid Metabolism,0.2,76,imputation,4,3,1,Choline,Choline,33.195436720142595,33.195436720142595,0.0,0.0,1,1,1
ST003506,hsa00564,Glycerophospholipid Metabolism,0.2,77,imputation,4,3,1,Glycerol,Glycerol,3846.2259893048126,3846.2259893048126,0.0,0.0,1,1,1
ST003506,hsa00564,Glycerophospholipid Metabolism,0.2,78,imputation,4,3,1,Choline,Choline,33.195436720142595,33.195436720142595,0.0,0.0,1,1,1
ST003506,hsa00564,Glycerophospholipid Metabolism,0.2,79,imputation,4,3,1,Betaine,Betaine,363.5489483065953,363.5489483065953,0.0,0.0,1,1,1
ST003506,hsa00564,Glycerophospholipid Metabolism,0.2,80,imputation,4,3,1,Choline,Choline,33.195436720142595,33.195436720142595,0.0,0.0,1,1,1
ST003506,hsa00564,Glycerophospholipid Metabolism,0.2,81,imputation,4,3,1,Betaine,Betaine,363.5489483065953,363.5489483065953,0.0,0.0,1,1,1
ST003506,hsa00564,Glycerophospholipid Metabolism,0.2,82,imputation,4,3,1,Glycerol,Glycerol,3846.2259893048126,3846.2259893048126,0.0,0.0,1,1,1
ST003506,hsa00564,Glycerophospholipid Metabolism,0.2,83,imputation,4,3,1,Choline,Choline,33.195436720142595,33.195436720142595,0.0,0.0,1,1,1
ST003506,hsa00564,Glycerophospholipid Metabolism,0.2,84,imputation,4,3,1,Betaine,Betaine,363.5489483065953,363.5489483065953,0.0,0.0,1,1,1
ST003506,hsa00564,Glycerophospholipid Metabolism,0.2,85,imputation,4,3,1,Betaine,Betaine,363.5489483065953,363.5489483065953,0.0,0.0,1,1,1
ST003506,hsa00564,Glycerophospholipid Metabolism,0.2,86,imputation,4,3,1,Choline,Choline,33.195436720142595,33.195436720142595,0.0,0.0,1,1,1
ST003506,hsa00564,Glycerophospholipid Metabolism,0.2,87,imputation,4,3,1,Glycerol,Glycerol,3846.2259893048126,3846.2259893048126,0.0,0.0,1,1,1
ST003506,hsa00564,Glycerophospholipid Metabolism,0.2,88,imputation,4,3,1,sn-Glycero-3-phosphocholine,sn-Glycero-3-phosphocholine,455.60970588235307,455.60970588235307,0.0,0.0,1,1,1
ST003506,hsa00564,Glycerophospholipid Metabolism,0.2,89,imputation,4,3,1,Glycerol,Glycerol,3846.2259893048126,3846.2259893048126,0.0,0.0,1,1,1
ST003506,hsa00564,Glycerophospholipid Metabolism,0.2,90,imputation,4,3,1,sn-Glycero-3-phosphocholine,sn-Glycero-3-phosphocholine,455.60970588235307,455.60970588235307,0.0,0.0,1,1,1
ST003506,hsa00564,Glycerophospholipid Metabolism,0.2,91,imputation,4,3,1,sn-Glycero-3-phosphocholine,sn-Glycero-3-phosphocholine,455.60970588235307,455.60970588235307,0.0,0.0,1,1,1
ST003506,hsa00564,Glycerophospholipid Metabolism,0.2,92,imputation,4,3,1,sn-Glycero-3-phosphocholine,sn-Glycero-3-phosphocholine,455.60970588235307,455.60970588235307,0.0,0.0,1,1,1
ST003506,hsa00564,Glycerophospholipid Metabolism,0.2,93,imputation,4,3,1,Glycerol,Glycerol,3846.2259893048126,3846.2259893048126,0.0,0.0,1,1,1
ST003506,hsa00564,Glycerophospholipid Metabolism,0.2,94,imputation,4,3,1,sn-Glycero-3-phosphocholine,sn-Glycero-3-phosphocholine,455.60970588235307,455.60970588235307,0.0,0.0,1,1,1
ST003506,hsa00564,Glycerophospholipid Metabolism,0.2,95,imputation,4,3,1,Betaine,Betaine,363.5489483065953,363.5489483065953,0.0,0.0,1,1,1
ST003506,hsa00564,Glycerophospholipid Metabolism,0.2,96,imputation,4,3,1,Choline,Choline,33.195436720142595,33.195436720142595,0.0,0.0,1,1,1
ST003506,hsa00564,Glycerophospholipid Metabolism,0.2,97,imputation,4,3,1,Betaine,Betaine,363.5489483065953,363.5489483065953,0.0,0.0,1,1,1
ST003506,hsa00564,Glycerophospholipid Metabolism,0.2,98,imputation,4,3,1,Betaine,Betaine,363.5489483065953,363.5489483065953,0.0,0.0,1,1,1
ST003506,hsa00564,Glycerophospholipid Metabolism,0.2,99,imputation,4,3,1,Betaine,Betaine,363.5489483065953,363.5489483065953,0.0,0.0,1,1,1
ST003506,hsa00564,Glycerophospholipid Metabolism,0.2,100,imputation,4,3,1,sn-Glycero-3-phosphocholine,sn-Glycero-3-phosphocholine,455.60970588235307,455.60970588235307,0.0,0.0,1,1,1
ST003506,hsa00564,Glycerophospholipid Metabolism,0.3,1,imputation,4,2,2,Betaine,Betaine,363.5489483065953,363.5489483065953,0.0,0.0,1,1,1
ST003506,hsa00564,Glycerophospholipid Metabolism,0.3,2,imputation,4,2,2,Glycerol,Glycerol,3846.2259893048126,3846.2259893048126,0.0,0.0,1,1,1
ST003506,hsa00564,Glycerophospholipid Metabolism,0.3,3,imputation,4,2,2,Glycerol,Glycerol,3846.2259893048126,3846.2259893048126,0.0,0.0,1,1,1
ST003506,hsa00564,Glycerophospholipid Metabolism,0.3,4,imputation,4,2,2,Betaine,Betaine,363.5489483065953,363.5489483065953,0.0,0.0,1,1,1
ST003506,hsa00564,Glycerophospholipid Metabolism,0.3,5,imputation,4,2,2,Glycerol,Glycerol,3846.2259893048126,3846.2259893048126,0.0,0.0,1,1,1
ST003506,hsa00564,Glycerophospholipid Metabolism,0.3,6,imputation,4,2,2,Glycerol,Glycerol,3846.2259893048126,3846.2259893048126,0.0,0.0,1,1,1
ST003506,hsa00564,Glycerophospholipid Metabolism,0.3,7,imputation,4,2,2,Betaine,Betaine,363.5489483065953,363.5489483065953,0.0,0.0,1,1,1
ST003506,hsa00564,Glycerophospholipid Metabolism,0.3,8,imputation,4,2,2,sn-Glycero-3-phosphocholine,sn-Glycero-3-phosphocholine,455.60970588235307,455.60970588235307,0.0,0.0,1,1,1
ST003506,hsa00564,Glycerophospholipid Metabolism,0.3,9,imputation,4,2,2,Glycerol,Glycerol,3846.2259893048126,3846.2259893048126,0.0,0.0,1,1,1
ST003506,hsa00564,Glycerophospholipid Metabolism,0.3,10,imputation,4,2,2,Glycerol,Glycerol,3846.2259893048126,3846.2259893048126,0.0,0.0,1,1,1
ST003506,hsa00564,Glycerophospholipid Metabolism,0.3,11,imputation,4,2,2,sn-Glycero-3-phosphocholine,sn-Glycero-3-phosphocholine,455.60970588235307,455.60970588235307,0.0,0.0,1,1,1
ST003506,hsa00564,Glycerophospholipid Metabolism,0.3,12,imputation,4,2,2,sn-Glycero-3-phosphocholine,sn-Glycero-3-phosphocholine,455.60970588235307,455.60970588235307,0.0,0.0,1,1,1
ST003506,hsa00564,Glycerophospholipid Metabolism,0.3,13,imputation,4,2,2,sn-Glycero-3-phosphocholine,sn-Glycero-3-phosphocholine,455.60970588235307,455.60970588235307,0.0,0.0,1,1,1
ST003506,hsa00564,Glycerophospholipid Metabolism,0.3,14,imputation,4,2,2,Betaine,Betaine,363.5489483065953,363.5489483065953,0.0,0.0,1,1,1
ST003506,hsa00564,Glycerophospholipid Metabolism,0.3,15,imputation,4,2,2,Betaine,Betaine,363.5489483065953,363.5489483065953,0.0,0.0,1,1,1
ST003506,hsa00564,Glycerophospholipid Metabolism,0.3,16,imputation,4,2,2,Betaine,Betaine,363.5489483065953,363.5489483065953,0.0,0.0,1,1,1
ST003506,hsa00564,Glycerophospholipid Metabolism,0.3,17,imputation,4,2,2,Betaine,Betaine,363.5489483065953,363.5489483065953,0.0,0.0,1,1,1
ST003506,hsa00564,Glycerophospholipid Metabolism,0.3,18,imputation,4,2,2,Glycerol,Glycerol,3846.2259893048126,3846.2259893048126,0.0,0.0,1,1,1
ST003506,hsa00564,Glycerophospholipid Metabolism,0.3,19,imputation,4,2,2,sn-Glycero-3-phosphocholine,sn-Glycero-3-phosphocholine,455.60970588235307,455.60970588235307,0.0,0.0,1,1,1
ST003506,hsa00564,Glycerophospholipid Metabolism,0.3,20,imputation,4,2,2,Betaine,Betaine,363.5489483065953,363.5489483065953,0.0,0.0,1,1,1
ST003506,hsa00564,Glycerophospholipid Metabolism,0.3,21,imputation,4,2,2,sn-Glycero-3-phosphocholine,sn-Glycero-3-phosphocholine,455.60970588235307,455.60970588235307,0.0,0.0,1,1,1
ST003506,hsa00564,Glycerophospholipid Metabolism,0.3,22,imputation,4,2,2,sn-Glycero-3-phosphocholine,sn-Glycero-3-phosphocholine,455.60970588235307,455.60970588235307,0.0,0.0,1,1,1
ST003506,hsa00564,Glycerophospholipid Metabolism,0.3,23,imputation,4,2,2,sn-Glycero-3-phosphocholine,sn-Glycero-3-phosphocholine,455.60970588235307,455.60970588235307,0.0,0.0,1,1,1
ST003506,hsa00564,Glycerophospholipid Metabolism,0.3,24,imputation,4,2,2,Betaine,Betaine,363.5489483065953,363.5489483065953,0.0,0.0,1,1,1
ST003506,hsa00564,Glycerophospholipid Metabolism,0.3,25,imputation,4,2,2,sn-Glycero-3-phosphocholine,sn-Glycero-3-phosphocholine,455.60970588235307,455.60970588235307,0.0,0.0,1,1,1
ST003506,hsa00564,Glycerophospholipid Metabolism,0.3,26,imputation,4,2,2,Glycerol,Glycerol,3846.2259893048126,3846.2259893048126,0.0,0.0,1,1,1
ST003506,hsa00564,Glycerophospholipid Metabolism,0.3,27,imputation,4,2,2,sn-Glycero-3-phosphocholine,sn-Glycero-3-phosphocholine,455.60970588235307,455.60970588235307,0.0,0.0,1,1,1
ST003506,hsa00564,Glycerophospholipid Metabolism,0.3,28,imputation,4,2,2,Betaine,Betaine,363.5489483065953,363.5489483065953,0.0,0.0,1,1,1
ST003506,hsa00564,Glycerophospholipid Metabolism,0.3,29,imputation,4,2,2,Glycerol,Glycerol,3846.2259893048126,3846.2259893048126,0.0,0.0,1,1,1
ST003506,hsa00564,Glycerophospholipid Metabolism,0.3,30,imputation,4,2,2,Glycerol,Glycerol,3846.2259893048126,3846.2259893048126,0.0,0.0,1,1,1
ST003506,hsa00564,Glycerophospholipid Metabolism,0.3,31,imputation,4,2,2,Glycerol,Glycerol,3846.2259893048126,3846.2259893048126,0.0,0.0,1,1,1
ST003506,hsa00564,Glycerophospholipid Metabolism,0.3,32,imputation,4,2,2,Betaine,Betaine,363.5489483065953,363.5489483065953,0.0,0.0,1,1,1
ST003506,hsa00564,Glycerophospholipid Metabolism,0.3,33,imputation,4,2,2,Glycerol,Glycerol,3846.2259893048126,3846.2259893048126,0.0,0.0,1,1,1
ST003506,hsa00564,Glycerophospholipid Metabolism,0.3,34,imputation,4,2,2,Glycerol,Glycerol,3846.2259893048126,3846.2259893048126,0.0,0.0,1,1,1
ST003506,hsa00564,Glycerophospholipid Metabolism,0.3,35,imputation,4,2,2,Glycerol,Glycerol,3846.2259893048126,3846.2259893048126,0.0,0.0,1,1,1
ST003506,hsa00564,Glycerophospholipid Metabolism,0.3,36,imputation,4,2,2,Betaine,Betaine,363.5489483065953,363.5489483065953,0.0,0.0,1,1,1
ST003506,hsa00564,Glycerophospholipid Metabolism,0.3,37,imputation,4,2,2,sn-Glycero-3-phosphocholine,sn-Glycero-3-phosphocholine,455.60970588235307,455.60970588235307,0.0,0.0,1,1,1
ST003506,hsa00564,Glycerophospholipid Metabolism,0.3,38,imputation,4,2,2,Glycerol,Glycerol,3846.2259893048126,3846.2259893048126,0.0,0.0,1,1,1
ST003506,hsa00564,Glycerophospholipid Metabolism,0.3,39,imputation,4,2,2,sn-Glycero-3-phosphocholine,sn-Glycero-3-phosphocholine,455.60970588235307,455.60970588235307,0.0,0.0,1,1,1
ST003506,hsa00564,Glycerophospholipid Metabolism,0.3,40,imputation,4,2,2,sn-Glycero-3-phosphocholine,sn-Glycero-3-phosphocholine,455.60970588235307,455.60970588235307,0.0,0.0,1,1,1
ST003506,hsa00564,Glycerophospholipid Metabolism,0.3,41,imputation,4,2,2,sn-Glycero-3-phosphocholine,sn-Glycero-3-phosphocholine,455.60970588235307,455.60970588235307,0.0,0.0,1,1,1
ST003506,hsa00564,Glycerophospholipid Metabolism,0.3,42,imputation,4,2,2,Glycerol,Glycerol,3846.2259893048126,3846.2259893048126,0.0,0.0,1,1,1
ST003506,hsa00564,Glycerophospholipid Metabolism,0.3,43,imputation,4,2,2,Glycerol,Glycerol,3846.2259893048126,3846.2259893048126,0.0,0.0,1,1,1
ST003506,hsa00564,Glycerophospholipid Metabolism,0.3,44,imputation,4,2,2,Glycerol,Glycerol,3846.2259893048126,3846.2259893048126,0.0,0.0,1,1,1
ST003506,hsa00564,Glycerophospholipid Metabolism,0.3,45,imputation,4,2,2,Glycerol,Glycerol,3846.2259893048126,3846.2259893048126,0.0,0.0,1,1,1
ST003506,hsa00564,Glycerophospholipid Metabolism,0.3,46,imputation,4,2,2,sn-Glycero-3-phosphocholine,sn-Glycero-3-phosphocholine,455.60970588235307,455.60970588235307,0.0,0.0,1,1,1
ST003506,hsa00564,Glycerophospholipid Metabolism,0.3,47,imputation,4,2,2,Glycerol,Glycerol,3846.2259893048126,3846.2259893048126,0.0,0.0,1,1,1
ST003506,hsa00564,Glycerophospholipid Metabolism,0.3,48,imputation,4,2,2,Glycerol,Glycerol,3846.2259893048126,3846.2259893048126,0.0,0.0,1,1,1
ST003506,hsa00564,Glycerophospholipid Metabolism,0.3,49,imputation,4,2,2,Glycerol,Glycerol,3846.2259893048126,3846.2259893048126,0.0,0.0,1,1,1
ST003506,hsa00564,Glycerophospholipid Metabolism,0.3,50,imputation,4,2,2,Glycerol,Glycerol,3846.2259893048126,3846.2259893048126,0.0,0.0,1,1,1
ST003506,hsa00564,Glycerophospholipid Metabolism,0.3,51,imputation,4,2,2,Glycerol,Glycerol,3846.2259893048126,3846.2259893048126,0.0,0.0,1,1,1
ST003506,hsa00564,Glycerophospholipid Metabolism,0.3,52,imputation,4,2,2,Betaine,Betaine,363.5489483065953,363.5489483065953,0.0,0.0,1,1,1
ST003506,hsa00564,Glycerophospholipid Metabolism,0.3,53,imputation,4,2,2,sn-Glycero-3-phosphocholine,sn-Glycero-3-phosphocholine,455.60970588235307,455.60970588235307,0.0,0.0,1,1,1
ST003506,hsa00564,Glycerophospholipid Metabolism,0.3,54,imputation,4,2,2,Glycerol,Glycerol,3846.2259893048126,3846.2259893048126,0.0,0.0,1,1,1
ST003506,hsa00564,Glycerophospholipid Metabolism,0.3,55,imputation,4,2,2,sn-Glycero-3-phosphocholine,sn-Glycero-3-phosphocholine,455.60970588235307,455.60970588235307,0.0,0.0,1,1,1
ST003506,hsa00564,Glycerophospholipid Metabolism,0.3,56,imputation,4,2,2,Glycerol,Glycerol,3846.2259893048126,3846.2259893048126,0.0,0.0,1,1,1
ST003506,hsa00564,Glycerophospholipid Metabolism,0.3,57,imputation,4,2,2,sn-Glycero-3-phosphocholine,sn-Glycero-3-phosphocholine,455.60970588235307,455.60970588235307,0.0,0.0,1,1,1
ST003506,hsa00564,Glycerophospholipid Metabolism,0.3,58,imputation,4,2,2,sn-Glycero-3-phosphocholine,sn-Glycero-3-phosphocholine,455.60970588235307,455.60970588235307,0.0,0.0,1,1,1
ST003506,hsa00564,Glycerophospholipid Metabolism,0.3,59,imputation,4,2,2,Glycerol,Glycerol,3846.2259893048126,3846.2259893048126,0.0,0.0,1,1,1
ST003506,hsa00564,Glycerophospholipid Metabolism,0.3,60,imputation,4,2,2,Glycerol,Glycerol,3846.2259893048126,3846.2259893048126,0.0,0.0,1,1,1
ST003506,hsa00564,Glycerophospholipid Metabolism,0.3,61,imputation,4,2,2,Glycerol,Glycerol,3846.2259893048126,3846.2259893048126,0.0,0.0,1,1,1
ST003506,hsa00564,Glycerophospholipid Metabolism,0.3,62,imputation,4,2,2,sn-Glycero-3-phosphocholine,sn-Glycero-3-phosphocholine,455.60970588235307,455.60970588235307,0.0,0.0,1,1,1
ST003506,hsa00564,Glycerophospholipid Metabolism,0.3,63,imputation,4,2,2,Glycerol,Glycerol,3846.2259893048126,3846.2259893048126,0.0,0.0,1,1,1
ST003506,hsa00564,Glycerophospholipid Metabolism,0.3,64,imputation,4,2,2,sn-Glycero-3-phosphocholine,sn-Glycero-3-phosphocholine,455.60970588235307,455.60970588235307,0.0,0.0,1,1,1
ST003506,hsa00564,Glycerophospholipid Metabolism,0.3,65,imputation,4,2,2,Glycerol,Glycerol,3846.2259893048126,3846.2259893048126,0.0,0.0,1,1,1
ST003506,hsa00564,Glycerophospholipid Metabolism,0.3,66,imputation,4,2,2,Glycerol,Glycerol,3846.2259893048126,3846.2259893048126,0.0,0.0,1,1,1
ST003506,hsa00564,Glycerophospholipid Metabolism,0.3,67,imputation,4,2,2,Glycerol,Glycerol,3846.2259893048126,3846.2259893048126,0.0,0.0,1,1,1
ST003506,hsa00564,Glycerophospholipid Metabolism,0.3,68,imputation,4,2,2,Glycerol,Glycerol,3846.2259893048126,3846.2259893048126,0.0,0.0,1,1,1
ST003506,hsa00564,Glycerophospholipid Metabolism,0.3,69,imputation,4,2,2,sn-Glycero-3-phosphocholine,sn-Glycero-3-phosphocholine,455.60970588235307,455.60970588235307,0.0,0.0,1,1,1
ST003506,hsa00564,Glycerophospholipid Metabolism,0.3,70,imputation,4,2,2,Glycerol,Glycerol,3846.2259893048126,3846.2259893048126,0.0,0.0,1,1,1
ST003506,hsa00564,Glycerophospholipid Metabolism,0.3,71,imputation,4,2,2,Glycerol,Glycerol,3846.2259893048126,3846.2259893048126,0.0,0.0,1,1,1
ST003506,hsa00564,Glycerophospholipid Metabolism,0.3,72,imputation,4,2,2,Glycerol,Glycerol,3846.2259893048126,3846.2259893048126,0.0,0.0,1,1,1
ST003506,hsa00564,Glycerophospholipid Metabolism,0.3,73,imputation,4,2,2,Glycerol,Glycerol,3846.2259893048126,3846.2259893048126,0.0,0.0,1,1,1
ST003506,hsa00564,Glycerophospholipid Metabolism,0.3,74,imputation,4,2,2,Glycerol,Glycerol,3846.2259893048126,3846.2259893048126,0.0,0.0,1,1,1
ST003506,hsa00564,Glycerophospholipid Metabolism,0.3,75,imputation,4,2,2,Betaine,Betaine,363.5489483065953,363.5489483065953,0.0,0.0,1,1,1
ST003506,hsa00564,Glycerophospholipid Metabolism,0.3,76,imputation,4,2,2,sn-Glycero-3-phosphocholine,sn-Glycero-3-phosphocholine,455.60970588235307,455.60970588235307,0.0,0.0,1,1,1
ST003506,hsa00564,Glycerophospholipid Metabolism,0.3,77,imputation,4,2,2,Glycerol,Glycerol,3846.2259893048126,3846.2259893048126,0.0,0.0,1,1,1
ST003506,hsa00564,Glycerophospholipid Metabolism,0.3,78,imputation,4,2,2,Betaine,Betaine,363.5489483065953,363.5489483065953,0.0,0.0,1,1,1
ST003506,hsa00564,Glycerophospholipid Metabolism,0.3,79,imputation,4,2,2,sn-Glycero-3-phosphocholine,sn-Glycero-3-phosphocholine,455.60970588235307,455.60970588235307,0.0,0.0,1,1,1
ST003506,hsa00564,Glycerophospholipid Metabolism,0.3,80,imputation,4,2,2,Glycerol,Glycerol,3846.2259893048126,3846.2259893048126,0.0,0.0,1,1,1
ST003506,hsa00564,Glycerophospholipid Metabolism,0.3,81,imputation,4,2,2,Betaine,Betaine,363.5489483065953,363.5489483065953,0.0,0.0,1,1,1
ST003506,hsa00564,Glycerophospholipid Metabolism,0.3,82,imputation,4,2,2,Glycerol,Glycerol,3846.2259893048126,3846.2259893048126,0.0,0.0,1,1,1
ST003506,hsa00564,Glycerophospholipid Metabolism,0.3,83,imputation,4,2,2,Betaine,Betaine,363.5489483065953,363.5489483065953,0.0,0.0,1,1,1
ST003506,hsa00564,Glycerophospholipid Metabolism,0.3,84,imputation,4,2,2,Glycerol,Glycerol,3846.2259893048126,3846.2259893048126,0.0,0.0,1,1,1
ST003506,hsa00564,Glycerophospholipid Metabolism,0.3,85,imputation,4,2,2,Glycerol,Glycerol,3846.2259893048126,3846.2259893048126,0.0,0.0,1,1,1
ST003506,hsa00564,Glycerophospholipid Metabolism,0.3,86,imputation,4,2,2,sn-Glycero-3-phosphocholine,sn-Glycero-3-phosphocholine,455.60970588235307,455.60970588235307,0.0,0.0,1,1,1
ST003506,hsa00564,Glycerophospholipid Metabolism,0.3,87,imputation,4,2,2,Glycerol,Glycerol,3846.2259893048126,3846.2259893048126,0.0,0.0,1,1,1
ST003506,hsa00564,Glycerophospholipid Metabolism,0.3,88,imputation,4,2,2,sn-Glycero-3-phosphocholine,sn-Glycero-3-phosphocholine,455.60970588235307,455.60970588235307,0.0,0.0,1,1,1
ST003506,hsa00564,Glycerophospholipid Metabolism,0.3,89,imputation,4,2,2,Glycerol,Glycerol,3846.2259893048126,3846.2259893048126,0.0,0.0,1,1,1
ST003506,hsa00564,Glycerophospholipid Metabolism,0.3,90,imputation,4,2,2,sn-Glycero-3-phosphocholine,sn-Glycero-3-phosphocholine,455.60970588235307,455.60970588235307,0.0,0.0,1,1,1
ST003506,hsa00564,Glycerophospholipid Metabolism,0.3,91,imputation,4,2,2,sn-Glycero-3-phosphocholine,sn-Glycero-3-phosphocholine,455.60970588235307,455.60970588235307,0.0,0.0,1,1,1
ST003506,hsa00564,Glycerophospholipid Metabolism,0.3,92,imputation,4,2,2,Glycerol,Glycerol,3846.2259893048126,3846.2259893048126,0.0,0.0,1,1,1
ST003506,hsa00564,Glycerophospholipid Metabolism,0.3,93,imputation,4,2,2,Glycerol,Glycerol,3846.2259893048126,3846.2259893048126,0.0,0.0,1,1,1
ST003506,hsa00564,Glycerophospholipid Metabolism,0.3,94,imputation,4,2,2,Glycerol,Glycerol,3846.2259893048126,3846.2259893048126,0.0,0.0,1,1,1
ST003506,hsa00564,Glycerophospholipid Metabolism,0.3,95,imputation,4,2,2,sn-Glycero-3-phosphocholine,sn-Glycero-3-phosphocholine,455.60970588235307,455.60970588235307,0.0,0.0,1,1,1
ST003506,hsa00564,Glycerophospholipid Metabolism,0.3,96,imputation,4,2,2,sn-Glycero-3-phosphocholine,sn-Glycero-3-phosphocholine,455.60970588235307,455.60970588235307,0.0,0.0,1,1,1
ST003506,hsa00564,Glycerophospholipid Metabolism,0.3,97,imputation,4,2,2,Glycerol,Glycerol,3846.2259893048126,3846.2259893048126,0.0,0.0,1,1,1
ST003506,hsa00564,Glycerophospholipid Metabolism,0.3,98,imputation,4,2,2,sn-Glycero-3-phosphocholine,sn-Glycero-3-phosphocholine,455.60970588235307,455.60970588235307,0.0,0.0,1,1,1
ST003506,hsa00564,Glycerophospholipid Metabolism,0.3,99,imputation,4,2,2,Glycerol,Glycerol,3846.2259893048126,3846.2259893048126,0.0,0.0,1,1,1
ST003506,hsa00564,Glycerophospholipid Metabolism,0.3,100,imputation,4,2,2,sn-Glycero-3-phosphocholine,sn-Glycero-3-phosphocholine,455.60970588235307,455.60970588235307,0.0,0.0,1,1,1
ST003506,hsa00564,Glycerophospholipid Metabolism,0.4,1,imputation,4,2,2,Betaine,Betaine,363.5489483065953,363.5489483065953,0.0,0.0,1,1,1
ST003506,hsa00564,Glycerophospholipid Metabolism,0.4,2,imputation,4,2,2,Glycerol,Glycerol,3846.2259893048126,3846.2259893048126,0.0,0.0,1,1,1
ST003506,hsa00564,Glycerophospholipid Metabolism,0.4,3,imputation,4,2,2,Glycerol,Glycerol,3846.2259893048126,3846.2259893048126,0.0,0.0,1,1,1
ST003506,hsa00564,Glycerophospholipid Metabolism,0.4,4,imputation,4,2,2,Betaine,Betaine,363.5489483065953,363.5489483065953,0.0,0.0,1,1,1
ST003506,hsa00564,Glycerophospholipid Metabolism,0.4,5,imputation,4,2,2,Glycerol,Glycerol,3846.2259893048126,3846.2259893048126,0.0,0.0,1,1,1
ST003506,hsa00564,Glycerophospholipid Metabolism,0.4,6,imputation,4,2,2,Glycerol,Glycerol,3846.2259893048126,3846.2259893048126,0.0,0.0,1,1,1
ST003506,hsa00564,Glycerophospholipid Metabolism,0.4,7,imputation,4,2,2,Betaine,Betaine,363.5489483065953,363.5489483065953,0.0,0.0,1,1,1
ST003506,hsa00564,Glycerophospholipid Metabolism,0.4,8,imputation,4,2,2,sn-Glycero-3-phosphocholine,sn-Glycero-3-phosphocholine,455.60970588235307,455.60970588235307,0.0,0.0,1,1,1
ST003506,hsa00564,Glycerophospholipid Metabolism,0.4,9,imputation,4,2,2,Glycerol,Glycerol,3846.2259893048126,3846.2259893048126,0.0,0.0,1,1,1
ST003506,hsa00564,Glycerophospholipid Metabolism,0.4,10,imputation,4,2,2,Glycerol,Glycerol,3846.2259893048126,3846.2259893048126,0.0,0.0,1,1,1
ST003506,hsa00564,Glycerophospholipid Metabolism,0.4,11,imputation,4,2,2,sn-Glycero-3-phosphocholine,sn-Glycero-3-phosphocholine,455.60970588235307,455.60970588235307,0.0,0.0,1,1,1
ST003506,hsa00564,Glycerophospholipid Metabolism,0.4,12,imputation,4,2,2,sn-Glycero-3-phosphocholine,sn-Glycero-3-phosphocholine,455.60970588235307,455.60970588235307,0.0,0.0,1,1,1
ST003506,hsa00564,Glycerophospholipid Metabolism,0.4,13,imputation,4,2,2,sn-Glycero-3-phosphocholine,sn-Glycero-3-phosphocholine,455.60970588235307,455.60970588235307,0.0,0.0,1,1,1
ST003506,hsa00564,Glycerophospholipid Metabolism,0.4,14,imputation,4,2,2,Betaine,Betaine,363.5489483065953,363.5489483065953,0.0,0.0,1,1,1
ST003506,hsa00564,Glycerophospholipid Metabolism,0.4,15,imputation,4,2,2,Betaine,Betaine,363.5489483065953,363.5489483065953,0.0,0.0,1,1,1
ST003506,hsa00564,Glycerophospholipid Metabolism,0.4,16,imputation,4,2,2,Betaine,Betaine,363.5489483065953,363.5489483065953,0.0,0.0,1,1,1
ST003506,hsa00564,Glycerophospholipid Metabolism,0.4,17,imputation,4,2,2,Betaine,Betaine,363.5489483065953,363.5489483065953,0.0,0.0,1,1,1
ST003506,hsa00564,Glycerophospholipid Metabolism,0.4,18,imputation,4,2,2,Glycerol,Glycerol,3846.2259893048126,3846.2259893048126,0.0,0.0,1,1,1
ST003506,hsa00564,Glycerophospholipid Metabolism,0.4,19,imputation,4,2,2,sn-Glycero-3-phosphocholine,sn-Glycero-3-phosphocholine,455.60970588235307,455.60970588235307,0.0,0.0,1,1,1
ST003506,hsa00564,Glycerophospholipid Metabolism,0.4,20,imputation,4,2,2,Betaine,Betaine,363.5489483065953,363.5489483065953,0.0,0.0,1,1,1
ST003506,hsa00564,Glycerophospholipid Metabolism,0.4,21,imputation,4,2,2,sn-Glycero-3-phosphocholine,sn-Glycero-3-phosphocholine,455.60970588235307,455.60970588235307,0.0,0.0,1,1,1
ST003506,hsa00564,Glycerophospholipid Metabolism,0.4,22,imputation,4,2,2,sn-Glycero-3-phosphocholine,sn-Glycero-3-phosphocholine,455.60970588235307,455.60970588235307,0.0,0.0,1,1,1
ST003506,hsa00564,Glycerophospholipid Metabolism,0.4,23,imputation,4,2,2,sn-Glycero-3-phosphocholine,sn-Glycero-3-phosphocholine,455.60970588235307,455.60970588235307,0.0,0.0,1,1,1
ST003506,hsa00564,Glycerophospholipid Metabolism,0.4,24,imputation,4,2,2,Betaine,Betaine,363.5489483065953,363.5489483065953,0.0,0.0,1,1,1
ST003506,hsa00564,Glycerophospholipid Metabolism,0.4,25,imputation,4,2,2,sn-Glycero-3-phosphocholine,sn-Glycero-3-phosphocholine,455.60970588235307,455.60970588235307,0.0,0.0,1,1,1
ST003506,hsa00564,Glycerophospholipid Metabolism,0.4,26,imputation,4,2,2,Glycerol,Glycerol,3846.2259893048126,3846.2259893048126,0.0,0.0,1,1,1
ST003506,hsa00564,Glycerophospholipid Metabolism,0.4,27,imputation,4,2,2,sn-Glycero-3-phosphocholine,sn-Glycero-3-phosphocholine,455.60970588235307,455.60970588235307,0.0,0.0,1,1,1
ST003506,hsa00564,Glycerophospholipid Metabolism,0.4,28,imputation,4,2,2,Betaine,Betaine,363.5489483065953,363.5489483065953,0.0,0.0,1,1,1
ST003506,hsa00564,Glycerophospholipid Metabolism,0.4,29,imputation,4,2,2,Glycerol,Glycerol,3846.2259893048126,3846.2259893048126,0.0,0.0,1,1,1
ST003506,hsa00564,Glycerophospholipid Metabolism,0.4,30,imputation,4,2,2,Glycerol,Glycerol,3846.2259893048126,3846.2259893048126,0.0,0.0,1,1,1
ST003506,hsa00564,Glycerophospholipid Metabolism,0.4,31,imputation,4,2,2,Glycerol,Glycerol,3846.2259893048126,3846.2259893048126,0.0,0.0,1,1,1
ST003506,hsa00564,Glycerophospholipid Metabolism,0.4,32,imputation,4,2,2,Betaine,Betaine,363.5489483065953,363.5489483065953,0.0,0.0,1,1,1
ST003506,hsa00564,Glycerophospholipid Metabolism,0.4,33,imputation,4,2,2,Glycerol,Glycerol,3846.2259893048126,3846.2259893048126,0.0,0.0,1,1,1
ST003506,hsa00564,Glycerophospholipid Metabolism,0.4,34,imputation,4,2,2,Glycerol,Glycerol,3846.2259893048126,3846.2259893048126,0.0,0.0,1,1,1
ST003506,hsa00564,Glycerophospholipid Metabolism,0.4,35,imputation,4,2,2,Glycerol,Glycerol,3846.2259893048126,3846.2259893048126,0.0,0.0,1,1,1
ST003506,hsa00564,Glycerophospholipid Metabolism,0.4,36,imputation,4,2,2,Betaine,Betaine,363.5489483065953,363.5489483065953,0.0,0.0,1,1,1
ST003506,hsa00564,Glycerophospholipid Metabolism,0.4,37,imputation,4,2,2,sn-Glycero-3-phosphocholine,sn-Glycero-3-phosphocholine,455.60970588235307,455.60970588235307,0.0,0.0,1,1,1
ST003506,hsa00564,Glycerophospholipid Metabolism,0.4,38,imputation,4,2,2,Glycerol,Glycerol,3846.2259893048126,3846.2259893048126,0.0,0.0,1,1,1
ST003506,hsa00564,Glycerophospholipid Metabolism,0.4,39,imputation,4,2,2,sn-Glycero-3-phosphocholine,sn-Glycero-3-phosphocholine,455.60970588235307,455.60970588235307,0.0,0.0,1,1,1
ST003506,hsa00564,Glycerophospholipid Metabolism,0.4,40,imputation,4,2,2,sn-Glycero-3-phosphocholine,sn-Glycero-3-phosphocholine,455.60970588235307,455.60970588235307,0.0,0.0,1,1,1
ST003506,hsa00564,Glycerophospholipid Metabolism,0.4,41,imputation,4,2,2,sn-Glycero-3-phosphocholine,sn-Glycero-3-phosphocholine,455.60970588235307,455.60970588235307,0.0,0.0,1,1,1
ST003506,hsa00564,Glycerophospholipid Metabolism,0.4,42,imputation,4,2,2,Glycerol,Glycerol,3846.2259893048126,3846.2259893048126,0.0,0.0,1,1,1
ST003506,hsa00564,Glycerophospholipid Metabolism,0.4,43,imputation,4,2,2,Glycerol,Glycerol,3846.2259893048126,3846.2259893048126,0.0,0.0,1,1,1
ST003506,hsa00564,Glycerophospholipid Metabolism,0.4,44,imputation,4,2,2,Glycerol,Glycerol,3846.2259893048126,3846.2259893048126,0.0,0.0,1,1,1
ST003506,hsa00564,Glycerophospholipid Metabolism,0.4,45,imputation,4,2,2,Glycerol,Glycerol,3846.2259893048126,3846.2259893048126,0.0,0.0,1,1,1
ST003506,hsa00564,Glycerophospholipid Metabolism,0.4,46,imputation,4,2,2,sn-Glycero-3-phosphocholine,sn-Glycero-3-phosphocholine,455.60970588235307,455.60970588235307,0.0,0.0,1,1,1
ST003506,hsa00564,Glycerophospholipid Metabolism,0.4,47,imputation,4,2,2,Glycerol,Glycerol,3846.2259893048126,3846.2259893048126,0.0,0.0,1,1,1
ST003506,hsa00564,Glycerophospholipid Metabolism,0.4,48,imputation,4,2,2,Glycerol,Glycerol,3846.2259893048126,3846.2259893048126,0.0,0.0,1,1,1
ST003506,hsa00564,Glycerophospholipid Metabolism,0.4,49,imputation,4,2,2,Glycerol,Glycerol,3846.2259893048126,3846.2259893048126,0.0,0.0,1,1,1
ST003506,hsa00564,Glycerophospholipid Metabolism,0.4,50,imputation,4,2,2,Glycerol,Glycerol,3846.2259893048126,3846.2259893048126,0.0,0.0,1,1,1
ST003506,hsa00564,Glycerophospholipid Metabolism,0.4,51,imputation,4,2,2,Glycerol,Glycerol,3846.2259893048126,3846.2259893048126,0.0,0.0,1,1,1
ST003506,hsa00564,Glycerophospholipid Metabolism,0.4,52,imputation,4,2,2,Betaine,Betaine,363.5489483065953,363.5489483065953,0.0,0.0,1,1,1
ST003506,hsa00564,Glycerophospholipid Metabolism,0.4,53,imputation,4,2,2,sn-Glycero-3-phosphocholine,sn-Glycero-3-phosphocholine,455.60970588235307,455.60970588235307,0.0,0.0,1,1,1
ST003506,hsa00564,Glycerophospholipid Metabolism,0.4,54,imputation,4,2,2,Glycerol,Glycerol,3846.2259893048126,3846.2259893048126,0.0,0.0,1,1,1
ST003506,hsa00564,Glycerophospholipid Metabolism,0.4,55,imputation,4,2,2,sn-Glycero-3-phosphocholine,sn-Glycero-3-phosphocholine,455.60970588235307,455.60970588235307,0.0,0.0,1,1,1
ST003506,hsa00564,Glycerophospholipid Metabolism,0.4,56,imputation,4,2,2,Glycerol,Glycerol,3846.2259893048126,3846.2259893048126,0.0,0.0,1,1,1
ST003506,hsa00564,Glycerophospholipid Metabolism,0.4,57,imputation,4,2,2,sn-Glycero-3-phosphocholine,sn-Glycero-3-phosphocholine,455.60970588235307,455.60970588235307,0.0,0.0,1,1,1
ST003506,hsa00564,Glycerophospholipid Metabolism,0.4,58,imputation,4,2,2,sn-Glycero-3-phosphocholine,sn-Glycero-3-phosphocholine,455.60970588235307,455.60970588235307,0.0,0.0,1,1,1
ST003506,hsa00564,Glycerophospholipid Metabolism,0.4,59,imputation,4,2,2,Glycerol,Glycerol,3846.2259893048126,3846.2259893048126,0.0,0.0,1,1,1
ST003506,hsa00564,Glycerophospholipid Metabolism,0.4,60,imputation,4,2,2,Glycerol,Glycerol,3846.2259893048126,3846.2259893048126,0.0,0.0,1,1,1
ST003506,hsa00564,Glycerophospholipid Metabolism,0.4,61,imputation,4,2,2,Glycerol,Glycerol,3846.2259893048126,3846.2259893048126,0.0,0.0,1,1,1
ST003506,hsa00564,Glycerophospholipid Metabolism,0.4,62,imputation,4,2,2,sn-Glycero-3-phosphocholine,sn-Glycero-3-phosphocholine,455.60970588235307,455.60970588235307,0.0,0.0,1,1,1
ST003506,hsa00564,Glycerophospholipid Metabolism,0.4,63,imputation,4,2,2,Glycerol,Glycerol,3846.2259893048126,3846.2259893048126,0.0,0.0,1,1,1
ST003506,hsa00564,Glycerophospholipid Metabolism,0.4,64,imputation,4,2,2,sn-Glycero-3-phosphocholine,sn-Glycero-3-phosphocholine,455.60970588235307,455.60970588235307,0.0,0.0,1,1,1
ST003506,hsa00564,Glycerophospholipid Metabolism,0.4,65,imputation,4,2,2,Glycerol,Glycerol,3846.2259893048126,3846.2259893048126,0.0,0.0,1,1,1
ST003506,hsa00564,Glycerophospholipid Metabolism,0.4,66,imputation,4,2,2,Glycerol,Glycerol,3846.2259893048126,3846.2259893048126,0.0,0.0,1,1,1
ST003506,hsa00564,Glycerophospholipid Metabolism,0.4,67,imputation,4,2,2,Glycerol,Glycerol,3846.2259893048126,3846.2259893048126,0.0,0.0,1,1,1
ST003506,hsa00564,Glycerophospholipid Metabolism,0.4,68,imputation,4,2,2,Glycerol,Glycerol,3846.2259893048126,3846.2259893048126,0.0,0.0,1,1,1
ST003506,hsa00564,Glycerophospholipid Metabolism,0.4,69,imputation,4,2,2,sn-Glycero-3-phosphocholine,sn-Glycero-3-phosphocholine,455.60970588235307,455.60970588235307,0.0,0.0,1,1,1
ST003506,hsa00564,Glycerophospholipid Metabolism,0.4,70,imputation,4,2,2,Glycerol,Glycerol,3846.2259893048126,3846.2259893048126,0.0,0.0,1,1,1
ST003506,hsa00564,Glycerophospholipid Metabolism,0.4,71,imputation,4,2,2,Glycerol,Glycerol,3846.2259893048126,3846.2259893048126,0.0,0.0,1,1,1
ST003506,hsa00564,Glycerophospholipid Metabolism,0.4,72,imputation,4,2,2,Glycerol,Glycerol,3846.2259893048126,3846.2259893048126,0.0,0.0,1,1,1
ST003506,hsa00564,Glycerophospholipid Metabolism,0.4,73,imputation,4,2,2,Glycerol,Glycerol,3846.2259893048126,3846.2259893048126,0.0,0.0,1,1,1
ST003506,hsa00564,Glycerophospholipid Metabolism,0.4,74,imputation,4,2,2,Glycerol,Glycerol,3846.2259893048126,3846.2259893048126,0.0,0.0,1,1,1
ST003506,hsa00564,Glycerophospholipid Metabolism,0.4,75,imputation,4,2,2,Betaine,Betaine,363.5489483065953,363.5489483065953,0.0,0.0,1,1,1
ST003506,hsa00564,Glycerophospholipid Metabolism,0.4,76,imputation,4,2,2,sn-Glycero-3-phosphocholine,sn-Glycero-3-phosphocholine,455.60970588235307,455.60970588235307,0.0,0.0,1,1,1
ST003506,hsa00564,Glycerophospholipid Metabolism,0.4,77,imputation,4,2,2,Glycerol,Glycerol,3846.2259893048126,3846.2259893048126,0.0,0.0,1,1,1
ST003506,hsa00564,Glycerophospholipid Metabolism,0.4,78,imputation,4,2,2,Betaine,Betaine,363.5489483065953,363.5489483065953,0.0,0.0,1,1,1
ST003506,hsa00564,Glycerophospholipid Metabolism,0.4,79,imputation,4,2,2,sn-Glycero-3-phosphocholine,sn-Glycero-3-phosphocholine,455.60970588235307,455.60970588235307,0.0,0.0,1,1,1
ST003506,hsa00564,Glycerophospholipid Metabolism,0.4,80,imputation,4,2,2,Glycerol,Glycerol,3846.2259893048126,3846.2259893048126,0.0,0.0,1,1,1
ST003506,hsa00564,Glycerophospholipid Metabolism,0.4,81,imputation,4,2,2,Betaine,Betaine,363.5489483065953,363.5489483065953,0.0,0.0,1,1,1
ST003506,hsa00564,Glycerophospholipid Metabolism,0.4,82,imputation,4,2,2,Glycerol,Glycerol,3846.2259893048126,3846.2259893048126,0.0,0.0,1,1,1
ST003506,hsa00564,Glycerophospholipid Metabolism,0.4,83,imputation,4,2,2,Betaine,Betaine,363.5489483065953,363.5489483065953,0.0,0.0,1,1,1
ST003506,hsa00564,Glycerophospholipid Metabolism,0.4,84,imputation,4,2,2,Glycerol,Glycerol,3846.2259893048126,3846.2259893048126,0.0,0.0,1,1,1
ST003506,hsa00564,Glycerophospholipid Metabolism,0.4,85,imputation,4,2,2,Glycerol,Glycerol,3846.2259893048126,3846.2259893048126,0.0,0.0,1,1,1
ST003506,hsa00564,Glycerophospholipid Metabolism,0.4,86,imputation,4,2,2,sn-Glycero-3-phosphocholine,sn-Glycero-3-phosphocholine,455.60970588235307,455.60970588235307,0.0,0.0,1,1,1
ST003506,hsa00564,Glycerophospholipid Metabolism,0.4,87,imputation,4,2,2,Glycerol,Glycerol,3846.2259893048126,3846.2259893048126,0.0,0.0,1,1,1
ST003506,hsa00564,Glycerophospholipid Metabolism,0.4,88,imputation,4,2,2,sn-Glycero-3-phosphocholine,sn-Glycero-3-phosphocholine,455.60970588235307,455.60970588235307,0.0,0.0,1,1,1
ST003506,hsa00564,Glycerophospholipid Metabolism,0.4,89,imputation,4,2,2,Glycerol,Glycerol,3846.2259893048126,3846.2259893048126,0.0,0.0,1,1,1
ST003506,hsa00564,Glycerophospholipid Metabolism,0.4,90,imputation,4,2,2,sn-Glycero-3-phosphocholine,sn-Glycero-3-phosphocholine,455.60970588235307,455.60970588235307,0.0,0.0,1,1,1
ST003506,hsa00564,Glycerophospholipid Metabolism,0.4,91,imputation,4,2,2,sn-Glycero-3-phosphocholine,sn-Glycero-3-phosphocholine,455.60970588235307,455.60970588235307,0.0,0.0,1,1,1
ST003506,hsa00564,Glycerophospholipid Metabolism,0.4,92,imputation,4,2,2,Glycerol,Glycerol,3846.2259893048126,3846.2259893048126,0.0,0.0,1,1,1
ST003506,hsa00564,Glycerophospholipid Metabolism,0.4,93,imputation,4,2,2,Glycerol,Glycerol,3846.2259893048126,3846.2259893048126,0.0,0.0,1,1,1
ST003506,hsa00564,Glycerophospholipid Metabolism,0.4,94,imputation,4,2,2,Glycerol,Glycerol,3846.2259893048126,3846.2259893048126,0.0,0.0,1,1,1
ST003506,hsa00564,Glycerophospholipid Metabolism,0.4,95,imputation,4,2,2,sn-Glycero-3-phosphocholine,sn-Glycero-3-phosphocholine,455.60970588235307,455.60970588235307,0.0,0.0,1,1,1
ST003506,hsa00564,Glycerophospholipid Metabolism,0.4,96,imputation,4,2,2,sn-Glycero-3-phosphocholine,sn-Glycero-3-phosphocholine,455.60970588235307,455.60970588235307,0.0,0.0,1,1,1
ST003506,hsa00564,Glycerophospholipid Metabolism,0.4,97,imputation,4,2,2,Glycerol,Glycerol,3846.2259893048126,3846.2259893048126,0.0,0.0,1,1,1
ST003506,hsa00564,Glycerophospholipid Metabolism,0.4,98,imputation,4,2,2,sn-Glycero-3-phosphocholine,sn-Glycero-3-phosphocholine,455.60970588235307,455.60970588235307,0.0,0.0,1,1,1
ST003506,hsa00564,Glycerophospholipid Metabolism,0.4,99,imputation,4,2,2,Glycerol,Glycerol,3846.2259893048126,3846.2259893048126,0.0,0.0,1,1,1
ST003506,hsa00564,Glycerophospholipid Metabolism,0.4,100,imputation,4,2,2,sn-Glycero-3-phosphocholine,sn-Glycero-3-phosphocholine,455.60970588235307,455.60970588235307,0.0,0.0,1,1,1
ST003506,hsa00010,Glycolysis / Gluconeogenesis,0.2,1,imputation,4,3,1,Glucose,Glucose,4130303.0546880574,4130303.0546880574,0.0,0.0,1,1,1
ST003506,hsa00010,Glycolysis / Gluconeogenesis,0.2,2,imputation,4,3,1,Pyruvic acid,Pyruvic acid,883.9466755793227,883.9466755793227,0.0,0.0,1,1,1
ST003506,hsa00010,Glycolysis / Gluconeogenesis,0.2,3,imputation,4,3,1,Mannose,Mannose,285.6854634581105,285.6854634581105,0.0,0.0,1,1,1
ST003506,hsa00010,Glycolysis / Gluconeogenesis,0.2,4,imputation,4,3,1,Glucose,Glucose,4130303.0546880574,4130303.0546880574,0.0,0.0,1,1,1
ST003506,hsa00010,Glycolysis / Gluconeogenesis,0.2,5,imputation,4,3,1,Mannose,Mannose,285.6854634581105,285.6854634581105,0.0,0.0,1,1,1
ST003506,hsa00010,Glycolysis / Gluconeogenesis,0.2,6,imputation,4,3,1,Mannose,Mannose,285.6854634581105,285.6854634581105,0.0,0.0,1,1,1
ST003506,hsa00010,Glycolysis / Gluconeogenesis,0.2,7,imputation,4,3,1,Glucose,Glucose,4130303.0546880574,4130303.0546880574,0.0,0.0,1,1,1
ST003506,hsa00010,Glycolysis / Gluconeogenesis,0.2,8,imputation,4,3,1,Pyruvic acid,Pyruvic acid,883.9466755793227,883.9466755793227,0.0,0.0,1,1,1
ST003506,hsa00010,Glycolysis / Gluconeogenesis,0.2,9,imputation,4,3,1,Lactic acid,Lactic acid,1952657.8039215691,1952657.8039215691,0.0,0.0,1,1,1
ST003506,hsa00010,Glycolysis / Gluconeogenesis,0.2,10,imputation,4,3,1,Mannose,Mannose,285.6854634581105,285.6854634581105,0.0,0.0,1,1,1
ST003506,hsa00010,Glycolysis / Gluconeogenesis,0.2,11,imputation,4,3,1,Lactic acid,Lactic acid,1952657.8039215691,1952657.8039215691,0.0,0.0,1,1,1
ST003506,hsa00010,Glycolysis / Gluconeogenesis,0.2,12,imputation,4,3,1,Lactic acid,Lactic acid,1952657.8039215691,1952657.8039215691,0.0,0.0,1,1,1
ST003506,hsa00010,Glycolysis / Gluconeogenesis,0.2,13,imputation,4,3,1,Glucose,Glucose,4130303.0546880574,4130303.0546880574,0.0,0.0,1,1,1
ST003506,hsa00010,Glycolysis / Gluconeogenesis,0.2,14,imputation,4,3,1,Glucose,Glucose,4130303.0546880574,4130303.0546880574,0.0,0.0,1,1,1
ST003506,hsa00010,Glycolysis / Gluconeogenesis,0.2,15,imputation,4,3,1,Glucose,Glucose,4130303.0546880574,4130303.0546880574,0.0,0.0,1,1,1
ST003506,hsa00010,Glycolysis / Gluconeogenesis,0.2,16,imputation,4,3,1,Lactic acid,Lactic acid,1952657.8039215691,1952657.8039215691,0.0,0.0,1,1,1
ST003506,hsa00010,Glycolysis / Gluconeogenesis,0.2,17,imputation,4,3,1,Lactic acid,Lactic acid,1952657.8039215691,1952657.8039215691,0.0,0.0,1,1,1
ST003506,hsa00010,Glycolysis / Gluconeogenesis,0.2,18,imputation,4,3,1,Mannose,Mannose,285.6854634581105,285.6854634581105,0.0,0.0,1,1,1
ST003506,hsa00010,Glycolysis / Gluconeogenesis,0.2,19,imputation,4,3,1,Pyruvic acid,Pyruvic acid,883.9466755793227,883.9466755793227,0.0,0.0,1,1,1
ST003506,hsa00010,Glycolysis / Gluconeogenesis,0.2,20,imputation,4,3,1,Lactic acid,Lactic acid,1952657.8039215691,1952657.8039215691,0.0,0.0,1,1,1
ST003506,hsa00010,Glycolysis / Gluconeogenesis,0.2,21,imputation,4,3,1,Pyruvic acid,Pyruvic acid,883.9466755793227,883.9466755793227,0.0,0.0,1,1,1
ST003506,hsa00010,Glycolysis / Gluconeogenesis,0.2,22,imputation,4,3,1,Pyruvic acid,Pyruvic acid,883.9466755793227,883.9466755793227,0.0,0.0,1,1,1
ST003506,hsa00010,Glycolysis / Gluconeogenesis,0.2,23,imputation,4,3,1,Pyruvic acid,Pyruvic acid,883.9466755793227,883.9466755793227,0.0,0.0,1,1,1
ST003506,hsa00010,Glycolysis / Gluconeogenesis,0.2,24,imputation,4,3,1,Glucose,Glucose,4130303.0546880574,4130303.0546880574,0.0,0.0,1,1,1
ST003506,hsa00010,Glycolysis / Gluconeogenesis,0.2,25,imputation,4,3,1,Glucose,Glucose,4130303.0546880574,4130303.0546880574,0.0,0.0,1,1,1
ST003506,hsa00010,Glycolysis / Gluconeogenesis,0.2,26,imputation,4,3,1,Pyruvic acid,Pyruvic acid,883.9466755793227,883.9466755793227,0.0,0.0,1,1,1
ST003506,hsa00010,Glycolysis / Gluconeogenesis,0.2,27,imputation,4,3,1,Glucose,Glucose,4130303.0546880574,4130303.0546880574,0.0,0.0,1,1,1
ST003506,hsa00010,Glycolysis / Gluconeogenesis,0.2,28,imputation,4,3,1,Glucose,Glucose,4130303.0546880574,4130303.0546880574,0.0,0.0,1,1,1
ST003506,hsa00010,Glycolysis / Gluconeogenesis,0.2,29,imputation,4,3,1,Mannose,Mannose,285.6854634581105,285.6854634581105,0.0,0.0,1,1,1
ST003506,hsa00010,Glycolysis / Gluconeogenesis,0.2,30,imputation,4,3,1,Glucose,Glucose,4130303.0546880574,4130303.0546880574,0.0,0.0,1,1,1
ST003506,hsa00010,Glycolysis / Gluconeogenesis,0.2,31,imputation,4,3,1,Mannose,Mannose,285.6854634581105,285.6854634581105,0.0,0.0,1,1,1
ST003506,hsa00010,Glycolysis / Gluconeogenesis,0.2,32,imputation,4,3,1,Glucose,Glucose,4130303.0546880574,4130303.0546880574,0.0,0.0,1,1,1
ST003506,hsa00010,Glycolysis / Gluconeogenesis,0.2,33,imputation,4,3,1,Pyruvic acid,Pyruvic acid,883.9466755793227,883.9466755793227,0.0,0.0,1,1,1
ST003506,hsa00010,Glycolysis / Gluconeogenesis,0.2,34,imputation,4,3,1,Mannose,Mannose,285.6854634581105,285.6854634581105,0.0,0.0,1,1,1
ST003506,hsa00010,Glycolysis / Gluconeogenesis,0.2,35,imputation,4,3,1,Mannose,Mannose,285.6854634581105,285.6854634581105,0.0,0.0,1,1,1
ST003506,hsa00010,Glycolysis / Gluconeogenesis,0.2,36,imputation,4,3,1,Lactic acid,Lactic acid,1952657.8039215691,1952657.8039215691,0.0,0.0,1,1,1
ST003506,hsa00010,Glycolysis / Gluconeogenesis,0.2,37,imputation,4,3,1,Lactic acid,Lactic acid,1952657.8039215691,1952657.8039215691,0.0,0.0,1,1,1
ST003506,hsa00010,Glycolysis / Gluconeogenesis,0.2,38,imputation,4,3,1,Mannose,Mannose,285.6854634581105,285.6854634581105,0.0,0.0,1,1,1
ST003506,hsa00010,Glycolysis / Gluconeogenesis,0.2,39,imputation,4,3,1,Pyruvic acid,Pyruvic acid,883.9466755793227,883.9466755793227,0.0,0.0,1,1,1
ST003506,hsa00010,Glycolysis / Gluconeogenesis,0.2,40,imputation,4,3,1,Lactic acid,Lactic acid,1952657.8039215691,1952657.8039215691,0.0,0.0,1,1,1
ST003506,hsa00010,Glycolysis / Gluconeogenesis,0.2,41,imputation,4,3,1,Pyruvic acid,Pyruvic acid,883.9466755793227,883.9466755793227,0.0,0.0,1,1,1
ST003506,hsa00010,Glycolysis / Gluconeogenesis,0.2,42,imputation,4,3,1,Mannose,Mannose,285.6854634581105,285.6854634581105,0.0,0.0,1,1,1
ST003506,hsa00010,Glycolysis / Gluconeogenesis,0.2,43,imputation,4,3,1,Lactic acid,Lactic acid,1952657.8039215691,1952657.8039215691,0.0,0.0,1,1,1
ST003506,hsa00010,Glycolysis / Gluconeogenesis,0.2,44,imputation,4,3,1,Glucose,Glucose,4130303.0546880574,4130303.0546880574,0.0,0.0,1,1,1
ST003506,hsa00010,Glycolysis / Gluconeogenesis,0.2,45,imputation,4,3,1,Lactic acid,Lactic acid,1952657.8039215691,1952657.8039215691,0.0,0.0,1,1,1
ST003506,hsa00010,Glycolysis / Gluconeogenesis,0.2,46,imputation,4,3,1,Pyruvic acid,Pyruvic acid,883.9466755793227,883.9466755793227,0.0,0.0,1,1,1
ST003506,hsa00010,Glycolysis / Gluconeogenesis,0.2,47,imputation,4,3,1,Glucose,Glucose,4130303.0546880574,4130303.0546880574,0.0,0.0,1,1,1
ST003506,hsa00010,Glycolysis / Gluconeogenesis,0.2,48,imputation,4,3,1,Lactic acid,Lactic acid,1952657.8039215691,1952657.8039215691,0.0,0.0,1,1,1
ST003506,hsa00010,Glycolysis / Gluconeogenesis,0.2,49,imputation,4,3,1,Glucose,Glucose,4130303.0546880574,4130303.0546880574,0.0,0.0,1,1,1
ST003506,hsa00010,Glycolysis / Gluconeogenesis,0.2,50,imputation,4,3,1,Pyruvic acid,Pyruvic acid,883.9466755793227,883.9466755793227,0.0,0.0,1,1,1
ST003506,hsa00010,Glycolysis / Gluconeogenesis,0.2,51,imputation,4,3,1,Pyruvic acid,Pyruvic acid,883.9466755793227,883.9466755793227,0.0,0.0,1,1,1
ST003506,hsa00010,Glycolysis / Gluconeogenesis,0.2,52,imputation,4,3,1,Lactic acid,Lactic acid,1952657.8039215691,1952657.8039215691,0.0,0.0,1,1,1
ST003506,hsa00010,Glycolysis / Gluconeogenesis,0.2,53,imputation,4,3,1,Lactic acid,Lactic acid,1952657.8039215691,1952657.8039215691,0.0,0.0,1,1,1
ST003506,hsa00010,Glycolysis / Gluconeogenesis,0.2,54,imputation,4,3,1,Mannose,Mannose,285.6854634581105,285.6854634581105,0.0,0.0,1,1,1
ST003506,hsa00010,Glycolysis / Gluconeogenesis,0.2,55,imputation,4,3,1,Lactic acid,Lactic acid,1952657.8039215691,1952657.8039215691,0.0,0.0,1,1,1
ST003506,hsa00010,Glycolysis / Gluconeogenesis,0.2,56,imputation,4,3,1,Mannose,Mannose,285.6854634581105,285.6854634581105,0.0,0.0,1,1,1
ST003506,hsa00010,Glycolysis / Gluconeogenesis,0.2,57,imputation,4,3,1,Pyruvic acid,Pyruvic acid,883.9466755793227,883.9466755793227,0.0,0.0,1,1,1
ST003506,hsa00010,Glycolysis / Gluconeogenesis,0.2,58,imputation,4,3,1,Lactic acid,Lactic acid,1952657.8039215691,1952657.8039215691,0.0,0.0,1,1,1
ST003506,hsa00010,Glycolysis / Gluconeogenesis,0.2,59,imputation,4,3,1,Lactic acid,Lactic acid,1952657.8039215691,1952657.8039215691,0.0,0.0,1,1,1
ST003506,hsa00010,Glycolysis / Gluconeogenesis,0.2,60,imputation,4,3,1,Lactic acid,Lactic acid,1952657.8039215691,1952657.8039215691,0.0,0.0,1,1,1
ST003506,hsa00010,Glycolysis / Gluconeogenesis,0.2,61,imputation,4,3,1,Pyruvic acid,Pyruvic acid,883.9466755793227,883.9466755793227,0.0,0.0,1,1,1
ST003506,hsa00010,Glycolysis / Gluconeogenesis,0.2,62,imputation,4,3,1,Glucose,Glucose,4130303.0546880574,4130303.0546880574,0.0,0.0,1,1,1
ST003506,hsa00010,Glycolysis / Gluconeogenesis,0.2,63,imputation,4,3,1,Mannose,Mannose,285.6854634581105,285.6854634581105,0.0,0.0,1,1,1
ST003506,hsa00010,Glycolysis / Gluconeogenesis,0.2,64,imputation,4,3,1,Pyruvic acid,Pyruvic acid,883.9466755793227,883.9466755793227,0.0,0.0,1,1,1
ST003506,hsa00010,Glycolysis / Gluconeogenesis,0.2,65,imputation,4,3,1,Lactic acid,Lactic acid,1952657.8039215691,1952657.8039215691,0.0,0.0,1,1,1
ST003506,hsa00010,Glycolysis / Gluconeogenesis,0.2,66,imputation,4,3,1,Lactic acid,Lactic acid,1952657.8039215691,1952657.8039215691,0.0,0.0,1,1,1
ST003506,hsa00010,Glycolysis / Gluconeogenesis,0.2,67,imputation,4,3,1,Mannose,Mannose,285.6854634581105,285.6854634581105,0.0,0.0,1,1,1
ST003506,hsa00010,Glycolysis / Gluconeogenesis,0.2,68,imputation,4,3,1,Pyruvic acid,Pyruvic acid,883.9466755793227,883.9466755793227,0.0,0.0,1,1,1
ST003506,hsa00010,Glycolysis / Gluconeogenesis,0.2,69,imputation,4,3,1,Lactic acid,Lactic acid,1952657.8039215691,1952657.8039215691,0.0,0.0,1,1,1
ST003506,hsa00010,Glycolysis / Gluconeogenesis,0.2,70,imputation,4,3,1,Pyruvic acid,Pyruvic acid,883.9466755793227,883.9466755793227,0.0,0.0,1,1,1
ST003506,hsa00010,Glycolysis / Gluconeogenesis,0.2,71,imputation,4,3,1,Glucose,Glucose,4130303.0546880574,4130303.0546880574,0.0,0.0,1,1,1
ST003506,hsa00010,Glycolysis / Gluconeogenesis,0.2,72,imputation,4,3,1,Lactic acid,Lactic acid,1952657.8039215691,1952657.8039215691,0.0,0.0,1,1,1
ST003506,hsa00010,Glycolysis / Gluconeogenesis,0.2,73,imputation,4,3,1,Mannose,Mannose,285.6854634581105,285.6854634581105,0.0,0.0,1,1,1
ST003506,hsa00010,Glycolysis / Gluconeogenesis,0.2,74,imputation,4,3,1,Mannose,Mannose,285.6854634581105,285.6854634581105,0.0,0.0,1,1,1
ST003506,hsa00010,Glycolysis / Gluconeogenesis,0.2,75,imputation,4,3,1,Lactic acid,Lactic acid,1952657.8039215691,1952657.8039215691,0.0,0.0,1,1,1
ST003506,hsa00010,Glycolysis / Gluconeogenesis,0.2,76,imputation,4,3,1,Lactic acid,Lactic acid,1952657.8039215691,1952657.8039215691,0.0,0.0,1,1,1
ST003506,hsa00010,Glycolysis / Gluconeogenesis,0.2,77,imputation,4,3,1,Mannose,Mannose,285.6854634581105,285.6854634581105,0.0,0.0,1,1,1
ST003506,hsa00010,Glycolysis / Gluconeogenesis,0.2,78,imputation,4,3,1,Lactic acid,Lactic acid,1952657.8039215691,1952657.8039215691,0.0,0.0,1,1,1
ST003506,hsa00010,Glycolysis / Gluconeogenesis,0.2,79,imputation,4,3,1,Glucose,Glucose,4130303.0546880574,4130303.0546880574,0.0,0.0,1,1,1
ST003506,hsa00010,Glycolysis / Gluconeogenesis,0.2,80,imputation,4,3,1,Lactic acid,Lactic acid,1952657.8039215691,1952657.8039215691,0.0,0.0,1,1,1
ST003506,hsa00010,Glycolysis / Gluconeogenesis,0.2,81,imputation,4,3,1,Glucose,Glucose,4130303.0546880574,4130303.0546880574,0.0,0.0,1,1,1
ST003506,hsa00010,Glycolysis / Gluconeogenesis,0.2,82,imputation,4,3,1,Mannose,Mannose,285.6854634581105,285.6854634581105,0.0,0.0,1,1,1
ST003506,hsa00010,Glycolysis / Gluconeogenesis,0.2,83,imputation,4,3,1,Lactic acid,Lactic acid,1952657.8039215691,1952657.8039215691,0.0,0.0,1,1,1
ST003506,hsa00010,Glycolysis / Gluconeogenesis,0.2,84,imputation,4,3,1,Glucose,Glucose,4130303.0546880574,4130303.0546880574,0.0,0.0,1,1,1
ST003506,hsa00010,Glycolysis / Gluconeogenesis,0.2,85,imputation,4,3,1,Glucose,Glucose,4130303.0546880574,4130303.0546880574,0.0,0.0,1,1,1
ST003506,hsa00010,Glycolysis / Gluconeogenesis,0.2,86,imputation,4,3,1,Lactic acid,Lactic acid,1952657.8039215691,1952657.8039215691,0.0,0.0,1,1,1
ST003506,hsa00010,Glycolysis / Gluconeogenesis,0.2,87,imputation,4,3,1,Mannose,Mannose,285.6854634581105,285.6854634581105,0.0,0.0,1,1,1
ST003506,hsa00010,Glycolysis / Gluconeogenesis,0.2,88,imputation,4,3,1,Pyruvic acid,Pyruvic acid,883.9466755793227,883.9466755793227,0.0,0.0,1,1,1
ST003506,hsa00010,Glycolysis / Gluconeogenesis,0.2,89,imputation,4,3,1,Mannose,Mannose,285.6854634581105,285.6854634581105,0.0,0.0,1,1,1
ST003506,hsa00010,Glycolysis / Gluconeogenesis,0.2,90,imputation,4,3,1,Pyruvic acid,Pyruvic acid,883.9466755793227,883.9466755793227,0.0,0.0,1,1,1
ST003506,hsa00010,Glycolysis / Gluconeogenesis,0.2,91,imputation,4,3,1,Pyruvic acid,Pyruvic acid,883.9466755793227,883.9466755793227,0.0,0.0,1,1,1
ST003506,hsa00010,Glycolysis / Gluconeogenesis,0.2,92,imputation,4,3,1,Pyruvic acid,Pyruvic acid,883.9466755793227,883.9466755793227,0.0,0.0,1,1,1
ST003506,hsa00010,Glycolysis / Gluconeogenesis,0.2,93,imputation,4,3,1,Mannose,Mannose,285.6854634581105,285.6854634581105,0.0,0.0,1,1,1
ST003506,hsa00010,Glycolysis / Gluconeogenesis,0.2,94,imputation,4,3,1,Pyruvic acid,Pyruvic acid,883.9466755793227,883.9466755793227,0.0,0.0,1,1,1
ST003506,hsa00010,Glycolysis / Gluconeogenesis,0.2,95,imputation,4,3,1,Glucose,Glucose,4130303.0546880574,4130303.0546880574,0.0,0.0,1,1,1
ST003506,hsa00010,Glycolysis / Gluconeogenesis,0.2,96,imputation,4,3,1,Lactic acid,Lactic acid,1952657.8039215691,1952657.8039215691,0.0,0.0,1,1,1
ST003506,hsa00010,Glycolysis / Gluconeogenesis,0.2,97,imputation,4,3,1,Glucose,Glucose,4130303.0546880574,4130303.0546880574,0.0,0.0,1,1,1
ST003506,hsa00010,Glycolysis / Gluconeogenesis,0.2,98,imputation,4,3,1,Glucose,Glucose,4130303.0546880574,4130303.0546880574,0.0,0.0,1,1,1
ST003506,hsa00010,Glycolysis / Gluconeogenesis,0.2,99,imputation,4,3,1,Glucose,Glucose,4130303.0546880574,4130303.0546880574,0.0,0.0,1,1,1
ST003506,hsa00010,Glycolysis / Gluconeogenesis,0.2,100,imputation,4,3,1,Pyruvic acid,Pyruvic acid,883.9466755793227,883.9466755793227,0.0,0.0,1,1,1
ST003506,hsa00010,Glycolysis / Gluconeogenesis,0.3,1,imputation,4,2,2,Glucose,Glucose,4130303.0546880574,4130303.0546880574,0.0,0.0,1,1,1
ST003506,hsa00010,Glycolysis / Gluconeogenesis,0.3,2,imputation,4,2,2,Pyruvic acid,Pyruvic acid,883.9466755793227,883.9466755793227,0.0,0.0,1,1,1
ST003506,hsa00010,Glycolysis / Gluconeogenesis,0.3,3,imputation,4,2,2,Lactic acid,Lactic acid,1952657.8039215691,1952657.8039215691,0.0,0.0,1,1,1
ST003506,hsa00010,Glycolysis / Gluconeogenesis,0.3,4,imputation,4,2,2,Glucose,Glucose,4130303.0546880574,4130303.0546880574,0.0,0.0,1,1,1
ST003506,hsa00010,Glycolysis / Gluconeogenesis,0.3,5,imputation,4,2,2,Glucose,Glucose,4130303.0546880574,4130303.0546880574,0.0,0.0,1,1,1
ST003506,hsa00010,Glycolysis / Gluconeogenesis,0.3,6,imputation,4,2,2,Glucose,Glucose,4130303.0546880574,4130303.0546880574,0.0,0.0,1,1,1
ST003506,hsa00010,Glycolysis / Gluconeogenesis,0.3,7,imputation,4,2,2,Glucose,Glucose,4130303.0546880574,4130303.0546880574,0.0,0.0,1,1,1
ST003506,hsa00010,Glycolysis / Gluconeogenesis,0.3,8,imputation,4,2,2,Lactic acid,Lactic acid,1952657.8039215691,1952657.8039215691,0.0,0.0,1,1,1
ST003506,hsa00010,Glycolysis / Gluconeogenesis,0.3,9,imputation,4,2,2,Lactic acid,Lactic acid,1952657.8039215691,1952657.8039215691,0.0,0.0,1,1,1
ST003506,hsa00010,Glycolysis / Gluconeogenesis,0.3,10,imputation,4,2,2,Glucose,Glucose,4130303.0546880574,4130303.0546880574,0.0,0.0,1,1,1
ST003506,hsa00010,Glycolysis / Gluconeogenesis,0.3,11,imputation,4,2,2,Lactic acid,Lactic acid,1952657.8039215691,1952657.8039215691,0.0,0.0,1,1,1
ST003506,hsa00010,Glycolysis / Gluconeogenesis,0.3,12,imputation,4,2,2,Lactic acid,Lactic acid,1952657.8039215691,1952657.8039215691,0.0,0.0,1,1,1
ST003506,hsa00010,Glycolysis / Gluconeogenesis,0.3,13,imputation,4,2,2,Glucose,Glucose,4130303.0546880574,4130303.0546880574,0.0,0.0,1,1,1
ST003506,hsa00010,Glycolysis / Gluconeogenesis,0.3,14,imputation,4,2,2,Glucose,Glucose,4130303.0546880574,4130303.0546880574,0.0,0.0,1,1,1
ST003506,hsa00010,Glycolysis / Gluconeogenesis,0.3,15,imputation,4,2,2,Glucose,Glucose,4130303.0546880574,4130303.0546880574,0.0,0.0,1,1,1
ST003506,hsa00010,Glycolysis / Gluconeogenesis,0.3,16,imputation,4,2,2,Glucose,Glucose,4130303.0546880574,4130303.0546880574,0.0,0.0,1,1,1
ST003506,hsa00010,Glycolysis / Gluconeogenesis,0.3,17,imputation,4,2,2,Glucose,Glucose,4130303.0546880574,4130303.0546880574,0.0,0.0,1,1,1
ST003506,hsa00010,Glycolysis / Gluconeogenesis,0.3,18,imputation,4,2,2,Lactic acid,Lactic acid,1952657.8039215691,1952657.8039215691,0.0,0.0,1,1,1
ST003506,hsa00010,Glycolysis / Gluconeogenesis,0.3,19,imputation,4,2,2,Glucose,Glucose,4130303.0546880574,4130303.0546880574,0.0,0.0,1,1,1
ST003506,hsa00010,Glycolysis / Gluconeogenesis,0.3,20,imputation,4,2,2,Glucose,Glucose,4130303.0546880574,4130303.0546880574,0.0,0.0,1,1,1
ST003506,hsa00010,Glycolysis / Gluconeogenesis,0.3,21,imputation,4,2,2,Lactic acid,Lactic acid,1952657.8039215691,1952657.8039215691,0.0,0.0,1,1,1
ST003506,hsa00010,Glycolysis / Gluconeogenesis,0.3,22,imputation,4,2,2,Glucose,Glucose,4130303.0546880574,4130303.0546880574,0.0,0.0,1,1,1
ST003506,hsa00010,Glycolysis / Gluconeogenesis,0.3,23,imputation,4,2,2,Lactic acid,Lactic acid,1952657.8039215691,1952657.8039215691,0.0,0.0,1,1,1
ST003506,hsa00010,Glycolysis / Gluconeogenesis,0.3,24,imputation,4,2,2,Glucose,Glucose,4130303.0546880574,4130303.0546880574,0.0,0.0,1,1,1
ST003506,hsa00010,Glycolysis / Gluconeogenesis,0.3,25,imputation,4,2,2,Glucose,Glucose,4130303.0546880574,4130303.0546880574,0.0,0.0,1,1,1
ST003506,hsa00010,Glycolysis / Gluconeogenesis,0.3,26,imputation,4,2,2,Pyruvic acid,Pyruvic acid,883.9466755793227,883.9466755793227,0.0,0.0,1,1,1
ST003506,hsa00010,Glycolysis / Gluconeogenesis,0.3,27,imputation,4,2,2,Glucose,Glucose,4130303.0546880574,4130303.0546880574,0.0,0.0,1,1,1
ST003506,hsa00010,Glycolysis / Gluconeogenesis,0.3,28,imputation,4,2,2,Glucose,Glucose,4130303.0546880574,4130303.0546880574,0.0,0.0,1,1,1
ST003506,hsa00010,Glycolysis / Gluconeogenesis,0.3,29,imputation,4,2,2,Pyruvic acid,Pyruvic acid,883.9466755793227,883.9466755793227,0.0,0.0,1,1,1
ST003506,hsa00010,Glycolysis / Gluconeogenesis,0.3,30,imputation,4,2,2,Glucose,Glucose,4130303.0546880574,4130303.0546880574,0.0,0.0,1,1,1
ST003506,hsa00010,Glycolysis / Gluconeogenesis,0.3,31,imputation,4,2,2,Glucose,Glucose,4130303.0546880574,4130303.0546880574,0.0,0.0,1,1,1
ST003506,hsa00010,Glycolysis / Gluconeogenesis,0.3,32,imputation,4,2,2,Glucose,Glucose,4130303.0546880574,4130303.0546880574,0.0,0.0,1,1,1
ST003506,hsa00010,Glycolysis / Gluconeogenesis,0.3,33,imputation,4,2,2,Pyruvic acid,Pyruvic acid,883.9466755793227,883.9466755793227,0.0,0.0,1,1,1
ST003506,hsa00010,Glycolysis / Gluconeogenesis,0.3,34,imputation,4,2,2,Lactic acid,Lactic acid,1952657.8039215691,1952657.8039215691,0.0,0.0,1,1,1
ST003506,hsa00010,Glycolysis / Gluconeogenesis,0.3,35,imputation,4,2,2,Lactic acid,Lactic acid,1952657.8039215691,1952657.8039215691,0.0,0.0,1,1,1
ST003506,hsa00010,Glycolysis / Gluconeogenesis,0.3,36,imputation,4,2,2,Glucose,Glucose,4130303.0546880574,4130303.0546880574,0.0,0.0,1,1,1
ST003506,hsa00010,Glycolysis / Gluconeogenesis,0.3,37,imputation,4,2,2,Lactic acid,Lactic acid,1952657.8039215691,1952657.8039215691,0.0,0.0,1,1,1
ST003506,hsa00010,Glycolysis / Gluconeogenesis,0.3,38,imputation,4,2,2,Lactic acid,Lactic acid,1952657.8039215691,1952657.8039215691,0.0,0.0,1,1,1
ST003506,hsa00010,Glycolysis / Gluconeogenesis,0.3,39,imputation,4,2,2,Lactic acid,Lactic acid,1952657.8039215691,1952657.8039215691,0.0,0.0,1,1,1
ST003506,hsa00010,Glycolysis / Gluconeogenesis,0.3,40,imputation,4,2,2,Lactic acid,Lactic acid,1952657.8039215691,1952657.8039215691,0.0,0.0,1,1,1
ST003506,hsa00010,Glycolysis / Gluconeogenesis,0.3,41,imputation,4,2,2,Lactic acid,Lactic acid,1952657.8039215691,1952657.8039215691,0.0,0.0,1,1,1
ST003506,hsa00010,Glycolysis / Gluconeogenesis,0.3,42,imputation,4,2,2,Glucose,Glucose,4130303.0546880574,4130303.0546880574,0.0,0.0,1,1,1
ST003506,hsa00010,Glycolysis / Gluconeogenesis,0.3,43,imputation,4,2,2,Lactic acid,Lactic acid,1952657.8039215691,1952657.8039215691,0.0,0.0,1,1,1
ST003506,hsa00010,Glycolysis / Gluconeogenesis,0.3,44,imputation,4,2,2,Glucose,Glucose,4130303.0546880574,4130303.0546880574,0.0,0.0,1,1,1
ST003506,hsa00010,Glycolysis / Gluconeogenesis,0.3,45,imputation,4,2,2,Lactic acid,Lactic acid,1952657.8039215691,1952657.8039215691,0.0,0.0,1,1,1
ST003506,hsa00010,Glycolysis / Gluconeogenesis,0.3,46,imputation,4,2,2,Glucose,Glucose,4130303.0546880574,4130303.0546880574,0.0,0.0,1,1,1
ST003506,hsa00010,Glycolysis / Gluconeogenesis,0.3,47,imputation,4,2,2,Glucose,Glucose,4130303.0546880574,4130303.0546880574,0.0,0.0,1,1,1
ST003506,hsa00010,Glycolysis / Gluconeogenesis,0.3,48,imputation,4,2,2,Lactic acid,Lactic acid,1952657.8039215691,1952657.8039215691,0.0,0.0,1,1,1
ST003506,hsa00010,Glycolysis / Gluconeogenesis,0.3,49,imputation,4,2,2,Glucose,Glucose,4130303.0546880574,4130303.0546880574,0.0,0.0,1,1,1
ST003506,hsa00010,Glycolysis / Gluconeogenesis,0.3,50,imputation,4,2,2,Pyruvic acid,Pyruvic acid,883.9466755793227,883.9466755793227,0.0,0.0,1,1,1
ST003506,hsa00010,Glycolysis / Gluconeogenesis,0.3,51,imputation,4,2,2,Pyruvic acid,Pyruvic acid,883.9466755793227,883.9466755793227,0.0,0.0,1,1,1
ST003506,hsa00010,Glycolysis / Gluconeogenesis,0.3,52,imputation,4,2,2,Glucose,Glucose,4130303.0546880574,4130303.0546880574,0.0,0.0,1,1,1
ST003506,hsa00010,Glycolysis / Gluconeogenesis,0.3,53,imputation,4,2,2,Lactic acid,Lactic acid,1952657.8039215691,1952657.8039215691,0.0,0.0,1,1,1
ST003506,hsa00010,Glycolysis / Gluconeogenesis,0.3,54,imputation,4,2,2,Lactic acid,Lactic acid,1952657.8039215691,1952657.8039215691,0.0,0.0,1,1,1
ST003506,hsa00010,Glycolysis / Gluconeogenesis,0.3,55,imputation,4,2,2,Lactic acid,Lactic acid,1952657.8039215691,1952657.8039215691,0.0,0.0,1,1,1
ST003506,hsa00010,Glycolysis / Gluconeogenesis,0.3,56,imputation,4,2,2,Pyruvic acid,Pyruvic acid,883.9466755793227,883.9466755793227,0.0,0.0,1,1,1
ST003506,hsa00010,Glycolysis / Gluconeogenesis,0.3,57,imputation,4,2,2,Lactic acid,Lactic acid,1952657.8039215691,1952657.8039215691,0.0,0.0,1,1,1
ST003506,hsa00010,Glycolysis / Gluconeogenesis,0.3,58,imputation,4,2,2,Lactic acid,Lactic acid,1952657.8039215691,1952657.8039215691,0.0,0.0,1,1,1
ST003506,hsa00010,Glycolysis / Gluconeogenesis,0.3,59,imputation,4,2,2,Lactic acid,Lactic acid,1952657.8039215691,1952657.8039215691,0.0,0.0,1,1,1
ST003506,hsa00010,Glycolysis / Gluconeogenesis,0.3,60,imputation,4,2,2,Lactic acid,Lactic acid,1952657.8039215691,1952657.8039215691,0.0,0.0,1,1,1
ST003506,hsa00010,Glycolysis / Gluconeogenesis,0.3,61,imputation,4,2,2,Pyruvic acid,Pyruvic acid,883.9466755793227,883.9466755793227,0.0,0.0,1,1,1
ST003506,hsa00010,Glycolysis / Gluconeogenesis,0.3,62,imputation,4,2,2,Glucose,Glucose,4130303.0546880574,4130303.0546880574,0.0,0.0,1,1,1
ST003506,hsa00010,Glycolysis / Gluconeogenesis,0.3,63,imputation,4,2,2,Pyruvic acid,Pyruvic acid,883.9466755793227,883.9466755793227,0.0,0.0,1,1,1
ST003506,hsa00010,Glycolysis / Gluconeogenesis,0.3,64,imputation,4,2,2,Glucose,Glucose,4130303.0546880574,4130303.0546880574,0.0,0.0,1,1,1
ST003506,hsa00010,Glycolysis / Gluconeogenesis,0.3,65,imputation,4,2,2,Lactic acid,Lactic acid,1952657.8039215691,1952657.8039215691,0.0,0.0,1,1,1
ST003506,hsa00010,Glycolysis / Gluconeogenesis,0.3,66,imputation,4,2,2,Lactic acid,Lactic acid,1952657.8039215691,1952657.8039215691,0.0,0.0,1,1,1
ST003506,hsa00010,Glycolysis / Gluconeogenesis,0.3,67,imputation,4,2,2,Glucose,Glucose,4130303.0546880574,4130303.0546880574,0.0,0.0,1,1,1
ST003506,hsa00010,Glycolysis / Gluconeogenesis,0.3,68,imputation,4,2,2,Pyruvic acid,Pyruvic acid,883.9466755793227,883.9466755793227,0.0,0.0,1,1,1
ST003506,hsa00010,Glycolysis / Gluconeogenesis,0.3,69,imputation,4,2,2,Lactic acid,Lactic acid,1952657.8039215691,1952657.8039215691,0.0,0.0,1,1,1
ST003506,hsa00010,Glycolysis / Gluconeogenesis,0.3,70,imputation,4,2,2,Pyruvic acid,Pyruvic acid,883.9466755793227,883.9466755793227,0.0,0.0,1,1,1
ST003506,hsa00010,Glycolysis / Gluconeogenesis,0.3,71,imputation,4,2,2,Glucose,Glucose,4130303.0546880574,4130303.0546880574,0.0,0.0,1,1,1
ST003506,hsa00010,Glycolysis / Gluconeogenesis,0.3,72,imputation,4,2,2,Lactic acid,Lactic acid,1952657.8039215691,1952657.8039215691,0.0,0.0,1,1,1
ST003506,hsa00010,Glycolysis / Gluconeogenesis,0.3,73,imputation,4,2,2,Glucose,Glucose,4130303.0546880574,4130303.0546880574,0.0,0.0,1,1,1
ST003506,hsa00010,Glycolysis / Gluconeogenesis,0.3,74,imputation,4,2,2,Glucose,Glucose,4130303.0546880574,4130303.0546880574,0.0,0.0,1,1,1
ST003506,hsa00010,Glycolysis / Gluconeogenesis,0.3,75,imputation,4,2,2,Glucose,Glucose,4130303.0546880574,4130303.0546880574,0.0,0.0,1,1,1
ST003506,hsa00010,Glycolysis / Gluconeogenesis,0.3,76,imputation,4,2,2,Lactic acid,Lactic acid,1952657.8039215691,1952657.8039215691,0.0,0.0,1,1,1
ST003506,hsa00010,Glycolysis / Gluconeogenesis,0.3,77,imputation,4,2,2,Glucose,Glucose,4130303.0546880574,4130303.0546880574,0.0,0.0,1,1,1
ST003506,hsa00010,Glycolysis / Gluconeogenesis,0.3,78,imputation,4,2,2,Glucose,Glucose,4130303.0546880574,4130303.0546880574,0.0,0.0,1,1,1
ST003506,hsa00010,Glycolysis / Gluconeogenesis,0.3,79,imputation,4,2,2,Glucose,Glucose,4130303.0546880574,4130303.0546880574,0.0,0.0,1,1,1
ST003506,hsa00010,Glycolysis / Gluconeogenesis,0.3,80,imputation,4,2,2,Lactic acid,Lactic acid,1952657.8039215691,1952657.8039215691,0.0,0.0,1,1,1
ST003506,hsa00010,Glycolysis / Gluconeogenesis,0.3,81,imputation,4,2,2,Glucose,Glucose,4130303.0546880574,4130303.0546880574,0.0,0.0,1,1,1
ST003506,hsa00010,Glycolysis / Gluconeogenesis,0.3,82,imputation,4,2,2,Pyruvic acid,Pyruvic acid,883.9466755793227,883.9466755793227,0.0,0.0,1,1,1
ST003506,hsa00010,Glycolysis / Gluconeogenesis,0.3,83,imputation,4,2,2,Glucose,Glucose,4130303.0546880574,4130303.0546880574,0.0,0.0,1,1,1
ST003506,hsa00010,Glycolysis / Gluconeogenesis,0.3,84,imputation,4,2,2,Glucose,Glucose,4130303.0546880574,4130303.0546880574,0.0,0.0,1,1,1
ST003506,hsa00010,Glycolysis / Gluconeogenesis,0.3,85,imputation,4,2,2,Glucose,Glucose,4130303.0546880574,4130303.0546880574,0.0,0.0,1,1,1
ST003506,hsa00010,Glycolysis / Gluconeogenesis,0.3,86,imputation,4,2,2,Lactic acid,Lactic acid,1952657.8039215691,1952657.8039215691,0.0,0.0,1,1,1
ST003506,hsa00010,Glycolysis / Gluconeogenesis,0.3,87,imputation,4,2,2,Glucose,Glucose,4130303.0546880574,4130303.0546880574,0.0,0.0,1,1,1
ST003506,hsa00010,Glycolysis / Gluconeogenesis,0.3,88,imputation,4,2,2,Lactic acid,Lactic acid,1952657.8039215691,1952657.8039215691,0.0,0.0,1,1,1
ST003506,hsa00010,Glycolysis / Gluconeogenesis,0.3,89,imputation,4,2,2,Lactic acid,Lactic acid,1952657.8039215691,1952657.8039215691,0.0,0.0,1,1,1
ST003506,hsa00010,Glycolysis / Gluconeogenesis,0.3,90,imputation,4,2,2,Glucose,Glucose,4130303.0546880574,4130303.0546880574,0.0,0.0,1,1,1
ST003506,hsa00010,Glycolysis / Gluconeogenesis,0.3,91,imputation,4,2,2,Lactic acid,Lactic acid,1952657.8039215691,1952657.8039215691,0.0,0.0,1,1,1
ST003506,hsa00010,Glycolysis / Gluconeogenesis,0.3,92,imputation,4,2,2,Pyruvic acid,Pyruvic acid,883.9466755793227,883.9466755793227,0.0,0.0,1,1,1
ST003506,hsa00010,Glycolysis / Gluconeogenesis,0.3,93,imputation,4,2,2,Pyruvic acid,Pyruvic acid,883.9466755793227,883.9466755793227,0.0,0.0,1,1,1
ST003506,hsa00010,Glycolysis / Gluconeogenesis,0.3,94,imputation,4,2,2,Pyruvic acid,Pyruvic acid,883.9466755793227,883.9466755793227,0.0,0.0,1,1,1
ST003506,hsa00010,Glycolysis / Gluconeogenesis,0.3,95,imputation,4,2,2,Glucose,Glucose,4130303.0546880574,4130303.0546880574,0.0,0.0,1,1,1
ST003506,hsa00010,Glycolysis / Gluconeogenesis,0.3,96,imputation,4,2,2,Lactic acid,Lactic acid,1952657.8039215691,1952657.8039215691,0.0,0.0,1,1,1
ST003506,hsa00010,Glycolysis / Gluconeogenesis,0.3,97,imputation,4,2,2,Glucose,Glucose,4130303.0546880574,4130303.0546880574,0.0,0.0,1,1,1
ST003506,hsa00010,Glycolysis / Gluconeogenesis,0.3,98,imputation,4,2,2,Glucose,Glucose,4130303.0546880574,4130303.0546880574,0.0,0.0,1,1,1
ST003506,hsa00010,Glycolysis / Gluconeogenesis,0.3,99,imputation,4,2,2,Glucose,Glucose,4130303.0546880574,4130303.0546880574,0.0,0.0,1,1,1
ST003506,hsa00010,Glycolysis / Gluconeogenesis,0.3,100,imputation,4,2,2,Glucose,Glucose,4130303.0546880574,4130303.0546880574,0.0,0.0,1,1,1
ST003506,hsa00010,Glycolysis / Gluconeogenesis,0.4,1,imputation,4,2,2,Glucose,Glucose,4130303.0546880574,4130303.0546880574,0.0,0.0,1,1,1
ST003506,hsa00010,Glycolysis / Gluconeogenesis,0.4,2,imputation,4,2,2,Pyruvic acid,Pyruvic acid,883.9466755793227,883.9466755793227,0.0,0.0,1,1,1
ST003506,hsa00010,Glycolysis / Gluconeogenesis,0.4,3,imputation,4,2,2,Lactic acid,Lactic acid,1952657.8039215691,1952657.8039215691,0.0,0.0,1,1,1
ST003506,hsa00010,Glycolysis / Gluconeogenesis,0.4,4,imputation,4,2,2,Glucose,Glucose,4130303.0546880574,4130303.0546880574,0.0,0.0,1,1,1
ST003506,hsa00010,Glycolysis / Gluconeogenesis,0.4,5,imputation,4,2,2,Glucose,Glucose,4130303.0546880574,4130303.0546880574,0.0,0.0,1,1,1
ST003506,hsa00010,Glycolysis / Gluconeogenesis,0.4,6,imputation,4,2,2,Glucose,Glucose,4130303.0546880574,4130303.0546880574,0.0,0.0,1,1,1
ST003506,hsa00010,Glycolysis / Gluconeogenesis,0.4,7,imputation,4,2,2,Glucose,Glucose,4130303.0546880574,4130303.0546880574,0.0,0.0,1,1,1
ST003506,hsa00010,Glycolysis / Gluconeogenesis,0.4,8,imputation,4,2,2,Lactic acid,Lactic acid,1952657.8039215691,1952657.8039215691,0.0,0.0,1,1,1
ST003506,hsa00010,Glycolysis / Gluconeogenesis,0.4,9,imputation,4,2,2,Lactic acid,Lactic acid,1952657.8039215691,1952657.8039215691,0.0,0.0,1,1,1
ST003506,hsa00010,Glycolysis / Gluconeogenesis,0.4,10,imputation,4,2,2,Glucose,Glucose,4130303.0546880574,4130303.0546880574,0.0,0.0,1,1,1
ST003506,hsa00010,Glycolysis / Gluconeogenesis,0.4,11,imputation,4,2,2,Lactic acid,Lactic acid,1952657.8039215691,1952657.8039215691,0.0,0.0,1,1,1
ST003506,hsa00010,Glycolysis / Gluconeogenesis,0.4,12,imputation,4,2,2,Lactic acid,Lactic acid,1952657.8039215691,1952657.8039215691,0.0,0.0,1,1,1
ST003506,hsa00010,Glycolysis / Gluconeogenesis,0.4,13,imputation,4,2,2,Glucose,Glucose,4130303.0546880574,4130303.0546880574,0.0,0.0,1,1,1
ST003506,hsa00010,Glycolysis / Gluconeogenesis,0.4,14,imputation,4,2,2,Glucose,Glucose,4130303.0546880574,4130303.0546880574,0.0,0.0,1,1,1
ST003506,hsa00010,Glycolysis / Gluconeogenesis,0.4,15,imputation,4,2,2,Glucose,Glucose,4130303.0546880574,4130303.0546880574,0.0,0.0,1,1,1
ST003506,hsa00010,Glycolysis / Gluconeogenesis,0.4,16,imputation,4,2,2,Glucose,Glucose,4130303.0546880574,4130303.0546880574,0.0,0.0,1,1,1
ST003506,hsa00010,Glycolysis / Gluconeogenesis,0.4,17,imputation,4,2,2,Glucose,Glucose,4130303.0546880574,4130303.0546880574,0.0,0.0,1,1,1
ST003506,hsa00010,Glycolysis / Gluconeogenesis,0.4,18,imputation,4,2,2,Lactic acid,Lactic acid,1952657.8039215691,1952657.8039215691,0.0,0.0,1,1,1
ST003506,hsa00010,Glycolysis / Gluconeogenesis,0.4,19,imputation,4,2,2,Glucose,Glucose,4130303.0546880574,4130303.0546880574,0.0,0.0,1,1,1
ST003506,hsa00010,Glycolysis / Gluconeogenesis,0.4,20,imputation,4,2,2,Glucose,Glucose,4130303.0546880574,4130303.0546880574,0.0,0.0,1,1,1
ST003506,hsa00010,Glycolysis / Gluconeogenesis,0.4,21,imputation,4,2,2,Lactic acid,Lactic acid,1952657.8039215691,1952657.8039215691,0.0,0.0,1,1,1
ST003506,hsa00010,Glycolysis / Gluconeogenesis,0.4,22,imputation,4,2,2,Glucose,Glucose,4130303.0546880574,4130303.0546880574,0.0,0.0,1,1,1
ST003506,hsa00010,Glycolysis / Gluconeogenesis,0.4,23,imputation,4,2,2,Lactic acid,Lactic acid,1952657.8039215691,1952657.8039215691,0.0,0.0,1,1,1
ST003506,hsa00010,Glycolysis / Gluconeogenesis,0.4,24,imputation,4,2,2,Glucose,Glucose,4130303.0546880574,4130303.0546880574,0.0,0.0,1,1,1
ST003506,hsa00010,Glycolysis / Gluconeogenesis,0.4,25,imputation,4,2,2,Glucose,Glucose,4130303.0546880574,4130303.0546880574,0.0,0.0,1,1,1
ST003506,hsa00010,Glycolysis / Gluconeogenesis,0.4,26,imputation,4,2,2,Pyruvic acid,Pyruvic acid,883.9466755793227,883.9466755793227,0.0,0.0,1,1,1
ST003506,hsa00010,Glycolysis / Gluconeogenesis,0.4,27,imputation,4,2,2,Glucose,Glucose,4130303.0546880574,4130303.0546880574,0.0,0.0,1,1,1
ST003506,hsa00010,Glycolysis / Gluconeogenesis,0.4,28,imputation,4,2,2,Glucose,Glucose,4130303.0546880574,4130303.0546880574,0.0,0.0,1,1,1
ST003506,hsa00010,Glycolysis / Gluconeogenesis,0.4,29,imputation,4,2,2,Pyruvic acid,Pyruvic acid,883.9466755793227,883.9466755793227,0.0,0.0,1,1,1
ST003506,hsa00010,Glycolysis / Gluconeogenesis,0.4,30,imputation,4,2,2,Glucose,Glucose,4130303.0546880574,4130303.0546880574,0.0,0.0,1,1,1
ST003506,hsa00010,Glycolysis / Gluconeogenesis,0.4,31,imputation,4,2,2,Glucose,Glucose,4130303.0546880574,4130303.0546880574,0.0,0.0,1,1,1
ST003506,hsa00010,Glycolysis / Gluconeogenesis,0.4,32,imputation,4,2,2,Glucose,Glucose,4130303.0546880574,4130303.0546880574,0.0,0.0,1,1,1
ST003506,hsa00010,Glycolysis / Gluconeogenesis,0.4,33,imputation,4,2,2,Pyruvic acid,Pyruvic acid,883.9466755793227,883.9466755793227,0.0,0.0,1,1,1
ST003506,hsa00010,Glycolysis / Gluconeogenesis,0.4,34,imputation,4,2,2,Lactic acid,Lactic acid,1952657.8039215691,1952657.8039215691,0.0,0.0,1,1,1
ST003506,hsa00010,Glycolysis / Gluconeogenesis,0.4,35,imputation,4,2,2,Lactic acid,Lactic acid,1952657.8039215691,1952657.8039215691,0.0,0.0,1,1,1
ST003506,hsa00010,Glycolysis / Gluconeogenesis,0.4,36,imputation,4,2,2,Glucose,Glucose,4130303.0546880574,4130303.0546880574,0.0,0.0,1,1,1
ST003506,hsa00010,Glycolysis / Gluconeogenesis,0.4,37,imputation,4,2,2,Lactic acid,Lactic acid,1952657.8039215691,1952657.8039215691,0.0,0.0,1,1,1
ST003506,hsa00010,Glycolysis / Gluconeogenesis,0.4,38,imputation,4,2,2,Lactic acid,Lactic acid,1952657.8039215691,1952657.8039215691,0.0,0.0,1,1,1
ST003506,hsa00010,Glycolysis / Gluconeogenesis,0.4,39,imputation,4,2,2,Lactic acid,Lactic acid,1952657.8039215691,1952657.8039215691,0.0,0.0,1,1,1
ST003506,hsa00010,Glycolysis / Gluconeogenesis,0.4,40,imputation,4,2,2,Lactic acid,Lactic acid,1952657.8039215691,1952657.8039215691,0.0,0.0,1,1,1
ST003506,hsa00010,Glycolysis / Gluconeogenesis,0.4,41,imputation,4,2,2,Lactic acid,Lactic acid,1952657.8039215691,1952657.8039215691,0.0,0.0,1,1,1
ST003506,hsa00010,Glycolysis / Gluconeogenesis,0.4,42,imputation,4,2,2,Glucose,Glucose,4130303.0546880574,4130303.0546880574,0.0,0.0,1,1,1
ST003506,hsa00010,Glycolysis / Gluconeogenesis,0.4,43,imputation,4,2,2,Lactic acid,Lactic acid,1952657.8039215691,1952657.8039215691,0.0,0.0,1,1,1
ST003506,hsa00010,Glycolysis / Gluconeogenesis,0.4,44,imputation,4,2,2,Glucose,Glucose,4130303.0546880574,4130303.0546880574,0.0,0.0,1,1,1
ST003506,hsa00010,Glycolysis / Gluconeogenesis,0.4,45,imputation,4,2,2,Lactic acid,Lactic acid,1952657.8039215691,1952657.8039215691,0.0,0.0,1,1,1
ST003506,hsa00010,Glycolysis / Gluconeogenesis,0.4,46,imputation,4,2,2,Glucose,Glucose,4130303.0546880574,4130303.0546880574,0.0,0.0,1,1,1
ST003506,hsa00010,Glycolysis / Gluconeogenesis,0.4,47,imputation,4,2,2,Glucose,Glucose,4130303.0546880574,4130303.0546880574,0.0,0.0,1,1,1
ST003506,hsa00010,Glycolysis / Gluconeogenesis,0.4,48,imputation,4,2,2,Lactic acid,Lactic acid,1952657.8039215691,1952657.8039215691,0.0,0.0,1,1,1
ST003506,hsa00010,Glycolysis / Gluconeogenesis,0.4,49,imputation,4,2,2,Glucose,Glucose,4130303.0546880574,4130303.0546880574,0.0,0.0,1,1,1
ST003506,hsa00010,Glycolysis / Gluconeogenesis,0.4,50,imputation,4,2,2,Pyruvic acid,Pyruvic acid,883.9466755793227,883.9466755793227,0.0,0.0,1,1,1
ST003506,hsa00010,Glycolysis / Gluconeogenesis,0.4,51,imputation,4,2,2,Pyruvic acid,Pyruvic acid,883.9466755793227,883.9466755793227,0.0,0.0,1,1,1
ST003506,hsa00010,Glycolysis / Gluconeogenesis,0.4,52,imputation,4,2,2,Glucose,Glucose,4130303.0546880574,4130303.0546880574,0.0,0.0,1,1,1
ST003506,hsa00010,Glycolysis / Gluconeogenesis,0.4,53,imputation,4,2,2,Lactic acid,Lactic acid,1952657.8039215691,1952657.8039215691,0.0,0.0,1,1,1
ST003506,hsa00010,Glycolysis / Gluconeogenesis,0.4,54,imputation,4,2,2,Lactic acid,Lactic acid,1952657.8039215691,1952657.8039215691,0.0,0.0,1,1,1
ST003506,hsa00010,Glycolysis / Gluconeogenesis,0.4,55,imputation,4,2,2,Lactic acid,Lactic acid,1952657.8039215691,1952657.8039215691,0.0,0.0,1,1,1
ST003506,hsa00010,Glycolysis / Gluconeogenesis,0.4,56,imputation,4,2,2,Pyruvic acid,Pyruvic acid,883.9466755793227,883.9466755793227,0.0,0.0,1,1,1
ST003506,hsa00010,Glycolysis / Gluconeogenesis,0.4,57,imputation,4,2,2,Lactic acid,Lactic acid,1952657.8039215691,1952657.8039215691,0.0,0.0,1,1,1
ST003506,hsa00010,Glycolysis / Gluconeogenesis,0.4,58,imputation,4,2,2,Lactic acid,Lactic acid,1952657.8039215691,1952657.8039215691,0.0,0.0,1,1,1
ST003506,hsa00010,Glycolysis / Gluconeogenesis,0.4,59,imputation,4,2,2,Lactic acid,Lactic acid,1952657.8039215691,1952657.8039215691,0.0,0.0,1,1,1
ST003506,hsa00010,Glycolysis / Gluconeogenesis,0.4,60,imputation,4,2,2,Lactic acid,Lactic acid,1952657.8039215691,1952657.8039215691,0.0,0.0,1,1,1
ST003506,hsa00010,Glycolysis / Gluconeogenesis,0.4,61,imputation,4,2,2,Pyruvic acid,Pyruvic acid,883.9466755793227,883.9466755793227,0.0,0.0,1,1,1
ST003506,hsa00010,Glycolysis / Gluconeogenesis,0.4,62,imputation,4,2,2,Glucose,Glucose,4130303.0546880574,4130303.0546880574,0.0,0.0,1,1,1
ST003506,hsa00010,Glycolysis / Gluconeogenesis,0.4,63,imputation,4,2,2,Pyruvic acid,Pyruvic acid,883.9466755793227,883.9466755793227,0.0,0.0,1,1,1
ST003506,hsa00010,Glycolysis / Gluconeogenesis,0.4,64,imputation,4,2,2,Glucose,Glucose,4130303.0546880574,4130303.0546880574,0.0,0.0,1,1,1
ST003506,hsa00010,Glycolysis / Gluconeogenesis,0.4,65,imputation,4,2,2,Lactic acid,Lactic acid,1952657.8039215691,1952657.8039215691,0.0,0.0,1,1,1
ST003506,hsa00010,Glycolysis / Gluconeogenesis,0.4,66,imputation,4,2,2,Lactic acid,Lactic acid,1952657.8039215691,1952657.8039215691,0.0,0.0,1,1,1
ST003506,hsa00010,Glycolysis / Gluconeogenesis,0.4,67,imputation,4,2,2,Glucose,Glucose,4130303.0546880574,4130303.0546880574,0.0,0.0,1,1,1
ST003506,hsa00010,Glycolysis / Gluconeogenesis,0.4,68,imputation,4,2,2,Pyruvic acid,Pyruvic acid,883.9466755793227,883.9466755793227,0.0,0.0,1,1,1
ST003506,hsa00010,Glycolysis / Gluconeogenesis,0.4,69,imputation,4,2,2,Lactic acid,Lactic acid,1952657.8039215691,1952657.8039215691,0.0,0.0,1,1,1
ST003506,hsa00010,Glycolysis / Gluconeogenesis,0.4,70,imputation,4,2,2,Pyruvic acid,Pyruvic acid,883.9466755793227,883.9466755793227,0.0,0.0,1,1,1
ST003506,hsa00010,Glycolysis / Gluconeogenesis,0.4,71,imputation,4,2,2,Glucose,Glucose,4130303.0546880574,4130303.0546880574,0.0,0.0,1,1,1
ST003506,hsa00010,Glycolysis / Gluconeogenesis,0.4,72,imputation,4,2,2,Lactic acid,Lactic acid,1952657.8039215691,1952657.8039215691,0.0,0.0,1,1,1
ST003506,hsa00010,Glycolysis / Gluconeogenesis,0.4,73,imputation,4,2,2,Glucose,Glucose,4130303.0546880574,4130303.0546880574,0.0,0.0,1,1,1
ST003506,hsa00010,Glycolysis / Gluconeogenesis,0.4,74,imputation,4,2,2,Glucose,Glucose,4130303.0546880574,4130303.0546880574,0.0,0.0,1,1,1
ST003506,hsa00010,Glycolysis / Gluconeogenesis,0.4,75,imputation,4,2,2,Glucose,Glucose,4130303.0546880574,4130303.0546880574,0.0,0.0,1,1,1
ST003506,hsa00010,Glycolysis / Gluconeogenesis,0.4,76,imputation,4,2,2,Lactic acid,Lactic acid,1952657.8039215691,1952657.8039215691,0.0,0.0,1,1,1
ST003506,hsa00010,Glycolysis / Gluconeogenesis,0.4,77,imputation,4,2,2,Glucose,Glucose,4130303.0546880574,4130303.0546880574,0.0,0.0,1,1,1
ST003506,hsa00010,Glycolysis / Gluconeogenesis,0.4,78,imputation,4,2,2,Glucose,Glucose,4130303.0546880574,4130303.0546880574,0.0,0.0,1,1,1
ST003506,hsa00010,Glycolysis / Gluconeogenesis,0.4,79,imputation,4,2,2,Glucose,Glucose,4130303.0546880574,4130303.0546880574,0.0,0.0,1,1,1
ST003506,hsa00010,Glycolysis / Gluconeogenesis,0.4,80,imputation,4,2,2,Lactic acid,Lactic acid,1952657.8039215691,1952657.8039215691,0.0,0.0,1,1,1
ST003506,hsa00010,Glycolysis / Gluconeogenesis,0.4,81,imputation,4,2,2,Glucose,Glucose,4130303.0546880574,4130303.0546880574,0.0,0.0,1,1,1
ST003506,hsa00010,Glycolysis / Gluconeogenesis,0.4,82,imputation,4,2,2,Pyruvic acid,Pyruvic acid,883.9466755793227,883.9466755793227,0.0,0.0,1,1,1
ST003506,hsa00010,Glycolysis / Gluconeogenesis,0.4,83,imputation,4,2,2,Glucose,Glucose,4130303.0546880574,4130303.0546880574,0.0,0.0,1,1,1
ST003506,hsa00010,Glycolysis / Gluconeogenesis,0.4,84,imputation,4,2,2,Glucose,Glucose,4130303.0546880574,4130303.0546880574,0.0,0.0,1,1,1
ST003506,hsa00010,Glycolysis / Gluconeogenesis,0.4,85,imputation,4,2,2,Glucose,Glucose,4130303.0546880574,4130303.0546880574,0.0,0.0,1,1,1
ST003506,hsa00010,Glycolysis / Gluconeogenesis,0.4,86,imputation,4,2,2,Lactic acid,Lactic acid,1952657.8039215691,1952657.8039215691,0.0,0.0,1,1,1
ST003506,hsa00010,Glycolysis / Gluconeogenesis,0.4,87,imputation,4,2,2,Glucose,Glucose,4130303.0546880574,4130303.0546880574,0.0,0.0,1,1,1
ST003506,hsa00010,Glycolysis / Gluconeogenesis,0.4,88,imputation,4,2,2,Lactic acid,Lactic acid,1952657.8039215691,1952657.8039215691,0.0,0.0,1,1,1
ST003506,hsa00010,Glycolysis / Gluconeogenesis,0.4,89,imputation,4,2,2,Lactic acid,Lactic acid,1952657.8039215691,1952657.8039215691,0.0,0.0,1,1,1
ST003506,hsa00010,Glycolysis / Gluconeogenesis,0.4,90,imputation,4,2,2,Glucose,Glucose,4130303.0546880574,4130303.0546880574,0.0,0.0,1,1,1
ST003506,hsa00010,Glycolysis / Gluconeogenesis,0.4,91,imputation,4,2,2,Lactic acid,Lactic acid,1952657.8039215691,1952657.8039215691,0.0,0.0,1,1,1
ST003506,hsa00010,Glycolysis / Gluconeogenesis,0.4,92,imputation,4,2,2,Pyruvic acid,Pyruvic acid,883.9466755793227,883.9466755793227,0.0,0.0,1,1,1
ST003506,hsa00010,Glycolysis / Gluconeogenesis,0.4,93,imputation,4,2,2,Pyruvic acid,Pyruvic acid,883.9466755793227,883.9466755793227,0.0,0.0,1,1,1
ST003506,hsa00010,Glycolysis / Gluconeogenesis,0.4,94,imputation,4,2,2,Pyruvic acid,Pyruvic acid,883.9466755793227,883.9466755793227,0.0,0.0,1,1,1
ST003506,hsa00010,Glycolysis / Gluconeogenesis,0.4,95,imputation,4,2,2,Glucose,Glucose,4130303.0546880574,4130303.0546880574,0.0,0.0,1,1,1
ST003506,hsa00010,Glycolysis / Gluconeogenesis,0.4,96,imputation,4,2,2,Lactic acid,Lactic acid,1952657.8039215691,1952657.8039215691,0.0,0.0,1,1,1
ST003506,hsa00010,Glycolysis / Gluconeogenesis,0.4,97,imputation,4,2,2,Glucose,Glucose,4130303.0546880574,4130303.0546880574,0.0,0.0,1,1,1
ST003506,hsa00010,Glycolysis / Gluconeogenesis,0.4,98,imputation,4,2,2,Glucose,Glucose,4130303.0546880574,4130303.0546880574,0.0,0.0,1,1,1
ST003506,hsa00010,Glycolysis / Gluconeogenesis,0.4,99,imputation,4,2,2,Glucose,Glucose,4130303.0546880574,4130303.0546880574,0.0,0.0,1,1,1
ST003506,hsa00010,Glycolysis / Gluconeogenesis,0.4,100,imputation,4,2,2,Glucose,Glucose,4130303.0546880574,4130303.0546880574,0.0,0.0,1,1,1
