dataset,pathway_id,pathway_name,rho,repeat,n_metabolites,masked_metabolites,oracle_metabolite,predicted_metabolite,oracle_delta,pred_delta,regret,nregret
ST003506,hsa00010,Glycolysis / Gluconeogenesis,0.3,0,4,Glucose,Glucose,Lactic acid,385.3914772727262,121.55511363636333,263.8363636363629,0.6845931453819111
ST003506,hsa00010,Glycolysis / Gluconeogenesis,0.3,1,4,Mannose,Mannose,Glucose,215.7979166666671,235.09412878787998,-19.296212121212875,-0.08941797223244118
ST003506,hsa00010,Glycolysis / Gluconeogenesis,0.3,2,4,Pyruvic acid,Pyruvic acid,Glucose,203.20321969697102,238.24280303030173,-35.03958333333071,-0.1724361621034327
ST003506,hsa00010,Glycolysis / Gluconeogenesis,0.3,3,4,Lactic acid,Lactic acid,Glucose,33.60965909090851,297.44602272727343,-263.8363636363649,-7.850016057712204
ST003506,hsa00010,Glycolysis / Gluconeogenesis,0.3,4,4,Lactic acid,Lactic acid,Glucose,33.60965909090851,297.44602272727343,-263.8363636363649,-7.850016057712204
ST003506,hsa00010,Glycolysis / Gluconeogenesis,0.3,5,4,Mannose,Mannose,Glucose,215.7979166666671,235.09412878787998,-19.296212121212875,-0.08941797223244118
ST003506,hsa00010,Glycolysis / Gluconeogenesis,0.3,6,4,Glucose,Glucose,Lactic acid,385.3914772727262,121.55511363636333,263.8363636363629,0.6845931453819111
ST003506,hsa00010,Glycolysis / Gluconeogenesis,0.3,7,4,Pyruvic acid,Pyruvic acid,Glucose,203.20321969697102,238.24280303030173,-35.03958333333071,-0.1724361621034327
ST003506,hsa00010,Glycolysis / Gluconeogenesis,0.3,8,4,Glucose,Glucose,Lactic acid,385.3914772727262,121.55511363636333,263.8363636363629,0.6845931453819111
ST003506,hsa00010,Glycolysis / Gluconeogenesis,0.3,9,4,Glucose,Glucose,Lactic acid,385.3914772727262,121.55511363636333,263.8363636363629,0.6845931453819111
ST003506,hsa00010,Glycolysis / Gluconeogenesis,0.3,10,4,Pyruvic acid,Pyruvic acid,Glucose,203.20321969697102,238.24280303030173,-35.03958333333071,-0.1724361621034327
ST003506,hsa00010,Glycolysis / Gluconeogenesis,0.3,11,4,Mannose,Mannose,Glucose,215.7979166666671,235.09412878787998,-19.296212121212875,-0.08941797223244118
ST003506,hsa00010,Glycolysis / Gluconeogenesis,0.3,12,4,Pyruvic acid,Pyruvic acid,Glucose,203.20321969697102,238.24280303030173,-35.03958333333071,-0.1724361621034327
ST003506,hsa00010,Glycolysis / Gluconeogenesis,0.3,13,4,Mannose,Mannose,Glucose,215.7979166666671,235.09412878787998,-19.296212121212875,-0.08941797223244118
ST003506,hsa00010,Glycolysis / Gluconeogenesis,0.3,14,4,Pyruvic acid,Pyruvic acid,Glucose,203.20321969697102,238.24280303030173,-35.03958333333071,-0.1724361621034327
ST003506,hsa00010,Glycolysis / Gluconeogenesis,0.3,15,4,Mannose,Mannose,Glucose,215.7979166666671,235.09412878787998,-19.296212121212875,-0.08941797223244118
ST003506,hsa00010,Glycolysis / Gluconeogenesis,0.3,16,4,Pyruvic acid,Pyruvic acid,Glucose,203.20321969697102,238.24280303030173,-35.03958333333071,-0.1724361621034327
ST003506,hsa00010,Glycolysis / Gluconeogenesis,0.3,17,4,Glucose,Glucose,Lactic acid,385.3914772727262,121.55511363636333,263.8363636363629,0.6845931453819111
ST003506,hsa00010,Glycolysis / Gluconeogenesis,0.3,18,4,Mannose,Mannose,Glucose,215.7979166666671,235.09412878787998,-19.296212121212875,-0.08941797223244118
ST003506,hsa00010,Glycolysis / Gluconeogenesis,0.3,19,4,Lactic acid,Lactic acid,Glucose,33.60965909090851,297.44602272727343,-263.8363636363649,-7.850016057712204
ST003506,hsa00010,Glycolysis / Gluconeogenesis,0.3,20,4,Pyruvic acid,Pyruvic acid,Glucose,203.20321969697102,238.24280303030173,-35.03958333333071,-0.1724361621034327
ST003506,hsa00010,Glycolysis / Gluconeogenesis,0.3,21,4,Lactic acid,Lactic acid,Glucose,33.60965909090851,297.44602272727343,-263.8363636363649,-7.850016057712204
ST003506,hsa00010,Glycolysis / Gluconeogenesis,0.3,22,4,Glucose,Glucose,Lactic acid,385.3914772727262,121.55511363636333,263.8363636363629,0.6845931453819111
ST003506,hsa00010,Glycolysis / Gluconeogenesis,0.3,23,4,Mannose,Mannose,Glucose,215.7979166666671,235.09412878787998,-19.296212121212875,-0.08941797223244118
ST003506,hsa00010,Glycolysis / Gluconeogenesis,0.3,24,4,Mannose,Mannose,Glucose,215.7979166666671,235.09412878787998,-19.296212121212875,-0.08941797223244118
ST003506,hsa00010,Glycolysis / Gluconeogenesis,0.3,25,4,Pyruvic acid,Pyruvic acid,Glucose,203.20321969697102,238.24280303030173,-35.03958333333071,-0.1724361621034327
ST003506,hsa00010,Glycolysis / Gluconeogenesis,0.3,26,4,Lactic acid,Lactic acid,Glucose,33.60965909090851,297.44602272727343,-263.8363636363649,-7.850016057712204
ST003506,hsa00010,Glycolysis / Gluconeogenesis,0.3,27,4,Mannose,Mannose,Glucose,215.7979166666671,235.09412878787998,-19.296212121212875,-0.08941797223244118
ST003506,hsa00010,Glycolysis / Gluconeogenesis,0.3,28,4,Pyruvic acid,Pyruvic acid,Glucose,203.20321969697102,238.24280303030173,-35.03958333333071,-0.1724361621034327
ST003506,hsa00010,Glycolysis / Gluconeogenesis,0.3,29,4,Lactic acid,Lactic acid,Glucose,33.60965909090851,297.44602272727343,-263.8363636363649,-7.850016057712204
ST003506,hsa00010,Glycolysis / Gluconeogenesis,0.3,30,4,Lactic acid,Lactic acid,Glucose,33.60965909090851,297.44602272727343,-263.8363636363649,-7.850016057712204
ST003506,hsa00010,Glycolysis / Gluconeogenesis,0.3,31,4,Glucose,Glucose,Lactic acid,385.3914772727262,121.55511363636333,263.8363636363629,0.6845931453819111
ST003506,hsa00010,Glycolysis / Gluconeogenesis,0.3,32,4,Glucose,Glucose,Lactic acid,385.3914772727262,121.55511363636333,263.8363636363629,0.6845931453819111
ST003506,hsa00010,Glycolysis / Gluconeogenesis,0.3,33,4,Pyruvic acid,Pyruvic acid,Glucose,203.20321969697102,238.24280303030173,-35.03958333333071,-0.1724361621034327
ST003506,hsa00010,Glycolysis / Gluconeogenesis,0.3,34,4,Mannose,Mannose,Glucose,215.7979166666671,235.09412878787998,-19.296212121212875,-0.08941797223244118
ST003506,hsa00010,Glycolysis / Gluconeogenesis,0.3,35,4,Glucose,Glucose,Lactic acid,385.3914772727262,121.55511363636333,263.8363636363629,0.6845931453819111
ST003506,hsa00010,Glycolysis / Gluconeogenesis,0.3,36,4,Mannose,Mannose,Glucose,215.7979166666671,235.09412878787998,-19.296212121212875,-0.08941797223244118
ST003506,hsa00010,Glycolysis / Gluconeogenesis,0.3,37,4,Mannose,Mannose,Glucose,215.7979166666671,235.09412878787998,-19.296212121212875,-0.08941797223244118
ST003506,hsa00010,Glycolysis / Gluconeogenesis,0.3,38,4,Lactic acid,Lactic acid,Glucose,33.60965909090851,297.44602272727343,-263.8363636363649,-7.850016057712204
ST003506,hsa00010,Glycolysis / Gluconeogenesis,0.3,39,4,Pyruvic acid,Pyruvic acid,Glucose,203.20321969697102,238.24280303030173,-35.03958333333071,-0.1724361621034327
ST003506,hsa00010,Glycolysis / Gluconeogenesis,0.3,40,4,Glucose,Glucose,Lactic acid,385.3914772727262,121.55511363636333,263.8363636363629,0.6845931453819111
ST003506,hsa00010,Glycolysis / Gluconeogenesis,0.3,41,4,Mannose,Mannose,Glucose,215.7979166666671,235.09412878787998,-19.296212121212875,-0.08941797223244118
ST003506,hsa00010,Glycolysis / Gluconeogenesis,0.3,42,4,Pyruvic acid,Pyruvic acid,Glucose,203.20321969697102,238.24280303030173,-35.03958333333071,-0.1724361621034327
ST003506,hsa00010,Glycolysis / Gluconeogenesis,0.3,43,4,Lactic acid,Lactic acid,Glucose,33.60965909090851,297.44602272727343,-263.8363636363649,-7.850016057712204
ST003506,hsa00010,Glycolysis / Gluconeogenesis,0.3,44,4,Glucose,Glucose,Lactic acid,385.3914772727262,121.55511363636333,263.8363636363629,0.6845931453819111
ST003506,hsa00010,Glycolysis / Gluconeogenesis,0.3,45,4,Mannose,Mannose,Glucose,215.7979166666671,235.09412878787998,-19.296212121212875,-0.08941797223244118
ST003506,hsa00010,Glycolysis / Gluconeogenesis,0.3,46,4,Lactic acid,Lactic acid,Glucose,33.60965909090851,297.44602272727343,-263.8363636363649,-7.850016057712204
ST003506,hsa00010,Glycolysis / Gluconeogenesis,0.3,47,4,Mannose,Mannose,Glucose,215.7979166666671,235.09412878787998,-19.296212121212875,-0.08941797223244118
ST003506,hsa00010,Glycolysis / Gluconeogenesis,0.3,48,4,Pyruvic acid,Pyruvic acid,Glucose,203.20321969697102,238.24280303030173,-35.03958333333071,-0.1724361621034327
ST003506,hsa00010,Glycolysis / Gluconeogenesis,0.3,49,4,Mannose,Mannose,Glucose,215.7979166666671,235.09412878787998,-19.296212121212875,-0.08941797223244118
ST003506,hsa00250,Alanine Aspartate Glutamate Metabolism,0.3,0,4,Pyroglutamic acid,Pyroglutamic acid,Glutamine,2.8059974747474996,5.70460858585858,-2.89861111111108,-1.0330055984964344
ST003506,hsa00250,Alanine Aspartate Glutamate Metabolism,0.3,1,4,Alanine,Alanine,Glutamine,19.170265151515167,11.198674242424318,7.97159090909085,0.4158310196508933
ST003506,hsa00250,Alanine Aspartate Glutamate Metabolism,0.3,2,4,Glutamine,Glutamine,Alanine,8.541477272727292,16.513068181818227,-7.971590909090935,-0.9332801159831227
ST003506,hsa00250,Alanine Aspartate Glutamate Metabolism,0.3,3,4,Glutamine,Glutamine,Alanine,8.541477272727292,16.513068181818227,-7.971590909090935,-0.9332801159831227
ST003506,hsa00250,Alanine Aspartate Glutamate Metabolism,0.3,4,4,Glutamine,Glutamine,Alanine,8.541477272727292,16.513068181818227,-7.971590909090935,-0.9332801159831227
ST003506,hsa00250,Alanine Aspartate Glutamate Metabolism,0.3,5,4,Alanine,Alanine,Glutamine,19.170265151515167,11.198674242424318,7.97159090909085,0.4158310196508933
ST003506,hsa00250,Alanine Aspartate Glutamate Metabolism,0.3,6,4,Asparagine,Asparagine,Glutamine,24.905744949495016,0.17967171717162955,24.726073232323387,0.992785932423871
ST003506,hsa00250,Alanine Aspartate Glutamate Metabolism,0.3,7,4,Alanine,Alanine,Glutamine,19.170265151515167,11.198674242424318,7.97159090909085,0.4158310196508933
ST003506,hsa00250,Alanine Aspartate Glutamate Metabolism,0.3,8,4,Asparagine,Asparagine,Glutamine,24.905744949495016,0.17967171717162955,24.726073232323387,0.992785932423871
ST003506,hsa00250,Alanine Aspartate Glutamate Metabolism,0.3,9,4,Asparagine,Asparagine,Glutamine,24.905744949495016,0.17967171717162955,24.726073232323387,0.992785932423871
ST003506,hsa00250,Alanine Aspartate Glutamate Metabolism,0.3,10,4,Pyroglutamic acid,Pyroglutamic acid,Glutamine,2.8059974747474996,5.70460858585858,-2.89861111111108,-1.0330055984964344
ST003506,hsa00250,Alanine Aspartate Glutamate Metabolism,0.3,11,4,Asparagine,Asparagine,Glutamine,24.905744949495016,0.17967171717162955,24.726073232323387,0.992785932423871
ST003506,hsa00250,Alanine Aspartate Glutamate Metabolism,0.3,12,4,Glutamine,Glutamine,Alanine,8.541477272727292,16.513068181818227,-7.971590909090935,-0.9332801159831227
ST003506,hsa00250,Alanine Aspartate Glutamate Metabolism,0.3,13,4,Pyroglutamic acid,Pyroglutamic acid,Glutamine,2.8059974747474996,5.70460858585858,-2.89861111111108,-1.0330055984964344
ST003506,hsa00250,Alanine Aspartate Glutamate Metabolism,0.3,14,4,Glutamine,Glutamine,Alanine,8.541477272727292,16.513068181818227,-7.971590909090935,-0.9332801159831227
ST003506,hsa00250,Alanine Aspartate Glutamate Metabolism,0.3,15,4,Glutamine,Glutamine,Alanine,8.541477272727292,16.513068181818227,-7.971590909090935,-0.9332801159831227
ST003506,hsa00250,Alanine Aspartate Glutamate Metabolism,0.3,16,4,Pyroglutamic acid,Pyroglutamic acid,Glutamine,2.8059974747474996,5.70460858585858,-2.89861111111108,-1.0330055984964344
ST003506,hsa00250,Alanine Aspartate Glutamate Metabolism,0.3,17,4,Glutamine,Glutamine,Alanine,8.541477272727292,16.513068181818227,-7.971590909090935,-0.9332801159831227
ST003506,hsa00250,Alanine Aspartate Glutamate Metabolism,0.3,18,4,Alanine,Alanine,Glutamine,19.170265151515167,11.198674242424318,7.97159090909085,0.4158310196508933
ST003506,hsa00250,Alanine Aspartate Glutamate Metabolism,0.3,19,4,Glutamine,Glutamine,Alanine,8.541477272727292,16.513068181818227,-7.971590909090935,-0.9332801159831227
ST003506,hsa00250,Alanine Aspartate Glutamate Metabolism,0.3,20,4,Pyroglutamic acid,Pyroglutamic acid,Glutamine,2.8059974747474996,5.70460858585858,-2.89861111111108,-1.0330055984964344
ST003506,hsa00250,Alanine Aspartate Glutamate Metabolism,0.3,21,4,Alanine,Alanine,Glutamine,19.170265151515167,11.198674242424318,7.97159090909085,0.4158310196508933
ST003506,hsa00250,Alanine Aspartate Glutamate Metabolism,0.3,22,4,Glutamine,Glutamine,Alanine,8.541477272727292,16.513068181818227,-7.971590909090935,-0.9332801159831227
ST003506,hsa00250,Alanine Aspartate Glutamate Metabolism,0.3,23,4,Alanine,Alanine,Glutamine,19.170265151515167,11.198674242424318,7.97159090909085,0.4158310196508933
ST003506,hsa00250,Alanine Aspartate Glutamate Metabolism,0.3,24,4,Asparagine,Asparagine,Glutamine,24.905744949495016,0.17967171717162955,24.726073232323387,0.992785932423871
ST003506,hsa00250,Alanine Aspartate Glutamate Metabolism,0.3,25,4,Glutamine,Glutamine,Alanine,8.541477272727292,16.513068181818227,-7.971590909090935,-0.9332801159831227
ST003506,hsa00250,Alanine Aspartate Glutamate Metabolism,0.3,26,4,Glutamine,Glutamine,Alanine,8.541477272727292,16.513068181818227,-7.971590909090935,-0.9332801159831227
ST003506,hsa00250,Alanine Aspartate Glutamate Metabolism,0.3,27,4,Alanine,Alanine,Glutamine,19.170265151515167,11.198674242424318,7.97159090909085,0.4158310196508933
ST003506,hsa00250,Alanine Aspartate Glutamate Metabolism,0.3,28,4,Asparagine,Asparagine,Glutamine,24.905744949495016,0.17967171717162955,24.726073232323387,0.992785932423871
ST003506,hsa00250,Alanine Aspartate Glutamate Metabolism,0.3,29,4,Asparagine,Asparagine,Glutamine,24.905744949495016,0.17967171717162955,24.726073232323387,0.992785932423871
ST003506,hsa00250,Alanine Aspartate Glutamate Metabolism,0.3,30,4,Pyroglutamic acid,Pyroglutamic acid,Glutamine,2.8059974747474996,5.70460858585858,-2.89861111111108,-1.0330055984964344
ST003506,hsa00250,Alanine Aspartate Glutamate Metabolism,0.3,31,4,Glutamine,Glutamine,Alanine,8.541477272727292,16.513068181818227,-7.971590909090935,-0.9332801159831227
ST003506,hsa00250,Alanine Aspartate Glutamate Metabolism,0.3,32,4,Alanine,Alanine,Glutamine,19.170265151515167,11.198674242424318,7.97159090909085,0.4158310196508933
ST003506,hsa00250,Alanine Aspartate Glutamate Metabolism,0.3,33,4,Pyroglutamic acid,Pyroglutamic acid,Glutamine,2.8059974747474996,5.70460858585858,-2.89861111111108,-1.0330055984964344
ST003506,hsa00250,Alanine Aspartate Glutamate Metabolism,0.3,34,4,Asparagine,Asparagine,Glutamine,24.905744949495016,0.17967171717162955,24.726073232323387,0.992785932423871
ST003506,hsa00250,Alanine Aspartate Glutamate Metabolism,0.3,35,4,Asparagine,Asparagine,Glutamine,24.905744949495016,0.17967171717162955,24.726073232323387,0.992785932423871
ST003506,hsa00250,Alanine Aspartate Glutamate Metabolism,0.3,36,4,Alanine,Alanine,Glutamine,19.170265151515167,11.198674242424318,7.97159090909085,0.4158310196508933
ST003506,hsa00250,Alanine Aspartate Glutamate Metabolism,0.3,37,4,Glutamine,Glutamine,Alanine,8.541477272727292,16.513068181818227,-7.971590909090935,-0.9332801159831227
ST003506,hsa00250,Alanine Aspartate Glutamate Metabolism,0.3,38,4,Pyroglutamic acid,Pyroglutamic acid,Glutamine,2.8059974747474996,5.70460858585858,-2.89861111111108,-1.0330055984964344
ST003506,hsa00250,Alanine Aspartate Glutamate Metabolism,0.3,39,4,Pyroglutamic acid,Pyroglutamic acid,Glutamine,2.8059974747474996,5.70460858585858,-2.89861111111108,-1.0330055984964344
ST003506,hsa00250,Alanine Aspartate Glutamate Metabolism,0.3,40,4,Glutamine,Glutamine,Alanine,8.541477272727292,16.513068181818227,-7.971590909090935,-0.9332801159831227
ST003506,hsa00250,Alanine Aspartate Glutamate Metabolism,0.3,41,4,Pyroglutamic acid,Pyroglutamic acid,Glutamine,2.8059974747474996,5.70460858585858,-2.89861111111108,-1.0330055984964344
ST003506,hsa00250,Alanine Aspartate Glutamate Metabolism,0.3,42,4,Pyroglutamic acid,Pyroglutamic acid,Glutamine,2.8059974747474996,5.70460858585858,-2.89861111111108,-1.0330055984964344
ST003506,hsa00250,Alanine Aspartate Glutamate Metabolism,0.3,43,4,Glutamine,Glutamine,Alanine,8.541477272727292,16.513068181818227,-7.971590909090935,-0.9332801159831227
ST003506,hsa00250,Alanine Aspartate Glutamate Metabolism,0.3,44,4,Pyroglutamic acid,Pyroglutamic acid,Glutamine,2.8059974747474996,5.70460858585858,-2.89861111111108,-1.0330055984964344
ST003506,hsa00250,Alanine Aspartate Glutamate Metabolism,0.3,45,4,Glutamine,Glutamine,Alanine,8.541477272727292,16.513068181818227,-7.971590909090935,-0.9332801159831227
ST003506,hsa00250,Alanine Aspartate Glutamate Metabolism,0.3,46,4,Alanine,Alanine,Glutamine,19.170265151515167,11.198674242424318,7.97159090909085,0.4158310196508933
ST003506,hsa00250,Alanine Aspartate Glutamate Metabolism,0.3,47,4,Asparagine,Asparagine,Glutamine,24.905744949495016,0.17967171717162955,24.726073232323387,0.992785932423871
ST003506,hsa00250,Alanine Aspartate Glutamate Metabolism,0.3,48,4,Asparagine,Asparagine,Glutamine,24.905744949495016,0.17967171717162955,24.726073232323387,0.992785932423871
ST003506,hsa00250,Alanine Aspartate Glutamate Metabolism,0.3,49,4,Alanine,Alanine,Glutamine,19.170265151515167,11.198674242424318,7.97159090909085,0.4158310196508933
ST003506,hsa00260,Glycine Serine Threonine Metabolism,0.3,0,5,Dimethylglycine,Dimethylglycine,Glycine,6.867954545454495,2.877954545454571,3.989999999999924,0.580958998459168
ST003506,hsa00260,Glycine Serine Threonine Metabolism,0.3,1,5,Glycine,Glycine,Serine,5.314431818181859,5.243219696969732,0.0712121212121275,0.013399761915186737
ST003506,hsa00260,Glycine Serine Threonine Metabolism,0.3,2,5,Dimethylglycine,Dimethylglycine,Glycine,6.867954545454495,2.877954545454571,3.989999999999924,0.580958998459168
ST003506,hsa00260,Glycine Serine Threonine Metabolism,0.3,3,5,Glycine,Glycine,Serine,5.314431818181859,5.243219696969732,0.0712121212121275,0.013399761915186737
ST003506,hsa00260,Glycine Serine Threonine Metabolism,0.3,4,5,Threonine,Threonine,Glycine,1.37768939393942,4.527083333333309,-3.149393939393889,-2.2859970689971094
ST003506,hsa00260,Glycine Serine Threonine Metabolism,0.3,5,5,Threonine,Threonine,Glycine,1.37768939393942,4.527083333333309,-3.149393939393889,-2.2859970689971094
ST003506,hsa00260,Glycine Serine Threonine Metabolism,0.3,6,5,Threonine,Threonine,Glycine,1.37768939393942,4.527083333333309,-3.149393939393889,-2.2859970689971094
ST003506,hsa00260,Glycine Serine Threonine Metabolism,0.3,7,5,Threonine,Threonine,Glycine,1.37768939393942,4.527083333333309,-3.149393939393889,-2.2859970689971094
ST003506,hsa00260,Glycine Serine Threonine Metabolism,0.3,8,5,Serine,Serine,Glycine,5.225416666666689,5.296628787878802,-0.07121212121211329,-0.01362802731696025
ST003506,hsa00260,Glycine Serine Threonine Metabolism,0.3,9,5,Threonine,Threonine,Glycine,1.37768939393942,4.527083333333309,-3.149393939393889,-2.2859970689971094
ST003506,hsa00260,Glycine Serine Threonine Metabolism,0.3,10,5,Betaine,Betaine,Glycine,5.04958333333326,3.241628787878824,1.807954545454436,0.3580403416534154
ST003506,hsa00260,Glycine Serine Threonine Metabolism,0.3,11,5,Threonine,Threonine,Glycine,1.37768939393942,4.527083333333309,-3.149393939393889,-2.2859970689971094
ST003506,hsa00260,Glycine Serine Threonine Metabolism,0.3,12,5,Serine,Serine,Glycine,5.225416666666689,5.296628787878802,-0.07121212121211329,-0.01362802731696025
ST003506,hsa00260,Glycine Serine Threonine Metabolism,0.3,13,5,Serine,Serine,Glycine,5.225416666666689,5.296628787878802,-0.07121212121211329,-0.01362802731696025
ST003506,hsa00260,Glycine Serine Threonine Metabolism,0.3,14,5,Serine,Serine,Glycine,5.225416666666689,5.296628787878802,-0.07121212121211329,-0.01362802731696025
ST003506,hsa00260,Glycine Serine Threonine Metabolism,0.3,15,5,Serine,Serine,Glycine,5.225416666666689,5.296628787878802,-0.07121212121211329,-0.01362802731696025
ST003506,hsa00260,Glycine Serine Threonine Metabolism,0.3,16,5,Glycine,Glycine,Serine,5.314431818181859,5.243219696969732,0.0712121212121275,0.013399761915186737
ST003506,hsa00260,Glycine Serine Threonine Metabolism,0.3,17,5,Glycine,Glycine,Serine,5.314431818181859,5.243219696969732,0.0712121212121275,0.013399761915186737
ST003506,hsa00260,Glycine Serine Threonine Metabolism,0.3,18,5,Betaine,Betaine,Glycine,5.04958333333326,3.241628787878824,1.807954545454436,0.3580403416534154
ST003506,hsa00260,Glycine Serine Threonine Metabolism,0.3,19,5,Glycine,Glycine,Serine,5.314431818181859,5.243219696969732,0.0712121212121275,0.013399761915186737
ST003506,hsa00260,Glycine Serine Threonine Metabolism,0.3,20,5,Serine,Serine,Glycine,5.225416666666689,5.296628787878802,-0.07121212121211329,-0.01362802731696025
ST003506,hsa00260,Glycine Serine Threonine Metabolism,0.3,21,5,Threonine,Threonine,Glycine,1.37768939393942,4.527083333333309,-3.149393939393889,-2.2859970689971094
ST003506,hsa00260,Glycine Serine Threonine Metabolism,0.3,22,5,Threonine,Threonine,Glycine,1.37768939393942,4.527083333333309,-3.149393939393889,-2.2859970689971094
ST003506,hsa00260,Glycine Serine Threonine Metabolism,0.3,23,5,Serine,Serine,Glycine,5.225416666666689,5.296628787878802,-0.07121212121211329,-0.01362802731696025
ST003506,hsa00260,Glycine Serine Threonine Metabolism,0.3,24,5,Dimethylglycine,Dimethylglycine,Glycine,6.867954545454495,2.877954545454571,3.989999999999924,0.580958998459168
ST003506,hsa00260,Glycine Serine Threonine Metabolism,0.3,25,5,Serine,Serine,Glycine,5.225416666666689,5.296628787878802,-0.07121212121211329,-0.01362802731696025
ST003506,hsa00260,Glycine Serine Threonine Metabolism,0.3,26,5,Glycine,Glycine,Serine,5.314431818181859,5.243219696969732,0.0712121212121275,0.013399761915186737
ST003506,hsa00260,Glycine Serine Threonine Metabolism,0.3,27,5,Threonine,Threonine,Glycine,1.37768939393942,4.527083333333309,-3.149393939393889,-2.2859970689971094
ST003506,hsa00260,Glycine Serine Threonine Metabolism,0.3,28,5,Serine,Serine,Glycine,5.225416666666689,5.296628787878802,-0.07121212121211329,-0.01362802731696025
ST003506,hsa00260,Glycine Serine Threonine Metabolism,0.3,29,5,Threonine,Threonine,Glycine,1.37768939393942,4.527083333333309,-3.149393939393889,-2.2859970689971094
ST003506,hsa00260,Glycine Serine Threonine Metabolism,0.3,30,5,Serine,Serine,Glycine,5.225416666666689,5.296628787878802,-0.07121212121211329,-0.01362802731696025
ST003506,hsa00260,Glycine Serine Threonine Metabolism,0.3,31,5,Serine,Serine,Glycine,5.225416666666689,5.296628787878802,-0.07121212121211329,-0.01362802731696025
ST003506,hsa00260,Glycine Serine Threonine Metabolism,0.3,32,5,Glycine,Glycine,Serine,5.314431818181859,5.243219696969732,0.0712121212121275,0.013399761915186737
ST003506,hsa00260,Glycine Serine Threonine Metabolism,0.3,33,5,Serine,Serine,Glycine,5.225416666666689,5.296628787878802,-0.07121212121211329,-0.01362802731696025
ST003506,hsa00260,Glycine Serine Threonine Metabolism,0.3,34,5,Threonine,Threonine,Glycine,1.37768939393942,4.527083333333309,-3.149393939393889,-2.2859970689971094
ST003506,hsa00260,Glycine Serine Threonine Metabolism,0.3,35,5,Betaine,Betaine,Glycine,5.04958333333326,3.241628787878824,1.807954545454436,0.3580403416534154
ST003506,hsa00260,Glycine Serine Threonine Metabolism,0.3,36,5,Threonine,Threonine,Glycine,1.37768939393942,4.527083333333309,-3.149393939393889,-2.2859970689971094
ST003506,hsa00260,Glycine Serine Threonine Metabolism,0.3,37,5,Glycine,Glycine,Serine,5.314431818181859,5.243219696969732,0.0712121212121275,0.013399761915186737
ST003506,hsa00260,Glycine Serine Threonine Metabolism,0.3,38,5,Betaine,Betaine,Glycine,5.04958333333326,3.241628787878824,1.807954545454436,0.3580403416534154
ST003506,hsa00260,Glycine Serine Threonine Metabolism,0.3,39,5,Serine,Serine,Glycine,5.225416666666689,5.296628787878802,-0.07121212121211329,-0.01362802731696025
ST003506,hsa00260,Glycine Serine Threonine Metabolism,0.3,40,5,Dimethylglycine,Dimethylglycine,Glycine,6.867954545454495,2.877954545454571,3.989999999999924,0.580958998459168
ST003506,hsa00260,Glycine Serine Threonine Metabolism,0.3,41,5,Betaine,Betaine,Glycine,5.04958333333326,3.241628787878824,1.807954545454436,0.3580403416534154
ST003506,hsa00260,Glycine Serine Threonine Metabolism,0.3,42,5,Betaine,Betaine,Glycine,5.04958333333326,3.241628787878824,1.807954545454436,0.3580403416534154
ST003506,hsa00260,Glycine Serine Threonine Metabolism,0.3,43,5,Serine,Serine,Glycine,5.225416666666689,5.296628787878802,-0.07121212121211329,-0.01362802731696025
ST003506,hsa00260,Glycine Serine Threonine Metabolism,0.3,44,5,Dimethylglycine,Dimethylglycine,Glycine,6.867954545454495,2.877954545454571,3.989999999999924,0.580958998459168
ST003506,hsa00260,Glycine Serine Threonine Metabolism,0.3,45,5,Dimethylglycine,Dimethylglycine,Glycine,6.867954545454495,2.877954545454571,3.989999999999924,0.580958998459168
ST003506,hsa00260,Glycine Serine Threonine Metabolism,0.3,46,5,Glycine,Glycine,Serine,5.314431818181859,5.243219696969732,0.0712121212121275,0.013399761915186737
ST003506,hsa00260,Glycine Serine Threonine Metabolism,0.3,47,5,Betaine,Betaine,Glycine,5.04958333333326,3.241628787878824,1.807954545454436,0.3580403416534154
ST003506,hsa00260,Glycine Serine Threonine Metabolism,0.3,48,5,Dimethylglycine,Dimethylglycine,Glycine,6.867954545454495,2.877954545454571,3.989999999999924,0.580958998459168
ST003506,hsa00260,Glycine Serine Threonine Metabolism,0.3,49,5,Glycine,Glycine,Serine,5.314431818181859,5.243219696969732,0.0712121212121275,0.013399761915186737
ST003506,hsa00280,Valine Leucine Isoleucine Degradation,0.3,0,8,Ketoisovaleric acid;Isoleucine,Ketoisovaleric acid,Valine,1.689754689754679,5.379617604617607,-3.6898629148629283,-2.183667792371655
ST003506,hsa00280,Valine Leucine Isoleucine Degradation,0.3,1,8,Isoleucine;3-Methyl-2-oxovaleric acid,3-Methyl-2-oxovaleric acid,Valine,0.7681637806637553,5.51127344877348,-4.7431096681097245,-6.174607194139281
ST003506,hsa00280,Valine Leucine Isoleucine Degradation,0.3,2,8,Valine;Ketoleucine,Valine,Leucine,6.663997113997105,4.2145382395382285,2.449458874458877,0.3675660161434279
ST003506,hsa00280,Valine Leucine Isoleucine Degradation,0.3,3,8,Ketoisovaleric acid;Isobutyric acid,Isobutyric acid,Valine,3.5373917748917734,4.876352813852819,-1.3389610389610453,-0.37851646647672954
ST003506,hsa00280,Valine Leucine Isoleucine Degradation,0.3,4,8,3-Methyl-2-oxovaleric acid;Isoleucine,3-Methyl-2-oxovaleric acid,Valine,0.7681637806637553,5.51127344877348,-4.7431096681097245,-6.174607194139281
ST003506,hsa00280,Valine Leucine Isoleucine Degradation,0.3,5,8,Isoleucine;Ketoisovaleric acid,Ketoisovaleric acid,Valine,1.689754689754679,5.379617604617607,-3.6898629148629283,-2.183667792371655
ST003506,hsa00280,Valine Leucine Isoleucine Degradation,0.3,6,8,Valine;Isoleucine,Valine,Leucine,6.557846320346336,4.108387445887452,2.449458874458884,0.3735157475593854
ST003506,hsa00280,Valine Leucine Isoleucine Degradation,0.3,7,8,Valine;3-Hydroxyisobutyric acid,Valine,Leucine,5.727236652236648,3.2777777777777857,2.4494588744588626,0.42768598870895613
ST003506,hsa00280,Valine Leucine Isoleucine Degradation,0.3,8,8,Ketoleucine;3-Methyl-2-oxovaleric acid,Ketoleucine,Valine,0.8601731601731899,5.617424242424221,-4.757251082251031,-5.530573664943759
ST003506,hsa00280,Valine Leucine Isoleucine Degradation,0.3,9,8,Leucine;Isobutyric acid,Leucine,Valine,3.1968795093795137,5.646338383838369,-2.4494588744588555,-0.7662030613322187
ST003506,hsa00280,Valine Leucine Isoleucine Degradation,0.3,10,8,Leucine;3-Hydroxyisobutyric acid,3-Hydroxyisobutyric acid,Valine,5.05882034632031,5.318993506493534,-0.260173160173224,-0.05142961043243469
ST003506,hsa00280,Valine Leucine Isoleucine Degradation,0.3,11,8,3-Methyl-2-oxovaleric acid;Ketoleucine,Ketoleucine,Valine,0.8601731601731899,5.617424242424221,-4.757251082251031,-5.530573664943759
ST003506,hsa00280,Valine Leucine Isoleucine Degradation,0.3,12,8,3-Methyl-2-oxovaleric acid;Leucine,Leucine,Valine,3.5525974025974207,6.002056277056248,-2.449458874458827,-0.689483943712031
ST003506,hsa00280,Valine Leucine Isoleucine Degradation,0.3,13,8,Isoleucine;Ketoisovaleric acid,Ketoisovaleric acid,Valine,1.689754689754679,5.379617604617607,-3.6898629148629283,-2.183667792371655
ST003506,hsa00280,Valine Leucine Isoleucine Degradation,0.3,14,8,Ketoleucine;Isoleucine,Ketoleucine,Valine,1.0077200577200784,5.764971139971166,-4.757251082251088,-4.720806139163384
ST003506,hsa00280,Valine Leucine Isoleucine Degradation,0.3,15,8,Isoleucine;Valine,Valine,Leucine,6.557846320346336,4.108387445887452,2.449458874458884,0.3735157475593854
ST003506,hsa00280,Valine Leucine Isoleucine Degradation,0.3,16,8,Isobutyric acid;Isoleucine,Isobutyric acid,Valine,3.258189033189012,5.155555555555537,-1.897366522366525,-0.582337764081805
ST003506,hsa00280,Valine Leucine Isoleucine Degradation,0.3,17,8,3-Hydroxyisobutyric acid;3-Methyl-2-oxovaleric acid,3-Hydroxyisobutyric acid,Valine,5.697150072150038,4.6806637806638065,1.0164862914862312,0.1784201358273892
ST003506,hsa00280,Valine Leucine Isoleucine Degradation,0.3,18,8,3-Methyl-2-oxovaleric acid;Isoleucine,3-Methyl-2-oxovaleric acid,Valine,0.7681637806637553,5.51127344877348,-4.7431096681097245,-6.174607194139281
ST003506,hsa00280,Valine Leucine Isoleucine Degradation,0.3,19,8,3-Hydroxyisobutyric acid;Isoleucine,3-Hydroxyisobutyric acid,Valine,5.549603174603149,4.8282106782107235,0.7213924963924256,0.12998992403526458
ST003506,hsa00280,Valine Leucine Isoleucine Degradation,0.3,20,8,Leucine;Ketoisovaleric acid,Leucine,Valine,3.4209415584415552,5.870400432900411,-2.4494588744588555,-0.7160189162700992
ST003506,hsa00280,Valine Leucine Isoleucine Degradation,0.3,21,8,Ketoisovaleric acid;3-Methyl-2-oxovaleric acid,Ketoisovaleric acid,Valine,1.8373015873015675,5.232070707070733,-3.3947691197691654,-1.8476929017832675
ST003506,hsa00280,Valine Leucine Isoleucine Degradation,0.3,22,8,Isobutyric acid;Valine,Valine,Leucine,6.05458152958154,3.605122655122649,2.449458874458891,0.4045628683742501
ST003506,hsa00280,Valine Leucine Isoleucine Degradation,0.3,23,8,Leucine;3-Hydroxyisobutyric acid,3-Hydroxyisobutyric acid,Valine,5.05882034632031,5.318993506493534,-0.260173160173224,-0.05142961043243469
ST003506,hsa00280,Valine Leucine Isoleucine Degradation,0.3,24,8,Ketoleucine;Leucine,Leucine,Valine,3.8062950937950717,6.25575396825397,-2.449458874458898,-0.6435283675237534
ST003506,hsa00280,Valine Leucine Isoleucine Degradation,0.3,25,8,Isoleucine;3-Hydroxyisobutyric acid,3-Hydroxyisobutyric acid,Valine,5.549603174603149,4.8282106782107235,0.7213924963924256,0.12998992403526458
ST003506,hsa00280,Valine Leucine Isoleucine Degradation,0.3,26,8,Leucine;3-Methyl-2-oxovaleric acid,Leucine,Valine,3.5525974025974207,6.002056277056248,-2.449458874458827,-0.689483943712031
ST003506,hsa00280,Valine Leucine Isoleucine Degradation,0.3,27,8,Ketoisovaleric acid;Valine,Valine,Leucine,6.278643578643582,3.829184704184705,2.449458874458877,0.3901254848880585
ST003506,hsa00280,Valine Leucine Isoleucine Degradation,0.3,28,8,3-Methyl-2-oxovaleric acid;Ketoisovaleric acid,Ketoisovaleric acid,Valine,1.8373015873015675,5.232070707070733,-3.3947691197691654,-1.8476929017832675
ST003506,hsa00280,Valine Leucine Isoleucine Degradation,0.3,29,8,3-Methyl-2-oxovaleric acid;Isoleucine,3-Methyl-2-oxovaleric acid,Valine,0.7681637806637553,5.51127344877348,-4.7431096681097245,-6.174607194139281
ST003506,hsa00280,Valine Leucine Isoleucine Degradation,0.3,30,8,Ketoleucine;Valine,Valine,Leucine,6.663997113997105,4.2145382395382285,2.449458874458877,0.3675660161434279
ST003506,hsa00280,Valine Leucine Isoleucine Degradation,0.3,31,8,Ketoisovaleric acid;Ketoleucine,Ketoisovaleric acid,Valine,1.5836038961039094,5.485768398268391,-3.9021645021644815,-2.4641038627928453
ST003506,hsa00280,Valine Leucine Isoleucine Degradation,0.3,32,8,Ketoisovaleric acid;3-Methyl-2-oxovaleric acid,Ketoisovaleric acid,Valine,1.8373015873015675,5.232070707070733,-3.3947691197691654,-1.8476929017832675
ST003506,hsa00280,Valine Leucine Isoleucine Degradation,0.3,33,8,Leucine;Valine,Valine,Isoleucine,7.04862914862915,1.6544733044732958,5.394155844155854,0.7652772933233637
ST003506,hsa00280,Valine Leucine Isoleucine Degradation,0.3,34,8,Leucine;Isoleucine,Leucine,Valine,3.7001443001443164,6.149603174603193,-2.449458874458877,-0.6619900925873188
ST003506,hsa00280,Valine Leucine Isoleucine Degradation,0.3,35,8,Ketoisovaleric acid;Leucine,Leucine,Valine,3.4209415584415552,5.870400432900411,-2.4494588744588555,-0.7160189162700992
ST003506,hsa00280,Valine Leucine Isoleucine Degradation,0.3,36,8,Leucine;Ketoleucine,Leucine,Valine,3.8062950937950717,6.25575396825397,-2.449458874458898,-0.6435283675237534
ST003506,hsa00280,Valine Leucine Isoleucine Degradation,0.3,37,8,Leucine;Isoleucine,Leucine,Valine,3.7001443001443164,6.149603174603193,-2.449458874458877,-0.6619900925873188
ST003506,hsa00280,Valine Leucine Isoleucine Degradation,0.3,38,8,Ketoleucine;3-Hydroxyisobutyric acid,3-Hydroxyisobutyric acid,Valine,5.443452380952408,4.93436147186145,0.5090909090909577,0.0935235347951459
ST003506,hsa00280,Valine Leucine Isoleucine Degradation,0.3,39,8,Isoleucine;Ketoleucine,Ketoleucine,Valine,1.0077200577200784,5.764971139971166,-4.757251082251088,-4.720806139163384
ST003506,hsa00280,Valine Leucine Isoleucine Degradation,0.3,40,8,Valine;Isoleucine,Valine,Leucine,6.557846320346336,4.108387445887452,2.449458874458884,0.3735157475593854
ST003506,hsa00280,Valine Leucine Isoleucine Degradation,0.3,41,8,3-Methyl-2-oxovaleric acid;3-Hydroxyisobutyric acid,3-Hydroxyisobutyric acid,Valine,5.697150072150038,4.6806637806638065,1.0164862914862312,0.1784201358273892
ST003506,hsa00280,Valine Leucine Isoleucine Degradation,0.3,42,8,3-Hydroxyisobutyric acid;3-Methyl-2-oxovaleric acid,3-Hydroxyisobutyric acid,Valine,5.697150072150038,4.6806637806638065,1.0164862914862312,0.1784201358273892
ST003506,hsa00280,Valine Leucine Isoleucine Degradation,0.3,43,8,Isoleucine;Valine,Valine,Leucine,6.557846320346336,4.108387445887452,2.449458874458884,0.3735157475593854
ST003506,hsa00280,Valine Leucine Isoleucine Degradation,0.3,44,8,3-Methyl-2-oxovaleric acid;Ketoleucine,Ketoleucine,Valine,0.8601731601731899,5.617424242424221,-4.757251082251031,-5.530573664943759
ST003506,hsa00280,Valine Leucine Isoleucine Degradation,0.3,45,8,3-Hydroxyisobutyric acid;Leucine,3-Hydroxyisobutyric acid,Valine,5.05882034632031,5.318993506493534,-0.260173160173224,-0.05142961043243469
ST003506,hsa00280,Valine Leucine Isoleucine Degradation,0.3,46,8,3-Methyl-2-oxovaleric acid;Isobutyric acid,Isobutyric acid,Valine,3.405735930735915,5.008008658008649,-1.6022727272727337,-0.4704629939473561
ST003506,hsa00280,Valine Leucine Isoleucine Degradation,0.3,47,8,Isobutyric acid;Leucine,Leucine,Valine,3.1968795093795137,5.646338383838369,-2.4494588744588555,-0.7662030613322187
ST003506,hsa00280,Valine Leucine Isoleucine Degradation,0.3,48,8,3-Methyl-2-oxovaleric acid;Ketoleucine,Ketoleucine,Valine,0.8601731601731899,5.617424242424221,-4.757251082251031,-5.530573664943759
ST003506,hsa00280,Valine Leucine Isoleucine Degradation,0.3,49,8,Isoleucine;3-Methyl-2-oxovaleric acid,3-Methyl-2-oxovaleric acid,Valine,0.7681637806637553,5.51127344877348,-4.7431096681097245,-6.174607194139281
ST003506,hsa00330,Arginine and Proline Metabolism,0.3,0,4,Proline,Proline,Creatine,24.766035353535344,6.288952020202018,18.477083333333326,0.7460654506105707
ST003506,hsa00330,Arginine and Proline Metabolism,0.3,1,4,Creatine,Creatine,Proline,0.12992424242422373,18.60700757575752,-18.477083333333297,-142.21427476836755
ST003506,hsa00330,Arginine and Proline Metabolism,0.3,2,4,Ornithine,Ornithine,Proline,18.413257575757612,13.971212121212119,4.442045454545493,0.24124169413571614
ST003506,hsa00330,Arginine and Proline Metabolism,0.3,3,4,Creatine,Creatine,Proline,0.12992424242422373,18.60700757575752,-18.477083333333297,-142.21427476836755
ST003506,hsa00330,Arginine and Proline Metabolism,0.3,4,4,Creatinine,Creatinine,Proline,6.4827020202020265,16.95385101010099,-10.471148989898964,-1.61524452938224
ST003506,hsa00330,Arginine and Proline Metabolism,0.3,5,4,Ornithine,Ornithine,Proline,18.413257575757612,13.971212121212119,4.442045454545493,0.24124169413571614
ST003506,hsa00330,Arginine and Proline Metabolism,0.3,6,4,Proline,Proline,Creatine,24.766035353535344,6.288952020202018,18.477083333333326,0.7460654506105707
ST003506,hsa00330,Arginine and Proline Metabolism,0.3,7,4,Creatinine,Creatinine,Proline,6.4827020202020265,16.95385101010099,-10.471148989898964,-1.61524452938224
ST003506,hsa00330,Arginine and Proline Metabolism,0.3,8,4,Proline,Proline,Creatine,24.766035353535344,6.288952020202018,18.477083333333326,0.7460654506105707
ST003506,hsa00330,Arginine and Proline Metabolism,0.3,9,4,Ornithine,Ornithine,Proline,18.413257575757612,13.971212121212119,4.442045454545493,0.24124169413571614
ST003506,hsa00330,Arginine and Proline Metabolism,0.3,10,4,Creatinine,Creatinine,Proline,6.4827020202020265,16.95385101010099,-10.471148989898964,-1.61524452938224
ST003506,hsa00330,Arginine and Proline Metabolism,0.3,11,4,Creatinine,Creatinine,Proline,6.4827020202020265,16.95385101010099,-10.471148989898964,-1.61524452938224
ST003506,hsa00330,Arginine and Proline Metabolism,0.3,12,4,Ornithine,Ornithine,Proline,18.413257575757612,13.971212121212119,4.442045454545493,0.24124169413571614
ST003506,hsa00330,Arginine and Proline Metabolism,0.3,13,4,Proline,Proline,Creatine,24.766035353535344,6.288952020202018,18.477083333333326,0.7460654506105707
ST003506,hsa00330,Arginine and Proline Metabolism,0.3,14,4,Ornithine,Ornithine,Proline,18.413257575757612,13.971212121212119,4.442045454545493,0.24124169413571614
ST003506,hsa00330,Arginine and Proline Metabolism,0.3,15,4,Creatinine,Creatinine,Proline,6.4827020202020265,16.95385101010099,-10.471148989898964,-1.61524452938224
ST003506,hsa00330,Arginine and Proline Metabolism,0.3,16,4,Creatinine,Creatinine,Proline,6.4827020202020265,16.95385101010099,-10.471148989898964,-1.61524452938224
ST003506,hsa00330,Arginine and Proline Metabolism,0.3,17,4,Creatinine,Creatinine,Proline,6.4827020202020265,16.95385101010099,-10.471148989898964,-1.61524452938224
ST003506,hsa00330,Arginine and Proline Metabolism,0.3,18,4,Creatine,Creatine,Proline,0.12992424242422373,18.60700757575752,-18.477083333333297,-142.21427476836755
ST003506,hsa00330,Arginine and Proline Metabolism,0.3,19,4,Creatine,Creatine,Proline,0.12992424242422373,18.60700757575752,-18.477083333333297,-142.21427476836755
ST003506,hsa00330,Arginine and Proline Metabolism,0.3,20,4,Proline,Proline,Creatine,24.766035353535344,6.288952020202018,18.477083333333326,0.7460654506105707
ST003506,hsa00330,Arginine and Proline Metabolism,0.3,21,4,Ornithine,Ornithine,Proline,18.413257575757612,13.971212121212119,4.442045454545493,0.24124169413571614
ST003506,hsa00330,Arginine and Proline Metabolism,0.3,22,4,Creatinine,Creatinine,Proline,6.4827020202020265,16.95385101010099,-10.471148989898964,-1.61524452938224
ST003506,hsa00330,Arginine and Proline Metabolism,0.3,23,4,Creatine,Creatine,Proline,0.12992424242422373,18.60700757575752,-18.477083333333297,-142.21427476836755
ST003506,hsa00330,Arginine and Proline Metabolism,0.3,24,4,Creatine,Creatine,Proline,0.12992424242422373,18.60700757575752,-18.477083333333297,-142.21427476836755
ST003506,hsa00330,Arginine and Proline Metabolism,0.3,25,4,Ornithine,Ornithine,Proline,18.413257575757612,13.971212121212119,4.442045454545493,0.24124169413571614
ST003506,hsa00330,Arginine and Proline Metabolism,0.3,26,4,Ornithine,Ornithine,Proline,18.413257575757612,13.971212121212119,4.442045454545493,0.24124169413571614
ST003506,hsa00330,Arginine and Proline Metabolism,0.3,27,4,Ornithine,Ornithine,Proline,18.413257575757612,13.971212121212119,4.442045454545493,0.24124169413571614
ST003506,hsa00330,Arginine and Proline Metabolism,0.3,28,4,Ornithine,Ornithine,Proline,18.413257575757612,13.971212121212119,4.442045454545493,0.24124169413571614
ST003506,hsa00330,Arginine and Proline Metabolism,0.3,29,4,Creatinine,Creatinine,Proline,6.4827020202020265,16.95385101010099,-10.471148989898964,-1.61524452938224
ST003506,hsa00330,Arginine and Proline Metabolism,0.3,30,4,Creatinine,Creatinine,Proline,6.4827020202020265,16.95385101010099,-10.471148989898964,-1.61524452938224
ST003506,hsa00330,Arginine and Proline Metabolism,0.3,31,4,Proline,Proline,Creatine,24.766035353535344,6.288952020202018,18.477083333333326,0.7460654506105707
ST003506,hsa00330,Arginine and Proline Metabolism,0.3,32,4,Proline,Proline,Creatine,24.766035353535344,6.288952020202018,18.477083333333326,0.7460654506105707
ST003506,hsa00330,Arginine and Proline Metabolism,0.3,33,4,Creatine,Creatine,Proline,0.12992424242422373,18.60700757575752,-18.477083333333297,-142.21427476836755
ST003506,hsa00330,Arginine and Proline Metabolism,0.3,34,4,Proline,Proline,Creatine,24.766035353535344,6.288952020202018,18.477083333333326,0.7460654506105707
ST003506,hsa00330,Arginine and Proline Metabolism,0.3,35,4,Creatine,Creatine,Proline,0.12992424242422373,18.60700757575752,-18.477083333333297,-142.21427476836755
ST003506,hsa00330,Arginine and Proline Metabolism,0.3,36,4,Creatine,Creatine,Proline,0.12992424242422373,18.60700757575752,-18.477083333333297,-142.21427476836755
ST003506,hsa00330,Arginine and Proline Metabolism,0.3,37,4,Proline,Proline,Creatine,24.766035353535344,6.288952020202018,18.477083333333326,0.7460654506105707
ST003506,hsa00330,Arginine and Proline Metabolism,0.3,38,4,Ornithine,Ornithine,Proline,18.413257575757612,13.971212121212119,4.442045454545493,0.24124169413571614
ST003506,hsa00330,Arginine and Proline Metabolism,0.3,39,4,Creatine,Creatine,Proline,0.12992424242422373,18.60700757575752,-18.477083333333297,-142.21427476836755
ST003506,hsa00330,Arginine and Proline Metabolism,0.3,40,4,Creatinine,Creatinine,Proline,6.4827020202020265,16.95385101010099,-10.471148989898964,-1.61524452938224
ST003506,hsa00330,Arginine and Proline Metabolism,0.3,41,4,Proline,Proline,Creatine,24.766035353535344,6.288952020202018,18.477083333333326,0.7460654506105707
ST003506,hsa00330,Arginine and Proline Metabolism,0.3,42,4,Creatinine,Creatinine,Proline,6.4827020202020265,16.95385101010099,-10.471148989898964,-1.61524452938224
ST003506,hsa00330,Arginine and Proline Metabolism,0.3,43,4,Creatinine,Creatinine,Proline,6.4827020202020265,16.95385101010099,-10.471148989898964,-1.61524452938224
ST003506,hsa00330,Arginine and Proline Metabolism,0.3,44,4,Creatine,Creatine,Proline,0.12992424242422373,18.60700757575752,-18.477083333333297,-142.21427476836755
ST003506,hsa00330,Arginine and Proline Metabolism,0.3,45,4,Proline,Proline,Creatine,24.766035353535344,6.288952020202018,18.477083333333326,0.7460654506105707
ST003506,hsa00330,Arginine and Proline Metabolism,0.3,46,4,Creatine,Creatine,Proline,0.12992424242422373,18.60700757575752,-18.477083333333297,-142.21427476836755
ST003506,hsa00330,Arginine and Proline Metabolism,0.3,47,4,Creatine,Creatine,Proline,0.12992424242422373,18.60700757575752,-18.477083333333297,-142.21427476836755
ST003506,hsa00330,Arginine and Proline Metabolism,0.3,48,4,Ornithine,Ornithine,Proline,18.413257575757612,13.971212121212119,4.442045454545493,0.24124169413571614
ST003506,hsa00330,Arginine and Proline Metabolism,0.3,49,4,Ornithine,Ornithine,Proline,18.413257575757612,13.971212121212119,4.442045454545493,0.24124169413571614
ST003506,hsa00564,Glycerophospholipid Metabolism,0.3,0,4,Glycerol,Glycerol,sn-Glycero-3-phosphocholine,12.226893939393928,1.2659090909091013,10.960984848484827,0.896465193355844
ST003506,hsa00564,Glycerophospholipid Metabolism,0.3,1,4,Choline,Choline,Glycerol,5.523863636363622,7.789204545454581,-2.265340909090959,-0.4101008015616462
ST003506,hsa00564,Glycerophospholipid Metabolism,0.3,2,4,sn-Glycero-3-phosphocholine,sn-Glycero-3-phosphocholine,Glycerol,2.3877525252525444,8.573232323232304,-6.1854797979797596,-2.590502871071412
ST003506,hsa00564,Glycerophospholipid Metabolism,0.3,3,4,sn-Glycero-3-phosphocholine,sn-Glycero-3-phosphocholine,Glycerol,2.3877525252525444,8.573232323232304,-6.1854797979797596,-2.590502871071412
ST003506,hsa00564,Glycerophospholipid Metabolism,0.3,4,4,Betaine,Betaine,Glycerol,4.315277777777801,8.091351010101036,-3.7760732323232347,-0.8750475445678699
ST003506,hsa00564,Glycerophospholipid Metabolism,0.3,5,4,Betaine,Betaine,Glycerol,4.315277777777801,8.091351010101036,-3.7760732323232347,-0.8750475445678699
ST003506,hsa00564,Glycerophospholipid Metabolism,0.3,6,4,Choline,Choline,Glycerol,5.523863636363622,7.789204545454581,-2.265340909090959,-0.4101008015616462
ST003506,hsa00564,Glycerophospholipid Metabolism,0.3,7,4,Betaine,Betaine,Glycerol,4.315277777777801,8.091351010101036,-3.7760732323232347,-0.8750475445678699
ST003506,hsa00564,Glycerophospholipid Metabolism,0.3,8,4,Choline,Choline,Glycerol,5.523863636363622,7.789204545454581,-2.265340909090959,-0.4101008015616462
ST003506,hsa00564,Glycerophospholipid Metabolism,0.3,9,4,Glycerol,Glycerol,sn-Glycero-3-phosphocholine,12.226893939393928,1.2659090909091013,10.960984848484827,0.896465193355844
ST003506,hsa00564,Glycerophospholipid Metabolism,0.3,10,4,Betaine,Betaine,Glycerol,4.315277777777801,8.091351010101036,-3.7760732323232347,-0.8750475445678699
ST003506,hsa00564,Glycerophospholipid Metabolism,0.3,11,4,Betaine,Betaine,Glycerol,4.315277777777801,8.091351010101036,-3.7760732323232347,-0.8750475445678699
ST003506,hsa00564,Glycerophospholipid Metabolism,0.3,12,4,Choline,Choline,Glycerol,5.523863636363622,7.789204545454581,-2.265340909090959,-0.4101008015616462
ST003506,hsa00564,Glycerophospholipid Metabolism,0.3,13,4,Betaine,Betaine,Glycerol,4.315277777777801,8.091351010101036,-3.7760732323232347,-0.8750475445678699
ST003506,hsa00564,Glycerophospholipid Metabolism,0.3,14,4,Choline,Choline,Glycerol,5.523863636363622,7.789204545454581,-2.265340909090959,-0.4101008015616462
ST003506,hsa00564,Glycerophospholipid Metabolism,0.3,15,4,Glycerol,Glycerol,sn-Glycero-3-phosphocholine,12.226893939393928,1.2659090909091013,10.960984848484827,0.896465193355844
ST003506,hsa00564,Glycerophospholipid Metabolism,0.3,16,4,sn-Glycero-3-phosphocholine,sn-Glycero-3-phosphocholine,Glycerol,2.3877525252525444,8.573232323232304,-6.1854797979797596,-2.590502871071412
ST003506,hsa00564,Glycerophospholipid Metabolism,0.3,17,4,sn-Glycero-3-phosphocholine,sn-Glycero-3-phosphocholine,Glycerol,2.3877525252525444,8.573232323232304,-6.1854797979797596,-2.590502871071412
ST003506,hsa00564,Glycerophospholipid Metabolism,0.3,18,4,Choline,Choline,Glycerol,5.523863636363622,7.789204545454581,-2.265340909090959,-0.4101008015616462
ST003506,hsa00564,Glycerophospholipid Metabolism,0.3,19,4,Betaine,Betaine,Glycerol,4.315277777777801,8.091351010101036,-3.7760732323232347,-0.8750475445678699
ST003506,hsa00564,Glycerophospholipid Metabolism,0.3,20,4,sn-Glycero-3-phosphocholine,sn-Glycero-3-phosphocholine,Glycerol,2.3877525252525444,8.573232323232304,-6.1854797979797596,-2.590502871071412
ST003506,hsa00564,Glycerophospholipid Metabolism,0.3,21,4,Glycerol,Glycerol,sn-Glycero-3-phosphocholine,12.226893939393928,1.2659090909091013,10.960984848484827,0.896465193355844
ST003506,hsa00564,Glycerophospholipid Metabolism,0.3,22,4,sn-Glycero-3-phosphocholine,sn-Glycero-3-phosphocholine,Glycerol,2.3877525252525444,8.573232323232304,-6.1854797979797596,-2.590502871071412
ST003506,hsa00564,Glycerophospholipid Metabolism,0.3,23,4,sn-Glycero-3-phosphocholine,sn-Glycero-3-phosphocholine,Glycerol,2.3877525252525444,8.573232323232304,-6.1854797979797596,-2.590502871071412
ST003506,hsa00564,Glycerophospholipid Metabolism,0.3,24,4,Betaine,Betaine,Glycerol,4.315277777777801,8.091351010101036,-3.7760732323232347,-0.8750475445678699
ST003506,hsa00564,Glycerophospholipid Metabolism,0.3,25,4,Choline,Choline,Glycerol,5.523863636363622,7.789204545454581,-2.265340909090959,-0.4101008015616462
ST003506,hsa00564,Glycerophospholipid Metabolism,0.3,26,4,Glycerol,Glycerol,sn-Glycero-3-phosphocholine,12.226893939393928,1.2659090909091013,10.960984848484827,0.896465193355844
ST003506,hsa00564,Glycerophospholipid Metabolism,0.3,27,4,Glycerol,Glycerol,sn-Glycero-3-phosphocholine,12.226893939393928,1.2659090909091013,10.960984848484827,0.896465193355844
ST003506,hsa00564,Glycerophospholipid Metabolism,0.3,28,4,sn-Glycero-3-phosphocholine,sn-Glycero-3-phosphocholine,Glycerol,2.3877525252525444,8.573232323232304,-6.1854797979797596,-2.590502871071412
ST003506,hsa00564,Glycerophospholipid Metabolism,0.3,29,4,sn-Glycero-3-phosphocholine,sn-Glycero-3-phosphocholine,Glycerol,2.3877525252525444,8.573232323232304,-6.1854797979797596,-2.590502871071412
ST003506,hsa00564,Glycerophospholipid Metabolism,0.3,30,4,Choline,Choline,Glycerol,5.523863636363622,7.789204545454581,-2.265340909090959,-0.4101008015616462
ST003506,hsa00564,Glycerophospholipid Metabolism,0.3,31,4,Betaine,Betaine,Glycerol,4.315277777777801,8.091351010101036,-3.7760732323232347,-0.8750475445678699
ST003506,hsa00564,Glycerophospholipid Metabolism,0.3,32,4,Betaine,Betaine,Glycerol,4.315277777777801,8.091351010101036,-3.7760732323232347,-0.8750475445678699
ST003506,hsa00564,Glycerophospholipid Metabolism,0.3,33,4,Choline,Choline,Glycerol,5.523863636363622,7.789204545454581,-2.265340909090959,-0.4101008015616462
ST003506,hsa00564,Glycerophospholipid Metabolism,0.3,34,4,Choline,Choline,Glycerol,5.523863636363622,7.789204545454581,-2.265340909090959,-0.4101008015616462
ST003506,hsa00564,Glycerophospholipid Metabolism,0.3,35,4,Choline,Choline,Glycerol,5.523863636363622,7.789204545454581,-2.265340909090959,-0.4101008015616462
ST003506,hsa00564,Glycerophospholipid Metabolism,0.3,36,4,Choline,Choline,Glycerol,5.523863636363622,7.789204545454581,-2.265340909090959,-0.4101008015616462
ST003506,hsa00564,Glycerophospholipid Metabolism,0.3,37,4,Betaine,Betaine,Glycerol,4.315277777777801,8.091351010101036,-3.7760732323232347,-0.8750475445678699
ST003506,hsa00564,Glycerophospholipid Metabolism,0.3,38,4,Betaine,Betaine,Glycerol,4.315277777777801,8.091351010101036,-3.7760732323232347,-0.8750475445678699
ST003506,hsa00564,Glycerophospholipid Metabolism,0.3,39,4,Choline,Choline,Glycerol,5.523863636363622,7.789204545454581,-2.265340909090959,-0.4101008015616462
ST003506,hsa00564,Glycerophospholipid Metabolism,0.3,40,4,Glycerol,Glycerol,sn-Glycero-3-phosphocholine,12.226893939393928,1.2659090909091013,10.960984848484827,0.896465193355844
ST003506,hsa00564,Glycerophospholipid Metabolism,0.3,41,4,Choline,Choline,Glycerol,5.523863636363622,7.789204545454581,-2.265340909090959,-0.4101008015616462
ST003506,hsa00564,Glycerophospholipid Metabolism,0.3,42,4,sn-Glycero-3-phosphocholine,sn-Glycero-3-phosphocholine,Glycerol,2.3877525252525444,8.573232323232304,-6.1854797979797596,-2.590502871071412
ST003506,hsa00564,Glycerophospholipid Metabolism,0.3,43,4,Glycerol,Glycerol,sn-Glycero-3-phosphocholine,12.226893939393928,1.2659090909091013,10.960984848484827,0.896465193355844
ST003506,hsa00564,Glycerophospholipid Metabolism,0.3,44,4,Glycerol,Glycerol,sn-Glycero-3-phosphocholine,12.226893939393928,1.2659090909091013,10.960984848484827,0.896465193355844
ST003506,hsa00564,Glycerophospholipid Metabolism,0.3,45,4,Betaine,Betaine,Glycerol,4.315277777777801,8.091351010101036,-3.7760732323232347,-0.8750475445678699
ST003506,hsa00564,Glycerophospholipid Metabolism,0.3,46,4,Choline,Choline,Glycerol,5.523863636363622,7.789204545454581,-2.265340909090959,-0.4101008015616462
ST003506,hsa00564,Glycerophospholipid Metabolism,0.3,47,4,Choline,Choline,Glycerol,5.523863636363622,7.789204545454581,-2.265340909090959,-0.4101008015616462
ST003506,hsa00564,Glycerophospholipid Metabolism,0.3,48,4,sn-Glycero-3-phosphocholine,sn-Glycero-3-phosphocholine,Glycerol,2.3877525252525444,8.573232323232304,-6.1854797979797596,-2.590502871071412
ST003506,hsa00564,Glycerophospholipid Metabolism,0.3,49,4,sn-Glycero-3-phosphocholine,sn-Glycero-3-phosphocholine,Glycerol,2.3877525252525444,8.573232323232304,-6.1854797979797596,-2.590502871071412
ST000356,hsa00230,Purine Metabolism,0.3,0,3,Hypoxanthine,Hypoxanthine,1-Methylxanthine,3.196316024637225,1.6320350245328346,1.5642810001043905,0.4894012304017782
ST000356,hsa00230,Purine Metabolism,0.3,1,3,Succinyladenosine,Succinyladenosine,1-Methylxanthine,0.8498945244806393,2.4141755245850263,-1.564281000104387,-1.8405589595423164
ST000356,hsa00230,Purine Metabolism,0.3,2,3,1-Methylxanthine,1-Methylxanthine,Hypoxanthine,4.046210549117859,0.7821405000521979,3.264070049065661,0.8066980206233465
ST000356,hsa00230,Purine Metabolism,0.3,3,3,1-Methylxanthine,1-Methylxanthine,Hypoxanthine,4.046210549117859,0.7821405000521979,3.264070049065661,0.8066980206233465
ST000356,hsa00230,Purine Metabolism,0.3,4,3,1-Methylxanthine,1-Methylxanthine,Hypoxanthine,4.046210549117859,0.7821405000521979,3.264070049065661,0.8066980206233465
ST000356,hsa00230,Purine Metabolism,0.3,5,3,Succinyladenosine,Succinyladenosine,1-Methylxanthine,0.8498945244806393,2.4141755245850263,-1.564281000104387,-1.8405589595423164
ST000356,hsa00230,Purine Metabolism,0.3,6,3,Hypoxanthine,Hypoxanthine,1-Methylxanthine,3.196316024637225,1.6320350245328346,1.5642810001043905,0.4894012304017782
ST000356,hsa00230,Purine Metabolism,0.3,7,3,Succinyladenosine,Succinyladenosine,1-Methylxanthine,0.8498945244806393,2.4141755245850263,-1.564281000104387,-1.8405589595423164
ST000356,hsa00230,Purine Metabolism,0.3,8,3,Hypoxanthine,Hypoxanthine,1-Methylxanthine,3.196316024637225,1.6320350245328346,1.5642810001043905,0.4894012304017782
ST000356,hsa00230,Purine Metabolism,0.3,9,3,Hypoxanthine,Hypoxanthine,1-Methylxanthine,3.196316024637225,1.6320350245328346,1.5642810001043905,0.4894012304017782
ST000356,hsa00230,Purine Metabolism,0.3,10,3,1-Methylxanthine,1-Methylxanthine,Hypoxanthine,4.046210549117859,0.7821405000521979,3.264070049065661,0.8066980206233465
ST000356,hsa00230,Purine Metabolism,0.3,11,3,Succinyladenosine,Succinyladenosine,1-Methylxanthine,0.8498945244806393,2.4141755245850263,-1.564281000104387,-1.8405589595423164
ST000356,hsa00230,Purine Metabolism,0.3,12,3,Succinyladenosine,Succinyladenosine,1-Methylxanthine,0.8498945244806393,2.4141755245850263,-1.564281000104387,-1.8405589595423164
ST000356,hsa00230,Purine Metabolism,0.3,13,3,Succinyladenosine,Succinyladenosine,1-Methylxanthine,0.8498945244806393,2.4141755245850263,-1.564281000104387,-1.8405589595423164
ST000356,hsa00230,Purine Metabolism,0.3,14,3,Succinyladenosine,Succinyladenosine,1-Methylxanthine,0.8498945244806393,2.4141755245850263,-1.564281000104387,-1.8405589595423164
ST000356,hsa00230,Purine Metabolism,0.3,15,3,Succinyladenosine,Succinyladenosine,1-Methylxanthine,0.8498945244806393,2.4141755245850263,-1.564281000104387,-1.8405589595423164
ST000356,hsa00230,Purine Metabolism,0.3,16,3,1-Methylxanthine,1-Methylxanthine,Hypoxanthine,4.046210549117859,0.7821405000521979,3.264070049065661,0.8066980206233465
ST000356,hsa00230,Purine Metabolism,0.3,17,3,Hypoxanthine,Hypoxanthine,1-Methylxanthine,3.196316024637225,1.6320350245328346,1.5642810001043905,0.4894012304017782
ST000356,hsa00230,Purine Metabolism,0.3,18,3,Succinyladenosine,Succinyladenosine,1-Methylxanthine,0.8498945244806393,2.4141755245850263,-1.564281000104387,-1.8405589595423164
ST000356,hsa00230,Purine Metabolism,0.3,19,3,1-Methylxanthine,1-Methylxanthine,Hypoxanthine,4.046210549117859,0.7821405000521979,3.264070049065661,0.8066980206233465
ST000356,hsa00230,Purine Metabolism,0.3,20,3,1-Methylxanthine,1-Methylxanthine,Hypoxanthine,4.046210549117859,0.7821405000521979,3.264070049065661,0.8066980206233465
ST000356,hsa00230,Purine Metabolism,0.3,21,3,1-Methylxanthine,1-Methylxanthine,Hypoxanthine,4.046210549117859,0.7821405000521979,3.264070049065661,0.8066980206233465
ST000356,hsa00230,Purine Metabolism,0.3,22,3,Hypoxanthine,Hypoxanthine,1-Methylxanthine,3.196316024637225,1.6320350245328346,1.5642810001043905,0.4894012304017782
ST000356,hsa00230,Purine Metabolism,0.3,23,3,Succinyladenosine,Succinyladenosine,1-Methylxanthine,0.8498945244806393,2.4141755245850263,-1.564281000104387,-1.8405589595423164
ST000356,hsa00230,Purine Metabolism,0.3,24,3,Succinyladenosine,Succinyladenosine,1-Methylxanthine,0.8498945244806393,2.4141755245850263,-1.564281000104387,-1.8405589595423164
ST000356,hsa00230,Purine Metabolism,0.3,25,3,1-Methylxanthine,1-Methylxanthine,Hypoxanthine,4.046210549117859,0.7821405000521979,3.264070049065661,0.8066980206233465
ST000356,hsa00230,Purine Metabolism,0.3,26,3,1-Methylxanthine,1-Methylxanthine,Hypoxanthine,4.046210549117859,0.7821405000521979,3.264070049065661,0.8066980206233465
ST000356,hsa00230,Purine Metabolism,0.3,27,3,Succinyladenosine,Succinyladenosine,1-Methylxanthine,0.8498945244806393,2.4141755245850263,-1.564281000104387,-1.8405589595423164
ST000356,hsa00230,Purine Metabolism,0.3,28,3,1-Methylxanthine,1-Methylxanthine,Hypoxanthine,4.046210549117859,0.7821405000521979,3.264070049065661,0.8066980206233465
ST000356,hsa00230,Purine Metabolism,0.3,29,3,1-Methylxanthine,1-Methylxanthine,Hypoxanthine,4.046210549117859,0.7821405000521979,3.264070049065661,0.8066980206233465
ST000356,hsa00230,Purine Metabolism,0.3,30,3,1-Methylxanthine,1-Methylxanthine,Hypoxanthine,4.046210549117859,0.7821405000521979,3.264070049065661,0.8066980206233465
ST000356,hsa00230,Purine Metabolism,0.3,31,3,Hypoxanthine,Hypoxanthine,1-Methylxanthine,3.196316024637225,1.6320350245328346,1.5642810001043905,0.4894012304017782
ST000356,hsa00230,Purine Metabolism,0.3,32,3,Hypoxanthine,Hypoxanthine,1-Methylxanthine,3.196316024637225,1.6320350245328346,1.5642810001043905,0.4894012304017782
ST000356,hsa00230,Purine Metabolism,0.3,33,3,1-Methylxanthine,1-Methylxanthine,Hypoxanthine,4.046210549117859,0.7821405000521979,3.264070049065661,0.8066980206233465
ST000356,hsa00230,Purine Metabolism,0.3,34,3,Succinyladenosine,Succinyladenosine,1-Methylxanthine,0.8498945244806393,2.4141755245850263,-1.564281000104387,-1.8405589595423164
ST000356,hsa00230,Purine Metabolism,0.3,35,3,Hypoxanthine,Hypoxanthine,1-Methylxanthine,3.196316024637225,1.6320350245328346,1.5642810001043905,0.4894012304017782
ST000356,hsa00230,Purine Metabolism,0.3,36,3,Succinyladenosine,Succinyladenosine,1-Methylxanthine,0.8498945244806393,2.4141755245850263,-1.564281000104387,-1.8405589595423164
ST000356,hsa00230,Purine Metabolism,0.3,37,3,Succinyladenosine,Succinyladenosine,1-Methylxanthine,0.8498945244806393,2.4141755245850263,-1.564281000104387,-1.8405589595423164
ST000356,hsa00230,Purine Metabolism,0.3,38,3,Hypoxanthine,Hypoxanthine,1-Methylxanthine,3.196316024637225,1.6320350245328346,1.5642810001043905,0.4894012304017782
ST000356,hsa00230,Purine Metabolism,0.3,39,3,1-Methylxanthine,1-Methylxanthine,Hypoxanthine,4.046210549117859,0.7821405000521979,3.264070049065661,0.8066980206233465
ST000356,hsa00230,Purine Metabolism,0.3,40,3,Hypoxanthine,Hypoxanthine,1-Methylxanthine,3.196316024637225,1.6320350245328346,1.5642810001043905,0.4894012304017782
ST000356,hsa00230,Purine Metabolism,0.3,41,3,Succinyladenosine,Succinyladenosine,1-Methylxanthine,0.8498945244806393,2.4141755245850263,-1.564281000104387,-1.8405589595423164
ST000356,hsa00230,Purine Metabolism,0.3,42,3,Succinyladenosine,Succinyladenosine,1-Methylxanthine,0.8498945244806393,2.4141755245850263,-1.564281000104387,-1.8405589595423164
ST000356,hsa00230,Purine Metabolism,0.3,43,3,1-Methylxanthine,1-Methylxanthine,Hypoxanthine,4.046210549117859,0.7821405000521979,3.264070049065661,0.8066980206233465
ST000356,hsa00230,Purine Metabolism,0.3,44,3,Hypoxanthine,Hypoxanthine,1-Methylxanthine,3.196316024637225,1.6320350245328346,1.5642810001043905,0.4894012304017782
ST000356,hsa00230,Purine Metabolism,0.3,45,3,Succinyladenosine,Succinyladenosine,1-Methylxanthine,0.8498945244806393,2.4141755245850263,-1.564281000104387,-1.8405589595423164
ST000356,hsa00230,Purine Metabolism,0.3,46,3,1-Methylxanthine,1-Methylxanthine,Hypoxanthine,4.046210549117859,0.7821405000521979,3.264070049065661,0.8066980206233465
ST000356,hsa00230,Purine Metabolism,0.3,47,3,Succinyladenosine,Succinyladenosine,1-Methylxanthine,0.8498945244806393,2.4141755245850263,-1.564281000104387,-1.8405589595423164
ST000356,hsa00230,Purine Metabolism,0.3,48,3,Succinyladenosine,Succinyladenosine,1-Methylxanthine,0.8498945244806393,2.4141755245850263,-1.564281000104387,-1.8405589595423164
ST000356,hsa00230,Purine Metabolism,0.3,49,3,Succinyladenosine,Succinyladenosine,1-Methylxanthine,0.8498945244806393,2.4141755245850263,-1.564281000104387,-1.8405589595423164
ST000356,hsa00240,Pyrimidine Metabolism,0.3,0,5,Dihydrothymine,Dihydrothymine,5-Methyldeoxycytidine,0.7008940035494311,0.713631754880468,-0.01273775133103694,-0.018173577009926334
ST000356,hsa00240,Pyrimidine Metabolism,0.3,1,5,Cytidine,Cytidine,Dihydrothymine,0.42603368462261093,0.45405044002505557,-0.028016755402444637,-0.06576183000563472
ST000356,hsa00240,Pyrimidine Metabolism,0.3,2,5,Pseudouridine,Pseudouridine,Dihydrothymine,0.36129425461948084,0.4812322580645154,-0.11993800344503458,-0.3319676374363557
ST000356,hsa00240,Pyrimidine Metabolism,0.3,3,5,Dihydrouracil,Dihydrouracil,Dihydrothymine,0.6213000563733171,0.4294870200438452,0.1918130363294719,0.30872849804947267
ST000356,hsa00240,Pyrimidine Metabolism,0.3,4,5,Dihydrouracil,Dihydrouracil,Dihydrothymine,0.6213000563733171,0.4294870200438452,0.1918130363294719,0.30872849804947267
ST000356,hsa00240,Pyrimidine Metabolism,0.3,5,5,Cytidine,Cytidine,Dihydrothymine,0.42603368462261093,0.45405044002505557,-0.028016755402444637,-0.06576183000563472
ST000356,hsa00240,Pyrimidine Metabolism,0.3,6,5,Dihydrouracil,Dihydrouracil,Dihydrothymine,0.6213000563733171,0.4294870200438452,0.1918130363294719,0.30872849804947267
ST000356,hsa00240,Pyrimidine Metabolism,0.3,7,5,Cytidine,Cytidine,Dihydrothymine,0.42603368462261093,0.45405044002505557,-0.028016755402444637,-0.06576183000563472
ST000356,hsa00240,Pyrimidine Metabolism,0.3,8,5,Dihydrothymine,Dihydrothymine,5-Methyldeoxycytidine,0.7008940035494311,0.713631754880468,-0.01273775133103694,-0.018173577009926334
ST000356,hsa00240,Pyrimidine Metabolism,0.3,9,5,Dihydrothymine,Dihydrothymine,5-Methyldeoxycytidine,0.7008940035494311,0.713631754880468,-0.01273775133103694,-0.018173577009926334
ST000356,hsa00240,Pyrimidine Metabolism,0.3,10,5,5-Methyldeoxycytidine,5-Methyldeoxycytidine,Dihydrothymine,0.7077339920659778,0.6949962407349406,0.012737751331037162,0.017997936080298284
ST000356,hsa00240,Pyrimidine Metabolism,0.3,11,5,Dihydrothymine,Dihydrothymine,5-Methyldeoxycytidine,0.7008940035494311,0.713631754880468,-0.01273775133103694,-0.018173577009926334
ST000356,hsa00240,Pyrimidine Metabolism,0.3,12,5,Pseudouridine,Pseudouridine,Dihydrothymine,0.36129425461948084,0.4812322580645154,-0.11993800344503458,-0.3319676374363557
ST000356,hsa00240,Pyrimidine Metabolism,0.3,13,5,5-Methyldeoxycytidine,5-Methyldeoxycytidine,Dihydrothymine,0.7077339920659778,0.6949962407349406,0.012737751331037162,0.017997936080298284
ST000356,hsa00240,Pyrimidine Metabolism,0.3,14,5,Dihydrouracil,Dihydrouracil,Dihydrothymine,0.6213000563733171,0.4294870200438452,0.1918130363294719,0.30872849804947267
ST000356,hsa00240,Pyrimidine Metabolism,0.3,15,5,Pseudouridine,Pseudouridine,Dihydrothymine,0.36129425461948084,0.4812322580645154,-0.11993800344503458,-0.3319676374363557
ST000356,hsa00240,Pyrimidine Metabolism,0.3,16,5,5-Methyldeoxycytidine,5-Methyldeoxycytidine,Dihydrothymine,0.7077339920659778,0.6949962407349406,0.012737751331037162,0.017997936080298284
ST000356,hsa00240,Pyrimidine Metabolism,0.3,17,5,Pseudouridine,Pseudouridine,Dihydrothymine,0.36129425461948084,0.4812322580645154,-0.11993800344503458,-0.3319676374363557
ST000356,hsa00240,Pyrimidine Metabolism,0.3,18,5,Cytidine,Cytidine,Dihydrothymine,0.42603368462261093,0.45405044002505557,-0.028016755402444637,-0.06576183000563472
ST000356,hsa00240,Pyrimidine Metabolism,0.3,19,5,Dihydrouracil,Dihydrouracil,Dihydrothymine,0.6213000563733171,0.4294870200438452,0.1918130363294719,0.30872849804947267
ST000356,hsa00240,Pyrimidine Metabolism,0.3,20,5,Dihydrothymine,Dihydrothymine,5-Methyldeoxycytidine,0.7008940035494311,0.713631754880468,-0.01273775133103694,-0.018173577009926334
ST000356,hsa00240,Pyrimidine Metabolism,0.3,21,5,Cytidine,Cytidine,Dihydrothymine,0.42603368462261093,0.45405044002505557,-0.028016755402444637,-0.06576183000563472
ST000356,hsa00240,Pyrimidine Metabolism,0.3,22,5,Dihydrouracil,Dihydrouracil,Dihydrothymine,0.6213000563733171,0.4294870200438452,0.1918130363294719,0.30872849804947267
ST000356,hsa00240,Pyrimidine Metabolism,0.3,23,5,Cytidine,Cytidine,Dihydrothymine,0.42603368462261093,0.45405044002505557,-0.028016755402444637,-0.06576183000563472
ST000356,hsa00240,Pyrimidine Metabolism,0.3,24,5,Dihydrothymine,Dihydrothymine,5-Methyldeoxycytidine,0.7008940035494311,0.713631754880468,-0.01273775133103694,-0.018173577009926334
ST000356,hsa00240,Pyrimidine Metabolism,0.3,25,5,Dihydrouracil,Dihydrouracil,Dihydrothymine,0.6213000563733171,0.4294870200438452,0.1918130363294719,0.30872849804947267
ST000356,hsa00240,Pyrimidine Metabolism,0.3,26,5,Pseudouridine,Pseudouridine,Dihydrothymine,0.36129425461948084,0.4812322580645154,-0.11993800344503458,-0.3319676374363557
ST000356,hsa00240,Pyrimidine Metabolism,0.3,27,5,Pseudouridine,Pseudouridine,Dihydrothymine,0.36129425461948084,0.4812322580645154,-0.11993800344503458,-0.3319676374363557
ST000356,hsa00240,Pyrimidine Metabolism,0.3,28,5,Dihydrouracil,Dihydrouracil,Dihydrothymine,0.6213000563733171,0.4294870200438452,0.1918130363294719,0.30872849804947267
ST000356,hsa00240,Pyrimidine Metabolism,0.3,29,5,Dihydrothymine,Dihydrothymine,5-Methyldeoxycytidine,0.7008940035494311,0.713631754880468,-0.01273775133103694,-0.018173577009926334
ST000356,hsa00240,Pyrimidine Metabolism,0.3,30,5,5-Methyldeoxycytidine,5-Methyldeoxycytidine,Dihydrothymine,0.7077339920659778,0.6949962407349406,0.012737751331037162,0.017997936080298284
ST000356,hsa00240,Pyrimidine Metabolism,0.3,31,5,Dihydrouracil,Dihydrouracil,Dihydrothymine,0.6213000563733171,0.4294870200438452,0.1918130363294719,0.30872849804947267
ST000356,hsa00240,Pyrimidine Metabolism,0.3,32,5,Cytidine,Cytidine,Dihydrothymine,0.42603368462261093,0.45405044002505557,-0.028016755402444637,-0.06576183000563472
ST000356,hsa00240,Pyrimidine Metabolism,0.3,33,5,5-Methyldeoxycytidine,5-Methyldeoxycytidine,Dihydrothymine,0.7077339920659778,0.6949962407349406,0.012737751331037162,0.017997936080298284
ST000356,hsa00240,Pyrimidine Metabolism,0.3,34,5,Dihydrothymine,Dihydrothymine,5-Methyldeoxycytidine,0.7008940035494311,0.713631754880468,-0.01273775133103694,-0.018173577009926334
ST000356,hsa00240,Pyrimidine Metabolism,0.3,35,5,Dihydrothymine,Dihydrothymine,5-Methyldeoxycytidine,0.7008940035494311,0.713631754880468,-0.01273775133103694,-0.018173577009926334
ST000356,hsa00240,Pyrimidine Metabolism,0.3,36,5,Cytidine,Cytidine,Dihydrothymine,0.42603368462261093,0.45405044002505557,-0.028016755402444637,-0.06576183000563472
ST000356,hsa00240,Pyrimidine Metabolism,0.3,37,5,Pseudouridine,Pseudouridine,Dihydrothymine,0.36129425461948084,0.4812322580645154,-0.11993800344503458,-0.3319676374363557
ST000356,hsa00240,Pyrimidine Metabolism,0.3,38,5,Dihydrothymine,Dihydrothymine,5-Methyldeoxycytidine,0.7008940035494311,0.713631754880468,-0.01273775133103694,-0.018173577009926334
ST000356,hsa00240,Pyrimidine Metabolism,0.3,39,5,5-Methyldeoxycytidine,5-Methyldeoxycytidine,Dihydrothymine,0.7077339920659778,0.6949962407349406,0.012737751331037162,0.017997936080298284
ST000356,hsa00240,Pyrimidine Metabolism,0.3,40,5,Dihydrouracil,Dihydrouracil,Dihydrothymine,0.6213000563733171,0.4294870200438452,0.1918130363294719,0.30872849804947267
ST000356,hsa00240,Pyrimidine Metabolism,0.3,41,5,5-Methyldeoxycytidine,5-Methyldeoxycytidine,Dihydrothymine,0.7077339920659778,0.6949962407349406,0.012737751331037162,0.017997936080298284
ST000356,hsa00240,Pyrimidine Metabolism,0.3,42,5,5-Methyldeoxycytidine,5-Methyldeoxycytidine,Dihydrothymine,0.7077339920659778,0.6949962407349406,0.012737751331037162,0.017997936080298284
ST000356,hsa00240,Pyrimidine Metabolism,0.3,43,5,Pseudouridine,Pseudouridine,Dihydrothymine,0.36129425461948084,0.4812322580645154,-0.11993800344503458,-0.3319676374363557
ST000356,hsa00240,Pyrimidine Metabolism,0.3,44,5,5-Methyldeoxycytidine,5-Methyldeoxycytidine,Dihydrothymine,0.7077339920659778,0.6949962407349406,0.012737751331037162,0.017997936080298284
ST000356,hsa00240,Pyrimidine Metabolism,0.3,45,5,Pseudouridine,Pseudouridine,Dihydrothymine,0.36129425461948084,0.4812322580645154,-0.11993800344503458,-0.3319676374363557
ST000356,hsa00240,Pyrimidine Metabolism,0.3,46,5,Pseudouridine,Pseudouridine,Dihydrothymine,0.36129425461948084,0.4812322580645154,-0.11993800344503458,-0.3319676374363557
ST000356,hsa00240,Pyrimidine Metabolism,0.3,47,5,Dihydrothymine,Dihydrothymine,5-Methyldeoxycytidine,0.7008940035494311,0.713631754880468,-0.01273775133103694,-0.018173577009926334
ST000356,hsa00240,Pyrimidine Metabolism,0.3,48,5,Dihydrothymine,Dihydrothymine,5-Methyldeoxycytidine,0.7008940035494311,0.713631754880468,-0.01273775133103694,-0.018173577009926334
ST000356,hsa00240,Pyrimidine Metabolism,0.3,49,5,Cytidine,Cytidine,Dihydrothymine,0.42603368462261093,0.45405044002505557,-0.028016755402444637,-0.06576183000563472
ST000356,hsa00260,Glycine Serine Threonine Metabolism,0.3,0,3,2-Aminobutyric acid,2-Aminobutyric acid,Betaine,7.469678369349623,8.78965147718958,-1.3199731078399566,-0.17671083556811523
ST000356,hsa00260,Glycine Serine Threonine Metabolism,0.3,1,3,Glycine,Glycine,Betaine,8.036555506837914,8.6006924313603,-0.5641369245223871,-0.07019635754900551
ST000356,hsa00260,Glycine Serine Threonine Metabolism,0.3,2,3,2-Aminobutyric acid,2-Aminobutyric acid,Betaine,7.469678369349623,8.78965147718958,-1.3199731078399566,-0.17671083556811523
ST000356,hsa00260,Glycine Serine Threonine Metabolism,0.3,3,3,Glycine,Glycine,Betaine,8.036555506837914,8.6006924313603,-0.5641369245223871,-0.07019635754900551
ST000356,hsa00260,Glycine Serine Threonine Metabolism,0.3,4,3,2-Aminobutyric acid,2-Aminobutyric acid,Betaine,7.469678369349623,8.78965147718958,-1.3199731078399566,-0.17671083556811523
ST000356,hsa00260,Glycine Serine Threonine Metabolism,0.3,5,3,2-Aminobutyric acid,2-Aminobutyric acid,Betaine,7.469678369349623,8.78965147718958,-1.3199731078399566,-0.17671083556811523
ST000356,hsa00260,Glycine Serine Threonine Metabolism,0.3,6,3,2-Aminobutyric acid,2-Aminobutyric acid,Betaine,7.469678369349623,8.78965147718958,-1.3199731078399566,-0.17671083556811523
ST000356,hsa00260,Glycine Serine Threonine Metabolism,0.3,7,3,Betaine,Betaine,2-Aminobutyric acid,15.506233876187537,1.1310140620106504,14.375219814176887,0.9270606853790512
ST000356,hsa00260,Glycine Serine Threonine Metabolism,0.3,8,3,Betaine,Betaine,2-Aminobutyric acid,15.506233876187537,1.1310140620106504,14.375219814176887,0.9270606853790512
ST000356,hsa00260,Glycine Serine Threonine Metabolism,0.3,9,3,2-Aminobutyric acid,2-Aminobutyric acid,Betaine,7.469678369349623,8.78965147718958,-1.3199731078399566,-0.17671083556811523
ST000356,hsa00260,Glycine Serine Threonine Metabolism,0.3,10,3,Glycine,Glycine,Betaine,8.036555506837914,8.6006924313603,-0.5641369245223871,-0.07019635754900551
ST000356,hsa00260,Glycine Serine Threonine Metabolism,0.3,11,3,2-Aminobutyric acid,2-Aminobutyric acid,Betaine,7.469678369349623,8.78965147718958,-1.3199731078399566,-0.17671083556811523
ST000356,hsa00260,Glycine Serine Threonine Metabolism,0.3,12,3,Betaine,Betaine,2-Aminobutyric acid,15.506233876187537,1.1310140620106504,14.375219814176887,0.9270606853790512
ST000356,hsa00260,Glycine Serine Threonine Metabolism,0.3,13,3,Betaine,Betaine,2-Aminobutyric acid,15.506233876187537,1.1310140620106504,14.375219814176887,0.9270606853790512
ST000356,hsa00260,Glycine Serine Threonine Metabolism,0.3,14,3,Betaine,Betaine,2-Aminobutyric acid,15.506233876187537,1.1310140620106504,14.375219814176887,0.9270606853790512
ST000356,hsa00260,Glycine Serine Threonine Metabolism,0.3,15,3,Betaine,Betaine,2-Aminobutyric acid,15.506233876187537,1.1310140620106504,14.375219814176887,0.9270606853790512
ST000356,hsa00260,Glycine Serine Threonine Metabolism,0.3,16,3,Glycine,Glycine,Betaine,8.036555506837914,8.6006924313603,-0.5641369245223871,-0.07019635754900551
ST000356,hsa00260,Glycine Serine Threonine Metabolism,0.3,17,3,Glycine,Glycine,Betaine,8.036555506837914,8.6006924313603,-0.5641369245223871,-0.07019635754900551
ST000356,hsa00260,Glycine Serine Threonine Metabolism,0.3,18,3,Glycine,Glycine,Betaine,8.036555506837914,8.6006924313603,-0.5641369245223871,-0.07019635754900551
ST000356,hsa00260,Glycine Serine Threonine Metabolism,0.3,19,3,Glycine,Glycine,Betaine,8.036555506837914,8.6006924313603,-0.5641369245223871,-0.07019635754900551
ST000356,hsa00260,Glycine Serine Threonine Metabolism,0.3,20,3,Betaine,Betaine,2-Aminobutyric acid,15.506233876187537,1.1310140620106504,14.375219814176887,0.9270606853790512
ST000356,hsa00260,Glycine Serine Threonine Metabolism,0.3,21,3,2-Aminobutyric acid,2-Aminobutyric acid,Betaine,7.469678369349623,8.78965147718958,-1.3199731078399566,-0.17671083556811523
ST000356,hsa00260,Glycine Serine Threonine Metabolism,0.3,22,3,Betaine,Betaine,2-Aminobutyric acid,15.506233876187537,1.1310140620106504,14.375219814176887,0.9270606853790512
ST000356,hsa00260,Glycine Serine Threonine Metabolism,0.3,23,3,Betaine,Betaine,2-Aminobutyric acid,15.506233876187537,1.1310140620106504,14.375219814176887,0.9270606853790512
ST000356,hsa00260,Glycine Serine Threonine Metabolism,0.3,24,3,2-Aminobutyric acid,2-Aminobutyric acid,Betaine,7.469678369349623,8.78965147718958,-1.3199731078399566,-0.17671083556811523
ST000356,hsa00260,Glycine Serine Threonine Metabolism,0.3,25,3,Betaine,Betaine,2-Aminobutyric acid,15.506233876187537,1.1310140620106504,14.375219814176887,0.9270606853790512
ST000356,hsa00260,Glycine Serine Threonine Metabolism,0.3,26,3,Glycine,Glycine,Betaine,8.036555506837914,8.6006924313603,-0.5641369245223871,-0.07019635754900551
ST000356,hsa00260,Glycine Serine Threonine Metabolism,0.3,27,3,2-Aminobutyric acid,2-Aminobutyric acid,Betaine,7.469678369349623,8.78965147718958,-1.3199731078399566,-0.17671083556811523
ST000356,hsa00260,Glycine Serine Threonine Metabolism,0.3,28,3,Betaine,Betaine,2-Aminobutyric acid,15.506233876187537,1.1310140620106504,14.375219814176887,0.9270606853790512
ST000356,hsa00260,Glycine Serine Threonine Metabolism,0.3,29,3,Betaine,Betaine,2-Aminobutyric acid,15.506233876187537,1.1310140620106504,14.375219814176887,0.9270606853790512
ST000356,hsa00260,Glycine Serine Threonine Metabolism,0.3,30,3,Betaine,Betaine,2-Aminobutyric acid,15.506233876187537,1.1310140620106504,14.375219814176887,0.9270606853790512
ST000356,hsa00260,Glycine Serine Threonine Metabolism,0.3,31,3,Betaine,Betaine,2-Aminobutyric acid,15.506233876187537,1.1310140620106504,14.375219814176887,0.9270606853790512
ST000356,hsa00260,Glycine Serine Threonine Metabolism,0.3,32,3,Glycine,Glycine,Betaine,8.036555506837914,8.6006924313603,-0.5641369245223871,-0.07019635754900551
ST000356,hsa00260,Glycine Serine Threonine Metabolism,0.3,33,3,Betaine,Betaine,2-Aminobutyric acid,15.506233876187537,1.1310140620106504,14.375219814176887,0.9270606853790512
ST000356,hsa00260,Glycine Serine Threonine Metabolism,0.3,34,3,2-Aminobutyric acid,2-Aminobutyric acid,Betaine,7.469678369349623,8.78965147718958,-1.3199731078399566,-0.17671083556811523
ST000356,hsa00260,Glycine Serine Threonine Metabolism,0.3,35,3,Glycine,Glycine,Betaine,8.036555506837914,8.6006924313603,-0.5641369245223871,-0.07019635754900551
ST000356,hsa00260,Glycine Serine Threonine Metabolism,0.3,36,3,Betaine,Betaine,2-Aminobutyric acid,15.506233876187537,1.1310140620106504,14.375219814176887,0.9270606853790512
ST000356,hsa00260,Glycine Serine Threonine Metabolism,0.3,37,3,Glycine,Glycine,Betaine,8.036555506837914,8.6006924313603,-0.5641369245223871,-0.07019635754900551
ST000356,hsa00260,Glycine Serine Threonine Metabolism,0.3,38,3,Betaine,Betaine,2-Aminobutyric acid,15.506233876187537,1.1310140620106504,14.375219814176887,0.9270606853790512
ST000356,hsa00260,Glycine Serine Threonine Metabolism,0.3,39,3,Betaine,Betaine,2-Aminobutyric acid,15.506233876187537,1.1310140620106504,14.375219814176887,0.9270606853790512
ST000356,hsa00260,Glycine Serine Threonine Metabolism,0.3,40,3,2-Aminobutyric acid,2-Aminobutyric acid,Betaine,7.469678369349623,8.78965147718958,-1.3199731078399566,-0.17671083556811523
ST000356,hsa00260,Glycine Serine Threonine Metabolism,0.3,41,3,Glycine,Glycine,Betaine,8.036555506837914,8.6006924313603,-0.5641369245223871,-0.07019635754900551
ST000356,hsa00260,Glycine Serine Threonine Metabolism,0.3,42,3,Glycine,Glycine,Betaine,8.036555506837914,8.6006924313603,-0.5641369245223871,-0.07019635754900551
ST000356,hsa00260,Glycine Serine Threonine Metabolism,0.3,43,3,Betaine,Betaine,2-Aminobutyric acid,15.506233876187537,1.1310140620106504,14.375219814176887,0.9270606853790512
ST000356,hsa00260,Glycine Serine Threonine Metabolism,0.3,44,3,2-Aminobutyric acid,2-Aminobutyric acid,Betaine,7.469678369349623,8.78965147718958,-1.3199731078399566,-0.17671083556811523
ST000356,hsa00260,Glycine Serine Threonine Metabolism,0.3,45,3,2-Aminobutyric acid,2-Aminobutyric acid,Betaine,7.469678369349623,8.78965147718958,-1.3199731078399566,-0.17671083556811523
ST000356,hsa00260,Glycine Serine Threonine Metabolism,0.3,46,3,Glycine,Glycine,Betaine,8.036555506837914,8.6006924313603,-0.5641369245223871,-0.07019635754900551
ST000356,hsa00260,Glycine Serine Threonine Metabolism,0.3,47,3,Glycine,Glycine,Betaine,8.036555506837914,8.6006924313603,-0.5641369245223871,-0.07019635754900551
ST000356,hsa00260,Glycine Serine Threonine Metabolism,0.3,48,3,2-Aminobutyric acid,2-Aminobutyric acid,Betaine,7.469678369349623,8.78965147718958,-1.3199731078399566,-0.17671083556811523
ST000356,hsa00260,Glycine Serine Threonine Metabolism,0.3,49,3,Glycine,Glycine,Betaine,8.036555506837914,8.6006924313603,-0.5641369245223871,-0.07019635754900551
ST000356,hsa00330,Arginine and Proline Metabolism,0.3,0,6,4-hydroxy-proline,4-hydroxy-proline,Urea,0.23652835786617388,2.5148849316212534,-2.2783565737550795,-9.632487613680901
ST000356,hsa00330,Arginine and Proline Metabolism,0.3,1,6,Ornithine,Ornithine,Urea,0.4962180540766319,2.4716033155861794,-1.9753852615095475,-3.9808813997639656
ST000356,hsa00330,Arginine and Proline Metabolism,0.3,2,6,4-hydroxy-proline,4-hydroxy-proline,Urea,0.23652835786617388,2.5148849316212534,-2.2783565737550795,-9.632487613680901
ST000356,hsa00330,Arginine and Proline Metabolism,0.3,3,6,Ornithine,Ornithine,Urea,0.4962180540766319,2.4716033155861794,-1.9753852615095475,-3.9808813997639656
ST000356,hsa00330,Arginine and Proline Metabolism,0.3,4,6,Proline,Proline,Urea,0.46666116713644,2.476529463409541,-2.009868296273101,-4.306911298270407
ST000356,hsa00330,Arginine and Proline Metabolism,0.3,5,6,Urea,Urea,Citrulline,0.7345485603925201,0.16263403382398778,0.5719145265685324,0.7785932062503624
ST000356,hsa00330,Arginine and Proline Metabolism,0.3,6,6,Arginine,Arginine,Urea,1.0575656519469732,2.378045382607798,-1.320479730660825,-1.2486030685128604
ST000356,hsa00330,Arginine and Proline Metabolism,0.3,7,6,Urea,Urea,Citrulline,0.7345485603925201,0.16263403382398778,0.5719145265685324,0.7785932062503624
ST000356,hsa00330,Arginine and Proline Metabolism,0.3,8,6,Urea,Urea,Citrulline,0.7345485603925201,0.16263403382398778,0.5719145265685324,0.7785932062503624
ST000356,hsa00330,Arginine and Proline Metabolism,0.3,9,6,Citrulline,Citrulline,Urea,0.8081943584925355,2.419607264850189,-1.6114129063576534,-1.9938432748093768
ST000356,hsa00330,Arginine and Proline Metabolism,0.3,10,6,4-hydroxy-proline,4-hydroxy-proline,Urea,0.23652835786617388,2.5148849316212534,-2.2783565737550795,-9.632487613680901
ST000356,hsa00330,Arginine and Proline Metabolism,0.3,11,6,Urea,Urea,Citrulline,0.7345485603925201,0.16263403382398778,0.5719145265685324,0.7785932062503624
ST000356,hsa00330,Arginine and Proline Metabolism,0.3,12,6,Proline,Proline,Urea,0.46666116713644,2.476529463409541,-2.009868296273101,-4.306911298270407
ST000356,hsa00330,Arginine and Proline Metabolism,0.3,13,6,Proline,Proline,Urea,0.46666116713644,2.476529463409541,-2.009868296273101,-4.306911298270407
ST000356,hsa00330,Arginine and Proline Metabolism,0.3,14,6,Proline,Proline,Urea,0.46666116713644,2.476529463409541,-2.009868296273101,-4.306911298270407
ST000356,hsa00330,Arginine and Proline Metabolism,0.3,15,6,Citrulline,Citrulline,Urea,0.8081943584925355,2.419607264850189,-1.6114129063576534,-1.9938432748093768
ST000356,hsa00330,Arginine and Proline Metabolism,0.3,16,6,Ornithine,Ornithine,Urea,0.4962180540766319,2.4716033155861794,-1.9753852615095475,-3.9808813997639656
ST000356,hsa00330,Arginine and Proline Metabolism,0.3,17,6,Ornithine,Ornithine,Urea,0.4962180540766319,2.4716033155861794,-1.9753852615095475,-3.9808813997639656
ST000356,hsa00330,Arginine and Proline Metabolism,0.3,18,6,Proline,Proline,Urea,0.46666116713644,2.476529463409541,-2.009868296273101,-4.306911298270407
ST000356,hsa00330,Arginine and Proline Metabolism,0.3,19,6,Arginine,Arginine,Urea,1.0575656519469732,2.378045382607798,-1.320479730660825,-1.2486030685128604
ST000356,hsa00330,Arginine and Proline Metabolism,0.3,20,6,Arginine,Arginine,Urea,1.0575656519469732,2.378045382607798,-1.320479730660825,-1.2486030685128604
ST000356,hsa00330,Arginine and Proline Metabolism,0.3,21,6,Arginine,Arginine,Urea,1.0575656519469732,2.378045382607798,-1.320479730660825,-1.2486030685128604
ST000356,hsa00330,Arginine and Proline Metabolism,0.3,22,6,Citrulline,Citrulline,Urea,0.8081943584925355,2.419607264850189,-1.6114129063576534,-1.9938432748093768
ST000356,hsa00330,Arginine and Proline Metabolism,0.3,23,6,Citrulline,Citrulline,Urea,0.8081943584925355,2.419607264850189,-1.6114129063576534,-1.9938432748093768
ST000356,hsa00330,Arginine and Proline Metabolism,0.3,24,6,Citrulline,Citrulline,Urea,0.8081943584925355,2.419607264850189,-1.6114129063576534,-1.9938432748093768
ST000356,hsa00330,Arginine and Proline Metabolism,0.3,25,6,Proline,Proline,Urea,0.46666116713644,2.476529463409541,-2.009868296273101,-4.306911298270407
ST000356,hsa00330,Arginine and Proline Metabolism,0.3,26,6,Citrulline,Citrulline,Urea,0.8081943584925355,2.419607264850189,-1.6114129063576534,-1.9938432748093768
ST000356,hsa00330,Arginine and Proline Metabolism,0.3,27,6,Arginine,Arginine,Urea,1.0575656519469732,2.378045382607798,-1.320479730660825,-1.2486030685128604
ST000356,hsa00330,Arginine and Proline Metabolism,0.3,28,6,4-hydroxy-proline,4-hydroxy-proline,Urea,0.23652835786617388,2.5148849316212534,-2.2783565737550795,-9.632487613680901
ST000356,hsa00330,Arginine and Proline Metabolism,0.3,29,6,Urea,Urea,Citrulline,0.7345485603925201,0.16263403382398778,0.5719145265685324,0.7785932062503624
ST000356,hsa00330,Arginine and Proline Metabolism,0.3,30,6,4-hydroxy-proline,4-hydroxy-proline,Urea,0.23652835786617388,2.5148849316212534,-2.2783565737550795,-9.632487613680901
ST000356,hsa00330,Arginine and Proline Metabolism,0.3,31,6,Arginine,Arginine,Urea,1.0575656519469732,2.378045382607798,-1.320479730660825,-1.2486030685128604
ST000356,hsa00330,Arginine and Proline Metabolism,0.3,32,6,Proline,Proline,Urea,0.46666116713644,2.476529463409541,-2.009868296273101,-4.306911298270407
ST000356,hsa00330,Arginine and Proline Metabolism,0.3,33,6,Citrulline,Citrulline,Urea,0.8081943584925355,2.419607264850189,-1.6114129063576534,-1.9938432748093768
ST000356,hsa00330,Arginine and Proline Metabolism,0.3,34,6,Proline,Proline,Urea,0.46666116713644,2.476529463409541,-2.009868296273101,-4.306911298270407
ST000356,hsa00330,Arginine and Proline Metabolism,0.3,35,6,Proline,Proline,Urea,0.46666116713644,2.476529463409541,-2.009868296273101,-4.306911298270407
ST000356,hsa00330,Arginine and Proline Metabolism,0.3,36,6,Arginine,Arginine,Urea,1.0575656519469732,2.378045382607798,-1.320479730660825,-1.2486030685128604
ST000356,hsa00330,Arginine and Proline Metabolism,0.3,37,6,Proline,Proline,Urea,0.46666116713644,2.476529463409541,-2.009868296273101,-4.306911298270407
ST000356,hsa00330,Arginine and Proline Metabolism,0.3,38,6,Ornithine,Ornithine,Urea,0.4962180540766319,2.4716033155861794,-1.9753852615095475,-3.9808813997639656
ST000356,hsa00330,Arginine and Proline Metabolism,0.3,39,6,Ornithine,Ornithine,Urea,0.4962180540766319,2.4716033155861794,-1.9753852615095475,-3.9808813997639656
ST000356,hsa00330,Arginine and Proline Metabolism,0.3,40,6,Citrulline,Citrulline,Urea,0.8081943584925355,2.419607264850189,-1.6114129063576534,-1.9938432748093768
ST000356,hsa00330,Arginine and Proline Metabolism,0.3,41,6,Urea,Urea,Citrulline,0.7345485603925201,0.16263403382398778,0.5719145265685324,0.7785932062503624
ST000356,hsa00330,Arginine and Proline Metabolism,0.3,42,6,Urea,Urea,Citrulline,0.7345485603925201,0.16263403382398778,0.5719145265685324,0.7785932062503624
ST000356,hsa00330,Arginine and Proline Metabolism,0.3,43,6,Proline,Proline,Urea,0.46666116713644,2.476529463409541,-2.009868296273101,-4.306911298270407
ST000356,hsa00330,Arginine and Proline Metabolism,0.3,44,6,4-hydroxy-proline,4-hydroxy-proline,Urea,0.23652835786617388,2.5148849316212534,-2.2783565737550795,-9.632487613680901
ST000356,hsa00330,Arginine and Proline Metabolism,0.3,45,6,Arginine,Arginine,Urea,1.0575656519469732,2.378045382607798,-1.320479730660825,-1.2486030685128604
ST000356,hsa00330,Arginine and Proline Metabolism,0.3,46,6,Proline,Proline,Urea,0.46666116713644,2.476529463409541,-2.009868296273101,-4.306911298270407
ST000356,hsa00330,Arginine and Proline Metabolism,0.3,47,6,Arginine,Arginine,Urea,1.0575656519469732,2.378045382607798,-1.320479730660825,-1.2486030685128604
ST000356,hsa00330,Arginine and Proline Metabolism,0.3,48,6,Proline,Proline,Urea,0.46666116713644,2.476529463409541,-2.009868296273101,-4.306911298270407
ST000356,hsa00330,Arginine and Proline Metabolism,0.3,49,6,4-hydroxy-proline,4-hydroxy-proline,Urea,0.23652835786617388,2.5148849316212534,-2.2783565737550795,-9.632487613680901
ST000356,hsa00380,Tryptophan Metabolism,0.3,0,5,Kynurenine,Kynurenine,Tryptophan,1.0116627294080445,0.7969148903852386,0.21474783902280592,0.21227216408944904
ST000356,hsa00380,Tryptophan Metabolism,0.3,1,5,3-Indolebutyric acid,3-Indolebutyric acid,Tryptophan,0.058077052928297235,1.0108628468524614,-0.9527857939241642,-16.40554370148654
ST000356,hsa00380,Tryptophan Metabolism,0.3,2,5,Indole,Indole,Tryptophan,0.5960861556529977,0.8800302051361797,-0.28394404948318197,-0.4763473233305595
ST000356,hsa00380,Tryptophan Metabolism,0.3,3,5,Indoleacrylic acid,Indoleacrylic acid,Tryptophan,0.3006125367992638,1.0593699436266917,-0.7587574068274279,-2.5240377186721137
ST000356,hsa00380,Tryptophan Metabolism,0.3,4,5,Indole,Indole,Tryptophan,0.5960861556529977,0.8800302051361797,-0.28394404948318197,-0.4763473233305595
ST000356,hsa00380,Tryptophan Metabolism,0.3,5,5,Kynurenine,Kynurenine,Tryptophan,1.0116627294080445,0.7969148903852386,0.21474783902280592,0.21227216408944904
ST000356,hsa00380,Tryptophan Metabolism,0.3,6,5,Indoleacrylic acid,Indoleacrylic acid,Tryptophan,0.3006125367992638,1.0593699436266917,-0.7587574068274279,-2.5240377186721137
ST000356,hsa00380,Tryptophan Metabolism,0.3,7,5,3-Indolebutyric acid,3-Indolebutyric acid,Tryptophan,0.058077052928297235,1.0108628468524614,-0.9527857939241642,-16.40554370148654
ST000356,hsa00380,Tryptophan Metabolism,0.3,8,5,Kynurenine,Kynurenine,Tryptophan,1.0116627294080445,0.7969148903852386,0.21474783902280592,0.21227216408944904
ST000356,hsa00380,Tryptophan Metabolism,0.3,9,5,Indoleacrylic acid,Indoleacrylic acid,Tryptophan,0.3006125367992638,1.0593699436266917,-0.7587574068274279,-2.5240377186721137
ST000356,hsa00380,Tryptophan Metabolism,0.3,10,5,Kynurenine,Kynurenine,Tryptophan,1.0116627294080445,0.7969148903852386,0.21474783902280592,0.21227216408944904
ST000356,hsa00380,Tryptophan Metabolism,0.3,11,5,Indoleacrylic acid,Indoleacrylic acid,Tryptophan,0.3006125367992638,1.0593699436266917,-0.7587574068274279,-2.5240377186721137
ST000356,hsa00380,Tryptophan Metabolism,0.3,12,5,Indoleacrylic acid,Indoleacrylic acid,Tryptophan,0.3006125367992638,1.0593699436266917,-0.7587574068274279,-2.5240377186721137
ST000356,hsa00380,Tryptophan Metabolism,0.3,13,5,Indole,Indole,Tryptophan,0.5960861556529977,0.8800302051361797,-0.28394404948318197,-0.4763473233305595
ST000356,hsa00380,Tryptophan Metabolism,0.3,14,5,Indoleacrylic acid,Indoleacrylic acid,Tryptophan,0.3006125367992638,1.0593699436266917,-0.7587574068274279,-2.5240377186721137
ST000356,hsa00380,Tryptophan Metabolism,0.3,15,5,Kynurenine,Kynurenine,Tryptophan,1.0116627294080445,0.7969148903852386,0.21474783902280592,0.21227216408944904
ST000356,hsa00380,Tryptophan Metabolism,0.3,16,5,Tryptophan,Tryptophan,Indoleacrylic acid,1.249059295333538,0.490301888506103,0.758757406827435,0.6074630752819403
ST000356,hsa00380,Tryptophan Metabolism,0.3,17,5,Tryptophan,Tryptophan,Indoleacrylic acid,1.249059295333538,0.490301888506103,0.758757406827435,0.6074630752819403
ST000356,hsa00380,Tryptophan Metabolism,0.3,18,5,Indole,Indole,Tryptophan,0.5960861556529977,0.8800302051361797,-0.28394404948318197,-0.4763473233305595
ST000356,hsa00380,Tryptophan Metabolism,0.3,19,5,3-Indolebutyric acid,3-Indolebutyric acid,Tryptophan,0.058077052928297235,1.0108628468524614,-0.9527857939241642,-16.40554370148654
ST000356,hsa00380,Tryptophan Metabolism,0.3,20,5,Tryptophan,Tryptophan,Indoleacrylic acid,1.249059295333538,0.490301888506103,0.758757406827435,0.6074630752819403
ST000356,hsa00380,Tryptophan Metabolism,0.3,21,5,Indole,Indole,Tryptophan,0.5960861556529977,0.8800302051361797,-0.28394404948318197,-0.4763473233305595
ST000356,hsa00380,Tryptophan Metabolism,0.3,22,5,Indoleacrylic acid,Indoleacrylic acid,Tryptophan,0.3006125367992638,1.0593699436266917,-0.7587574068274279,-2.5240377186721137
ST000356,hsa00380,Tryptophan Metabolism,0.3,23,5,Kynurenine,Kynurenine,Tryptophan,1.0116627294080445,0.7969148903852386,0.21474783902280592,0.21227216408944904
ST000356,hsa00380,Tryptophan Metabolism,0.3,24,5,Indoleacrylic acid,Indoleacrylic acid,Tryptophan,0.3006125367992638,1.0593699436266917,-0.7587574068274279,-2.5240377186721137
ST000356,hsa00380,Tryptophan Metabolism,0.3,25,5,Kynurenine,Kynurenine,Tryptophan,1.0116627294080445,0.7969148903852386,0.21474783902280592,0.21227216408944904
ST000356,hsa00380,Tryptophan Metabolism,0.3,26,5,3-Indolebutyric acid,3-Indolebutyric acid,Tryptophan,0.058077052928297235,1.0108628468524614,-0.9527857939241642,-16.40554370148654
ST000356,hsa00380,Tryptophan Metabolism,0.3,27,5,Indole,Indole,Tryptophan,0.5960861556529977,0.8800302051361797,-0.28394404948318197,-0.4763473233305595
ST000356,hsa00380,Tryptophan Metabolism,0.3,28,5,Indole,Indole,Tryptophan,0.5960861556529977,0.8800302051361797,-0.28394404948318197,-0.4763473233305595
ST000356,hsa00380,Tryptophan Metabolism,0.3,29,5,Tryptophan,Tryptophan,Indoleacrylic acid,1.249059295333538,0.490301888506103,0.758757406827435,0.6074630752819403
ST000356,hsa00380,Tryptophan Metabolism,0.3,30,5,Indole,Indole,Tryptophan,0.5960861556529977,0.8800302051361797,-0.28394404948318197,-0.4763473233305595
ST000356,hsa00380,Tryptophan Metabolism,0.3,31,5,3-Indolebutyric acid,3-Indolebutyric acid,Tryptophan,0.058077052928297235,1.0108628468524614,-0.9527857939241642,-16.40554370148654
ST000356,hsa00380,Tryptophan Metabolism,0.3,32,5,Tryptophan,Tryptophan,Indoleacrylic acid,1.249059295333538,0.490301888506103,0.758757406827435,0.6074630752819403
ST000356,hsa00380,Tryptophan Metabolism,0.3,33,5,Indoleacrylic acid,Indoleacrylic acid,Tryptophan,0.3006125367992638,1.0593699436266917,-0.7587574068274279,-2.5240377186721137
ST000356,hsa00380,Tryptophan Metabolism,0.3,34,5,Indole,Indole,Tryptophan,0.5960861556529977,0.8800302051361797,-0.28394404948318197,-0.4763473233305595
ST000356,hsa00380,Tryptophan Metabolism,0.3,35,5,Indoleacrylic acid,Indoleacrylic acid,Tryptophan,0.3006125367992638,1.0593699436266917,-0.7587574068274279,-2.5240377186721137
ST000356,hsa00380,Tryptophan Metabolism,0.3,36,5,Indoleacrylic acid,Indoleacrylic acid,Tryptophan,0.3006125367992638,1.0593699436266917,-0.7587574068274279,-2.5240377186721137
ST000356,hsa00380,Tryptophan Metabolism,0.3,37,5,Indole,Indole,Tryptophan,0.5960861556529977,0.8800302051361797,-0.28394404948318197,-0.4763473233305595
ST000356,hsa00380,Tryptophan Metabolism,0.3,38,5,Kynurenine,Kynurenine,Tryptophan,1.0116627294080445,0.7969148903852386,0.21474783902280592,0.21227216408944904
ST000356,hsa00380,Tryptophan Metabolism,0.3,39,5,Indoleacrylic acid,Indoleacrylic acid,Tryptophan,0.3006125367992638,1.0593699436266917,-0.7587574068274279,-2.5240377186721137
ST000356,hsa00380,Tryptophan Metabolism,0.3,40,5,Tryptophan,Tryptophan,Indoleacrylic acid,1.249059295333538,0.490301888506103,0.758757406827435,0.6074630752819403
ST000356,hsa00380,Tryptophan Metabolism,0.3,41,5,Indole,Indole,Tryptophan,0.5960861556529977,0.8800302051361797,-0.28394404948318197,-0.4763473233305595
ST000356,hsa00380,Tryptophan Metabolism,0.3,42,5,Tryptophan,Tryptophan,Indoleacrylic acid,1.249059295333538,0.490301888506103,0.758757406827435,0.6074630752819403
ST000356,hsa00380,Tryptophan Metabolism,0.3,43,5,Indoleacrylic acid,Indoleacrylic acid,Tryptophan,0.3006125367992638,1.0593699436266917,-0.7587574068274279,-2.5240377186721137
ST000356,hsa00380,Tryptophan Metabolism,0.3,44,5,Indoleacrylic acid,Indoleacrylic acid,Tryptophan,0.3006125367992638,1.0593699436266917,-0.7587574068274279,-2.5240377186721137
ST000356,hsa00380,Tryptophan Metabolism,0.3,45,5,Tryptophan,Tryptophan,Indoleacrylic acid,1.249059295333538,0.490301888506103,0.758757406827435,0.6074630752819403
ST000356,hsa00380,Tryptophan Metabolism,0.3,46,5,Indoleacrylic acid,Indoleacrylic acid,Tryptophan,0.3006125367992638,1.0593699436266917,-0.7587574068274279,-2.5240377186721137
ST000356,hsa00380,Tryptophan Metabolism,0.3,47,5,Indole,Indole,Tryptophan,0.5960861556529977,0.8800302051361797,-0.28394404948318197,-0.4763473233305595
ST000356,hsa00380,Tryptophan Metabolism,0.3,48,5,Indoleacrylic acid,Indoleacrylic acid,Tryptophan,0.3006125367992638,1.0593699436266917,-0.7587574068274279,-2.5240377186721137
ST000356,hsa00380,Tryptophan Metabolism,0.3,49,5,Tryptophan,Tryptophan,Indoleacrylic acid,1.249059295333538,0.490301888506103,0.758757406827435,0.6074630752819403
ST000356,hsa00480,Glutathione Metabolism,0.3,0,3,Glutathione,Glutathione,Cysteinylglycine,0.07249072450151361,0.029750501096147852,0.04274022340536576,0.5895956731473503
ST000356,hsa00480,Glutathione Metabolism,0.3,1,3,Cysteinylglycine,Cysteinylglycine,Glycine,0.008380389393465082,0.0511206127988304,-0.04274022340536532,-5.1000222541533695
ST000356,hsa00480,Glutathione Metabolism,0.3,2,3,Glutathione,Glutathione,Cysteinylglycine,0.07249072450151361,0.029750501096147852,0.04274022340536576,0.5895956731473503
ST000356,hsa00480,Glutathione Metabolism,0.3,3,3,Glutathione,Glutathione,Cysteinylglycine,0.07249072450151361,0.029750501096147852,0.04274022340536576,0.5895956731473503
ST000356,hsa00480,Glutathione Metabolism,0.3,4,3,Cysteinylglycine,Cysteinylglycine,Glycine,0.008380389393465082,0.0511206127988304,-0.04274022340536532,-5.1000222541533695
ST000356,hsa00480,Glutathione Metabolism,0.3,5,3,Glutathione,Glutathione,Cysteinylglycine,0.07249072450151361,0.029750501096147852,0.04274022340536576,0.5895956731473503
ST000356,hsa00480,Glutathione Metabolism,0.3,6,3,Glycine,Glycine,Cysteinylglycine,0.08087111389497881,0.021370111702683547,0.05950100219229526,0.73575090003157
ST000356,hsa00480,Glutathione Metabolism,0.3,7,3,Glutathione,Glutathione,Cysteinylglycine,0.07249072450151361,0.029750501096147852,0.04274022340536576,0.5895956731473503
ST000356,hsa00480,Glutathione Metabolism,0.3,8,3,Glutathione,Glutathione,Cysteinylglycine,0.07249072450151361,0.029750501096147852,0.04274022340536576,0.5895956731473503
ST000356,hsa00480,Glutathione Metabolism,0.3,9,3,Cysteinylglycine,Cysteinylglycine,Glycine,0.008380389393465082,0.0511206127988304,-0.04274022340536532,-5.1000222541533695
ST000356,hsa00480,Glutathione Metabolism,0.3,10,3,Glycine,Glycine,Cysteinylglycine,0.08087111389497881,0.021370111702683547,0.05950100219229526,0.73575090003157
ST000356,hsa00480,Glutathione Metabolism,0.3,11,3,Glutathione,Glutathione,Cysteinylglycine,0.07249072450151361,0.029750501096147852,0.04274022340536576,0.5895956731473503
ST000356,hsa00480,Glutathione Metabolism,0.3,12,3,Glutathione,Glutathione,Cysteinylglycine,0.07249072450151361,0.029750501096147852,0.04274022340536576,0.5895956731473503
ST000356,hsa00480,Glutathione Metabolism,0.3,13,3,Glycine,Glycine,Cysteinylglycine,0.08087111389497881,0.021370111702683547,0.05950100219229526,0.73575090003157
ST000356,hsa00480,Glutathione Metabolism,0.3,14,3,Glycine,Glycine,Cysteinylglycine,0.08087111389497881,0.021370111702683547,0.05950100219229526,0.73575090003157
ST000356,hsa00480,Glutathione Metabolism,0.3,15,3,Cysteinylglycine,Cysteinylglycine,Glycine,0.008380389393465082,0.0511206127988304,-0.04274022340536532,-5.1000222541533695
ST000356,hsa00480,Glutathione Metabolism,0.3,16,3,Cysteinylglycine,Cysteinylglycine,Glycine,0.008380389393465082,0.0511206127988304,-0.04274022340536532,-5.1000222541533695
ST000356,hsa00480,Glutathione Metabolism,0.3,17,3,Cysteinylglycine,Cysteinylglycine,Glycine,0.008380389393465082,0.0511206127988304,-0.04274022340536532,-5.1000222541533695
ST000356,hsa00480,Glutathione Metabolism,0.3,18,3,Cysteinylglycine,Cysteinylglycine,Glycine,0.008380389393465082,0.0511206127988304,-0.04274022340536532,-5.1000222541533695
ST000356,hsa00480,Glutathione Metabolism,0.3,19,3,Cysteinylglycine,Cysteinylglycine,Glycine,0.008380389393465082,0.0511206127988304,-0.04274022340536532,-5.1000222541533695
ST000356,hsa00480,Glutathione Metabolism,0.3,20,3,Glutathione,Glutathione,Cysteinylglycine,0.07249072450151361,0.029750501096147852,0.04274022340536576,0.5895956731473503
ST000356,hsa00480,Glutathione Metabolism,0.3,21,3,Glutathione,Glutathione,Cysteinylglycine,0.07249072450151361,0.029750501096147852,0.04274022340536576,0.5895956731473503
ST000356,hsa00480,Glutathione Metabolism,0.3,22,3,Glutathione,Glutathione,Cysteinylglycine,0.07249072450151361,0.029750501096147852,0.04274022340536576,0.5895956731473503
ST000356,hsa00480,Glutathione Metabolism,0.3,23,3,Glycine,Glycine,Cysteinylglycine,0.08087111389497881,0.021370111702683547,0.05950100219229526,0.73575090003157
ST000356,hsa00480,Glutathione Metabolism,0.3,24,3,Cysteinylglycine,Cysteinylglycine,Glycine,0.008380389393465082,0.0511206127988304,-0.04274022340536532,-5.1000222541533695
ST000356,hsa00480,Glutathione Metabolism,0.3,25,3,Cysteinylglycine,Cysteinylglycine,Glycine,0.008380389393465082,0.0511206127988304,-0.04274022340536532,-5.1000222541533695
ST000356,hsa00480,Glutathione Metabolism,0.3,26,3,Cysteinylglycine,Cysteinylglycine,Glycine,0.008380389393465082,0.0511206127988304,-0.04274022340536532,-5.1000222541533695
ST000356,hsa00480,Glutathione Metabolism,0.3,27,3,Glycine,Glycine,Cysteinylglycine,0.08087111389497881,0.021370111702683547,0.05950100219229526,0.73575090003157
ST000356,hsa00480,Glutathione Metabolism,0.3,28,3,Glutathione,Glutathione,Cysteinylglycine,0.07249072450151361,0.029750501096147852,0.04274022340536576,0.5895956731473503
ST000356,hsa00480,Glutathione Metabolism,0.3,29,3,Glutathione,Glutathione,Cysteinylglycine,0.07249072450151361,0.029750501096147852,0.04274022340536576,0.5895956731473503
ST000356,hsa00480,Glutathione Metabolism,0.3,30,3,Glutathione,Glutathione,Cysteinylglycine,0.07249072450151361,0.029750501096147852,0.04274022340536576,0.5895956731473503
ST000356,hsa00480,Glutathione Metabolism,0.3,31,3,Cysteinylglycine,Cysteinylglycine,Glycine,0.008380389393465082,0.0511206127988304,-0.04274022340536532,-5.1000222541533695
ST000356,hsa00480,Glutathione Metabolism,0.3,32,3,Glycine,Glycine,Cysteinylglycine,0.08087111389497881,0.021370111702683547,0.05950100219229526,0.73575090003157
ST000356,hsa00480,Glutathione Metabolism,0.3,33,3,Cysteinylglycine,Cysteinylglycine,Glycine,0.008380389393465082,0.0511206127988304,-0.04274022340536532,-5.1000222541533695
ST000356,hsa00480,Glutathione Metabolism,0.3,34,3,Cysteinylglycine,Cysteinylglycine,Glycine,0.008380389393465082,0.0511206127988304,-0.04274022340536532,-5.1000222541533695
ST000356,hsa00480,Glutathione Metabolism,0.3,35,3,Glycine,Glycine,Cysteinylglycine,0.08087111389497881,0.021370111702683547,0.05950100219229526,0.73575090003157
ST000356,hsa00480,Glutathione Metabolism,0.3,36,3,Glutathione,Glutathione,Cysteinylglycine,0.07249072450151361,0.029750501096147852,0.04274022340536576,0.5895956731473503
ST000356,hsa00480,Glutathione Metabolism,0.3,37,3,Cysteinylglycine,Cysteinylglycine,Glycine,0.008380389393465082,0.0511206127988304,-0.04274022340536532,-5.1000222541533695
ST000356,hsa00480,Glutathione Metabolism,0.3,38,3,Cysteinylglycine,Cysteinylglycine,Glycine,0.008380389393465082,0.0511206127988304,-0.04274022340536532,-5.1000222541533695
ST000356,hsa00480,Glutathione Metabolism,0.3,39,3,Cysteinylglycine,Cysteinylglycine,Glycine,0.008380389393465082,0.0511206127988304,-0.04274022340536532,-5.1000222541533695
ST000356,hsa00480,Glutathione Metabolism,0.3,40,3,Glycine,Glycine,Cysteinylglycine,0.08087111389497881,0.021370111702683547,0.05950100219229526,0.73575090003157
ST000356,hsa00480,Glutathione Metabolism,0.3,41,3,Glutathione,Glutathione,Cysteinylglycine,0.07249072450151361,0.029750501096147852,0.04274022340536576,0.5895956731473503
ST000356,hsa00480,Glutathione Metabolism,0.3,42,3,Glycine,Glycine,Cysteinylglycine,0.08087111389497881,0.021370111702683547,0.05950100219229526,0.73575090003157
ST000356,hsa00480,Glutathione Metabolism,0.3,43,3,Glutathione,Glutathione,Cysteinylglycine,0.07249072450151361,0.029750501096147852,0.04274022340536576,0.5895956731473503
ST000356,hsa00480,Glutathione Metabolism,0.3,44,3,Cysteinylglycine,Cysteinylglycine,Glycine,0.008380389393465082,0.0511206127988304,-0.04274022340536532,-5.1000222541533695
ST000356,hsa00480,Glutathione Metabolism,0.3,45,3,Cysteinylglycine,Cysteinylglycine,Glycine,0.008380389393465082,0.0511206127988304,-0.04274022340536532,-5.1000222541533695
ST000356,hsa00480,Glutathione Metabolism,0.3,46,3,Glycine,Glycine,Cysteinylglycine,0.08087111389497881,0.021370111702683547,0.05950100219229526,0.73575090003157
ST000356,hsa00480,Glutathione Metabolism,0.3,47,3,Cysteinylglycine,Cysteinylglycine,Glycine,0.008380389393465082,0.0511206127988304,-0.04274022340536532,-5.1000222541533695
ST000356,hsa00480,Glutathione Metabolism,0.3,48,3,Glutathione,Glutathione,Cysteinylglycine,0.07249072450151361,0.029750501096147852,0.04274022340536576,0.5895956731473503
ST000356,hsa00480,Glutathione Metabolism,0.3,49,3,Glutathione,Glutathione,Cysteinylglycine,0.07249072450151361,0.029750501096147852,0.04274022340536576,0.5895956731473503
