dataset,pathway,rho,operator_method,predictor_method,n_nodes,n_hidden,delta_star,delta_hat,regret,nregret,top1,top3,rank_tau,m_star,m_hat
ST001865,Alanine Aspartate Glutamate Metabolism,0.4,none,surrogate,3,1,-0.73777671,-0.73777671,0.0,0.0,1,0.3333,,Glutamine,Glutamine
ST001865,Alanine Aspartate Glutamate Metabolism,0.4,none,gnc_commutator,3,1,-0.73777671,-0.73777671,0.0,0.0,1,0.3333,,Glutamine,Glutamine
ST001865,Alanine Aspartate Glutamate Metabolism,0.4,none,mb2d_transport,3,1,-0.73777671,-0.73777671,0.0,0.0,1,0.3333,,Glutamine,Glutamine
ST001865,Alanine Aspartate Glutamate Metabolism,0.4,none,random,3,1,-0.73777671,-0.73777671,0.0,0.0,1,0.3333,,Glutamine,Glutamine
ST001865,Alanine Aspartate Glutamate Metabolism,0.4,none,degree,3,1,-0.73777671,-0.73777671,0.0,0.0,1,0.3333,,Glutamine,Glutamine
ST001865,Alanine Aspartate Glutamate Metabolism,0.4,none,variance,3,1,-0.73777671,-0.73777671,0.0,0.0,1,0.3333,,Glutamine,Glutamine
ST001865,Alanine Aspartate Glutamate Metabolism,0.4,none,diffabundance,3,1,-0.73777671,-0.73777671,0.0,0.0,1,0.3333,,Glutamine,Glutamine
ST001865,Alanine Aspartate Glutamate Metabolism,0.4,none,surrogate,3,1,-0.73777671,-0.73777671,0.0,0.0,1,0.3333,,Glutamine,Glutamine
ST001865,Alanine Aspartate Glutamate Metabolism,0.4,none,gnc_commutator,3,1,-0.73777671,-0.73777671,0.0,0.0,1,0.3333,,Glutamine,Glutamine
ST001865,Alanine Aspartate Glutamate Metabolism,0.4,none,mb2d_transport,3,1,-0.73777671,-0.73777671,0.0,0.0,1,0.3333,,Glutamine,Glutamine
ST001865,Alanine Aspartate Glutamate Metabolism,0.4,none,random,3,1,-0.73777671,-0.73777671,0.0,0.0,1,0.3333,,Glutamine,Glutamine
ST001865,Alanine Aspartate Glutamate Metabolism,0.4,none,degree,3,1,-0.73777671,-0.73777671,0.0,0.0,1,0.3333,,Glutamine,Glutamine
ST001865,Alanine Aspartate Glutamate Metabolism,0.4,none,variance,3,1,-0.73777671,-0.73777671,0.0,0.0,1,0.3333,,Glutamine,Glutamine
ST001865,Alanine Aspartate Glutamate Metabolism,0.4,none,diffabundance,3,1,-0.73777671,-0.73777671,0.0,0.0,1,0.3333,,Glutamine,Glutamine
ST001865,Alanine Aspartate Glutamate Metabolism,0.4,none,surrogate,3,1,-0.73777671,-0.73777671,0.0,0.0,1,0.3333,,Glutamine,Glutamine
ST001865,Alanine Aspartate Glutamate Metabolism,0.4,none,gnc_commutator,3,1,-0.73777671,-0.73777671,0.0,0.0,1,0.3333,,Glutamine,Glutamine
ST001865,Alanine Aspartate Glutamate Metabolism,0.4,none,mb2d_transport,3,1,-0.73777671,-0.73777671,0.0,0.0,1,0.3333,,Glutamine,Glutamine
ST001865,Alanine Aspartate Glutamate Metabolism,0.4,none,random,3,1,-0.73777671,-0.73777671,0.0,0.0,1,0.3333,,Glutamine,Glutamine
ST001865,Alanine Aspartate Glutamate Metabolism,0.4,none,degree,3,1,-0.73777671,-0.73777671,0.0,0.0,1,0.3333,,Glutamine,Glutamine
ST001865,Alanine Aspartate Glutamate Metabolism,0.4,none,variance,3,1,-0.73777671,-0.73777671,0.0,0.0,1,0.3333,,Glutamine,Glutamine
ST001865,Alanine Aspartate Glutamate Metabolism,0.4,none,diffabundance,3,1,-0.73777671,-0.73777671,0.0,0.0,1,0.3333,,Glutamine,Glutamine
ST001865,Alanine Aspartate Glutamate Metabolism,0.4,none,surrogate,3,1,-0.73777671,-0.73777671,0.0,0.0,1,0.3333,,Glutamine,Glutamine
ST001865,Alanine Aspartate Glutamate Metabolism,0.4,none,gnc_commutator,3,1,-0.73777671,-0.73777671,0.0,0.0,1,0.3333,,Glutamine,Glutamine
ST001865,Alanine Aspartate Glutamate Metabolism,0.4,none,mb2d_transport,3,1,-0.73777671,-0.73777671,0.0,0.0,1,0.3333,,Glutamine,Glutamine
ST001865,Alanine Aspartate Glutamate Metabolism,0.4,none,random,3,1,-0.73777671,-0.73777671,0.0,0.0,1,0.3333,,Glutamine,Glutamine
ST001865,Alanine Aspartate Glutamate Metabolism,0.4,none,degree,3,1,-0.73777671,-0.73777671,0.0,0.0,1,0.3333,,Glutamine,Glutamine
ST001865,Alanine Aspartate Glutamate Metabolism,0.4,none,variance,3,1,-0.73777671,-0.73777671,0.0,0.0,1,0.3333,,Glutamine,Glutamine
ST001865,Alanine Aspartate Glutamate Metabolism,0.4,none,diffabundance,3,1,-0.73777671,-0.73777671,0.0,0.0,1,0.3333,,Glutamine,Glutamine
ST001865,Alanine Aspartate Glutamate Metabolism,0.4,none,surrogate,3,1,-0.75787702,-0.75787702,0.0,0.0,1,0.3333,,Alanine,Alanine
ST001865,Alanine Aspartate Glutamate Metabolism,0.4,none,gnc_commutator,3,1,-0.75787702,-0.75787702,0.0,0.0,1,0.3333,,Alanine,Alanine
ST001865,Alanine Aspartate Glutamate Metabolism,0.4,none,mb2d_transport,3,1,-0.75787702,-0.75787702,0.0,0.0,1,0.3333,,Alanine,Alanine
ST001865,Alanine Aspartate Glutamate Metabolism,0.4,none,random,3,1,-0.75787702,-0.75787702,0.0,0.0,1,0.3333,,Alanine,Alanine
ST001865,Alanine Aspartate Glutamate Metabolism,0.4,none,degree,3,1,-0.75787702,-0.75787702,0.0,0.0,1,0.3333,,Alanine,Alanine
ST001865,Alanine Aspartate Glutamate Metabolism,0.4,none,variance,3,1,-0.75787702,-0.75787702,0.0,0.0,1,0.3333,,Alanine,Alanine
ST001865,Alanine Aspartate Glutamate Metabolism,0.4,none,diffabundance,3,1,-0.75787702,-0.75787702,0.0,0.0,1,0.3333,,Alanine,Alanine
ST001865,Alanine Aspartate Glutamate Metabolism,0.4,none,surrogate,3,1,-0.67714489,-0.67714489,0.0,0.0,1,0.3333,,Pyroglutamic acid,Pyroglutamic acid
ST001865,Alanine Aspartate Glutamate Metabolism,0.4,none,gnc_commutator,3,1,-0.67714489,-0.67714489,0.0,0.0,1,0.3333,,Pyroglutamic acid,Pyroglutamic acid
ST001865,Alanine Aspartate Glutamate Metabolism,0.4,none,mb2d_transport,3,1,-0.67714489,-0.67714489,0.0,0.0,1,0.3333,,Pyroglutamic acid,Pyroglutamic acid
ST001865,Alanine Aspartate Glutamate Metabolism,0.4,none,random,3,1,-0.67714489,-0.67714489,0.0,0.0,1,0.3333,,Pyroglutamic acid,Pyroglutamic acid
ST001865,Alanine Aspartate Glutamate Metabolism,0.4,none,degree,3,1,-0.67714489,-0.67714489,0.0,0.0,1,0.3333,,Pyroglutamic acid,Pyroglutamic acid
ST001865,Alanine Aspartate Glutamate Metabolism,0.4,none,variance,3,1,-0.67714489,-0.67714489,0.0,0.0,1,0.3333,,Pyroglutamic acid,Pyroglutamic acid
ST001865,Alanine Aspartate Glutamate Metabolism,0.4,none,diffabundance,3,1,-0.67714489,-0.67714489,0.0,0.0,1,0.3333,,Pyroglutamic acid,Pyroglutamic acid
ST001865,Alanine Aspartate Glutamate Metabolism,0.4,none,surrogate,3,1,-0.67714489,-0.67714489,0.0,0.0,1,0.3333,,Pyroglutamic acid,Pyroglutamic acid
ST001865,Alanine Aspartate Glutamate Metabolism,0.4,none,gnc_commutator,3,1,-0.67714489,-0.67714489,0.0,0.0,1,0.3333,,Pyroglutamic acid,Pyroglutamic acid
ST001865,Alanine Aspartate Glutamate Metabolism,0.4,none,mb2d_transport,3,1,-0.67714489,-0.67714489,0.0,0.0,1,0.3333,,Pyroglutamic acid,Pyroglutamic acid
ST001865,Alanine Aspartate Glutamate Metabolism,0.4,none,random,3,1,-0.67714489,-0.67714489,0.0,0.0,1,0.3333,,Pyroglutamic acid,Pyroglutamic acid
ST001865,Alanine Aspartate Glutamate Metabolism,0.4,none,degree,3,1,-0.67714489,-0.67714489,0.0,0.0,1,0.3333,,Pyroglutamic acid,Pyroglutamic acid
ST001865,Alanine Aspartate Glutamate Metabolism,0.4,none,variance,3,1,-0.67714489,-0.67714489,0.0,0.0,1,0.3333,,Pyroglutamic acid,Pyroglutamic acid
ST001865,Alanine Aspartate Glutamate Metabolism,0.4,none,diffabundance,3,1,-0.67714489,-0.67714489,0.0,0.0,1,0.3333,,Pyroglutamic acid,Pyroglutamic acid
ST001865,Alanine Aspartate Glutamate Metabolism,0.4,none,surrogate,3,1,-0.73777671,-0.73777671,0.0,0.0,1,0.3333,,Glutamine,Glutamine
ST001865,Alanine Aspartate Glutamate Metabolism,0.4,none,gnc_commutator,3,1,-0.73777671,-0.73777671,0.0,0.0,1,0.3333,,Glutamine,Glutamine
ST001865,Alanine Aspartate Glutamate Metabolism,0.4,none,mb2d_transport,3,1,-0.73777671,-0.73777671,0.0,0.0,1,0.3333,,Glutamine,Glutamine
ST001865,Alanine Aspartate Glutamate Metabolism,0.4,none,random,3,1,-0.73777671,-0.73777671,0.0,0.0,1,0.3333,,Glutamine,Glutamine
ST001865,Alanine Aspartate Glutamate Metabolism,0.4,none,degree,3,1,-0.73777671,-0.73777671,0.0,0.0,1,0.3333,,Glutamine,Glutamine
ST001865,Alanine Aspartate Glutamate Metabolism,0.4,none,variance,3,1,-0.73777671,-0.73777671,0.0,0.0,1,0.3333,,Glutamine,Glutamine
ST001865,Alanine Aspartate Glutamate Metabolism,0.4,none,diffabundance,3,1,-0.73777671,-0.73777671,0.0,0.0,1,0.3333,,Glutamine,Glutamine
ST001865,Alanine Aspartate Glutamate Metabolism,0.4,none,surrogate,3,1,-0.67714489,-0.67714489,0.0,0.0,1,0.3333,,Pyroglutamic acid,Pyroglutamic acid
ST001865,Alanine Aspartate Glutamate Metabolism,0.4,none,gnc_commutator,3,1,-0.67714489,-0.67714489,0.0,0.0,1,0.3333,,Pyroglutamic acid,Pyroglutamic acid
ST001865,Alanine Aspartate Glutamate Metabolism,0.4,none,mb2d_transport,3,1,-0.67714489,-0.67714489,0.0,0.0,1,0.3333,,Pyroglutamic acid,Pyroglutamic acid
ST001865,Alanine Aspartate Glutamate Metabolism,0.4,none,random,3,1,-0.67714489,-0.67714489,0.0,0.0,1,0.3333,,Pyroglutamic acid,Pyroglutamic acid
ST001865,Alanine Aspartate Glutamate Metabolism,0.4,none,degree,3,1,-0.67714489,-0.67714489,0.0,0.0,1,0.3333,,Pyroglutamic acid,Pyroglutamic acid
ST001865,Alanine Aspartate Glutamate Metabolism,0.4,none,variance,3,1,-0.67714489,-0.67714489,0.0,0.0,1,0.3333,,Pyroglutamic acid,Pyroglutamic acid
ST001865,Alanine Aspartate Glutamate Metabolism,0.4,none,diffabundance,3,1,-0.67714489,-0.67714489,0.0,0.0,1,0.3333,,Pyroglutamic acid,Pyroglutamic acid
ST001865,Alanine Aspartate Glutamate Metabolism,0.4,none,surrogate,3,1,-0.75787702,-0.75787702,0.0,0.0,1,0.3333,,Alanine,Alanine
ST001865,Alanine Aspartate Glutamate Metabolism,0.4,none,gnc_commutator,3,1,-0.75787702,-0.75787702,0.0,0.0,1,0.3333,,Alanine,Alanine
ST001865,Alanine Aspartate Glutamate Metabolism,0.4,none,mb2d_transport,3,1,-0.75787702,-0.75787702,0.0,0.0,1,0.3333,,Alanine,Alanine
ST001865,Alanine Aspartate Glutamate Metabolism,0.4,none,random,3,1,-0.75787702,-0.75787702,0.0,0.0,1,0.3333,,Alanine,Alanine
ST001865,Alanine Aspartate Glutamate Metabolism,0.4,none,degree,3,1,-0.75787702,-0.75787702,0.0,0.0,1,0.3333,,Alanine,Alanine
ST001865,Alanine Aspartate Glutamate Metabolism,0.4,none,variance,3,1,-0.75787702,-0.75787702,0.0,0.0,1,0.3333,,Alanine,Alanine
ST001865,Alanine Aspartate Glutamate Metabolism,0.4,none,diffabundance,3,1,-0.75787702,-0.75787702,0.0,0.0,1,0.3333,,Alanine,Alanine
ST001865,Alanine Aspartate Glutamate Metabolism,0.4,none,surrogate,3,1,-0.73777671,-0.73777671,0.0,0.0,1,0.3333,,Glutamine,Glutamine
ST001865,Alanine Aspartate Glutamate Metabolism,0.4,none,gnc_commutator,3,1,-0.73777671,-0.73777671,0.0,0.0,1,0.3333,,Glutamine,Glutamine
ST001865,Alanine Aspartate Glutamate Metabolism,0.4,none,mb2d_transport,3,1,-0.73777671,-0.73777671,0.0,0.0,1,0.3333,,Glutamine,Glutamine
ST001865,Alanine Aspartate Glutamate Metabolism,0.4,none,random,3,1,-0.73777671,-0.73777671,0.0,0.0,1,0.3333,,Glutamine,Glutamine
ST001865,Alanine Aspartate Glutamate Metabolism,0.4,none,degree,3,1,-0.73777671,-0.73777671,0.0,0.0,1,0.3333,,Glutamine,Glutamine
ST001865,Alanine Aspartate Glutamate Metabolism,0.4,none,variance,3,1,-0.73777671,-0.73777671,0.0,0.0,1,0.3333,,Glutamine,Glutamine
ST001865,Alanine Aspartate Glutamate Metabolism,0.4,none,diffabundance,3,1,-0.73777671,-0.73777671,0.0,0.0,1,0.3333,,Glutamine,Glutamine
ST001865,Alanine Aspartate Glutamate Metabolism,0.4,none,surrogate,3,1,-0.75787702,-0.75787702,0.0,0.0,1,0.3333,,Alanine,Alanine
ST001865,Alanine Aspartate Glutamate Metabolism,0.4,none,gnc_commutator,3,1,-0.75787702,-0.75787702,0.0,0.0,1,0.3333,,Alanine,Alanine
ST001865,Alanine Aspartate Glutamate Metabolism,0.4,none,mb2d_transport,3,1,-0.75787702,-0.75787702,0.0,0.0,1,0.3333,,Alanine,Alanine
ST001865,Alanine Aspartate Glutamate Metabolism,0.4,none,random,3,1,-0.75787702,-0.75787702,0.0,0.0,1,0.3333,,Alanine,Alanine
ST001865,Alanine Aspartate Glutamate Metabolism,0.4,none,degree,3,1,-0.75787702,-0.75787702,0.0,0.0,1,0.3333,,Alanine,Alanine
ST001865,Alanine Aspartate Glutamate Metabolism,0.4,none,variance,3,1,-0.75787702,-0.75787702,0.0,0.0,1,0.3333,,Alanine,Alanine
ST001865,Alanine Aspartate Glutamate Metabolism,0.4,none,diffabundance,3,1,-0.75787702,-0.75787702,0.0,0.0,1,0.3333,,Alanine,Alanine
ST001865,Alanine Aspartate Glutamate Metabolism,0.4,none,surrogate,3,1,-0.75787702,-0.75787702,0.0,0.0,1,0.3333,,Alanine,Alanine
ST001865,Alanine Aspartate Glutamate Metabolism,0.4,none,gnc_commutator,3,1,-0.75787702,-0.75787702,0.0,0.0,1,0.3333,,Alanine,Alanine
ST001865,Alanine Aspartate Glutamate Metabolism,0.4,none,mb2d_transport,3,1,-0.75787702,-0.75787702,0.0,0.0,1,0.3333,,Alanine,Alanine
ST001865,Alanine Aspartate Glutamate Metabolism,0.4,none,random,3,1,-0.75787702,-0.75787702,0.0,0.0,1,0.3333,,Alanine,Alanine
ST001865,Alanine Aspartate Glutamate Metabolism,0.4,none,degree,3,1,-0.75787702,-0.75787702,0.0,0.0,1,0.3333,,Alanine,Alanine
ST001865,Alanine Aspartate Glutamate Metabolism,0.4,none,variance,3,1,-0.75787702,-0.75787702,0.0,0.0,1,0.3333,,Alanine,Alanine
ST001865,Alanine Aspartate Glutamate Metabolism,0.4,none,diffabundance,3,1,-0.75787702,-0.75787702,0.0,0.0,1,0.3333,,Alanine,Alanine
ST001865,Alanine Aspartate Glutamate Metabolism,0.4,none,surrogate,3,1,-0.67714489,-0.67714489,0.0,0.0,1,0.3333,,Pyroglutamic acid,Pyroglutamic acid
ST001865,Alanine Aspartate Glutamate Metabolism,0.4,none,gnc_commutator,3,1,-0.67714489,-0.67714489,0.0,0.0,1,0.3333,,Pyroglutamic acid,Pyroglutamic acid
ST001865,Alanine Aspartate Glutamate Metabolism,0.4,none,mb2d_transport,3,1,-0.67714489,-0.67714489,0.0,0.0,1,0.3333,,Pyroglutamic acid,Pyroglutamic acid
ST001865,Alanine Aspartate Glutamate Metabolism,0.4,none,random,3,1,-0.67714489,-0.67714489,0.0,0.0,1,0.3333,,Pyroglutamic acid,Pyroglutamic acid
ST001865,Alanine Aspartate Glutamate Metabolism,0.4,none,degree,3,1,-0.67714489,-0.67714489,0.0,0.0,1,0.3333,,Pyroglutamic acid,Pyroglutamic acid
ST001865,Alanine Aspartate Glutamate Metabolism,0.4,none,variance,3,1,-0.67714489,-0.67714489,0.0,0.0,1,0.3333,,Pyroglutamic acid,Pyroglutamic acid
ST001865,Alanine Aspartate Glutamate Metabolism,0.4,none,diffabundance,3,1,-0.67714489,-0.67714489,0.0,0.0,1,0.3333,,Pyroglutamic acid,Pyroglutamic acid
ST001865,Alanine Aspartate Glutamate Metabolism,0.4,none,surrogate,3,1,-0.75787702,-0.75787702,0.0,0.0,1,0.3333,,Alanine,Alanine
ST001865,Alanine Aspartate Glutamate Metabolism,0.4,none,gnc_commutator,3,1,-0.75787702,-0.75787702,0.0,0.0,1,0.3333,,Alanine,Alanine
ST001865,Alanine Aspartate Glutamate Metabolism,0.4,none,mb2d_transport,3,1,-0.75787702,-0.75787702,0.0,0.0,1,0.3333,,Alanine,Alanine
ST001865,Alanine Aspartate Glutamate Metabolism,0.4,none,random,3,1,-0.75787702,-0.75787702,0.0,0.0,1,0.3333,,Alanine,Alanine
ST001865,Alanine Aspartate Glutamate Metabolism,0.4,none,degree,3,1,-0.75787702,-0.75787702,0.0,0.0,1,0.3333,,Alanine,Alanine
ST001865,Alanine Aspartate Glutamate Metabolism,0.4,none,variance,3,1,-0.75787702,-0.75787702,0.0,0.0,1,0.3333,,Alanine,Alanine
ST001865,Alanine Aspartate Glutamate Metabolism,0.4,none,diffabundance,3,1,-0.75787702,-0.75787702,0.0,0.0,1,0.3333,,Alanine,Alanine
ST001865,Alanine Aspartate Glutamate Metabolism,0.4,none,surrogate,3,1,-0.75787702,-0.75787702,0.0,0.0,1,0.3333,,Alanine,Alanine
ST001865,Alanine Aspartate Glutamate Metabolism,0.4,none,gnc_commutator,3,1,-0.75787702,-0.75787702,0.0,0.0,1,0.3333,,Alanine,Alanine
ST001865,Alanine Aspartate Glutamate Metabolism,0.4,none,mb2d_transport,3,1,-0.75787702,-0.75787702,0.0,0.0,1,0.3333,,Alanine,Alanine
ST001865,Alanine Aspartate Glutamate Metabolism,0.4,none,random,3,1,-0.75787702,-0.75787702,0.0,0.0,1,0.3333,,Alanine,Alanine
ST001865,Alanine Aspartate Glutamate Metabolism,0.4,none,degree,3,1,-0.75787702,-0.75787702,0.0,0.0,1,0.3333,,Alanine,Alanine
ST001865,Alanine Aspartate Glutamate Metabolism,0.4,none,variance,3,1,-0.75787702,-0.75787702,0.0,0.0,1,0.3333,,Alanine,Alanine
ST001865,Alanine Aspartate Glutamate Metabolism,0.4,none,diffabundance,3,1,-0.75787702,-0.75787702,0.0,0.0,1,0.3333,,Alanine,Alanine
ST001865,Alanine Aspartate Glutamate Metabolism,0.4,none,surrogate,3,1,-0.73777671,-0.73777671,0.0,0.0,1,0.3333,,Glutamine,Glutamine
ST001865,Alanine Aspartate Glutamate Metabolism,0.4,none,gnc_commutator,3,1,-0.73777671,-0.73777671,0.0,0.0,1,0.3333,,Glutamine,Glutamine
ST001865,Alanine Aspartate Glutamate Metabolism,0.4,none,mb2d_transport,3,1,-0.73777671,-0.73777671,0.0,0.0,1,0.3333,,Glutamine,Glutamine
ST001865,Alanine Aspartate Glutamate Metabolism,0.4,none,random,3,1,-0.73777671,-0.73777671,0.0,0.0,1,0.3333,,Glutamine,Glutamine
ST001865,Alanine Aspartate Glutamate Metabolism,0.4,none,degree,3,1,-0.73777671,-0.73777671,0.0,0.0,1,0.3333,,Glutamine,Glutamine
ST001865,Alanine Aspartate Glutamate Metabolism,0.4,none,variance,3,1,-0.73777671,-0.73777671,0.0,0.0,1,0.3333,,Glutamine,Glutamine
ST001865,Alanine Aspartate Glutamate Metabolism,0.4,none,diffabundance,3,1,-0.73777671,-0.73777671,0.0,0.0,1,0.3333,,Glutamine,Glutamine
ST001865,Alanine Aspartate Glutamate Metabolism,0.4,none,surrogate,3,1,-0.67714489,-0.67714489,0.0,0.0,1,0.3333,,Pyroglutamic acid,Pyroglutamic acid
ST001865,Alanine Aspartate Glutamate Metabolism,0.4,none,gnc_commutator,3,1,-0.67714489,-0.67714489,0.0,0.0,1,0.3333,,Pyroglutamic acid,Pyroglutamic acid
ST001865,Alanine Aspartate Glutamate Metabolism,0.4,none,mb2d_transport,3,1,-0.67714489,-0.67714489,0.0,0.0,1,0.3333,,Pyroglutamic acid,Pyroglutamic acid
ST001865,Alanine Aspartate Glutamate Metabolism,0.4,none,random,3,1,-0.67714489,-0.67714489,0.0,0.0,1,0.3333,,Pyroglutamic acid,Pyroglutamic acid
ST001865,Alanine Aspartate Glutamate Metabolism,0.4,none,degree,3,1,-0.67714489,-0.67714489,0.0,0.0,1,0.3333,,Pyroglutamic acid,Pyroglutamic acid
ST001865,Alanine Aspartate Glutamate Metabolism,0.4,none,variance,3,1,-0.67714489,-0.67714489,0.0,0.0,1,0.3333,,Pyroglutamic acid,Pyroglutamic acid
ST001865,Alanine Aspartate Glutamate Metabolism,0.4,none,diffabundance,3,1,-0.67714489,-0.67714489,0.0,0.0,1,0.3333,,Pyroglutamic acid,Pyroglutamic acid
ST001865,Alanine Aspartate Glutamate Metabolism,0.4,none,surrogate,3,1,-0.67714489,-0.67714489,0.0,0.0,1,0.3333,,Pyroglutamic acid,Pyroglutamic acid
ST001865,Alanine Aspartate Glutamate Metabolism,0.4,none,gnc_commutator,3,1,-0.67714489,-0.67714489,0.0,0.0,1,0.3333,,Pyroglutamic acid,Pyroglutamic acid
ST001865,Alanine Aspartate Glutamate Metabolism,0.4,none,mb2d_transport,3,1,-0.67714489,-0.67714489,0.0,0.0,1,0.3333,,Pyroglutamic acid,Pyroglutamic acid
ST001865,Alanine Aspartate Glutamate Metabolism,0.4,none,random,3,1,-0.67714489,-0.67714489,0.0,0.0,1,0.3333,,Pyroglutamic acid,Pyroglutamic acid
ST001865,Alanine Aspartate Glutamate Metabolism,0.4,none,degree,3,1,-0.67714489,-0.67714489,0.0,0.0,1,0.3333,,Pyroglutamic acid,Pyroglutamic acid
ST001865,Alanine Aspartate Glutamate Metabolism,0.4,none,variance,3,1,-0.67714489,-0.67714489,0.0,0.0,1,0.3333,,Pyroglutamic acid,Pyroglutamic acid
ST001865,Alanine Aspartate Glutamate Metabolism,0.4,none,diffabundance,3,1,-0.67714489,-0.67714489,0.0,0.0,1,0.3333,,Pyroglutamic acid,Pyroglutamic acid
ST001865,Alanine Aspartate Glutamate Metabolism,0.4,none,surrogate,3,1,-0.75787702,-0.75787702,0.0,0.0,1,0.3333,,Alanine,Alanine
ST001865,Alanine Aspartate Glutamate Metabolism,0.4,none,gnc_commutator,3,1,-0.75787702,-0.75787702,0.0,0.0,1,0.3333,,Alanine,Alanine
ST001865,Alanine Aspartate Glutamate Metabolism,0.4,none,mb2d_transport,3,1,-0.75787702,-0.75787702,0.0,0.0,1,0.3333,,Alanine,Alanine
ST001865,Alanine Aspartate Glutamate Metabolism,0.4,none,random,3,1,-0.75787702,-0.75787702,0.0,0.0,1,0.3333,,Alanine,Alanine
ST001865,Alanine Aspartate Glutamate Metabolism,0.4,none,degree,3,1,-0.75787702,-0.75787702,0.0,0.0,1,0.3333,,Alanine,Alanine
ST001865,Alanine Aspartate Glutamate Metabolism,0.4,none,variance,3,1,-0.75787702,-0.75787702,0.0,0.0,1,0.3333,,Alanine,Alanine
ST001865,Alanine Aspartate Glutamate Metabolism,0.4,none,diffabundance,3,1,-0.75787702,-0.75787702,0.0,0.0,1,0.3333,,Alanine,Alanine
ST001865,Alanine Aspartate Glutamate Metabolism,0.5,none,surrogate,3,1,-0.73777671,-0.73777671,0.0,0.0,1,0.3333,,Glutamine,Glutamine
ST001865,Alanine Aspartate Glutamate Metabolism,0.5,none,gnc_commutator,3,1,-0.73777671,-0.73777671,0.0,0.0,1,0.3333,,Glutamine,Glutamine
ST001865,Alanine Aspartate Glutamate Metabolism,0.5,none,mb2d_transport,3,1,-0.73777671,-0.73777671,0.0,0.0,1,0.3333,,Glutamine,Glutamine
ST001865,Alanine Aspartate Glutamate Metabolism,0.5,none,random,3,1,-0.73777671,-0.73777671,0.0,0.0,1,0.3333,,Glutamine,Glutamine
ST001865,Alanine Aspartate Glutamate Metabolism,0.5,none,degree,3,1,-0.73777671,-0.73777671,0.0,0.0,1,0.3333,,Glutamine,Glutamine
ST001865,Alanine Aspartate Glutamate Metabolism,0.5,none,variance,3,1,-0.73777671,-0.73777671,0.0,0.0,1,0.3333,,Glutamine,Glutamine
ST001865,Alanine Aspartate Glutamate Metabolism,0.5,none,diffabundance,3,1,-0.73777671,-0.73777671,0.0,0.0,1,0.3333,,Glutamine,Glutamine
ST001865,Alanine Aspartate Glutamate Metabolism,0.5,none,surrogate,3,1,-0.75787702,-0.75787702,0.0,0.0,1,0.3333,,Alanine,Alanine
ST001865,Alanine Aspartate Glutamate Metabolism,0.5,none,gnc_commutator,3,1,-0.75787702,-0.75787702,0.0,0.0,1,0.3333,,Alanine,Alanine
ST001865,Alanine Aspartate Glutamate Metabolism,0.5,none,mb2d_transport,3,1,-0.75787702,-0.75787702,0.0,0.0,1,0.3333,,Alanine,Alanine
ST001865,Alanine Aspartate Glutamate Metabolism,0.5,none,random,3,1,-0.75787702,-0.75787702,0.0,0.0,1,0.3333,,Alanine,Alanine
ST001865,Alanine Aspartate Glutamate Metabolism,0.5,none,degree,3,1,-0.75787702,-0.75787702,0.0,0.0,1,0.3333,,Alanine,Alanine
ST001865,Alanine Aspartate Glutamate Metabolism,0.5,none,variance,3,1,-0.75787702,-0.75787702,0.0,0.0,1,0.3333,,Alanine,Alanine
ST001865,Alanine Aspartate Glutamate Metabolism,0.5,none,diffabundance,3,1,-0.75787702,-0.75787702,0.0,0.0,1,0.3333,,Alanine,Alanine
ST001865,Alanine Aspartate Glutamate Metabolism,0.5,none,surrogate,3,1,-0.75787702,-0.75787702,0.0,0.0,1,0.3333,,Alanine,Alanine
ST001865,Alanine Aspartate Glutamate Metabolism,0.5,none,gnc_commutator,3,1,-0.75787702,-0.75787702,0.0,0.0,1,0.3333,,Alanine,Alanine
ST001865,Alanine Aspartate Glutamate Metabolism,0.5,none,mb2d_transport,3,1,-0.75787702,-0.75787702,0.0,0.0,1,0.3333,,Alanine,Alanine
ST001865,Alanine Aspartate Glutamate Metabolism,0.5,none,random,3,1,-0.75787702,-0.75787702,0.0,0.0,1,0.3333,,Alanine,Alanine
ST001865,Alanine Aspartate Glutamate Metabolism,0.5,none,degree,3,1,-0.75787702,-0.75787702,0.0,0.0,1,0.3333,,Alanine,Alanine
ST001865,Alanine Aspartate Glutamate Metabolism,0.5,none,variance,3,1,-0.75787702,-0.75787702,0.0,0.0,1,0.3333,,Alanine,Alanine
ST001865,Alanine Aspartate Glutamate Metabolism,0.5,none,diffabundance,3,1,-0.75787702,-0.75787702,0.0,0.0,1,0.3333,,Alanine,Alanine
ST001865,Alanine Aspartate Glutamate Metabolism,0.5,none,surrogate,3,1,-0.67714489,-0.67714489,0.0,0.0,1,0.3333,,Pyroglutamic acid,Pyroglutamic acid
ST001865,Alanine Aspartate Glutamate Metabolism,0.5,none,gnc_commutator,3,1,-0.67714489,-0.67714489,0.0,0.0,1,0.3333,,Pyroglutamic acid,Pyroglutamic acid
ST001865,Alanine Aspartate Glutamate Metabolism,0.5,none,mb2d_transport,3,1,-0.67714489,-0.67714489,0.0,0.0,1,0.3333,,Pyroglutamic acid,Pyroglutamic acid
ST001865,Alanine Aspartate Glutamate Metabolism,0.5,none,random,3,1,-0.67714489,-0.67714489,0.0,0.0,1,0.3333,,Pyroglutamic acid,Pyroglutamic acid
ST001865,Alanine Aspartate Glutamate Metabolism,0.5,none,degree,3,1,-0.67714489,-0.67714489,0.0,0.0,1,0.3333,,Pyroglutamic acid,Pyroglutamic acid
ST001865,Alanine Aspartate Glutamate Metabolism,0.5,none,variance,3,1,-0.67714489,-0.67714489,0.0,0.0,1,0.3333,,Pyroglutamic acid,Pyroglutamic acid
ST001865,Alanine Aspartate Glutamate Metabolism,0.5,none,diffabundance,3,1,-0.67714489,-0.67714489,0.0,0.0,1,0.3333,,Pyroglutamic acid,Pyroglutamic acid
ST001865,Alanine Aspartate Glutamate Metabolism,0.5,none,surrogate,3,1,-0.75787702,-0.75787702,0.0,0.0,1,0.3333,,Alanine,Alanine
ST001865,Alanine Aspartate Glutamate Metabolism,0.5,none,gnc_commutator,3,1,-0.75787702,-0.75787702,0.0,0.0,1,0.3333,,Alanine,Alanine
ST001865,Alanine Aspartate Glutamate Metabolism,0.5,none,mb2d_transport,3,1,-0.75787702,-0.75787702,0.0,0.0,1,0.3333,,Alanine,Alanine
ST001865,Alanine Aspartate Glutamate Metabolism,0.5,none,random,3,1,-0.75787702,-0.75787702,0.0,0.0,1,0.3333,,Alanine,Alanine
ST001865,Alanine Aspartate Glutamate Metabolism,0.5,none,degree,3,1,-0.75787702,-0.75787702,0.0,0.0,1,0.3333,,Alanine,Alanine
ST001865,Alanine Aspartate Glutamate Metabolism,0.5,none,variance,3,1,-0.75787702,-0.75787702,0.0,0.0,1,0.3333,,Alanine,Alanine
ST001865,Alanine Aspartate Glutamate Metabolism,0.5,none,diffabundance,3,1,-0.75787702,-0.75787702,0.0,0.0,1,0.3333,,Alanine,Alanine
ST001865,Alanine Aspartate Glutamate Metabolism,0.5,none,surrogate,3,1,-0.75787702,-0.75787702,0.0,0.0,1,0.3333,,Alanine,Alanine
ST001865,Alanine Aspartate Glutamate Metabolism,0.5,none,gnc_commutator,3,1,-0.75787702,-0.75787702,0.0,0.0,1,0.3333,,Alanine,Alanine
ST001865,Alanine Aspartate Glutamate Metabolism,0.5,none,mb2d_transport,3,1,-0.75787702,-0.75787702,0.0,0.0,1,0.3333,,Alanine,Alanine
ST001865,Alanine Aspartate Glutamate Metabolism,0.5,none,random,3,1,-0.75787702,-0.75787702,0.0,0.0,1,0.3333,,Alanine,Alanine
ST001865,Alanine Aspartate Glutamate Metabolism,0.5,none,degree,3,1,-0.75787702,-0.75787702,0.0,0.0,1,0.3333,,Alanine,Alanine
ST001865,Alanine Aspartate Glutamate Metabolism,0.5,none,variance,3,1,-0.75787702,-0.75787702,0.0,0.0,1,0.3333,,Alanine,Alanine
ST001865,Alanine Aspartate Glutamate Metabolism,0.5,none,diffabundance,3,1,-0.75787702,-0.75787702,0.0,0.0,1,0.3333,,Alanine,Alanine
ST001865,Alanine Aspartate Glutamate Metabolism,0.5,none,surrogate,3,1,-0.73777671,-0.73777671,0.0,0.0,1,0.3333,,Glutamine,Glutamine
ST001865,Alanine Aspartate Glutamate Metabolism,0.5,none,gnc_commutator,3,1,-0.73777671,-0.73777671,0.0,0.0,1,0.3333,,Glutamine,Glutamine
ST001865,Alanine Aspartate Glutamate Metabolism,0.5,none,mb2d_transport,3,1,-0.73777671,-0.73777671,0.0,0.0,1,0.3333,,Glutamine,Glutamine
ST001865,Alanine Aspartate Glutamate Metabolism,0.5,none,random,3,1,-0.73777671,-0.73777671,0.0,0.0,1,0.3333,,Glutamine,Glutamine
ST001865,Alanine Aspartate Glutamate Metabolism,0.5,none,degree,3,1,-0.73777671,-0.73777671,0.0,0.0,1,0.3333,,Glutamine,Glutamine
ST001865,Alanine Aspartate Glutamate Metabolism,0.5,none,variance,3,1,-0.73777671,-0.73777671,0.0,0.0,1,0.3333,,Glutamine,Glutamine
ST001865,Alanine Aspartate Glutamate Metabolism,0.5,none,diffabundance,3,1,-0.73777671,-0.73777671,0.0,0.0,1,0.3333,,Glutamine,Glutamine
ST001865,Alanine Aspartate Glutamate Metabolism,0.5,none,surrogate,3,1,-0.67714489,-0.67714489,0.0,0.0,1,0.3333,,Pyroglutamic acid,Pyroglutamic acid
ST001865,Alanine Aspartate Glutamate Metabolism,0.5,none,gnc_commutator,3,1,-0.67714489,-0.67714489,0.0,0.0,1,0.3333,,Pyroglutamic acid,Pyroglutamic acid
ST001865,Alanine Aspartate Glutamate Metabolism,0.5,none,mb2d_transport,3,1,-0.67714489,-0.67714489,0.0,0.0,1,0.3333,,Pyroglutamic acid,Pyroglutamic acid
ST001865,Alanine Aspartate Glutamate Metabolism,0.5,none,random,3,1,-0.67714489,-0.67714489,0.0,0.0,1,0.3333,,Pyroglutamic acid,Pyroglutamic acid
ST001865,Alanine Aspartate Glutamate Metabolism,0.5,none,degree,3,1,-0.67714489,-0.67714489,0.0,0.0,1,0.3333,,Pyroglutamic acid,Pyroglutamic acid
ST001865,Alanine Aspartate Glutamate Metabolism,0.5,none,variance,3,1,-0.67714489,-0.67714489,0.0,0.0,1,0.3333,,Pyroglutamic acid,Pyroglutamic acid
ST001865,Alanine Aspartate Glutamate Metabolism,0.5,none,diffabundance,3,1,-0.67714489,-0.67714489,0.0,0.0,1,0.3333,,Pyroglutamic acid,Pyroglutamic acid
ST001865,Alanine Aspartate Glutamate Metabolism,0.5,none,surrogate,3,1,-0.67714489,-0.67714489,0.0,0.0,1,0.3333,,Pyroglutamic acid,Pyroglutamic acid
ST001865,Alanine Aspartate Glutamate Metabolism,0.5,none,gnc_commutator,3,1,-0.67714489,-0.67714489,0.0,0.0,1,0.3333,,Pyroglutamic acid,Pyroglutamic acid
ST001865,Alanine Aspartate Glutamate Metabolism,0.5,none,mb2d_transport,3,1,-0.67714489,-0.67714489,0.0,0.0,1,0.3333,,Pyroglutamic acid,Pyroglutamic acid
ST001865,Alanine Aspartate Glutamate Metabolism,0.5,none,random,3,1,-0.67714489,-0.67714489,0.0,0.0,1,0.3333,,Pyroglutamic acid,Pyroglutamic acid
ST001865,Alanine Aspartate Glutamate Metabolism,0.5,none,degree,3,1,-0.67714489,-0.67714489,0.0,0.0,1,0.3333,,Pyroglutamic acid,Pyroglutamic acid
ST001865,Alanine Aspartate Glutamate Metabolism,0.5,none,variance,3,1,-0.67714489,-0.67714489,0.0,0.0,1,0.3333,,Pyroglutamic acid,Pyroglutamic acid
ST001865,Alanine Aspartate Glutamate Metabolism,0.5,none,diffabundance,3,1,-0.67714489,-0.67714489,0.0,0.0,1,0.3333,,Pyroglutamic acid,Pyroglutamic acid
ST001865,Alanine Aspartate Glutamate Metabolism,0.5,none,surrogate,3,1,-0.75787702,-0.75787702,0.0,0.0,1,0.3333,,Alanine,Alanine
ST001865,Alanine Aspartate Glutamate Metabolism,0.5,none,gnc_commutator,3,1,-0.75787702,-0.75787702,0.0,0.0,1,0.3333,,Alanine,Alanine
ST001865,Alanine Aspartate Glutamate Metabolism,0.5,none,mb2d_transport,3,1,-0.75787702,-0.75787702,0.0,0.0,1,0.3333,,Alanine,Alanine
ST001865,Alanine Aspartate Glutamate Metabolism,0.5,none,random,3,1,-0.75787702,-0.75787702,0.0,0.0,1,0.3333,,Alanine,Alanine
ST001865,Alanine Aspartate Glutamate Metabolism,0.5,none,degree,3,1,-0.75787702,-0.75787702,0.0,0.0,1,0.3333,,Alanine,Alanine
ST001865,Alanine Aspartate Glutamate Metabolism,0.5,none,variance,3,1,-0.75787702,-0.75787702,0.0,0.0,1,0.3333,,Alanine,Alanine
ST001865,Alanine Aspartate Glutamate Metabolism,0.5,none,diffabundance,3,1,-0.75787702,-0.75787702,0.0,0.0,1,0.3333,,Alanine,Alanine
ST001865,Alanine Aspartate Glutamate Metabolism,0.5,none,surrogate,3,1,-0.73777671,-0.73777671,0.0,0.0,1,0.3333,,Glutamine,Glutamine
ST001865,Alanine Aspartate Glutamate Metabolism,0.5,none,gnc_commutator,3,1,-0.73777671,-0.73777671,0.0,0.0,1,0.3333,,Glutamine,Glutamine
ST001865,Alanine Aspartate Glutamate Metabolism,0.5,none,mb2d_transport,3,1,-0.73777671,-0.73777671,0.0,0.0,1,0.3333,,Glutamine,Glutamine
ST001865,Alanine Aspartate Glutamate Metabolism,0.5,none,random,3,1,-0.73777671,-0.73777671,0.0,0.0,1,0.3333,,Glutamine,Glutamine
ST001865,Alanine Aspartate Glutamate Metabolism,0.5,none,degree,3,1,-0.73777671,-0.73777671,0.0,0.0,1,0.3333,,Glutamine,Glutamine
ST001865,Alanine Aspartate Glutamate Metabolism,0.5,none,variance,3,1,-0.73777671,-0.73777671,0.0,0.0,1,0.3333,,Glutamine,Glutamine
ST001865,Alanine Aspartate Glutamate Metabolism,0.5,none,diffabundance,3,1,-0.73777671,-0.73777671,0.0,0.0,1,0.3333,,Glutamine,Glutamine
ST001865,Alanine Aspartate Glutamate Metabolism,0.5,none,surrogate,3,1,-0.67714489,-0.67714489,0.0,0.0,1,0.3333,,Pyroglutamic acid,Pyroglutamic acid
ST001865,Alanine Aspartate Glutamate Metabolism,0.5,none,gnc_commutator,3,1,-0.67714489,-0.67714489,0.0,0.0,1,0.3333,,Pyroglutamic acid,Pyroglutamic acid
ST001865,Alanine Aspartate Glutamate Metabolism,0.5,none,mb2d_transport,3,1,-0.67714489,-0.67714489,0.0,0.0,1,0.3333,,Pyroglutamic acid,Pyroglutamic acid
ST001865,Alanine Aspartate Glutamate Metabolism,0.5,none,random,3,1,-0.67714489,-0.67714489,0.0,0.0,1,0.3333,,Pyroglutamic acid,Pyroglutamic acid
ST001865,Alanine Aspartate Glutamate Metabolism,0.5,none,degree,3,1,-0.67714489,-0.67714489,0.0,0.0,1,0.3333,,Pyroglutamic acid,Pyroglutamic acid
ST001865,Alanine Aspartate Glutamate Metabolism,0.5,none,variance,3,1,-0.67714489,-0.67714489,0.0,0.0,1,0.3333,,Pyroglutamic acid,Pyroglutamic acid
ST001865,Alanine Aspartate Glutamate Metabolism,0.5,none,diffabundance,3,1,-0.67714489,-0.67714489,0.0,0.0,1,0.3333,,Pyroglutamic acid,Pyroglutamic acid
ST001865,Alanine Aspartate Glutamate Metabolism,0.5,none,surrogate,3,1,-0.67714489,-0.67714489,0.0,0.0,1,0.3333,,Pyroglutamic acid,Pyroglutamic acid
ST001865,Alanine Aspartate Glutamate Metabolism,0.5,none,gnc_commutator,3,1,-0.67714489,-0.67714489,0.0,0.0,1,0.3333,,Pyroglutamic acid,Pyroglutamic acid
ST001865,Alanine Aspartate Glutamate Metabolism,0.5,none,mb2d_transport,3,1,-0.67714489,-0.67714489,0.0,0.0,1,0.3333,,Pyroglutamic acid,Pyroglutamic acid
ST001865,Alanine Aspartate Glutamate Metabolism,0.5,none,random,3,1,-0.67714489,-0.67714489,0.0,0.0,1,0.3333,,Pyroglutamic acid,Pyroglutamic acid
ST001865,Alanine Aspartate Glutamate Metabolism,0.5,none,degree,3,1,-0.67714489,-0.67714489,0.0,0.0,1,0.3333,,Pyroglutamic acid,Pyroglutamic acid
ST001865,Alanine Aspartate Glutamate Metabolism,0.5,none,variance,3,1,-0.67714489,-0.67714489,0.0,0.0,1,0.3333,,Pyroglutamic acid,Pyroglutamic acid
ST001865,Alanine Aspartate Glutamate Metabolism,0.5,none,diffabundance,3,1,-0.67714489,-0.67714489,0.0,0.0,1,0.3333,,Pyroglutamic acid,Pyroglutamic acid
ST001865,Alanine Aspartate Glutamate Metabolism,0.5,none,surrogate,3,1,-0.73777671,-0.73777671,0.0,0.0,1,0.3333,,Glutamine,Glutamine
ST001865,Alanine Aspartate Glutamate Metabolism,0.5,none,gnc_commutator,3,1,-0.73777671,-0.73777671,0.0,0.0,1,0.3333,,Glutamine,Glutamine
ST001865,Alanine Aspartate Glutamate Metabolism,0.5,none,mb2d_transport,3,1,-0.73777671,-0.73777671,0.0,0.0,1,0.3333,,Glutamine,Glutamine
ST001865,Alanine Aspartate Glutamate Metabolism,0.5,none,random,3,1,-0.73777671,-0.73777671,0.0,0.0,1,0.3333,,Glutamine,Glutamine
ST001865,Alanine Aspartate Glutamate Metabolism,0.5,none,degree,3,1,-0.73777671,-0.73777671,0.0,0.0,1,0.3333,,Glutamine,Glutamine
ST001865,Alanine Aspartate Glutamate Metabolism,0.5,none,variance,3,1,-0.73777671,-0.73777671,0.0,0.0,1,0.3333,,Glutamine,Glutamine
ST001865,Alanine Aspartate Glutamate Metabolism,0.5,none,diffabundance,3,1,-0.73777671,-0.73777671,0.0,0.0,1,0.3333,,Glutamine,Glutamine
ST001865,Alanine Aspartate Glutamate Metabolism,0.5,none,surrogate,3,1,-0.73777671,-0.73777671,0.0,0.0,1,0.3333,,Glutamine,Glutamine
ST001865,Alanine Aspartate Glutamate Metabolism,0.5,none,gnc_commutator,3,1,-0.73777671,-0.73777671,0.0,0.0,1,0.3333,,Glutamine,Glutamine
ST001865,Alanine Aspartate Glutamate Metabolism,0.5,none,mb2d_transport,3,1,-0.73777671,-0.73777671,0.0,0.0,1,0.3333,,Glutamine,Glutamine
ST001865,Alanine Aspartate Glutamate Metabolism,0.5,none,random,3,1,-0.73777671,-0.73777671,0.0,0.0,1,0.3333,,Glutamine,Glutamine
ST001865,Alanine Aspartate Glutamate Metabolism,0.5,none,degree,3,1,-0.73777671,-0.73777671,0.0,0.0,1,0.3333,,Glutamine,Glutamine
ST001865,Alanine Aspartate Glutamate Metabolism,0.5,none,variance,3,1,-0.73777671,-0.73777671,0.0,0.0,1,0.3333,,Glutamine,Glutamine
ST001865,Alanine Aspartate Glutamate Metabolism,0.5,none,diffabundance,3,1,-0.73777671,-0.73777671,0.0,0.0,1,0.3333,,Glutamine,Glutamine
ST001865,Alanine Aspartate Glutamate Metabolism,0.5,none,surrogate,3,1,-0.75787702,-0.75787702,0.0,0.0,1,0.3333,,Alanine,Alanine
ST001865,Alanine Aspartate Glutamate Metabolism,0.5,none,gnc_commutator,3,1,-0.75787702,-0.75787702,0.0,0.0,1,0.3333,,Alanine,Alanine
ST001865,Alanine Aspartate Glutamate Metabolism,0.5,none,mb2d_transport,3,1,-0.75787702,-0.75787702,0.0,0.0,1,0.3333,,Alanine,Alanine
ST001865,Alanine Aspartate Glutamate Metabolism,0.5,none,random,3,1,-0.75787702,-0.75787702,0.0,0.0,1,0.3333,,Alanine,Alanine
ST001865,Alanine Aspartate Glutamate Metabolism,0.5,none,degree,3,1,-0.75787702,-0.75787702,0.0,0.0,1,0.3333,,Alanine,Alanine
ST001865,Alanine Aspartate Glutamate Metabolism,0.5,none,variance,3,1,-0.75787702,-0.75787702,0.0,0.0,1,0.3333,,Alanine,Alanine
ST001865,Alanine Aspartate Glutamate Metabolism,0.5,none,diffabundance,3,1,-0.75787702,-0.75787702,0.0,0.0,1,0.3333,,Alanine,Alanine
ST001865,Alanine Aspartate Glutamate Metabolism,0.5,none,surrogate,3,1,-0.67714489,-0.67714489,0.0,0.0,1,0.3333,,Pyroglutamic acid,Pyroglutamic acid
ST001865,Alanine Aspartate Glutamate Metabolism,0.5,none,gnc_commutator,3,1,-0.67714489,-0.67714489,0.0,0.0,1,0.3333,,Pyroglutamic acid,Pyroglutamic acid
ST001865,Alanine Aspartate Glutamate Metabolism,0.5,none,mb2d_transport,3,1,-0.67714489,-0.67714489,0.0,0.0,1,0.3333,,Pyroglutamic acid,Pyroglutamic acid
ST001865,Alanine Aspartate Glutamate Metabolism,0.5,none,random,3,1,-0.67714489,-0.67714489,0.0,0.0,1,0.3333,,Pyroglutamic acid,Pyroglutamic acid
ST001865,Alanine Aspartate Glutamate Metabolism,0.5,none,degree,3,1,-0.67714489,-0.67714489,0.0,0.0,1,0.3333,,Pyroglutamic acid,Pyroglutamic acid
ST001865,Alanine Aspartate Glutamate Metabolism,0.5,none,variance,3,1,-0.67714489,-0.67714489,0.0,0.0,1,0.3333,,Pyroglutamic acid,Pyroglutamic acid
ST001865,Alanine Aspartate Glutamate Metabolism,0.5,none,diffabundance,3,1,-0.67714489,-0.67714489,0.0,0.0,1,0.3333,,Pyroglutamic acid,Pyroglutamic acid
ST001865,Alanine Aspartate Glutamate Metabolism,0.5,none,surrogate,3,1,-0.75787702,-0.75787702,0.0,0.0,1,0.3333,,Alanine,Alanine
ST001865,Alanine Aspartate Glutamate Metabolism,0.5,none,gnc_commutator,3,1,-0.75787702,-0.75787702,0.0,0.0,1,0.3333,,Alanine,Alanine
ST001865,Alanine Aspartate Glutamate Metabolism,0.5,none,mb2d_transport,3,1,-0.75787702,-0.75787702,0.0,0.0,1,0.3333,,Alanine,Alanine
ST001865,Alanine Aspartate Glutamate Metabolism,0.5,none,random,3,1,-0.75787702,-0.75787702,0.0,0.0,1,0.3333,,Alanine,Alanine
ST001865,Alanine Aspartate Glutamate Metabolism,0.5,none,degree,3,1,-0.75787702,-0.75787702,0.0,0.0,1,0.3333,,Alanine,Alanine
ST001865,Alanine Aspartate Glutamate Metabolism,0.5,none,variance,3,1,-0.75787702,-0.75787702,0.0,0.0,1,0.3333,,Alanine,Alanine
ST001865,Alanine Aspartate Glutamate Metabolism,0.5,none,diffabundance,3,1,-0.75787702,-0.75787702,0.0,0.0,1,0.3333,,Alanine,Alanine
ST001865,Alanine Aspartate Glutamate Metabolism,0.5,none,surrogate,3,1,-0.67714489,-0.67714489,0.0,0.0,1,0.3333,,Pyroglutamic acid,Pyroglutamic acid
ST001865,Alanine Aspartate Glutamate Metabolism,0.5,none,gnc_commutator,3,1,-0.67714489,-0.67714489,0.0,0.0,1,0.3333,,Pyroglutamic acid,Pyroglutamic acid
ST001865,Alanine Aspartate Glutamate Metabolism,0.5,none,mb2d_transport,3,1,-0.67714489,-0.67714489,0.0,0.0,1,0.3333,,Pyroglutamic acid,Pyroglutamic acid
ST001865,Alanine Aspartate Glutamate Metabolism,0.5,none,random,3,1,-0.67714489,-0.67714489,0.0,0.0,1,0.3333,,Pyroglutamic acid,Pyroglutamic acid
ST001865,Alanine Aspartate Glutamate Metabolism,0.5,none,degree,3,1,-0.67714489,-0.67714489,0.0,0.0,1,0.3333,,Pyroglutamic acid,Pyroglutamic acid
ST001865,Alanine Aspartate Glutamate Metabolism,0.5,none,variance,3,1,-0.67714489,-0.67714489,0.0,0.0,1,0.3333,,Pyroglutamic acid,Pyroglutamic acid
ST001865,Alanine Aspartate Glutamate Metabolism,0.5,none,diffabundance,3,1,-0.67714489,-0.67714489,0.0,0.0,1,0.3333,,Pyroglutamic acid,Pyroglutamic acid
ST001865,Alanine Aspartate Glutamate Metabolism,0.5,none,surrogate,3,1,-0.75787702,-0.75787702,0.0,0.0,1,0.3333,,Alanine,Alanine
ST001865,Alanine Aspartate Glutamate Metabolism,0.5,none,gnc_commutator,3,1,-0.75787702,-0.75787702,0.0,0.0,1,0.3333,,Alanine,Alanine
ST001865,Alanine Aspartate Glutamate Metabolism,0.5,none,mb2d_transport,3,1,-0.75787702,-0.75787702,0.0,0.0,1,0.3333,,Alanine,Alanine
ST001865,Alanine Aspartate Glutamate Metabolism,0.5,none,random,3,1,-0.75787702,-0.75787702,0.0,0.0,1,0.3333,,Alanine,Alanine
ST001865,Alanine Aspartate Glutamate Metabolism,0.5,none,degree,3,1,-0.75787702,-0.75787702,0.0,0.0,1,0.3333,,Alanine,Alanine
ST001865,Alanine Aspartate Glutamate Metabolism,0.5,none,variance,3,1,-0.75787702,-0.75787702,0.0,0.0,1,0.3333,,Alanine,Alanine
ST001865,Alanine Aspartate Glutamate Metabolism,0.5,none,diffabundance,3,1,-0.75787702,-0.75787702,0.0,0.0,1,0.3333,,Alanine,Alanine
ST001865,Alanine Aspartate Glutamate Metabolism,0.6,none,surrogate,3,1,-0.73777671,-0.73777671,0.0,0.0,1,0.3333,,Glutamine,Glutamine
ST001865,Alanine Aspartate Glutamate Metabolism,0.6,none,gnc_commutator,3,1,-0.73777671,-0.73777671,0.0,0.0,1,0.3333,,Glutamine,Glutamine
ST001865,Alanine Aspartate Glutamate Metabolism,0.6,none,mb2d_transport,3,1,-0.73777671,-0.73777671,0.0,0.0,1,0.3333,,Glutamine,Glutamine
ST001865,Alanine Aspartate Glutamate Metabolism,0.6,none,random,3,1,-0.73777671,-0.73777671,0.0,0.0,1,0.3333,,Glutamine,Glutamine
ST001865,Alanine Aspartate Glutamate Metabolism,0.6,none,degree,3,1,-0.73777671,-0.73777671,0.0,0.0,1,0.3333,,Glutamine,Glutamine
ST001865,Alanine Aspartate Glutamate Metabolism,0.6,none,variance,3,1,-0.73777671,-0.73777671,0.0,0.0,1,0.3333,,Glutamine,Glutamine
ST001865,Alanine Aspartate Glutamate Metabolism,0.6,none,diffabundance,3,1,-0.73777671,-0.73777671,0.0,0.0,1,0.3333,,Glutamine,Glutamine
ST001865,Alanine Aspartate Glutamate Metabolism,0.6,none,surrogate,3,1,-0.67714489,-0.67714489,0.0,0.0,1,0.3333,,Pyroglutamic acid,Pyroglutamic acid
ST001865,Alanine Aspartate Glutamate Metabolism,0.6,none,gnc_commutator,3,1,-0.67714489,-0.67714489,0.0,0.0,1,0.3333,,Pyroglutamic acid,Pyroglutamic acid
ST001865,Alanine Aspartate Glutamate Metabolism,0.6,none,mb2d_transport,3,1,-0.67714489,-0.67714489,0.0,0.0,1,0.3333,,Pyroglutamic acid,Pyroglutamic acid
ST001865,Alanine Aspartate Glutamate Metabolism,0.6,none,random,3,1,-0.67714489,-0.67714489,0.0,0.0,1,0.3333,,Pyroglutamic acid,Pyroglutamic acid
ST001865,Alanine Aspartate Glutamate Metabolism,0.6,none,degree,3,1,-0.67714489,-0.67714489,0.0,0.0,1,0.3333,,Pyroglutamic acid,Pyroglutamic acid
ST001865,Alanine Aspartate Glutamate Metabolism,0.6,none,variance,3,1,-0.67714489,-0.67714489,0.0,0.0,1,0.3333,,Pyroglutamic acid,Pyroglutamic acid
ST001865,Alanine Aspartate Glutamate Metabolism,0.6,none,diffabundance,3,1,-0.67714489,-0.67714489,0.0,0.0,1,0.3333,,Pyroglutamic acid,Pyroglutamic acid
ST001865,Alanine Aspartate Glutamate Metabolism,0.6,none,surrogate,3,1,-0.67714489,-0.67714489,0.0,0.0,1,0.3333,,Pyroglutamic acid,Pyroglutamic acid
ST001865,Alanine Aspartate Glutamate Metabolism,0.6,none,gnc_commutator,3,1,-0.67714489,-0.67714489,0.0,0.0,1,0.3333,,Pyroglutamic acid,Pyroglutamic acid
ST001865,Alanine Aspartate Glutamate Metabolism,0.6,none,mb2d_transport,3,1,-0.67714489,-0.67714489,0.0,0.0,1,0.3333,,Pyroglutamic acid,Pyroglutamic acid
ST001865,Alanine Aspartate Glutamate Metabolism,0.6,none,random,3,1,-0.67714489,-0.67714489,0.0,0.0,1,0.3333,,Pyroglutamic acid,Pyroglutamic acid
ST001865,Alanine Aspartate Glutamate Metabolism,0.6,none,degree,3,1,-0.67714489,-0.67714489,0.0,0.0,1,0.3333,,Pyroglutamic acid,Pyroglutamic acid
ST001865,Alanine Aspartate Glutamate Metabolism,0.6,none,variance,3,1,-0.67714489,-0.67714489,0.0,0.0,1,0.3333,,Pyroglutamic acid,Pyroglutamic acid
ST001865,Alanine Aspartate Glutamate Metabolism,0.6,none,diffabundance,3,1,-0.67714489,-0.67714489,0.0,0.0,1,0.3333,,Pyroglutamic acid,Pyroglutamic acid
ST001865,Alanine Aspartate Glutamate Metabolism,0.6,none,surrogate,3,1,-0.73777671,-0.73777671,0.0,0.0,1,0.3333,,Glutamine,Glutamine
ST001865,Alanine Aspartate Glutamate Metabolism,0.6,none,gnc_commutator,3,1,-0.73777671,-0.73777671,0.0,0.0,1,0.3333,,Glutamine,Glutamine
ST001865,Alanine Aspartate Glutamate Metabolism,0.6,none,mb2d_transport,3,1,-0.73777671,-0.73777671,0.0,0.0,1,0.3333,,Glutamine,Glutamine
ST001865,Alanine Aspartate Glutamate Metabolism,0.6,none,random,3,1,-0.73777671,-0.73777671,0.0,0.0,1,0.3333,,Glutamine,Glutamine
ST001865,Alanine Aspartate Glutamate Metabolism,0.6,none,degree,3,1,-0.73777671,-0.73777671,0.0,0.0,1,0.3333,,Glutamine,Glutamine
ST001865,Alanine Aspartate Glutamate Metabolism,0.6,none,variance,3,1,-0.73777671,-0.73777671,0.0,0.0,1,0.3333,,Glutamine,Glutamine
ST001865,Alanine Aspartate Glutamate Metabolism,0.6,none,diffabundance,3,1,-0.73777671,-0.73777671,0.0,0.0,1,0.3333,,Glutamine,Glutamine
ST001865,Alanine Aspartate Glutamate Metabolism,0.6,none,surrogate,3,1,-0.73777671,-0.73777671,0.0,0.0,1,0.3333,,Glutamine,Glutamine
ST001865,Alanine Aspartate Glutamate Metabolism,0.6,none,gnc_commutator,3,1,-0.73777671,-0.73777671,0.0,0.0,1,0.3333,,Glutamine,Glutamine
ST001865,Alanine Aspartate Glutamate Metabolism,0.6,none,mb2d_transport,3,1,-0.73777671,-0.73777671,0.0,0.0,1,0.3333,,Glutamine,Glutamine
ST001865,Alanine Aspartate Glutamate Metabolism,0.6,none,random,3,1,-0.73777671,-0.73777671,0.0,0.0,1,0.3333,,Glutamine,Glutamine
ST001865,Alanine Aspartate Glutamate Metabolism,0.6,none,degree,3,1,-0.73777671,-0.73777671,0.0,0.0,1,0.3333,,Glutamine,Glutamine
ST001865,Alanine Aspartate Glutamate Metabolism,0.6,none,variance,3,1,-0.73777671,-0.73777671,0.0,0.0,1,0.3333,,Glutamine,Glutamine
ST001865,Alanine Aspartate Glutamate Metabolism,0.6,none,diffabundance,3,1,-0.73777671,-0.73777671,0.0,0.0,1,0.3333,,Glutamine,Glutamine
ST001865,Alanine Aspartate Glutamate Metabolism,0.6,none,surrogate,3,1,-0.75787702,-0.75787702,0.0,0.0,1,0.3333,,Alanine,Alanine
ST001865,Alanine Aspartate Glutamate Metabolism,0.6,none,gnc_commutator,3,1,-0.75787702,-0.75787702,0.0,0.0,1,0.3333,,Alanine,Alanine
ST001865,Alanine Aspartate Glutamate Metabolism,0.6,none,mb2d_transport,3,1,-0.75787702,-0.75787702,0.0,0.0,1,0.3333,,Alanine,Alanine
ST001865,Alanine Aspartate Glutamate Metabolism,0.6,none,random,3,1,-0.75787702,-0.75787702,0.0,0.0,1,0.3333,,Alanine,Alanine
ST001865,Alanine Aspartate Glutamate Metabolism,0.6,none,degree,3,1,-0.75787702,-0.75787702,0.0,0.0,1,0.3333,,Alanine,Alanine
ST001865,Alanine Aspartate Glutamate Metabolism,0.6,none,variance,3,1,-0.75787702,-0.75787702,0.0,0.0,1,0.3333,,Alanine,Alanine
ST001865,Alanine Aspartate Glutamate Metabolism,0.6,none,diffabundance,3,1,-0.75787702,-0.75787702,0.0,0.0,1,0.3333,,Alanine,Alanine
ST001865,Alanine Aspartate Glutamate Metabolism,0.6,none,surrogate,3,1,-0.67714489,-0.67714489,0.0,0.0,1,0.3333,,Pyroglutamic acid,Pyroglutamic acid
ST001865,Alanine Aspartate Glutamate Metabolism,0.6,none,gnc_commutator,3,1,-0.67714489,-0.67714489,0.0,0.0,1,0.3333,,Pyroglutamic acid,Pyroglutamic acid
ST001865,Alanine Aspartate Glutamate Metabolism,0.6,none,mb2d_transport,3,1,-0.67714489,-0.67714489,0.0,0.0,1,0.3333,,Pyroglutamic acid,Pyroglutamic acid
ST001865,Alanine Aspartate Glutamate Metabolism,0.6,none,random,3,1,-0.67714489,-0.67714489,0.0,0.0,1,0.3333,,Pyroglutamic acid,Pyroglutamic acid
ST001865,Alanine Aspartate Glutamate Metabolism,0.6,none,degree,3,1,-0.67714489,-0.67714489,0.0,0.0,1,0.3333,,Pyroglutamic acid,Pyroglutamic acid
ST001865,Alanine Aspartate Glutamate Metabolism,0.6,none,variance,3,1,-0.67714489,-0.67714489,0.0,0.0,1,0.3333,,Pyroglutamic acid,Pyroglutamic acid
ST001865,Alanine Aspartate Glutamate Metabolism,0.6,none,diffabundance,3,1,-0.67714489,-0.67714489,0.0,0.0,1,0.3333,,Pyroglutamic acid,Pyroglutamic acid
ST001865,Alanine Aspartate Glutamate Metabolism,0.6,none,surrogate,3,1,-0.75787702,-0.75787702,0.0,0.0,1,0.3333,,Alanine,Alanine
ST001865,Alanine Aspartate Glutamate Metabolism,0.6,none,gnc_commutator,3,1,-0.75787702,-0.75787702,0.0,0.0,1,0.3333,,Alanine,Alanine
ST001865,Alanine Aspartate Glutamate Metabolism,0.6,none,mb2d_transport,3,1,-0.75787702,-0.75787702,0.0,0.0,1,0.3333,,Alanine,Alanine
ST001865,Alanine Aspartate Glutamate Metabolism,0.6,none,random,3,1,-0.75787702,-0.75787702,0.0,0.0,1,0.3333,,Alanine,Alanine
ST001865,Alanine Aspartate Glutamate Metabolism,0.6,none,degree,3,1,-0.75787702,-0.75787702,0.0,0.0,1,0.3333,,Alanine,Alanine
ST001865,Alanine Aspartate Glutamate Metabolism,0.6,none,variance,3,1,-0.75787702,-0.75787702,0.0,0.0,1,0.3333,,Alanine,Alanine
ST001865,Alanine Aspartate Glutamate Metabolism,0.6,none,diffabundance,3,1,-0.75787702,-0.75787702,0.0,0.0,1,0.3333,,Alanine,Alanine
ST001865,Alanine Aspartate Glutamate Metabolism,0.6,none,surrogate,3,1,-0.67714489,-0.67714489,0.0,0.0,1,0.3333,,Pyroglutamic acid,Pyroglutamic acid
ST001865,Alanine Aspartate Glutamate Metabolism,0.6,none,gnc_commutator,3,1,-0.67714489,-0.67714489,0.0,0.0,1,0.3333,,Pyroglutamic acid,Pyroglutamic acid
ST001865,Alanine Aspartate Glutamate Metabolism,0.6,none,mb2d_transport,3,1,-0.67714489,-0.67714489,0.0,0.0,1,0.3333,,Pyroglutamic acid,Pyroglutamic acid
ST001865,Alanine Aspartate Glutamate Metabolism,0.6,none,random,3,1,-0.67714489,-0.67714489,0.0,0.0,1,0.3333,,Pyroglutamic acid,Pyroglutamic acid
ST001865,Alanine Aspartate Glutamate Metabolism,0.6,none,degree,3,1,-0.67714489,-0.67714489,0.0,0.0,1,0.3333,,Pyroglutamic acid,Pyroglutamic acid
ST001865,Alanine Aspartate Glutamate Metabolism,0.6,none,variance,3,1,-0.67714489,-0.67714489,0.0,0.0,1,0.3333,,Pyroglutamic acid,Pyroglutamic acid
ST001865,Alanine Aspartate Glutamate Metabolism,0.6,none,diffabundance,3,1,-0.67714489,-0.67714489,0.0,0.0,1,0.3333,,Pyroglutamic acid,Pyroglutamic acid
ST001865,Alanine Aspartate Glutamate Metabolism,0.6,none,surrogate,3,1,-0.75787702,-0.75787702,0.0,0.0,1,0.3333,,Alanine,Alanine
ST001865,Alanine Aspartate Glutamate Metabolism,0.6,none,gnc_commutator,3,1,-0.75787702,-0.75787702,0.0,0.0,1,0.3333,,Alanine,Alanine
ST001865,Alanine Aspartate Glutamate Metabolism,0.6,none,mb2d_transport,3,1,-0.75787702,-0.75787702,0.0,0.0,1,0.3333,,Alanine,Alanine
ST001865,Alanine Aspartate Glutamate Metabolism,0.6,none,random,3,1,-0.75787702,-0.75787702,0.0,0.0,1,0.3333,,Alanine,Alanine
ST001865,Alanine Aspartate Glutamate Metabolism,0.6,none,degree,3,1,-0.75787702,-0.75787702,0.0,0.0,1,0.3333,,Alanine,Alanine
ST001865,Alanine Aspartate Glutamate Metabolism,0.6,none,variance,3,1,-0.75787702,-0.75787702,0.0,0.0,1,0.3333,,Alanine,Alanine
ST001865,Alanine Aspartate Glutamate Metabolism,0.6,none,diffabundance,3,1,-0.75787702,-0.75787702,0.0,0.0,1,0.3333,,Alanine,Alanine
ST001865,Alanine Aspartate Glutamate Metabolism,0.6,none,surrogate,3,1,-0.75787702,-0.75787702,0.0,0.0,1,0.3333,,Alanine,Alanine
ST001865,Alanine Aspartate Glutamate Metabolism,0.6,none,gnc_commutator,3,1,-0.75787702,-0.75787702,0.0,0.0,1,0.3333,,Alanine,Alanine
ST001865,Alanine Aspartate Glutamate Metabolism,0.6,none,mb2d_transport,3,1,-0.75787702,-0.75787702,0.0,0.0,1,0.3333,,Alanine,Alanine
ST001865,Alanine Aspartate Glutamate Metabolism,0.6,none,random,3,1,-0.75787702,-0.75787702,0.0,0.0,1,0.3333,,Alanine,Alanine
ST001865,Alanine Aspartate Glutamate Metabolism,0.6,none,degree,3,1,-0.75787702,-0.75787702,0.0,0.0,1,0.3333,,Alanine,Alanine
ST001865,Alanine Aspartate Glutamate Metabolism,0.6,none,variance,3,1,-0.75787702,-0.75787702,0.0,0.0,1,0.3333,,Alanine,Alanine
ST001865,Alanine Aspartate Glutamate Metabolism,0.6,none,diffabundance,3,1,-0.75787702,-0.75787702,0.0,0.0,1,0.3333,,Alanine,Alanine
ST001865,Alanine Aspartate Glutamate Metabolism,0.6,none,surrogate,3,1,-0.75787702,-0.75787702,0.0,0.0,1,0.3333,,Alanine,Alanine
ST001865,Alanine Aspartate Glutamate Metabolism,0.6,none,gnc_commutator,3,1,-0.75787702,-0.75787702,0.0,0.0,1,0.3333,,Alanine,Alanine
ST001865,Alanine Aspartate Glutamate Metabolism,0.6,none,mb2d_transport,3,1,-0.75787702,-0.75787702,0.0,0.0,1,0.3333,,Alanine,Alanine
ST001865,Alanine Aspartate Glutamate Metabolism,0.6,none,random,3,1,-0.75787702,-0.75787702,0.0,0.0,1,0.3333,,Alanine,Alanine
ST001865,Alanine Aspartate Glutamate Metabolism,0.6,none,degree,3,1,-0.75787702,-0.75787702,0.0,0.0,1,0.3333,,Alanine,Alanine
ST001865,Alanine Aspartate Glutamate Metabolism,0.6,none,variance,3,1,-0.75787702,-0.75787702,0.0,0.0,1,0.3333,,Alanine,Alanine
ST001865,Alanine Aspartate Glutamate Metabolism,0.6,none,diffabundance,3,1,-0.75787702,-0.75787702,0.0,0.0,1,0.3333,,Alanine,Alanine
ST001865,Alanine Aspartate Glutamate Metabolism,0.6,none,surrogate,3,1,-0.67714489,-0.67714489,0.0,0.0,1,0.3333,,Pyroglutamic acid,Pyroglutamic acid
ST001865,Alanine Aspartate Glutamate Metabolism,0.6,none,gnc_commutator,3,1,-0.67714489,-0.67714489,0.0,0.0,1,0.3333,,Pyroglutamic acid,Pyroglutamic acid
ST001865,Alanine Aspartate Glutamate Metabolism,0.6,none,mb2d_transport,3,1,-0.67714489,-0.67714489,0.0,0.0,1,0.3333,,Pyroglutamic acid,Pyroglutamic acid
ST001865,Alanine Aspartate Glutamate Metabolism,0.6,none,random,3,1,-0.67714489,-0.67714489,0.0,0.0,1,0.3333,,Pyroglutamic acid,Pyroglutamic acid
ST001865,Alanine Aspartate Glutamate Metabolism,0.6,none,degree,3,1,-0.67714489,-0.67714489,0.0,0.0,1,0.3333,,Pyroglutamic acid,Pyroglutamic acid
ST001865,Alanine Aspartate Glutamate Metabolism,0.6,none,variance,3,1,-0.67714489,-0.67714489,0.0,0.0,1,0.3333,,Pyroglutamic acid,Pyroglutamic acid
ST001865,Alanine Aspartate Glutamate Metabolism,0.6,none,diffabundance,3,1,-0.67714489,-0.67714489,0.0,0.0,1,0.3333,,Pyroglutamic acid,Pyroglutamic acid
ST001865,Alanine Aspartate Glutamate Metabolism,0.6,none,surrogate,3,1,-0.73777671,-0.73777671,0.0,0.0,1,0.3333,,Glutamine,Glutamine
ST001865,Alanine Aspartate Glutamate Metabolism,0.6,none,gnc_commutator,3,1,-0.73777671,-0.73777671,0.0,0.0,1,0.3333,,Glutamine,Glutamine
ST001865,Alanine Aspartate Glutamate Metabolism,0.6,none,mb2d_transport,3,1,-0.73777671,-0.73777671,0.0,0.0,1,0.3333,,Glutamine,Glutamine
ST001865,Alanine Aspartate Glutamate Metabolism,0.6,none,random,3,1,-0.73777671,-0.73777671,0.0,0.0,1,0.3333,,Glutamine,Glutamine
ST001865,Alanine Aspartate Glutamate Metabolism,0.6,none,degree,3,1,-0.73777671,-0.73777671,0.0,0.0,1,0.3333,,Glutamine,Glutamine
ST001865,Alanine Aspartate Glutamate Metabolism,0.6,none,variance,3,1,-0.73777671,-0.73777671,0.0,0.0,1,0.3333,,Glutamine,Glutamine
ST001865,Alanine Aspartate Glutamate Metabolism,0.6,none,diffabundance,3,1,-0.73777671,-0.73777671,0.0,0.0,1,0.3333,,Glutamine,Glutamine
ST001865,Alanine Aspartate Glutamate Metabolism,0.6,none,surrogate,3,1,-0.67714489,-0.67714489,0.0,0.0,1,0.3333,,Pyroglutamic acid,Pyroglutamic acid
ST001865,Alanine Aspartate Glutamate Metabolism,0.6,none,gnc_commutator,3,1,-0.67714489,-0.67714489,0.0,0.0,1,0.3333,,Pyroglutamic acid,Pyroglutamic acid
ST001865,Alanine Aspartate Glutamate Metabolism,0.6,none,mb2d_transport,3,1,-0.67714489,-0.67714489,0.0,0.0,1,0.3333,,Pyroglutamic acid,Pyroglutamic acid
ST001865,Alanine Aspartate Glutamate Metabolism,0.6,none,random,3,1,-0.67714489,-0.67714489,0.0,0.0,1,0.3333,,Pyroglutamic acid,Pyroglutamic acid
ST001865,Alanine Aspartate Glutamate Metabolism,0.6,none,degree,3,1,-0.67714489,-0.67714489,0.0,0.0,1,0.3333,,Pyroglutamic acid,Pyroglutamic acid
ST001865,Alanine Aspartate Glutamate Metabolism,0.6,none,variance,3,1,-0.67714489,-0.67714489,0.0,0.0,1,0.3333,,Pyroglutamic acid,Pyroglutamic acid
ST001865,Alanine Aspartate Glutamate Metabolism,0.6,none,diffabundance,3,1,-0.67714489,-0.67714489,0.0,0.0,1,0.3333,,Pyroglutamic acid,Pyroglutamic acid
ST001865,Alanine Aspartate Glutamate Metabolism,0.6,none,surrogate,3,1,-0.67714489,-0.67714489,0.0,0.0,1,0.3333,,Pyroglutamic acid,Pyroglutamic acid
ST001865,Alanine Aspartate Glutamate Metabolism,0.6,none,gnc_commutator,3,1,-0.67714489,-0.67714489,0.0,0.0,1,0.3333,,Pyroglutamic acid,Pyroglutamic acid
ST001865,Alanine Aspartate Glutamate Metabolism,0.6,none,mb2d_transport,3,1,-0.67714489,-0.67714489,0.0,0.0,1,0.3333,,Pyroglutamic acid,Pyroglutamic acid
ST001865,Alanine Aspartate Glutamate Metabolism,0.6,none,random,3,1,-0.67714489,-0.67714489,0.0,0.0,1,0.3333,,Pyroglutamic acid,Pyroglutamic acid
ST001865,Alanine Aspartate Glutamate Metabolism,0.6,none,degree,3,1,-0.67714489,-0.67714489,0.0,0.0,1,0.3333,,Pyroglutamic acid,Pyroglutamic acid
ST001865,Alanine Aspartate Glutamate Metabolism,0.6,none,variance,3,1,-0.67714489,-0.67714489,0.0,0.0,1,0.3333,,Pyroglutamic acid,Pyroglutamic acid
ST001865,Alanine Aspartate Glutamate Metabolism,0.6,none,diffabundance,3,1,-0.67714489,-0.67714489,0.0,0.0,1,0.3333,,Pyroglutamic acid,Pyroglutamic acid
ST001865,Alanine Aspartate Glutamate Metabolism,0.6,none,surrogate,3,1,-0.67714489,-0.67714489,0.0,0.0,1,0.3333,,Pyroglutamic acid,Pyroglutamic acid
ST001865,Alanine Aspartate Glutamate Metabolism,0.6,none,gnc_commutator,3,1,-0.67714489,-0.67714489,0.0,0.0,1,0.3333,,Pyroglutamic acid,Pyroglutamic acid
ST001865,Alanine Aspartate Glutamate Metabolism,0.6,none,mb2d_transport,3,1,-0.67714489,-0.67714489,0.0,0.0,1,0.3333,,Pyroglutamic acid,Pyroglutamic acid
ST001865,Alanine Aspartate Glutamate Metabolism,0.6,none,random,3,1,-0.67714489,-0.67714489,0.0,0.0,1,0.3333,,Pyroglutamic acid,Pyroglutamic acid
ST001865,Alanine Aspartate Glutamate Metabolism,0.6,none,degree,3,1,-0.67714489,-0.67714489,0.0,0.0,1,0.3333,,Pyroglutamic acid,Pyroglutamic acid
ST001865,Alanine Aspartate Glutamate Metabolism,0.6,none,variance,3,1,-0.67714489,-0.67714489,0.0,0.0,1,0.3333,,Pyroglutamic acid,Pyroglutamic acid
ST001865,Alanine Aspartate Glutamate Metabolism,0.6,none,diffabundance,3,1,-0.67714489,-0.67714489,0.0,0.0,1,0.3333,,Pyroglutamic acid,Pyroglutamic acid
ST001865,Alanine Aspartate Glutamate Metabolism,0.6,none,surrogate,3,1,-0.73777671,-0.73777671,0.0,0.0,1,0.3333,,Glutamine,Glutamine
ST001865,Alanine Aspartate Glutamate Metabolism,0.6,none,gnc_commutator,3,1,-0.73777671,-0.73777671,0.0,0.0,1,0.3333,,Glutamine,Glutamine
ST001865,Alanine Aspartate Glutamate Metabolism,0.6,none,mb2d_transport,3,1,-0.73777671,-0.73777671,0.0,0.0,1,0.3333,,Glutamine,Glutamine
ST001865,Alanine Aspartate Glutamate Metabolism,0.6,none,random,3,1,-0.73777671,-0.73777671,0.0,0.0,1,0.3333,,Glutamine,Glutamine
ST001865,Alanine Aspartate Glutamate Metabolism,0.6,none,degree,3,1,-0.73777671,-0.73777671,0.0,0.0,1,0.3333,,Glutamine,Glutamine
ST001865,Alanine Aspartate Glutamate Metabolism,0.6,none,variance,3,1,-0.73777671,-0.73777671,0.0,0.0,1,0.3333,,Glutamine,Glutamine
ST001865,Alanine Aspartate Glutamate Metabolism,0.6,none,diffabundance,3,1,-0.73777671,-0.73777671,0.0,0.0,1,0.3333,,Glutamine,Glutamine
ST001865,Alanine Aspartate Glutamate Metabolism,0.6,none,surrogate,3,1,-0.75787702,-0.75787702,0.0,0.0,1,0.3333,,Alanine,Alanine
ST001865,Alanine Aspartate Glutamate Metabolism,0.6,none,gnc_commutator,3,1,-0.75787702,-0.75787702,0.0,0.0,1,0.3333,,Alanine,Alanine
ST001865,Alanine Aspartate Glutamate Metabolism,0.6,none,mb2d_transport,3,1,-0.75787702,-0.75787702,0.0,0.0,1,0.3333,,Alanine,Alanine
ST001865,Alanine Aspartate Glutamate Metabolism,0.6,none,random,3,1,-0.75787702,-0.75787702,0.0,0.0,1,0.3333,,Alanine,Alanine
ST001865,Alanine Aspartate Glutamate Metabolism,0.6,none,degree,3,1,-0.75787702,-0.75787702,0.0,0.0,1,0.3333,,Alanine,Alanine
ST001865,Alanine Aspartate Glutamate Metabolism,0.6,none,variance,3,1,-0.75787702,-0.75787702,0.0,0.0,1,0.3333,,Alanine,Alanine
ST001865,Alanine Aspartate Glutamate Metabolism,0.6,none,diffabundance,3,1,-0.75787702,-0.75787702,0.0,0.0,1,0.3333,,Alanine,Alanine
ST001865,Alanine Aspartate Glutamate Metabolism,0.6,none,surrogate,3,1,-0.67714489,-0.67714489,0.0,0.0,1,0.3333,,Pyroglutamic acid,Pyroglutamic acid
ST001865,Alanine Aspartate Glutamate Metabolism,0.6,none,gnc_commutator,3,1,-0.67714489,-0.67714489,0.0,0.0,1,0.3333,,Pyroglutamic acid,Pyroglutamic acid
ST001865,Alanine Aspartate Glutamate Metabolism,0.6,none,mb2d_transport,3,1,-0.67714489,-0.67714489,0.0,0.0,1,0.3333,,Pyroglutamic acid,Pyroglutamic acid
ST001865,Alanine Aspartate Glutamate Metabolism,0.6,none,random,3,1,-0.67714489,-0.67714489,0.0,0.0,1,0.3333,,Pyroglutamic acid,Pyroglutamic acid
ST001865,Alanine Aspartate Glutamate Metabolism,0.6,none,degree,3,1,-0.67714489,-0.67714489,0.0,0.0,1,0.3333,,Pyroglutamic acid,Pyroglutamic acid
ST001865,Alanine Aspartate Glutamate Metabolism,0.6,none,variance,3,1,-0.67714489,-0.67714489,0.0,0.0,1,0.3333,,Pyroglutamic acid,Pyroglutamic acid
ST001865,Alanine Aspartate Glutamate Metabolism,0.6,none,diffabundance,3,1,-0.67714489,-0.67714489,0.0,0.0,1,0.3333,,Pyroglutamic acid,Pyroglutamic acid
ST001865,Arginine and Proline Metabolism,0.4,none,surrogate,5,2,-0.58659627,-0.58659627,0.0,0.0,1,0.6667,1.0,Proline,Proline
ST001865,Arginine and Proline Metabolism,0.4,none,gnc_commutator,5,2,-0.58659627,-0.58659627,0.0,0.0,1,0.6667,1.0,Proline,Proline
ST001865,Arginine and Proline Metabolism,0.4,none,mb2d_transport,5,2,-0.58659627,-0.64695079,0.06035452,0.10288937,0,0.6667,-1.0,Proline,Creatinine
ST001865,Arginine and Proline Metabolism,0.4,none,random,5,2,-0.58659627,-0.64695079,0.06035452,0.10288937,0,0.6667,-1.0,Proline,Creatinine
ST001865,Arginine and Proline Metabolism,0.4,none,degree,5,2,-0.58659627,-0.64695079,0.06035452,0.10288937,0,0.6667,,Proline,Creatinine
ST001865,Arginine and Proline Metabolism,0.4,none,variance,5,2,-0.58659627,-0.58659627,0.0,0.0,1,0.6667,1.0,Proline,Proline
ST001865,Arginine and Proline Metabolism,0.4,none,diffabundance,5,2,-0.58659627,-0.58659627,0.0,0.0,1,0.6667,1.0,Proline,Proline
ST001865,Arginine and Proline Metabolism,0.4,none,surrogate,5,2,-0.40957227,-0.40957227,0.0,0.0,1,0.6667,1.0,Creatine,Creatine
ST001865,Arginine and Proline Metabolism,0.4,none,gnc_commutator,5,2,-0.40957227,-0.41268406,0.00311179,0.00759766,0,0.6667,-1.0,Creatine,Arginine
ST001865,Arginine and Proline Metabolism,0.4,none,mb2d_transport,5,2,-0.40957227,-0.41268406,0.00311179,0.00759766,0,0.6667,-1.0,Creatine,Arginine
ST001865,Arginine and Proline Metabolism,0.4,none,random,5,2,-0.40957227,-0.40957227,0.0,0.0,1,0.6667,1.0,Creatine,Creatine
ST001865,Arginine and Proline Metabolism,0.4,none,degree,5,2,-0.40957227,-0.41268406,0.00311179,0.00759766,0,0.6667,,Creatine,Arginine
ST001865,Arginine and Proline Metabolism,0.4,none,variance,5,2,-0.40957227,-0.40957227,0.0,0.0,1,0.6667,1.0,Creatine,Creatine
ST001865,Arginine and Proline Metabolism,0.4,none,diffabundance,5,2,-0.40957227,-0.40957227,0.0,0.0,1,0.6667,1.0,Creatine,Creatine
ST001865,Arginine and Proline Metabolism,0.4,none,surrogate,5,2,-0.25788114,-0.25788114,0.0,0.0,1,0.6667,1.0,Citrulline,Citrulline
ST001865,Arginine and Proline Metabolism,0.4,none,gnc_commutator,5,2,-0.25788114,-0.25788114,0.0,0.0,1,0.6667,1.0,Citrulline,Citrulline
ST001865,Arginine and Proline Metabolism,0.4,none,mb2d_transport,5,2,-0.25788114,-0.25788114,0.0,0.0,1,0.6667,,Citrulline,Citrulline
ST001865,Arginine and Proline Metabolism,0.4,none,random,5,2,-0.25788114,-0.57642333,0.31854219,1.23522871,0,0.6667,-1.0,Citrulline,Creatinine
ST001865,Arginine and Proline Metabolism,0.4,none,degree,5,2,-0.25788114,-0.25788114,0.0,0.0,1,0.6667,,Citrulline,Citrulline
ST001865,Arginine and Proline Metabolism,0.4,none,variance,5,2,-0.25788114,-0.25788114,0.0,0.0,1,0.6667,1.0,Citrulline,Citrulline
ST001865,Arginine and Proline Metabolism,0.4,none,diffabundance,5,2,-0.25788114,-0.25788114,0.0,0.0,1,0.6667,1.0,Citrulline,Citrulline
ST001865,Arginine and Proline Metabolism,0.4,none,surrogate,5,2,-0.31913961,-0.57732727,0.25818767,0.80901168,0,0.6667,-1.0,Citrulline,Proline
ST001865,Arginine and Proline Metabolism,0.4,none,gnc_commutator,5,2,-0.31913961,-0.31913961,0.0,0.0,1,0.6667,1.0,Citrulline,Citrulline
ST001865,Arginine and Proline Metabolism,0.4,none,mb2d_transport,5,2,-0.31913961,-0.31913961,0.0,0.0,1,0.6667,,Citrulline,Citrulline
ST001865,Arginine and Proline Metabolism,0.4,none,random,5,2,-0.31913961,-0.57732727,0.25818767,0.80901168,0,0.6667,-1.0,Citrulline,Proline
ST001865,Arginine and Proline Metabolism,0.4,none,degree,5,2,-0.31913961,-0.31913961,0.0,0.0,1,0.6667,,Citrulline,Citrulline
ST001865,Arginine and Proline Metabolism,0.4,none,variance,5,2,-0.31913961,-0.57732727,0.25818767,0.80901168,0,0.6667,-1.0,Citrulline,Proline
ST001865,Arginine and Proline Metabolism,0.4,none,diffabundance,5,2,-0.31913961,-0.57732727,0.25818767,0.80901168,0,0.6667,-1.0,Citrulline,Proline
ST001865,Arginine and Proline Metabolism,0.4,none,surrogate,5,2,-0.49482567,-0.49482567,0.0,0.0,1,0.6667,1.0,Arginine,Arginine
ST001865,Arginine and Proline Metabolism,0.4,none,gnc_commutator,5,2,-0.49482567,-0.49482567,0.0,0.0,1,0.6667,1.0,Arginine,Arginine
ST001865,Arginine and Proline Metabolism,0.4,none,mb2d_transport,5,2,-0.49482567,-0.49482567,0.0,0.0,1,0.6667,,Arginine,Arginine
ST001865,Arginine and Proline Metabolism,0.4,none,random,5,2,-0.49482567,-0.49482567,0.0,0.0,1,0.6667,1.0,Arginine,Arginine
ST001865,Arginine and Proline Metabolism,0.4,none,degree,5,2,-0.49482567,-0.49482567,0.0,0.0,1,0.6667,,Arginine,Arginine
ST001865,Arginine and Proline Metabolism,0.4,none,variance,5,2,-0.49482567,-0.49482567,0.0,0.0,1,0.6667,1.0,Arginine,Arginine
ST001865,Arginine and Proline Metabolism,0.4,none,diffabundance,5,2,-0.49482567,-0.49482567,0.0,0.0,1,0.6667,1.0,Arginine,Arginine
ST001865,Arginine and Proline Metabolism,0.4,none,surrogate,5,2,-0.41950064,-0.41950064,0.0,0.0,1,0.6667,,Creatine,Creatine
ST001865,Arginine and Proline Metabolism,0.4,none,gnc_commutator,5,2,-0.41950064,-0.41950064,0.0,0.0,1,0.6667,,Creatine,Creatine
ST001865,Arginine and Proline Metabolism,0.4,none,mb2d_transport,5,2,-0.41950064,-0.41950064,0.0,0.0,1,0.6667,,Creatine,Creatine
ST001865,Arginine and Proline Metabolism,0.4,none,random,5,2,-0.41950064,-0.41950064,0.0,0.0,1,0.6667,1.0,Creatine,Creatine
ST001865,Arginine and Proline Metabolism,0.4,none,degree,5,2,-0.41950064,-0.41950064,0.0,0.0,1,0.6667,,Creatine,Creatine
ST001865,Arginine and Proline Metabolism,0.4,none,variance,5,2,-0.41950064,-0.4877639,0.06826326,0.16272504,0,0.6667,-1.0,Creatine,Proline
ST001865,Arginine and Proline Metabolism,0.4,none,diffabundance,5,2,-0.41950064,-0.41950064,0.0,0.0,1,0.6667,1.0,Creatine,Creatine
ST001865,Arginine and Proline Metabolism,0.4,none,surrogate,5,2,-0.41950064,-0.41950064,0.0,0.0,1,0.6667,,Creatine,Creatine
ST001865,Arginine and Proline Metabolism,0.4,none,gnc_commutator,5,2,-0.41950064,-0.41950064,0.0,0.0,1,0.6667,,Creatine,Creatine
ST001865,Arginine and Proline Metabolism,0.4,none,mb2d_transport,5,2,-0.41950064,-0.41950064,0.0,0.0,1,0.6667,,Creatine,Creatine
ST001865,Arginine and Proline Metabolism,0.4,none,random,5,2,-0.41950064,-0.41950064,0.0,0.0,1,0.6667,1.0,Creatine,Creatine
ST001865,Arginine and Proline Metabolism,0.4,none,degree,5,2,-0.41950064,-0.41950064,0.0,0.0,1,0.6667,,Creatine,Creatine
ST001865,Arginine and Proline Metabolism,0.4,none,variance,5,2,-0.41950064,-0.4877639,0.06826326,0.16272504,0,0.6667,-1.0,Creatine,Proline
ST001865,Arginine and Proline Metabolism,0.4,none,diffabundance,5,2,-0.41950064,-0.41950064,0.0,0.0,1,0.6667,1.0,Creatine,Creatine
ST001865,Arginine and Proline Metabolism,0.4,none,surrogate,5,2,-0.49482567,-0.49482567,0.0,0.0,1,0.6667,1.0,Arginine,Arginine
ST001865,Arginine and Proline Metabolism,0.4,none,gnc_commutator,5,2,-0.49482567,-0.49482567,0.0,0.0,1,0.6667,1.0,Arginine,Arginine
ST001865,Arginine and Proline Metabolism,0.4,none,mb2d_transport,5,2,-0.49482567,-0.49482567,0.0,0.0,1,0.6667,,Arginine,Arginine
ST001865,Arginine and Proline Metabolism,0.4,none,random,5,2,-0.49482567,-0.62033166,0.12550599,0.25363679,0,0.6667,-1.0,Arginine,Creatinine
ST001865,Arginine and Proline Metabolism,0.4,none,degree,5,2,-0.49482567,-0.49482567,0.0,0.0,1,0.6667,,Arginine,Arginine
ST001865,Arginine and Proline Metabolism,0.4,none,variance,5,2,-0.49482567,-0.49482567,0.0,0.0,1,0.6667,1.0,Arginine,Arginine
ST001865,Arginine and Proline Metabolism,0.4,none,diffabundance,5,2,-0.49482567,-0.49482567,0.0,0.0,1,0.6667,1.0,Arginine,Arginine
ST001865,Arginine and Proline Metabolism,0.4,none,surrogate,5,2,-0.49028705,-0.55543852,0.06515147,0.13288434,0,0.6667,-1.0,Arginine,Proline
ST001865,Arginine and Proline Metabolism,0.4,none,gnc_commutator,5,2,-0.49028705,-0.49028705,0.0,0.0,1,0.6667,1.0,Arginine,Arginine
ST001865,Arginine and Proline Metabolism,0.4,none,mb2d_transport,5,2,-0.49028705,-0.49028705,0.0,0.0,1,0.6667,1.0,Arginine,Arginine
ST001865,Arginine and Proline Metabolism,0.4,none,random,5,2,-0.49028705,-0.49028705,0.0,0.0,1,0.6667,1.0,Arginine,Arginine
ST001865,Arginine and Proline Metabolism,0.4,none,degree,5,2,-0.49028705,-0.49028705,0.0,0.0,1,0.6667,,Arginine,Arginine
ST001865,Arginine and Proline Metabolism,0.4,none,variance,5,2,-0.49028705,-0.55543852,0.06515147,0.13288434,0,0.6667,-1.0,Arginine,Proline
ST001865,Arginine and Proline Metabolism,0.4,none,diffabundance,5,2,-0.49028705,-0.55543852,0.06515147,0.13288434,0,0.6667,-1.0,Arginine,Proline
ST001865,Arginine and Proline Metabolism,0.4,none,surrogate,5,2,-0.58659627,-0.58659627,0.0,0.0,1,0.6667,1.0,Proline,Proline
ST001865,Arginine and Proline Metabolism,0.4,none,gnc_commutator,5,2,-0.58659627,-0.58659627,0.0,0.0,1,0.6667,1.0,Proline,Proline
ST001865,Arginine and Proline Metabolism,0.4,none,mb2d_transport,5,2,-0.58659627,-0.64695079,0.06035452,0.10288937,0,0.6667,-1.0,Proline,Creatinine
ST001865,Arginine and Proline Metabolism,0.4,none,random,5,2,-0.58659627,-0.64695079,0.06035452,0.10288937,0,0.6667,-1.0,Proline,Creatinine
ST001865,Arginine and Proline Metabolism,0.4,none,degree,5,2,-0.58659627,-0.64695079,0.06035452,0.10288937,0,0.6667,,Proline,Creatinine
ST001865,Arginine and Proline Metabolism,0.4,none,variance,5,2,-0.58659627,-0.58659627,0.0,0.0,1,0.6667,1.0,Proline,Proline
ST001865,Arginine and Proline Metabolism,0.4,none,diffabundance,5,2,-0.58659627,-0.58659627,0.0,0.0,1,0.6667,1.0,Proline,Proline
ST001865,Arginine and Proline Metabolism,0.4,none,surrogate,5,2,-0.49028705,-0.55543852,0.06515147,0.13288434,0,0.6667,-1.0,Arginine,Proline
ST001865,Arginine and Proline Metabolism,0.4,none,gnc_commutator,5,2,-0.49028705,-0.49028705,0.0,0.0,1,0.6667,1.0,Arginine,Arginine
ST001865,Arginine and Proline Metabolism,0.4,none,mb2d_transport,5,2,-0.49028705,-0.49028705,0.0,0.0,1,0.6667,1.0,Arginine,Arginine
ST001865,Arginine and Proline Metabolism,0.4,none,random,5,2,-0.49028705,-0.55543852,0.06515147,0.13288434,0,0.6667,-1.0,Arginine,Proline
ST001865,Arginine and Proline Metabolism,0.4,none,degree,5,2,-0.49028705,-0.49028705,0.0,0.0,1,0.6667,,Arginine,Arginine
ST001865,Arginine and Proline Metabolism,0.4,none,variance,5,2,-0.49028705,-0.55543852,0.06515147,0.13288434,0,0.6667,-1.0,Arginine,Proline
ST001865,Arginine and Proline Metabolism,0.4,none,diffabundance,5,2,-0.49028705,-0.55543852,0.06515147,0.13288434,0,0.6667,-1.0,Arginine,Proline
ST001865,Arginine and Proline Metabolism,0.4,none,surrogate,5,2,-0.49028705,-0.55543852,0.06515147,0.13288434,0,0.6667,-1.0,Arginine,Proline
ST001865,Arginine and Proline Metabolism,0.4,none,gnc_commutator,5,2,-0.49028705,-0.49028705,0.0,0.0,1,0.6667,1.0,Arginine,Arginine
ST001865,Arginine and Proline Metabolism,0.4,none,mb2d_transport,5,2,-0.49028705,-0.49028705,0.0,0.0,1,0.6667,1.0,Arginine,Arginine
ST001865,Arginine and Proline Metabolism,0.4,none,random,5,2,-0.49028705,-0.49028705,0.0,0.0,1,0.6667,1.0,Arginine,Arginine
ST001865,Arginine and Proline Metabolism,0.4,none,degree,5,2,-0.49028705,-0.49028705,0.0,0.0,1,0.6667,,Arginine,Arginine
ST001865,Arginine and Proline Metabolism,0.4,none,variance,5,2,-0.49028705,-0.55543852,0.06515147,0.13288434,0,0.6667,-1.0,Arginine,Proline
ST001865,Arginine and Proline Metabolism,0.4,none,diffabundance,5,2,-0.49028705,-0.55543852,0.06515147,0.13288434,0,0.6667,-1.0,Arginine,Proline
ST001865,Arginine and Proline Metabolism,0.4,none,surrogate,5,2,-0.58659627,-0.58659627,0.0,0.0,1,0.6667,1.0,Proline,Proline
ST001865,Arginine and Proline Metabolism,0.4,none,gnc_commutator,5,2,-0.58659627,-0.58659627,0.0,0.0,1,0.6667,1.0,Proline,Proline
ST001865,Arginine and Proline Metabolism,0.4,none,mb2d_transport,5,2,-0.58659627,-0.64695079,0.06035452,0.10288937,0,0.6667,-1.0,Proline,Creatinine
ST001865,Arginine and Proline Metabolism,0.4,none,random,5,2,-0.58659627,-0.64695079,0.06035452,0.10288937,0,0.6667,-1.0,Proline,Creatinine
ST001865,Arginine and Proline Metabolism,0.4,none,degree,5,2,-0.58659627,-0.64695079,0.06035452,0.10288937,0,0.6667,,Proline,Creatinine
ST001865,Arginine and Proline Metabolism,0.4,none,variance,5,2,-0.58659627,-0.58659627,0.0,0.0,1,0.6667,1.0,Proline,Proline
ST001865,Arginine and Proline Metabolism,0.4,none,diffabundance,5,2,-0.58659627,-0.58659627,0.0,0.0,1,0.6667,1.0,Proline,Proline
ST001865,Arginine and Proline Metabolism,0.4,none,surrogate,5,2,-0.35614135,-0.54917755,0.1930362,0.5420213,0,0.6667,-1.0,Citrulline,Arginine
ST001865,Arginine and Proline Metabolism,0.4,none,gnc_commutator,5,2,-0.35614135,-0.35614135,0.0,0.0,1,0.6667,1.0,Citrulline,Citrulline
ST001865,Arginine and Proline Metabolism,0.4,none,mb2d_transport,5,2,-0.35614135,-0.54917755,0.1930362,0.5420213,0,0.6667,,Citrulline,Arginine
ST001865,Arginine and Proline Metabolism,0.4,none,random,5,2,-0.35614135,-0.35614135,0.0,0.0,1,0.6667,1.0,Citrulline,Citrulline
ST001865,Arginine and Proline Metabolism,0.4,none,degree,5,2,-0.35614135,-0.54917755,0.1930362,0.5420213,0,0.6667,,Citrulline,Arginine
ST001865,Arginine and Proline Metabolism,0.4,none,variance,5,2,-0.35614135,-0.54917755,0.1930362,0.5420213,0,0.6667,-1.0,Citrulline,Arginine
ST001865,Arginine and Proline Metabolism,0.4,none,diffabundance,5,2,-0.35614135,-0.54917755,0.1930362,0.5420213,0,0.6667,-1.0,Citrulline,Arginine
ST001865,Arginine and Proline Metabolism,0.4,none,surrogate,5,2,-0.45914001,-0.45914001,0.0,0.0,1,0.6667,1.0,Creatine,Creatine
ST001865,Arginine and Proline Metabolism,0.4,none,gnc_commutator,5,2,-0.45914001,-0.45914001,0.0,0.0,1,0.6667,1.0,Creatine,Creatine
ST001865,Arginine and Proline Metabolism,0.4,none,mb2d_transport,5,2,-0.45914001,-0.5877578,0.12861778,0.28012758,0,0.6667,-1.0,Creatine,Creatinine
ST001865,Arginine and Proline Metabolism,0.4,none,random,5,2,-0.45914001,-0.45914001,0.0,0.0,1,0.6667,1.0,Creatine,Creatine
ST001865,Arginine and Proline Metabolism,0.4,none,degree,5,2,-0.45914001,-0.45914001,0.0,0.0,1,0.6667,,Creatine,Creatine
ST001865,Arginine and Proline Metabolism,0.4,none,variance,5,2,-0.45914001,-0.45914001,0.0,0.0,1,0.6667,1.0,Creatine,Creatine
ST001865,Arginine and Proline Metabolism,0.4,none,diffabundance,5,2,-0.45914001,-0.45914001,0.0,0.0,1,0.6667,1.0,Creatine,Creatine
ST001865,Arginine and Proline Metabolism,0.4,none,surrogate,5,2,-0.35614135,-0.54917755,0.1930362,0.5420213,0,0.6667,-1.0,Citrulline,Arginine
ST001865,Arginine and Proline Metabolism,0.4,none,gnc_commutator,5,2,-0.35614135,-0.35614135,0.0,0.0,1,0.6667,1.0,Citrulline,Citrulline
ST001865,Arginine and Proline Metabolism,0.4,none,mb2d_transport,5,2,-0.35614135,-0.54917755,0.1930362,0.5420213,0,0.6667,,Citrulline,Arginine
ST001865,Arginine and Proline Metabolism,0.4,none,random,5,2,-0.35614135,-0.35614135,0.0,0.0,1,0.6667,1.0,Citrulline,Citrulline
ST001865,Arginine and Proline Metabolism,0.4,none,degree,5,2,-0.35614135,-0.54917755,0.1930362,0.5420213,0,0.6667,,Citrulline,Arginine
ST001865,Arginine and Proline Metabolism,0.4,none,variance,5,2,-0.35614135,-0.54917755,0.1930362,0.5420213,0,0.6667,-1.0,Citrulline,Arginine
ST001865,Arginine and Proline Metabolism,0.4,none,diffabundance,5,2,-0.35614135,-0.54917755,0.1930362,0.5420213,0,0.6667,-1.0,Citrulline,Arginine
ST001865,Arginine and Proline Metabolism,0.4,none,surrogate,5,2,-0.58659627,-0.58659627,0.0,0.0,1,0.6667,1.0,Proline,Proline
ST001865,Arginine and Proline Metabolism,0.4,none,gnc_commutator,5,2,-0.58659627,-0.58659627,0.0,0.0,1,0.6667,1.0,Proline,Proline
ST001865,Arginine and Proline Metabolism,0.4,none,mb2d_transport,5,2,-0.58659627,-0.64695079,0.06035452,0.10288937,0,0.6667,-1.0,Proline,Creatinine
ST001865,Arginine and Proline Metabolism,0.4,none,random,5,2,-0.58659627,-0.58659627,0.0,0.0,1,0.6667,1.0,Proline,Proline
ST001865,Arginine and Proline Metabolism,0.4,none,degree,5,2,-0.58659627,-0.64695079,0.06035452,0.10288937,0,0.6667,,Proline,Creatinine
ST001865,Arginine and Proline Metabolism,0.4,none,variance,5,2,-0.58659627,-0.58659627,0.0,0.0,1,0.6667,1.0,Proline,Proline
ST001865,Arginine and Proline Metabolism,0.4,none,diffabundance,5,2,-0.58659627,-0.58659627,0.0,0.0,1,0.6667,1.0,Proline,Proline
ST001865,Arginine and Proline Metabolism,0.4,none,surrogate,5,2,-0.35018093,-0.54010533,0.18992441,0.5423608,0,0.6667,-1.0,Citrulline,Creatine
ST001865,Arginine and Proline Metabolism,0.4,none,gnc_commutator,5,2,-0.35018093,-0.35018093,0.0,0.0,1,0.6667,1.0,Citrulline,Citrulline
ST001865,Arginine and Proline Metabolism,0.4,none,mb2d_transport,5,2,-0.35018093,-0.35018093,0.0,0.0,1,0.6667,,Citrulline,Citrulline
ST001865,Arginine and Proline Metabolism,0.4,none,random,5,2,-0.35018093,-0.54010533,0.18992441,0.5423608,0,0.6667,-1.0,Citrulline,Creatine
ST001865,Arginine and Proline Metabolism,0.4,none,degree,5,2,-0.35018093,-0.35018093,0.0,0.0,1,0.6667,,Citrulline,Citrulline
ST001865,Arginine and Proline Metabolism,0.4,none,variance,5,2,-0.35018093,-0.54010533,0.18992441,0.5423608,0,0.6667,-1.0,Citrulline,Creatine
ST001865,Arginine and Proline Metabolism,0.4,none,diffabundance,5,2,-0.35018093,-0.54010533,0.18992441,0.5423608,0,0.6667,-1.0,Citrulline,Creatine
ST001865,Arginine and Proline Metabolism,0.4,none,surrogate,5,2,-0.35018093,-0.54010533,0.18992441,0.5423608,0,0.6667,-1.0,Citrulline,Creatine
ST001865,Arginine and Proline Metabolism,0.4,none,gnc_commutator,5,2,-0.35018093,-0.35018093,0.0,0.0,1,0.6667,1.0,Citrulline,Citrulline
ST001865,Arginine and Proline Metabolism,0.4,none,mb2d_transport,5,2,-0.35018093,-0.35018093,0.0,0.0,1,0.6667,,Citrulline,Citrulline
ST001865,Arginine and Proline Metabolism,0.4,none,random,5,2,-0.35018093,-0.35018093,0.0,0.0,1,0.6667,1.0,Citrulline,Citrulline
ST001865,Arginine and Proline Metabolism,0.4,none,degree,5,2,-0.35018093,-0.35018093,0.0,0.0,1,0.6667,,Citrulline,Citrulline
ST001865,Arginine and Proline Metabolism,0.4,none,variance,5,2,-0.35018093,-0.54010533,0.18992441,0.5423608,0,0.6667,-1.0,Citrulline,Creatine
ST001865,Arginine and Proline Metabolism,0.4,none,diffabundance,5,2,-0.35018093,-0.54010533,0.18992441,0.5423608,0,0.6667,-1.0,Citrulline,Creatine
ST001865,Arginine and Proline Metabolism,0.4,none,surrogate,5,2,-0.41950064,-0.41950064,0.0,0.0,1,0.6667,,Creatine,Creatine
ST001865,Arginine and Proline Metabolism,0.4,none,gnc_commutator,5,2,-0.41950064,-0.41950064,0.0,0.0,1,0.6667,,Creatine,Creatine
ST001865,Arginine and Proline Metabolism,0.4,none,mb2d_transport,5,2,-0.41950064,-0.41950064,0.0,0.0,1,0.6667,,Creatine,Creatine
ST001865,Arginine and Proline Metabolism,0.4,none,random,5,2,-0.41950064,-0.4877639,0.06826326,0.16272504,0,0.6667,-1.0,Creatine,Proline
ST001865,Arginine and Proline Metabolism,0.4,none,degree,5,2,-0.41950064,-0.41950064,0.0,0.0,1,0.6667,,Creatine,Creatine
ST001865,Arginine and Proline Metabolism,0.4,none,variance,5,2,-0.41950064,-0.4877639,0.06826326,0.16272504,0,0.6667,-1.0,Creatine,Proline
ST001865,Arginine and Proline Metabolism,0.4,none,diffabundance,5,2,-0.41950064,-0.41950064,0.0,0.0,1,0.6667,1.0,Creatine,Creatine
ST001865,Arginine and Proline Metabolism,0.5,none,surrogate,5,2,-0.49028705,-0.55543852,0.06515147,0.13288434,0,0.6667,-1.0,Arginine,Proline
ST001865,Arginine and Proline Metabolism,0.5,none,gnc_commutator,5,2,-0.49028705,-0.49028705,0.0,0.0,1,0.6667,1.0,Arginine,Arginine
ST001865,Arginine and Proline Metabolism,0.5,none,mb2d_transport,5,2,-0.49028705,-0.49028705,0.0,0.0,1,0.6667,1.0,Arginine,Arginine
ST001865,Arginine and Proline Metabolism,0.5,none,random,5,2,-0.49028705,-0.55543852,0.06515147,0.13288434,0,0.6667,-1.0,Arginine,Proline
ST001865,Arginine and Proline Metabolism,0.5,none,degree,5,2,-0.49028705,-0.49028705,0.0,0.0,1,0.6667,,Arginine,Arginine
ST001865,Arginine and Proline Metabolism,0.5,none,variance,5,2,-0.49028705,-0.55543852,0.06515147,0.13288434,0,0.6667,-1.0,Arginine,Proline
ST001865,Arginine and Proline Metabolism,0.5,none,diffabundance,5,2,-0.49028705,-0.55543852,0.06515147,0.13288434,0,0.6667,-1.0,Arginine,Proline
ST001865,Arginine and Proline Metabolism,0.5,none,surrogate,5,2,-0.49028705,-0.55543852,0.06515147,0.13288434,0,0.6667,-1.0,Arginine,Proline
ST001865,Arginine and Proline Metabolism,0.5,none,gnc_commutator,5,2,-0.49028705,-0.49028705,0.0,0.0,1,0.6667,1.0,Arginine,Arginine
ST001865,Arginine and Proline Metabolism,0.5,none,mb2d_transport,5,2,-0.49028705,-0.49028705,0.0,0.0,1,0.6667,1.0,Arginine,Arginine
ST001865,Arginine and Proline Metabolism,0.5,none,random,5,2,-0.49028705,-0.49028705,0.0,0.0,1,0.6667,1.0,Arginine,Arginine
ST001865,Arginine and Proline Metabolism,0.5,none,degree,5,2,-0.49028705,-0.49028705,0.0,0.0,1,0.6667,,Arginine,Arginine
ST001865,Arginine and Proline Metabolism,0.5,none,variance,5,2,-0.49028705,-0.55543852,0.06515147,0.13288434,0,0.6667,-1.0,Arginine,Proline
ST001865,Arginine and Proline Metabolism,0.5,none,diffabundance,5,2,-0.49028705,-0.55543852,0.06515147,0.13288434,0,0.6667,-1.0,Arginine,Proline
ST001865,Arginine and Proline Metabolism,0.5,none,surrogate,5,2,-0.58659627,-0.58659627,0.0,0.0,1,0.6667,1.0,Proline,Proline
ST001865,Arginine and Proline Metabolism,0.5,none,gnc_commutator,5,2,-0.58659627,-0.58659627,0.0,0.0,1,0.6667,1.0,Proline,Proline
ST001865,Arginine and Proline Metabolism,0.5,none,mb2d_transport,5,2,-0.58659627,-0.64695079,0.06035452,0.10288937,0,0.6667,-1.0,Proline,Creatinine
ST001865,Arginine and Proline Metabolism,0.5,none,random,5,2,-0.58659627,-0.64695079,0.06035452,0.10288937,0,0.6667,-1.0,Proline,Creatinine
ST001865,Arginine and Proline Metabolism,0.5,none,degree,5,2,-0.58659627,-0.64695079,0.06035452,0.10288937,0,0.6667,,Proline,Creatinine
ST001865,Arginine and Proline Metabolism,0.5,none,variance,5,2,-0.58659627,-0.58659627,0.0,0.0,1,0.6667,1.0,Proline,Proline
ST001865,Arginine and Proline Metabolism,0.5,none,diffabundance,5,2,-0.58659627,-0.58659627,0.0,0.0,1,0.6667,1.0,Proline,Proline
ST001865,Arginine and Proline Metabolism,0.5,none,surrogate,5,2,-0.35614135,-0.54917755,0.1930362,0.5420213,0,0.6667,-1.0,Citrulline,Arginine
ST001865,Arginine and Proline Metabolism,0.5,none,gnc_commutator,5,2,-0.35614135,-0.35614135,0.0,0.0,1,0.6667,1.0,Citrulline,Citrulline
ST001865,Arginine and Proline Metabolism,0.5,none,mb2d_transport,5,2,-0.35614135,-0.54917755,0.1930362,0.5420213,0,0.6667,,Citrulline,Arginine
ST001865,Arginine and Proline Metabolism,0.5,none,random,5,2,-0.35614135,-0.35614135,0.0,0.0,1,0.6667,1.0,Citrulline,Citrulline
ST001865,Arginine and Proline Metabolism,0.5,none,degree,5,2,-0.35614135,-0.54917755,0.1930362,0.5420213,0,0.6667,,Citrulline,Arginine
ST001865,Arginine and Proline Metabolism,0.5,none,variance,5,2,-0.35614135,-0.54917755,0.1930362,0.5420213,0,0.6667,-1.0,Citrulline,Arginine
ST001865,Arginine and Proline Metabolism,0.5,none,diffabundance,5,2,-0.35614135,-0.54917755,0.1930362,0.5420213,0,0.6667,-1.0,Citrulline,Arginine
ST001865,Arginine and Proline Metabolism,0.5,none,surrogate,5,2,-0.45914001,-0.45914001,0.0,0.0,1,0.6667,1.0,Creatine,Creatine
ST001865,Arginine and Proline Metabolism,0.5,none,gnc_commutator,5,2,-0.45914001,-0.45914001,0.0,0.0,1,0.6667,1.0,Creatine,Creatine
ST001865,Arginine and Proline Metabolism,0.5,none,mb2d_transport,5,2,-0.45914001,-0.5877578,0.12861778,0.28012758,0,0.6667,-1.0,Creatine,Creatinine
ST001865,Arginine and Proline Metabolism,0.5,none,random,5,2,-0.45914001,-0.45914001,0.0,0.0,1,0.6667,1.0,Creatine,Creatine
ST001865,Arginine and Proline Metabolism,0.5,none,degree,5,2,-0.45914001,-0.45914001,0.0,0.0,1,0.6667,,Creatine,Creatine
ST001865,Arginine and Proline Metabolism,0.5,none,variance,5,2,-0.45914001,-0.45914001,0.0,0.0,1,0.6667,1.0,Creatine,Creatine
ST001865,Arginine and Proline Metabolism,0.5,none,diffabundance,5,2,-0.45914001,-0.45914001,0.0,0.0,1,0.6667,1.0,Creatine,Creatine
ST001865,Arginine and Proline Metabolism,0.5,none,surrogate,5,2,-0.35614135,-0.54917755,0.1930362,0.5420213,0,0.6667,-1.0,Citrulline,Arginine
ST001865,Arginine and Proline Metabolism,0.5,none,gnc_commutator,5,2,-0.35614135,-0.35614135,0.0,0.0,1,0.6667,1.0,Citrulline,Citrulline
ST001865,Arginine and Proline Metabolism,0.5,none,mb2d_transport,5,2,-0.35614135,-0.54917755,0.1930362,0.5420213,0,0.6667,,Citrulline,Arginine
ST001865,Arginine and Proline Metabolism,0.5,none,random,5,2,-0.35614135,-0.35614135,0.0,0.0,1,0.6667,1.0,Citrulline,Citrulline
ST001865,Arginine and Proline Metabolism,0.5,none,degree,5,2,-0.35614135,-0.54917755,0.1930362,0.5420213,0,0.6667,,Citrulline,Arginine
ST001865,Arginine and Proline Metabolism,0.5,none,variance,5,2,-0.35614135,-0.54917755,0.1930362,0.5420213,0,0.6667,-1.0,Citrulline,Arginine
ST001865,Arginine and Proline Metabolism,0.5,none,diffabundance,5,2,-0.35614135,-0.54917755,0.1930362,0.5420213,0,0.6667,-1.0,Citrulline,Arginine
ST001865,Arginine and Proline Metabolism,0.5,none,surrogate,5,2,-0.58659627,-0.58659627,0.0,0.0,1,0.6667,1.0,Proline,Proline
ST001865,Arginine and Proline Metabolism,0.5,none,gnc_commutator,5,2,-0.58659627,-0.58659627,0.0,0.0,1,0.6667,1.0,Proline,Proline
ST001865,Arginine and Proline Metabolism,0.5,none,mb2d_transport,5,2,-0.58659627,-0.64695079,0.06035452,0.10288937,0,0.6667,-1.0,Proline,Creatinine
ST001865,Arginine and Proline Metabolism,0.5,none,random,5,2,-0.58659627,-0.58659627,0.0,0.0,1,0.6667,1.0,Proline,Proline
ST001865,Arginine and Proline Metabolism,0.5,none,degree,5,2,-0.58659627,-0.64695079,0.06035452,0.10288937,0,0.6667,,Proline,Creatinine
ST001865,Arginine and Proline Metabolism,0.5,none,variance,5,2,-0.58659627,-0.58659627,0.0,0.0,1,0.6667,1.0,Proline,Proline
ST001865,Arginine and Proline Metabolism,0.5,none,diffabundance,5,2,-0.58659627,-0.58659627,0.0,0.0,1,0.6667,1.0,Proline,Proline
ST001865,Arginine and Proline Metabolism,0.5,none,surrogate,5,2,-0.35018093,-0.54010533,0.18992441,0.5423608,0,0.6667,-1.0,Citrulline,Creatine
ST001865,Arginine and Proline Metabolism,0.5,none,gnc_commutator,5,2,-0.35018093,-0.35018093,0.0,0.0,1,0.6667,1.0,Citrulline,Citrulline
ST001865,Arginine and Proline Metabolism,0.5,none,mb2d_transport,5,2,-0.35018093,-0.35018093,0.0,0.0,1,0.6667,,Citrulline,Citrulline
ST001865,Arginine and Proline Metabolism,0.5,none,random,5,2,-0.35018093,-0.54010533,0.18992441,0.5423608,0,0.6667,-1.0,Citrulline,Creatine
ST001865,Arginine and Proline Metabolism,0.5,none,degree,5,2,-0.35018093,-0.35018093,0.0,0.0,1,0.6667,,Citrulline,Citrulline
ST001865,Arginine and Proline Metabolism,0.5,none,variance,5,2,-0.35018093,-0.54010533,0.18992441,0.5423608,0,0.6667,-1.0,Citrulline,Creatine
ST001865,Arginine and Proline Metabolism,0.5,none,diffabundance,5,2,-0.35018093,-0.54010533,0.18992441,0.5423608,0,0.6667,-1.0,Citrulline,Creatine
ST001865,Arginine and Proline Metabolism,0.5,none,surrogate,5,2,-0.35018093,-0.54010533,0.18992441,0.5423608,0,0.6667,-1.0,Citrulline,Creatine
ST001865,Arginine and Proline Metabolism,0.5,none,gnc_commutator,5,2,-0.35018093,-0.35018093,0.0,0.0,1,0.6667,1.0,Citrulline,Citrulline
ST001865,Arginine and Proline Metabolism,0.5,none,mb2d_transport,5,2,-0.35018093,-0.35018093,0.0,0.0,1,0.6667,,Citrulline,Citrulline
ST001865,Arginine and Proline Metabolism,0.5,none,random,5,2,-0.35018093,-0.35018093,0.0,0.0,1,0.6667,1.0,Citrulline,Citrulline
ST001865,Arginine and Proline Metabolism,0.5,none,degree,5,2,-0.35018093,-0.35018093,0.0,0.0,1,0.6667,,Citrulline,Citrulline
ST001865,Arginine and Proline Metabolism,0.5,none,variance,5,2,-0.35018093,-0.54010533,0.18992441,0.5423608,0,0.6667,-1.0,Citrulline,Creatine
ST001865,Arginine and Proline Metabolism,0.5,none,diffabundance,5,2,-0.35018093,-0.54010533,0.18992441,0.5423608,0,0.6667,-1.0,Citrulline,Creatine
ST001865,Arginine and Proline Metabolism,0.5,none,surrogate,5,2,-0.41950064,-0.41950064,0.0,0.0,1,0.6667,,Creatine,Creatine
ST001865,Arginine and Proline Metabolism,0.5,none,gnc_commutator,5,2,-0.41950064,-0.41950064,0.0,0.0,1,0.6667,,Creatine,Creatine
ST001865,Arginine and Proline Metabolism,0.5,none,mb2d_transport,5,2,-0.41950064,-0.41950064,0.0,0.0,1,0.6667,,Creatine,Creatine
ST001865,Arginine and Proline Metabolism,0.5,none,random,5,2,-0.41950064,-0.4877639,0.06826326,0.16272504,0,0.6667,-1.0,Creatine,Proline
ST001865,Arginine and Proline Metabolism,0.5,none,degree,5,2,-0.41950064,-0.41950064,0.0,0.0,1,0.6667,,Creatine,Creatine
ST001865,Arginine and Proline Metabolism,0.5,none,variance,5,2,-0.41950064,-0.4877639,0.06826326,0.16272504,0,0.6667,-1.0,Creatine,Proline
ST001865,Arginine and Proline Metabolism,0.5,none,diffabundance,5,2,-0.41950064,-0.41950064,0.0,0.0,1,0.6667,1.0,Creatine,Creatine
ST001865,Arginine and Proline Metabolism,0.5,none,surrogate,5,2,-0.35018093,-0.54010533,0.18992441,0.5423608,0,0.6667,-1.0,Citrulline,Creatine
ST001865,Arginine and Proline Metabolism,0.5,none,gnc_commutator,5,2,-0.35018093,-0.35018093,0.0,0.0,1,0.6667,1.0,Citrulline,Citrulline
ST001865,Arginine and Proline Metabolism,0.5,none,mb2d_transport,5,2,-0.35018093,-0.35018093,0.0,0.0,1,0.6667,,Citrulline,Citrulline
ST001865,Arginine and Proline Metabolism,0.5,none,random,5,2,-0.35018093,-0.35018093,0.0,0.0,1,0.6667,1.0,Citrulline,Citrulline
ST001865,Arginine and Proline Metabolism,0.5,none,degree,5,2,-0.35018093,-0.35018093,0.0,0.0,1,0.6667,,Citrulline,Citrulline
ST001865,Arginine and Proline Metabolism,0.5,none,variance,5,2,-0.35018093,-0.54010533,0.18992441,0.5423608,0,0.6667,-1.0,Citrulline,Creatine
ST001865,Arginine and Proline Metabolism,0.5,none,diffabundance,5,2,-0.35018093,-0.54010533,0.18992441,0.5423608,0,0.6667,-1.0,Citrulline,Creatine
ST001865,Arginine and Proline Metabolism,0.5,none,surrogate,5,2,-0.35018093,-0.54010533,0.18992441,0.5423608,0,0.6667,-1.0,Citrulline,Creatine
ST001865,Arginine and Proline Metabolism,0.5,none,gnc_commutator,5,2,-0.35018093,-0.35018093,0.0,0.0,1,0.6667,1.0,Citrulline,Citrulline
ST001865,Arginine and Proline Metabolism,0.5,none,mb2d_transport,5,2,-0.35018093,-0.35018093,0.0,0.0,1,0.6667,,Citrulline,Citrulline
ST001865,Arginine and Proline Metabolism,0.5,none,random,5,2,-0.35018093,-0.35018093,0.0,0.0,1,0.6667,1.0,Citrulline,Citrulline
ST001865,Arginine and Proline Metabolism,0.5,none,degree,5,2,-0.35018093,-0.35018093,0.0,0.0,1,0.6667,,Citrulline,Citrulline
ST001865,Arginine and Proline Metabolism,0.5,none,variance,5,2,-0.35018093,-0.54010533,0.18992441,0.5423608,0,0.6667,-1.0,Citrulline,Creatine
ST001865,Arginine and Proline Metabolism,0.5,none,diffabundance,5,2,-0.35018093,-0.54010533,0.18992441,0.5423608,0,0.6667,-1.0,Citrulline,Creatine
ST001865,Arginine and Proline Metabolism,0.5,none,surrogate,5,2,-0.35614135,-0.54917755,0.1930362,0.5420213,0,0.6667,-1.0,Citrulline,Arginine
ST001865,Arginine and Proline Metabolism,0.5,none,gnc_commutator,5,2,-0.35614135,-0.35614135,0.0,0.0,1,0.6667,1.0,Citrulline,Citrulline
ST001865,Arginine and Proline Metabolism,0.5,none,mb2d_transport,5,2,-0.35614135,-0.54917755,0.1930362,0.5420213,0,0.6667,,Citrulline,Arginine
ST001865,Arginine and Proline Metabolism,0.5,none,random,5,2,-0.35614135,-0.35614135,0.0,0.0,1,0.6667,1.0,Citrulline,Citrulline
ST001865,Arginine and Proline Metabolism,0.5,none,degree,5,2,-0.35614135,-0.54917755,0.1930362,0.5420213,0,0.6667,,Citrulline,Arginine
ST001865,Arginine and Proline Metabolism,0.5,none,variance,5,2,-0.35614135,-0.54917755,0.1930362,0.5420213,0,0.6667,-1.0,Citrulline,Arginine
ST001865,Arginine and Proline Metabolism,0.5,none,diffabundance,5,2,-0.35614135,-0.54917755,0.1930362,0.5420213,0,0.6667,-1.0,Citrulline,Arginine
ST001865,Arginine and Proline Metabolism,0.5,none,surrogate,5,2,-0.35614135,-0.54917755,0.1930362,0.5420213,0,0.6667,-1.0,Citrulline,Arginine
ST001865,Arginine and Proline Metabolism,0.5,none,gnc_commutator,5,2,-0.35614135,-0.35614135,0.0,0.0,1,0.6667,1.0,Citrulline,Citrulline
ST001865,Arginine and Proline Metabolism,0.5,none,mb2d_transport,5,2,-0.35614135,-0.54917755,0.1930362,0.5420213,0,0.6667,,Citrulline,Arginine
ST001865,Arginine and Proline Metabolism,0.5,none,random,5,2,-0.35614135,-0.35614135,0.0,0.0,1,0.6667,1.0,Citrulline,Citrulline
ST001865,Arginine and Proline Metabolism,0.5,none,degree,5,2,-0.35614135,-0.54917755,0.1930362,0.5420213,0,0.6667,,Citrulline,Arginine
ST001865,Arginine and Proline Metabolism,0.5,none,variance,5,2,-0.35614135,-0.54917755,0.1930362,0.5420213,0,0.6667,-1.0,Citrulline,Arginine
ST001865,Arginine and Proline Metabolism,0.5,none,diffabundance,5,2,-0.35614135,-0.54917755,0.1930362,0.5420213,0,0.6667,-1.0,Citrulline,Arginine
ST001865,Arginine and Proline Metabolism,0.5,none,surrogate,5,2,-0.35614135,-0.54917755,0.1930362,0.5420213,0,0.6667,-1.0,Citrulline,Arginine
ST001865,Arginine and Proline Metabolism,0.5,none,gnc_commutator,5,2,-0.35614135,-0.35614135,0.0,0.0,1,0.6667,1.0,Citrulline,Citrulline
ST001865,Arginine and Proline Metabolism,0.5,none,mb2d_transport,5,2,-0.35614135,-0.54917755,0.1930362,0.5420213,0,0.6667,,Citrulline,Arginine
ST001865,Arginine and Proline Metabolism,0.5,none,random,5,2,-0.35614135,-0.54917755,0.1930362,0.5420213,0,0.6667,-1.0,Citrulline,Arginine
ST001865,Arginine and Proline Metabolism,0.5,none,degree,5,2,-0.35614135,-0.54917755,0.1930362,0.5420213,0,0.6667,,Citrulline,Arginine
ST001865,Arginine and Proline Metabolism,0.5,none,variance,5,2,-0.35614135,-0.54917755,0.1930362,0.5420213,0,0.6667,-1.0,Citrulline,Arginine
ST001865,Arginine and Proline Metabolism,0.5,none,diffabundance,5,2,-0.35614135,-0.54917755,0.1930362,0.5420213,0,0.6667,-1.0,Citrulline,Arginine
ST001865,Arginine and Proline Metabolism,0.5,none,surrogate,5,2,-0.41950064,-0.41950064,0.0,0.0,1,0.6667,,Creatine,Creatine
ST001865,Arginine and Proline Metabolism,0.5,none,gnc_commutator,5,2,-0.41950064,-0.41950064,0.0,0.0,1,0.6667,,Creatine,Creatine
ST001865,Arginine and Proline Metabolism,0.5,none,mb2d_transport,5,2,-0.41950064,-0.41950064,0.0,0.0,1,0.6667,,Creatine,Creatine
ST001865,Arginine and Proline Metabolism,0.5,none,random,5,2,-0.41950064,-0.41950064,0.0,0.0,1,0.6667,1.0,Creatine,Creatine
ST001865,Arginine and Proline Metabolism,0.5,none,degree,5,2,-0.41950064,-0.41950064,0.0,0.0,1,0.6667,,Creatine,Creatine
ST001865,Arginine and Proline Metabolism,0.5,none,variance,5,2,-0.41950064,-0.4877639,0.06826326,0.16272504,0,0.6667,-1.0,Creatine,Proline
ST001865,Arginine and Proline Metabolism,0.5,none,diffabundance,5,2,-0.41950064,-0.41950064,0.0,0.0,1,0.6667,1.0,Creatine,Creatine
ST001865,Arginine and Proline Metabolism,0.5,none,surrogate,5,2,-0.40957227,-0.40957227,0.0,0.0,1,0.6667,1.0,Creatine,Creatine
ST001865,Arginine and Proline Metabolism,0.5,none,gnc_commutator,5,2,-0.40957227,-0.41268406,0.00311179,0.00759766,0,0.6667,-1.0,Creatine,Arginine
ST001865,Arginine and Proline Metabolism,0.5,none,mb2d_transport,5,2,-0.40957227,-0.41268406,0.00311179,0.00759766,0,0.6667,-1.0,Creatine,Arginine
ST001865,Arginine and Proline Metabolism,0.5,none,random,5,2,-0.40957227,-0.40957227,0.0,0.0,1,0.6667,1.0,Creatine,Creatine
ST001865,Arginine and Proline Metabolism,0.5,none,degree,5,2,-0.40957227,-0.41268406,0.00311179,0.00759766,0,0.6667,,Creatine,Arginine
ST001865,Arginine and Proline Metabolism,0.5,none,variance,5,2,-0.40957227,-0.40957227,0.0,0.0,1,0.6667,1.0,Creatine,Creatine
ST001865,Arginine and Proline Metabolism,0.5,none,diffabundance,5,2,-0.40957227,-0.40957227,0.0,0.0,1,0.6667,1.0,Creatine,Creatine
ST001865,Arginine and Proline Metabolism,0.5,none,surrogate,5,2,-0.49028705,-0.55543852,0.06515147,0.13288434,0,0.6667,-1.0,Arginine,Proline
ST001865,Arginine and Proline Metabolism,0.5,none,gnc_commutator,5,2,-0.49028705,-0.49028705,0.0,0.0,1,0.6667,1.0,Arginine,Arginine
ST001865,Arginine and Proline Metabolism,0.5,none,mb2d_transport,5,2,-0.49028705,-0.49028705,0.0,0.0,1,0.6667,1.0,Arginine,Arginine
ST001865,Arginine and Proline Metabolism,0.5,none,random,5,2,-0.49028705,-0.49028705,0.0,0.0,1,0.6667,1.0,Arginine,Arginine
ST001865,Arginine and Proline Metabolism,0.5,none,degree,5,2,-0.49028705,-0.49028705,0.0,0.0,1,0.6667,,Arginine,Arginine
ST001865,Arginine and Proline Metabolism,0.5,none,variance,5,2,-0.49028705,-0.55543852,0.06515147,0.13288434,0,0.6667,-1.0,Arginine,Proline
ST001865,Arginine and Proline Metabolism,0.5,none,diffabundance,5,2,-0.49028705,-0.55543852,0.06515147,0.13288434,0,0.6667,-1.0,Arginine,Proline
ST001865,Arginine and Proline Metabolism,0.5,none,surrogate,5,2,-0.58659627,-0.58659627,0.0,0.0,1,0.6667,1.0,Proline,Proline
ST001865,Arginine and Proline Metabolism,0.5,none,gnc_commutator,5,2,-0.58659627,-0.58659627,0.0,0.0,1,0.6667,1.0,Proline,Proline
ST001865,Arginine and Proline Metabolism,0.5,none,mb2d_transport,5,2,-0.58659627,-0.64695079,0.06035452,0.10288937,0,0.6667,-1.0,Proline,Creatinine
ST001865,Arginine and Proline Metabolism,0.5,none,random,5,2,-0.58659627,-0.58659627,0.0,0.0,1,0.6667,1.0,Proline,Proline
ST001865,Arginine and Proline Metabolism,0.5,none,degree,5,2,-0.58659627,-0.64695079,0.06035452,0.10288937,0,0.6667,,Proline,Creatinine
ST001865,Arginine and Proline Metabolism,0.5,none,variance,5,2,-0.58659627,-0.58659627,0.0,0.0,1,0.6667,1.0,Proline,Proline
ST001865,Arginine and Proline Metabolism,0.5,none,diffabundance,5,2,-0.58659627,-0.58659627,0.0,0.0,1,0.6667,1.0,Proline,Proline
ST001865,Arginine and Proline Metabolism,0.5,none,surrogate,5,2,-0.45914001,-0.45914001,0.0,0.0,1,0.6667,1.0,Creatine,Creatine
ST001865,Arginine and Proline Metabolism,0.5,none,gnc_commutator,5,2,-0.45914001,-0.45914001,0.0,0.0,1,0.6667,1.0,Creatine,Creatine
ST001865,Arginine and Proline Metabolism,0.5,none,mb2d_transport,5,2,-0.45914001,-0.5877578,0.12861778,0.28012758,0,0.6667,-1.0,Creatine,Creatinine
ST001865,Arginine and Proline Metabolism,0.5,none,random,5,2,-0.45914001,-0.5877578,0.12861778,0.28012758,0,0.6667,-1.0,Creatine,Creatinine
ST001865,Arginine and Proline Metabolism,0.5,none,degree,5,2,-0.45914001,-0.45914001,0.0,0.0,1,0.6667,,Creatine,Creatine
ST001865,Arginine and Proline Metabolism,0.5,none,variance,5,2,-0.45914001,-0.45914001,0.0,0.0,1,0.6667,1.0,Creatine,Creatine
ST001865,Arginine and Proline Metabolism,0.5,none,diffabundance,5,2,-0.45914001,-0.45914001,0.0,0.0,1,0.6667,1.0,Creatine,Creatine
ST001865,Arginine and Proline Metabolism,0.6,none,surrogate,5,3,-0.62547157,-0.82673044,0.20125887,0.32177142,0,1.0,0.333333,Citrulline,Creatine
ST001865,Arginine and Proline Metabolism,0.6,none,gnc_commutator,5,3,-0.62547157,-0.62547157,0.0,0.0,1,1.0,1.0,Citrulline,Citrulline
ST001865,Arginine and Proline Metabolism,0.6,none,mb2d_transport,5,3,-0.62547157,-0.82673044,0.20125887,0.32177142,0,1.0,0.333333,Citrulline,Creatine
ST001865,Arginine and Proline Metabolism,0.6,none,random,5,3,-0.62547157,-0.62547157,0.0,0.0,1,1.0,1.0,Citrulline,Citrulline
ST001865,Arginine and Proline Metabolism,0.6,none,degree,5,3,-0.62547157,-0.62547157,0.0,0.0,1,1.0,,Citrulline,Citrulline
ST001865,Arginine and Proline Metabolism,0.6,none,variance,5,3,-0.62547157,-0.82673044,0.20125887,0.32177142,0,1.0,0.333333,Citrulline,Creatine
ST001865,Arginine and Proline Metabolism,0.6,none,diffabundance,5,3,-0.62547157,-0.82673044,0.20125887,0.32177142,0,1.0,0.333333,Citrulline,Creatine
ST001865,Arginine and Proline Metabolism,0.6,none,surrogate,5,3,-0.91326751,-0.96669843,0.05343092,0.05850522,0,1.0,-0.333333,Citrulline,Creatine
ST001865,Arginine and Proline Metabolism,0.6,none,gnc_commutator,5,3,-0.91326751,-0.91326751,0.0,0.0,1,1.0,0.333333,Citrulline,Citrulline
ST001865,Arginine and Proline Metabolism,0.6,none,mb2d_transport,5,3,-0.91326751,-0.96669843,0.05343092,0.05850522,0,1.0,-0.333333,Citrulline,Creatine
ST001865,Arginine and Proline Metabolism,0.6,none,random,5,3,-0.91326751,-0.97577064,0.06250313,0.06843902,0,1.0,-0.333333,Citrulline,Arginine
ST001865,Arginine and Proline Metabolism,0.6,none,degree,5,3,-0.91326751,-0.97577064,0.06250313,0.06843902,0,1.0,,Citrulline,Arginine
ST001865,Arginine and Proline Metabolism,0.6,none,variance,5,3,-0.91326751,-0.96669843,0.05343092,0.05850522,0,1.0,-0.333333,Citrulline,Creatine
ST001865,Arginine and Proline Metabolism,0.6,none,diffabundance,5,3,-0.91326751,-0.96669843,0.05343092,0.05850522,0,1.0,-0.333333,Citrulline,Creatine
ST001865,Arginine and Proline Metabolism,0.6,none,surrogate,5,3,-0.91326751,-0.96669843,0.05343092,0.05850522,0,1.0,-0.333333,Citrulline,Creatine
ST001865,Arginine and Proline Metabolism,0.6,none,gnc_commutator,5,3,-0.91326751,-0.91326751,0.0,0.0,1,1.0,0.333333,Citrulline,Citrulline
ST001865,Arginine and Proline Metabolism,0.6,none,mb2d_transport,5,3,-0.91326751,-0.96669843,0.05343092,0.05850522,0,1.0,-0.333333,Citrulline,Creatine
ST001865,Arginine and Proline Metabolism,0.6,none,random,5,3,-0.91326751,-0.91326751,0.0,0.0,1,1.0,0.333333,Citrulline,Citrulline
ST001865,Arginine and Proline Metabolism,0.6,none,degree,5,3,-0.91326751,-0.97577064,0.06250313,0.06843902,0,1.0,,Citrulline,Arginine
ST001865,Arginine and Proline Metabolism,0.6,none,variance,5,3,-0.91326751,-0.96669843,0.05343092,0.05850522,0,1.0,-0.333333,Citrulline,Creatine
ST001865,Arginine and Proline Metabolism,0.6,none,diffabundance,5,3,-0.91326751,-0.96669843,0.05343092,0.05850522,0,1.0,-0.333333,Citrulline,Creatine
ST001865,Arginine and Proline Metabolism,0.6,none,surrogate,5,3,-0.71189564,-0.91119281,0.19929717,0.27995279,0,1.0,-1.0,Citrulline,Proline
ST001865,Arginine and Proline Metabolism,0.6,none,gnc_commutator,5,3,-0.71189564,-0.71189564,0.0,0.0,1,1.0,1.0,Citrulline,Citrulline
ST001865,Arginine and Proline Metabolism,0.6,none,mb2d_transport,5,3,-0.71189564,-0.91119281,0.19929717,0.27995279,0,1.0,-1.0,Citrulline,Proline
ST001865,Arginine and Proline Metabolism,0.6,none,random,5,3,-0.71189564,-0.71189564,0.0,0.0,1,1.0,0.333333,Citrulline,Citrulline
ST001865,Arginine and Proline Metabolism,0.6,none,degree,5,3,-0.71189564,-0.88304308,0.17114745,0.24041086,0,1.0,,Citrulline,Arginine
ST001865,Arginine and Proline Metabolism,0.6,none,variance,5,3,-0.71189564,-0.91119281,0.19929717,0.27995279,0,1.0,-1.0,Citrulline,Proline
ST001865,Arginine and Proline Metabolism,0.6,none,diffabundance,5,3,-0.71189564,-0.91119281,0.19929717,0.27995279,0,1.0,-1.0,Citrulline,Proline
ST001865,Arginine and Proline Metabolism,0.6,none,surrogate,5,3,-0.6107978,-0.84774233,0.23694453,0.38792629,0,1.0,0.333333,Citrulline,Arginine
ST001865,Arginine and Proline Metabolism,0.6,none,gnc_commutator,5,3,-0.6107978,-0.6107978,0.0,0.0,1,1.0,0.333333,Citrulline,Citrulline
ST001865,Arginine and Proline Metabolism,0.6,none,mb2d_transport,5,3,-0.6107978,-0.87498811,0.26419031,0.43253317,0,1.0,-0.333333,Citrulline,Creatinine
ST001865,Arginine and Proline Metabolism,0.6,none,random,5,3,-0.6107978,-0.84774233,0.23694453,0.38792629,0,1.0,-0.333333,Citrulline,Arginine
ST001865,Arginine and Proline Metabolism,0.6,none,degree,5,3,-0.6107978,-0.84774233,0.23694453,0.38792629,0,1.0,,Citrulline,Arginine
ST001865,Arginine and Proline Metabolism,0.6,none,variance,5,3,-0.6107978,-0.84774233,0.23694453,0.38792629,0,1.0,0.333333,Citrulline,Arginine
ST001865,Arginine and Proline Metabolism,0.6,none,diffabundance,5,3,-0.6107978,-0.84774233,0.23694453,0.38792629,0,1.0,0.333333,Citrulline,Arginine
ST001865,Arginine and Proline Metabolism,0.6,none,surrogate,5,3,-0.71111027,-0.84869325,0.13758298,0.19347629,0,1.0,-1.0,Citrulline,Proline
ST001865,Arginine and Proline Metabolism,0.6,none,gnc_commutator,5,3,-0.71111027,-0.71111027,0.0,0.0,1,1.0,1.0,Citrulline,Citrulline
ST001865,Arginine and Proline Metabolism,0.6,none,mb2d_transport,5,3,-0.71111027,-0.71111027,0.0,0.0,1,1.0,0.333333,Citrulline,Citrulline
ST001865,Arginine and Proline Metabolism,0.6,none,random,5,3,-0.71111027,-0.71111027,0.0,0.0,1,1.0,0.333333,Citrulline,Citrulline
ST001865,Arginine and Proline Metabolism,0.6,none,degree,5,3,-0.71111027,-0.71111027,0.0,0.0,1,1.0,,Citrulline,Citrulline
ST001865,Arginine and Proline Metabolism,0.6,none,variance,5,3,-0.71111027,-0.84869325,0.13758298,0.19347629,0,1.0,-1.0,Citrulline,Proline
ST001865,Arginine and Proline Metabolism,0.6,none,diffabundance,5,3,-0.71111027,-0.81147131,0.10036104,0.14113288,0,1.0,-0.333333,Citrulline,Creatine
ST001865,Arginine and Proline Metabolism,0.6,none,surrogate,5,3,-0.43698377,-0.43698377,0.0,0.0,1,1.0,1.0,Creatine,Creatine
ST001865,Arginine and Proline Metabolism,0.6,none,gnc_commutator,5,3,-0.43698377,-0.43698377,0.0,0.0,1,1.0,1.0,Creatine,Creatine
ST001865,Arginine and Proline Metabolism,0.6,none,mb2d_transport,5,3,-0.43698377,-0.43698377,0.0,0.0,1,1.0,1.0,Creatine,Creatine
ST001865,Arginine and Proline Metabolism,0.6,none,random,5,3,-0.43698377,-0.43698377,0.0,0.0,1,1.0,0.333333,Creatine,Creatine
ST001865,Arginine and Proline Metabolism,0.6,none,degree,5,3,-0.43698377,-0.47266942,0.03568565,0.08166357,0,1.0,,Creatine,Arginine
ST001865,Arginine and Proline Metabolism,0.6,none,variance,5,3,-0.43698377,-0.43698377,0.0,0.0,1,1.0,1.0,Creatine,Creatine
ST001865,Arginine and Proline Metabolism,0.6,none,diffabundance,5,3,-0.43698377,-0.43698377,0.0,0.0,1,1.0,1.0,Creatine,Creatine
ST001865,Arginine and Proline Metabolism,0.6,none,surrogate,5,3,-0.64143122,-0.78729747,0.14586625,0.22740747,0,1.0,-0.333333,Creatine,Proline
ST001865,Arginine and Proline Metabolism,0.6,none,gnc_commutator,5,3,-0.64143122,-0.71221762,0.07078641,0.11035697,0,1.0,0.333333,Creatine,Arginine
ST001865,Arginine and Proline Metabolism,0.6,none,mb2d_transport,5,3,-0.64143122,-0.71221762,0.07078641,0.11035697,0,1.0,-0.333333,Creatine,Arginine
ST001865,Arginine and Proline Metabolism,0.6,none,random,5,3,-0.64143122,-0.71221762,0.07078641,0.11035697,0,1.0,0.333333,Creatine,Arginine
ST001865,Arginine and Proline Metabolism,0.6,none,degree,5,3,-0.64143122,-0.71221762,0.07078641,0.11035697,0,1.0,,Creatine,Arginine
ST001865,Arginine and Proline Metabolism,0.6,none,variance,5,3,-0.64143122,-0.78729747,0.14586625,0.22740747,0,1.0,-0.333333,Creatine,Proline
ST001865,Arginine and Proline Metabolism,0.6,none,diffabundance,5,3,-0.64143122,-0.64143122,0.0,0.0,1,1.0,0.333333,Creatine,Creatine
ST001865,Arginine and Proline Metabolism,0.6,none,surrogate,5,3,-0.43405836,-0.56151461,0.12745626,0.29363852,0,1.0,0.333333,Creatine,Proline
ST001865,Arginine and Proline Metabolism,0.6,none,gnc_commutator,5,3,-0.43405836,-0.6615085,0.22745015,0.52400822,0,1.0,-0.333333,Creatine,Creatinine
ST001865,Arginine and Proline Metabolism,0.6,none,mb2d_transport,5,3,-0.43405836,-0.6615085,0.22745015,0.52400822,0,1.0,-1.0,Creatine,Creatinine
ST001865,Arginine and Proline Metabolism,0.6,none,random,5,3,-0.43405836,-0.6615085,0.22745015,0.52400822,0,1.0,-1.0,Creatine,Creatinine
ST001865,Arginine and Proline Metabolism,0.6,none,degree,5,3,-0.43405836,-0.43405836,0.0,0.0,1,1.0,,Creatine,Creatine
ST001865,Arginine and Proline Metabolism,0.6,none,variance,5,3,-0.43405836,-0.56151461,0.12745626,0.29363852,0,1.0,0.333333,Creatine,Proline
ST001865,Arginine and Proline Metabolism,0.6,none,diffabundance,5,3,-0.43405836,-0.43405836,0.0,0.0,1,1.0,1.0,Creatine,Creatine
ST001865,Arginine and Proline Metabolism,0.6,none,surrogate,5,3,-0.43698377,-0.43698377,0.0,0.0,1,1.0,1.0,Creatine,Creatine
ST001865,Arginine and Proline Metabolism,0.6,none,gnc_commutator,5,3,-0.43698377,-0.43698377,0.0,0.0,1,1.0,1.0,Creatine,Creatine
ST001865,Arginine and Proline Metabolism,0.6,none,mb2d_transport,5,3,-0.43698377,-0.43698377,0.0,0.0,1,1.0,1.0,Creatine,Creatine
ST001865,Arginine and Proline Metabolism,0.6,none,random,5,3,-0.43698377,-0.64774316,0.21075939,0.48230485,0,1.0,-0.333333,Creatine,Creatinine
ST001865,Arginine and Proline Metabolism,0.6,none,degree,5,3,-0.43698377,-0.47266942,0.03568565,0.08166357,0,1.0,,Creatine,Arginine
ST001865,Arginine and Proline Metabolism,0.6,none,variance,5,3,-0.43698377,-0.43698377,0.0,0.0,1,1.0,1.0,Creatine,Creatine
ST001865,Arginine and Proline Metabolism,0.6,none,diffabundance,5,3,-0.43698377,-0.43698377,0.0,0.0,1,1.0,1.0,Creatine,Creatine
ST001865,Arginine and Proline Metabolism,0.6,none,surrogate,5,3,-0.64143122,-0.78729747,0.14586625,0.22740747,0,1.0,-0.333333,Creatine,Proline
ST001865,Arginine and Proline Metabolism,0.6,none,gnc_commutator,5,3,-0.64143122,-0.71221762,0.07078641,0.11035697,0,1.0,0.333333,Creatine,Arginine
ST001865,Arginine and Proline Metabolism,0.6,none,mb2d_transport,5,3,-0.64143122,-0.71221762,0.07078641,0.11035697,0,1.0,-0.333333,Creatine,Arginine
ST001865,Arginine and Proline Metabolism,0.6,none,random,5,3,-0.64143122,-0.64143122,0.0,0.0,1,1.0,1.0,Creatine,Creatine
ST001865,Arginine and Proline Metabolism,0.6,none,degree,5,3,-0.64143122,-0.71221762,0.07078641,0.11035697,0,1.0,,Creatine,Arginine
ST001865,Arginine and Proline Metabolism,0.6,none,variance,5,3,-0.64143122,-0.78729747,0.14586625,0.22740747,0,1.0,-0.333333,Creatine,Proline
ST001865,Arginine and Proline Metabolism,0.6,none,diffabundance,5,3,-0.64143122,-0.64143122,0.0,0.0,1,1.0,0.333333,Creatine,Creatine
ST001865,Arginine and Proline Metabolism,0.6,none,surrogate,5,3,-0.64143122,-0.78729747,0.14586625,0.22740747,0,1.0,-0.333333,Creatine,Proline
ST001865,Arginine and Proline Metabolism,0.6,none,gnc_commutator,5,3,-0.64143122,-0.71221762,0.07078641,0.11035697,0,1.0,0.333333,Creatine,Arginine
ST001865,Arginine and Proline Metabolism,0.6,none,mb2d_transport,5,3,-0.64143122,-0.71221762,0.07078641,0.11035697,0,1.0,-0.333333,Creatine,Arginine
ST001865,Arginine and Proline Metabolism,0.6,none,random,5,3,-0.64143122,-0.64143122,0.0,0.0,1,1.0,0.333333,Creatine,Creatine
ST001865,Arginine and Proline Metabolism,0.6,none,degree,5,3,-0.64143122,-0.71221762,0.07078641,0.11035697,0,1.0,,Creatine,Arginine
ST001865,Arginine and Proline Metabolism,0.6,none,variance,5,3,-0.64143122,-0.78729747,0.14586625,0.22740747,0,1.0,-0.333333,Creatine,Proline
ST001865,Arginine and Proline Metabolism,0.6,none,diffabundance,5,3,-0.64143122,-0.64143122,0.0,0.0,1,1.0,0.333333,Creatine,Creatine
ST001865,Arginine and Proline Metabolism,0.6,none,surrogate,5,3,-0.43405836,-0.56151461,0.12745626,0.29363852,0,1.0,0.333333,Creatine,Proline
ST001865,Arginine and Proline Metabolism,0.6,none,gnc_commutator,5,3,-0.43405836,-0.6615085,0.22745015,0.52400822,0,1.0,-0.333333,Creatine,Creatinine
ST001865,Arginine and Proline Metabolism,0.6,none,mb2d_transport,5,3,-0.43405836,-0.6615085,0.22745015,0.52400822,0,1.0,-1.0,Creatine,Creatinine
ST001865,Arginine and Proline Metabolism,0.6,none,random,5,3,-0.43405836,-0.6615085,0.22745015,0.52400822,0,1.0,-1.0,Creatine,Creatinine
ST001865,Arginine and Proline Metabolism,0.6,none,degree,5,3,-0.43405836,-0.43405836,0.0,0.0,1,1.0,,Creatine,Creatine
ST001865,Arginine and Proline Metabolism,0.6,none,variance,5,3,-0.43405836,-0.56151461,0.12745626,0.29363852,0,1.0,0.333333,Creatine,Proline
ST001865,Arginine and Proline Metabolism,0.6,none,diffabundance,5,3,-0.43405836,-0.43405836,0.0,0.0,1,1.0,1.0,Creatine,Creatine
ST001865,Arginine and Proline Metabolism,0.6,none,surrogate,5,3,-0.37846464,-0.70717976,0.32871513,0.86854912,0,1.0,-0.333333,Citrulline,Proline
ST001865,Arginine and Proline Metabolism,0.6,none,gnc_commutator,5,3,-0.37846464,-0.70717976,0.32871513,0.86854912,0,1.0,-0.333333,Citrulline,Proline
ST001865,Arginine and Proline Metabolism,0.6,none,mb2d_transport,5,3,-0.37846464,-0.70717976,0.32871513,0.86854912,0,1.0,-0.333333,Citrulline,Proline
ST001865,Arginine and Proline Metabolism,0.6,none,random,5,3,-0.37846464,-0.37846464,0.0,0.0,1,1.0,1.0,Citrulline,Citrulline
ST001865,Arginine and Proline Metabolism,0.6,none,degree,5,3,-0.37846464,-0.37846464,0.0,0.0,1,1.0,,Citrulline,Citrulline
ST001865,Arginine and Proline Metabolism,0.6,none,variance,5,3,-0.37846464,-0.70717976,0.32871513,0.86854912,0,1.0,-0.333333,Citrulline,Proline
ST001865,Arginine and Proline Metabolism,0.6,none,diffabundance,5,3,-0.37846464,-0.70717976,0.32871513,0.86854912,0,1.0,-0.333333,Citrulline,Proline
ST001865,Arginine and Proline Metabolism,0.6,none,surrogate,5,3,-0.62547157,-0.82673044,0.20125887,0.32177142,0,1.0,0.333333,Citrulline,Creatine
ST001865,Arginine and Proline Metabolism,0.6,none,gnc_commutator,5,3,-0.62547157,-0.62547157,0.0,0.0,1,1.0,1.0,Citrulline,Citrulline
ST001865,Arginine and Proline Metabolism,0.6,none,mb2d_transport,5,3,-0.62547157,-0.82673044,0.20125887,0.32177142,0,1.0,0.333333,Citrulline,Creatine
ST001865,Arginine and Proline Metabolism,0.6,none,random,5,3,-0.62547157,-0.62547157,0.0,0.0,1,1.0,1.0,Citrulline,Citrulline
ST001865,Arginine and Proline Metabolism,0.6,none,degree,5,3,-0.62547157,-0.62547157,0.0,0.0,1,1.0,,Citrulline,Citrulline
ST001865,Arginine and Proline Metabolism,0.6,none,variance,5,3,-0.62547157,-0.82673044,0.20125887,0.32177142,0,1.0,0.333333,Citrulline,Creatine
ST001865,Arginine and Proline Metabolism,0.6,none,diffabundance,5,3,-0.62547157,-0.82673044,0.20125887,0.32177142,0,1.0,0.333333,Citrulline,Creatine
ST001865,Arginine and Proline Metabolism,0.6,none,surrogate,5,3,-0.91326751,-0.96669843,0.05343092,0.05850522,0,1.0,-0.333333,Citrulline,Creatine
ST001865,Arginine and Proline Metabolism,0.6,none,gnc_commutator,5,3,-0.91326751,-0.91326751,0.0,0.0,1,1.0,0.333333,Citrulline,Citrulline
ST001865,Arginine and Proline Metabolism,0.6,none,mb2d_transport,5,3,-0.91326751,-0.96669843,0.05343092,0.05850522,0,1.0,-0.333333,Citrulline,Creatine
ST001865,Arginine and Proline Metabolism,0.6,none,random,5,3,-0.91326751,-0.91326751,0.0,0.0,1,1.0,1.0,Citrulline,Citrulline
ST001865,Arginine and Proline Metabolism,0.6,none,degree,5,3,-0.91326751,-0.97577064,0.06250313,0.06843902,0,1.0,,Citrulline,Arginine
ST001865,Arginine and Proline Metabolism,0.6,none,variance,5,3,-0.91326751,-0.96669843,0.05343092,0.05850522,0,1.0,-0.333333,Citrulline,Creatine
ST001865,Arginine and Proline Metabolism,0.6,none,diffabundance,5,3,-0.91326751,-0.96669843,0.05343092,0.05850522,0,1.0,-0.333333,Citrulline,Creatine
ST001865,Arginine and Proline Metabolism,0.6,none,surrogate,5,3,-0.62547157,-0.82673044,0.20125887,0.32177142,0,1.0,0.333333,Citrulline,Creatine
ST001865,Arginine and Proline Metabolism,0.6,none,gnc_commutator,5,3,-0.62547157,-0.62547157,0.0,0.0,1,1.0,1.0,Citrulline,Citrulline
ST001865,Arginine and Proline Metabolism,0.6,none,mb2d_transport,5,3,-0.62547157,-0.82673044,0.20125887,0.32177142,0,1.0,0.333333,Citrulline,Creatine
ST001865,Arginine and Proline Metabolism,0.6,none,random,5,3,-0.62547157,-0.82673044,0.20125887,0.32177142,0,1.0,-0.333333,Citrulline,Creatine
ST001865,Arginine and Proline Metabolism,0.6,none,degree,5,3,-0.62547157,-0.62547157,0.0,0.0,1,1.0,,Citrulline,Citrulline
ST001865,Arginine and Proline Metabolism,0.6,none,variance,5,3,-0.62547157,-0.82673044,0.20125887,0.32177142,0,1.0,0.333333,Citrulline,Creatine
ST001865,Arginine and Proline Metabolism,0.6,none,diffabundance,5,3,-0.62547157,-0.82673044,0.20125887,0.32177142,0,1.0,0.333333,Citrulline,Creatine
ST001865,Arginine and Proline Metabolism,0.6,none,surrogate,5,3,-0.37846464,-0.70717976,0.32871513,0.86854912,0,1.0,-0.333333,Citrulline,Proline
ST001865,Arginine and Proline Metabolism,0.6,none,gnc_commutator,5,3,-0.37846464,-0.70717976,0.32871513,0.86854912,0,1.0,-0.333333,Citrulline,Proline
ST001865,Arginine and Proline Metabolism,0.6,none,mb2d_transport,5,3,-0.37846464,-0.70717976,0.32871513,0.86854912,0,1.0,-0.333333,Citrulline,Proline
ST001865,Arginine and Proline Metabolism,0.6,none,random,5,3,-0.37846464,-0.70717976,0.32871513,0.86854912,0,1.0,-1.0,Citrulline,Proline
ST001865,Arginine and Proline Metabolism,0.6,none,degree,5,3,-0.37846464,-0.37846464,0.0,0.0,1,1.0,,Citrulline,Citrulline
ST001865,Arginine and Proline Metabolism,0.6,none,variance,5,3,-0.37846464,-0.70717976,0.32871513,0.86854912,0,1.0,-0.333333,Citrulline,Proline
ST001865,Arginine and Proline Metabolism,0.6,none,diffabundance,5,3,-0.37846464,-0.70717976,0.32871513,0.86854912,0,1.0,-0.333333,Citrulline,Proline
ST001865,Arginine and Proline Metabolism,0.6,none,surrogate,5,3,-0.91326751,-0.96669843,0.05343092,0.05850522,0,1.0,-0.333333,Citrulline,Creatine
ST001865,Arginine and Proline Metabolism,0.6,none,gnc_commutator,5,3,-0.91326751,-0.91326751,0.0,0.0,1,1.0,0.333333,Citrulline,Citrulline
ST001865,Arginine and Proline Metabolism,0.6,none,mb2d_transport,5,3,-0.91326751,-0.96669843,0.05343092,0.05850522,0,1.0,-0.333333,Citrulline,Creatine
ST001865,Arginine and Proline Metabolism,0.6,none,random,5,3,-0.91326751,-0.91326751,0.0,0.0,1,1.0,0.333333,Citrulline,Citrulline
ST001865,Arginine and Proline Metabolism,0.6,none,degree,5,3,-0.91326751,-0.97577064,0.06250313,0.06843902,0,1.0,,Citrulline,Arginine
ST001865,Arginine and Proline Metabolism,0.6,none,variance,5,3,-0.91326751,-0.96669843,0.05343092,0.05850522,0,1.0,-0.333333,Citrulline,Creatine
ST001865,Arginine and Proline Metabolism,0.6,none,diffabundance,5,3,-0.91326751,-0.96669843,0.05343092,0.05850522,0,1.0,-0.333333,Citrulline,Creatine
ST001865,Arginine and Proline Metabolism,0.6,none,surrogate,5,3,-0.43405836,-0.56151461,0.12745626,0.29363852,0,1.0,0.333333,Creatine,Proline
ST001865,Arginine and Proline Metabolism,0.6,none,gnc_commutator,5,3,-0.43405836,-0.6615085,0.22745015,0.52400822,0,1.0,-0.333333,Creatine,Creatinine
ST001865,Arginine and Proline Metabolism,0.6,none,mb2d_transport,5,3,-0.43405836,-0.6615085,0.22745015,0.52400822,0,1.0,-1.0,Creatine,Creatinine
ST001865,Arginine and Proline Metabolism,0.6,none,random,5,3,-0.43405836,-0.43405836,0.0,0.0,1,1.0,1.0,Creatine,Creatine
ST001865,Arginine and Proline Metabolism,0.6,none,degree,5,3,-0.43405836,-0.43405836,0.0,0.0,1,1.0,,Creatine,Creatine
ST001865,Arginine and Proline Metabolism,0.6,none,variance,5,3,-0.43405836,-0.56151461,0.12745626,0.29363852,0,1.0,0.333333,Creatine,Proline
ST001865,Arginine and Proline Metabolism,0.6,none,diffabundance,5,3,-0.43405836,-0.43405836,0.0,0.0,1,1.0,1.0,Creatine,Creatine
ST001865,Glycerophospholipid Metabolism,0.4,none,surrogate,3,1,-0.66675676,-0.66675676,0.0,0.0,1,0.3333,,Choline,Choline
ST001865,Glycerophospholipid Metabolism,0.4,none,gnc_commutator,3,1,-0.66675676,-0.66675676,0.0,0.0,1,0.3333,,Choline,Choline
ST001865,Glycerophospholipid Metabolism,0.4,none,mb2d_transport,3,1,-0.66675676,-0.66675676,0.0,0.0,1,0.3333,,Choline,Choline
ST001865,Glycerophospholipid Metabolism,0.4,none,random,3,1,-0.66675676,-0.66675676,0.0,0.0,1,0.3333,,Choline,Choline
ST001865,Glycerophospholipid Metabolism,0.4,none,degree,3,1,-0.66675676,-0.66675676,0.0,0.0,1,0.3333,,Choline,Choline
ST001865,Glycerophospholipid Metabolism,0.4,none,variance,3,1,-0.66675676,-0.66675676,0.0,0.0,1,0.3333,,Choline,Choline
ST001865,Glycerophospholipid Metabolism,0.4,none,diffabundance,3,1,-0.66675676,-0.66675676,0.0,0.0,1,0.3333,,Choline,Choline
ST001865,Glycerophospholipid Metabolism,0.4,none,surrogate,3,1,-0.66675676,-0.66675676,0.0,0.0,1,0.3333,,Choline,Choline
ST001865,Glycerophospholipid Metabolism,0.4,none,gnc_commutator,3,1,-0.66675676,-0.66675676,0.0,0.0,1,0.3333,,Choline,Choline
ST001865,Glycerophospholipid Metabolism,0.4,none,mb2d_transport,3,1,-0.66675676,-0.66675676,0.0,0.0,1,0.3333,,Choline,Choline
ST001865,Glycerophospholipid Metabolism,0.4,none,random,3,1,-0.66675676,-0.66675676,0.0,0.0,1,0.3333,,Choline,Choline
ST001865,Glycerophospholipid Metabolism,0.4,none,degree,3,1,-0.66675676,-0.66675676,0.0,0.0,1,0.3333,,Choline,Choline
ST001865,Glycerophospholipid Metabolism,0.4,none,variance,3,1,-0.66675676,-0.66675676,0.0,0.0,1,0.3333,,Choline,Choline
ST001865,Glycerophospholipid Metabolism,0.4,none,diffabundance,3,1,-0.66675676,-0.66675676,0.0,0.0,1,0.3333,,Choline,Choline
ST001865,Glycerophospholipid Metabolism,0.4,none,surrogate,3,1,-0.66675676,-0.66675676,0.0,0.0,1,0.3333,,Choline,Choline
ST001865,Glycerophospholipid Metabolism,0.4,none,gnc_commutator,3,1,-0.66675676,-0.66675676,0.0,0.0,1,0.3333,,Choline,Choline
ST001865,Glycerophospholipid Metabolism,0.4,none,mb2d_transport,3,1,-0.66675676,-0.66675676,0.0,0.0,1,0.3333,,Choline,Choline
ST001865,Glycerophospholipid Metabolism,0.4,none,random,3,1,-0.66675676,-0.66675676,0.0,0.0,1,0.3333,,Choline,Choline
ST001865,Glycerophospholipid Metabolism,0.4,none,degree,3,1,-0.66675676,-0.66675676,0.0,0.0,1,0.3333,,Choline,Choline
ST001865,Glycerophospholipid Metabolism,0.4,none,variance,3,1,-0.66675676,-0.66675676,0.0,0.0,1,0.3333,,Choline,Choline
ST001865,Glycerophospholipid Metabolism,0.4,none,diffabundance,3,1,-0.66675676,-0.66675676,0.0,0.0,1,0.3333,,Choline,Choline
ST001865,Glycerophospholipid Metabolism,0.4,none,surrogate,3,1,-0.66675676,-0.66675676,0.0,0.0,1,0.3333,,Choline,Choline
ST001865,Glycerophospholipid Metabolism,0.4,none,gnc_commutator,3,1,-0.66675676,-0.66675676,0.0,0.0,1,0.3333,,Choline,Choline
ST001865,Glycerophospholipid Metabolism,0.4,none,mb2d_transport,3,1,-0.66675676,-0.66675676,0.0,0.0,1,0.3333,,Choline,Choline
ST001865,Glycerophospholipid Metabolism,0.4,none,random,3,1,-0.66675676,-0.66675676,0.0,0.0,1,0.3333,,Choline,Choline
ST001865,Glycerophospholipid Metabolism,0.4,none,degree,3,1,-0.66675676,-0.66675676,0.0,0.0,1,0.3333,,Choline,Choline
ST001865,Glycerophospholipid Metabolism,0.4,none,variance,3,1,-0.66675676,-0.66675676,0.0,0.0,1,0.3333,,Choline,Choline
ST001865,Glycerophospholipid Metabolism,0.4,none,diffabundance,3,1,-0.66675676,-0.66675676,0.0,0.0,1,0.3333,,Choline,Choline
ST001865,Glycerophospholipid Metabolism,0.4,none,surrogate,3,1,-0.79057799,-0.79057799,0.0,0.0,1,0.3333,,Betaine,Betaine
ST001865,Glycerophospholipid Metabolism,0.4,none,gnc_commutator,3,1,-0.79057799,-0.79057799,0.0,0.0,1,0.3333,,Betaine,Betaine
ST001865,Glycerophospholipid Metabolism,0.4,none,mb2d_transport,3,1,-0.79057799,-0.79057799,0.0,0.0,1,0.3333,,Betaine,Betaine
ST001865,Glycerophospholipid Metabolism,0.4,none,random,3,1,-0.79057799,-0.79057799,0.0,0.0,1,0.3333,,Betaine,Betaine
ST001865,Glycerophospholipid Metabolism,0.4,none,degree,3,1,-0.79057799,-0.79057799,0.0,0.0,1,0.3333,,Betaine,Betaine
ST001865,Glycerophospholipid Metabolism,0.4,none,variance,3,1,-0.79057799,-0.79057799,0.0,0.0,1,0.3333,,Betaine,Betaine
ST001865,Glycerophospholipid Metabolism,0.4,none,diffabundance,3,1,-0.79057799,-0.79057799,0.0,0.0,1,0.3333,,Betaine,Betaine
ST001865,Glycerophospholipid Metabolism,0.4,none,surrogate,3,1,-0.53287704,-0.53287704,0.0,0.0,1,0.3333,,sn-Glycero-3-phosphocholine,sn-Glycero-3-phosphocholine
ST001865,Glycerophospholipid Metabolism,0.4,none,gnc_commutator,3,1,-0.53287704,-0.53287704,0.0,0.0,1,0.3333,,sn-Glycero-3-phosphocholine,sn-Glycero-3-phosphocholine
ST001865,Glycerophospholipid Metabolism,0.4,none,mb2d_transport,3,1,-0.53287704,-0.53287704,0.0,0.0,1,0.3333,,sn-Glycero-3-phosphocholine,sn-Glycero-3-phosphocholine
ST001865,Glycerophospholipid Metabolism,0.4,none,random,3,1,-0.53287704,-0.53287704,0.0,0.0,1,0.3333,,sn-Glycero-3-phosphocholine,sn-Glycero-3-phosphocholine
ST001865,Glycerophospholipid Metabolism,0.4,none,degree,3,1,-0.53287704,-0.53287704,0.0,0.0,1,0.3333,,sn-Glycero-3-phosphocholine,sn-Glycero-3-phosphocholine
ST001865,Glycerophospholipid Metabolism,0.4,none,variance,3,1,-0.53287704,-0.53287704,0.0,0.0,1,0.3333,,sn-Glycero-3-phosphocholine,sn-Glycero-3-phosphocholine
ST001865,Glycerophospholipid Metabolism,0.4,none,diffabundance,3,1,-0.53287704,-0.53287704,0.0,0.0,1,0.3333,,sn-Glycero-3-phosphocholine,sn-Glycero-3-phosphocholine
ST001865,Glycerophospholipid Metabolism,0.4,none,surrogate,3,1,-0.53287704,-0.53287704,0.0,0.0,1,0.3333,,sn-Glycero-3-phosphocholine,sn-Glycero-3-phosphocholine
ST001865,Glycerophospholipid Metabolism,0.4,none,gnc_commutator,3,1,-0.53287704,-0.53287704,0.0,0.0,1,0.3333,,sn-Glycero-3-phosphocholine,sn-Glycero-3-phosphocholine
ST001865,Glycerophospholipid Metabolism,0.4,none,mb2d_transport,3,1,-0.53287704,-0.53287704,0.0,0.0,1,0.3333,,sn-Glycero-3-phosphocholine,sn-Glycero-3-phosphocholine
ST001865,Glycerophospholipid Metabolism,0.4,none,random,3,1,-0.53287704,-0.53287704,0.0,0.0,1,0.3333,,sn-Glycero-3-phosphocholine,sn-Glycero-3-phosphocholine
ST001865,Glycerophospholipid Metabolism,0.4,none,degree,3,1,-0.53287704,-0.53287704,0.0,0.0,1,0.3333,,sn-Glycero-3-phosphocholine,sn-Glycero-3-phosphocholine
ST001865,Glycerophospholipid Metabolism,0.4,none,variance,3,1,-0.53287704,-0.53287704,0.0,0.0,1,0.3333,,sn-Glycero-3-phosphocholine,sn-Glycero-3-phosphocholine
ST001865,Glycerophospholipid Metabolism,0.4,none,diffabundance,3,1,-0.53287704,-0.53287704,0.0,0.0,1,0.3333,,sn-Glycero-3-phosphocholine,sn-Glycero-3-phosphocholine
ST001865,Glycerophospholipid Metabolism,0.4,none,surrogate,3,1,-0.66675676,-0.66675676,0.0,0.0,1,0.3333,,Choline,Choline
ST001865,Glycerophospholipid Metabolism,0.4,none,gnc_commutator,3,1,-0.66675676,-0.66675676,0.0,0.0,1,0.3333,,Choline,Choline
ST001865,Glycerophospholipid Metabolism,0.4,none,mb2d_transport,3,1,-0.66675676,-0.66675676,0.0,0.0,1,0.3333,,Choline,Choline
ST001865,Glycerophospholipid Metabolism,0.4,none,random,3,1,-0.66675676,-0.66675676,0.0,0.0,1,0.3333,,Choline,Choline
ST001865,Glycerophospholipid Metabolism,0.4,none,degree,3,1,-0.66675676,-0.66675676,0.0,0.0,1,0.3333,,Choline,Choline
ST001865,Glycerophospholipid Metabolism,0.4,none,variance,3,1,-0.66675676,-0.66675676,0.0,0.0,1,0.3333,,Choline,Choline
ST001865,Glycerophospholipid Metabolism,0.4,none,diffabundance,3,1,-0.66675676,-0.66675676,0.0,0.0,1,0.3333,,Choline,Choline
ST001865,Glycerophospholipid Metabolism,0.4,none,surrogate,3,1,-0.53287704,-0.53287704,0.0,0.0,1,0.3333,,sn-Glycero-3-phosphocholine,sn-Glycero-3-phosphocholine
ST001865,Glycerophospholipid Metabolism,0.4,none,gnc_commutator,3,1,-0.53287704,-0.53287704,0.0,0.0,1,0.3333,,sn-Glycero-3-phosphocholine,sn-Glycero-3-phosphocholine
ST001865,Glycerophospholipid Metabolism,0.4,none,mb2d_transport,3,1,-0.53287704,-0.53287704,0.0,0.0,1,0.3333,,sn-Glycero-3-phosphocholine,sn-Glycero-3-phosphocholine
ST001865,Glycerophospholipid Metabolism,0.4,none,random,3,1,-0.53287704,-0.53287704,0.0,0.0,1,0.3333,,sn-Glycero-3-phosphocholine,sn-Glycero-3-phosphocholine
ST001865,Glycerophospholipid Metabolism,0.4,none,degree,3,1,-0.53287704,-0.53287704,0.0,0.0,1,0.3333,,sn-Glycero-3-phosphocholine,sn-Glycero-3-phosphocholine
ST001865,Glycerophospholipid Metabolism,0.4,none,variance,3,1,-0.53287704,-0.53287704,0.0,0.0,1,0.3333,,sn-Glycero-3-phosphocholine,sn-Glycero-3-phosphocholine
ST001865,Glycerophospholipid Metabolism,0.4,none,diffabundance,3,1,-0.53287704,-0.53287704,0.0,0.0,1,0.3333,,sn-Glycero-3-phosphocholine,sn-Glycero-3-phosphocholine
ST001865,Glycerophospholipid Metabolism,0.4,none,surrogate,3,1,-0.79057799,-0.79057799,0.0,0.0,1,0.3333,,Betaine,Betaine
ST001865,Glycerophospholipid Metabolism,0.4,none,gnc_commutator,3,1,-0.79057799,-0.79057799,0.0,0.0,1,0.3333,,Betaine,Betaine
ST001865,Glycerophospholipid Metabolism,0.4,none,mb2d_transport,3,1,-0.79057799,-0.79057799,0.0,0.0,1,0.3333,,Betaine,Betaine
ST001865,Glycerophospholipid Metabolism,0.4,none,random,3,1,-0.79057799,-0.79057799,0.0,0.0,1,0.3333,,Betaine,Betaine
ST001865,Glycerophospholipid Metabolism,0.4,none,degree,3,1,-0.79057799,-0.79057799,0.0,0.0,1,0.3333,,Betaine,Betaine
ST001865,Glycerophospholipid Metabolism,0.4,none,variance,3,1,-0.79057799,-0.79057799,0.0,0.0,1,0.3333,,Betaine,Betaine
ST001865,Glycerophospholipid Metabolism,0.4,none,diffabundance,3,1,-0.79057799,-0.79057799,0.0,0.0,1,0.3333,,Betaine,Betaine
ST001865,Glycerophospholipid Metabolism,0.4,none,surrogate,3,1,-0.66675676,-0.66675676,0.0,0.0,1,0.3333,,Choline,Choline
ST001865,Glycerophospholipid Metabolism,0.4,none,gnc_commutator,3,1,-0.66675676,-0.66675676,0.0,0.0,1,0.3333,,Choline,Choline
ST001865,Glycerophospholipid Metabolism,0.4,none,mb2d_transport,3,1,-0.66675676,-0.66675676,0.0,0.0,1,0.3333,,Choline,Choline
ST001865,Glycerophospholipid Metabolism,0.4,none,random,3,1,-0.66675676,-0.66675676,0.0,0.0,1,0.3333,,Choline,Choline
ST001865,Glycerophospholipid Metabolism,0.4,none,degree,3,1,-0.66675676,-0.66675676,0.0,0.0,1,0.3333,,Choline,Choline
ST001865,Glycerophospholipid Metabolism,0.4,none,variance,3,1,-0.66675676,-0.66675676,0.0,0.0,1,0.3333,,Choline,Choline
ST001865,Glycerophospholipid Metabolism,0.4,none,diffabundance,3,1,-0.66675676,-0.66675676,0.0,0.0,1,0.3333,,Choline,Choline
ST001865,Glycerophospholipid Metabolism,0.4,none,surrogate,3,1,-0.79057799,-0.79057799,0.0,0.0,1,0.3333,,Betaine,Betaine
ST001865,Glycerophospholipid Metabolism,0.4,none,gnc_commutator,3,1,-0.79057799,-0.79057799,0.0,0.0,1,0.3333,,Betaine,Betaine
ST001865,Glycerophospholipid Metabolism,0.4,none,mb2d_transport,3,1,-0.79057799,-0.79057799,0.0,0.0,1,0.3333,,Betaine,Betaine
ST001865,Glycerophospholipid Metabolism,0.4,none,random,3,1,-0.79057799,-0.79057799,0.0,0.0,1,0.3333,,Betaine,Betaine
ST001865,Glycerophospholipid Metabolism,0.4,none,degree,3,1,-0.79057799,-0.79057799,0.0,0.0,1,0.3333,,Betaine,Betaine
ST001865,Glycerophospholipid Metabolism,0.4,none,variance,3,1,-0.79057799,-0.79057799,0.0,0.0,1,0.3333,,Betaine,Betaine
ST001865,Glycerophospholipid Metabolism,0.4,none,diffabundance,3,1,-0.79057799,-0.79057799,0.0,0.0,1,0.3333,,Betaine,Betaine
ST001865,Glycerophospholipid Metabolism,0.4,none,surrogate,3,1,-0.79057799,-0.79057799,0.0,0.0,1,0.3333,,Betaine,Betaine
ST001865,Glycerophospholipid Metabolism,0.4,none,gnc_commutator,3,1,-0.79057799,-0.79057799,0.0,0.0,1,0.3333,,Betaine,Betaine
ST001865,Glycerophospholipid Metabolism,0.4,none,mb2d_transport,3,1,-0.79057799,-0.79057799,0.0,0.0,1,0.3333,,Betaine,Betaine
ST001865,Glycerophospholipid Metabolism,0.4,none,random,3,1,-0.79057799,-0.79057799,0.0,0.0,1,0.3333,,Betaine,Betaine
ST001865,Glycerophospholipid Metabolism,0.4,none,degree,3,1,-0.79057799,-0.79057799,0.0,0.0,1,0.3333,,Betaine,Betaine
ST001865,Glycerophospholipid Metabolism,0.4,none,variance,3,1,-0.79057799,-0.79057799,0.0,0.0,1,0.3333,,Betaine,Betaine
ST001865,Glycerophospholipid Metabolism,0.4,none,diffabundance,3,1,-0.79057799,-0.79057799,0.0,0.0,1,0.3333,,Betaine,Betaine
ST001865,Glycerophospholipid Metabolism,0.4,none,surrogate,3,1,-0.53287704,-0.53287704,0.0,0.0,1,0.3333,,sn-Glycero-3-phosphocholine,sn-Glycero-3-phosphocholine
ST001865,Glycerophospholipid Metabolism,0.4,none,gnc_commutator,3,1,-0.53287704,-0.53287704,0.0,0.0,1,0.3333,,sn-Glycero-3-phosphocholine,sn-Glycero-3-phosphocholine
ST001865,Glycerophospholipid Metabolism,0.4,none,mb2d_transport,3,1,-0.53287704,-0.53287704,0.0,0.0,1,0.3333,,sn-Glycero-3-phosphocholine,sn-Glycero-3-phosphocholine
ST001865,Glycerophospholipid Metabolism,0.4,none,random,3,1,-0.53287704,-0.53287704,0.0,0.0,1,0.3333,,sn-Glycero-3-phosphocholine,sn-Glycero-3-phosphocholine
ST001865,Glycerophospholipid Metabolism,0.4,none,degree,3,1,-0.53287704,-0.53287704,0.0,0.0,1,0.3333,,sn-Glycero-3-phosphocholine,sn-Glycero-3-phosphocholine
ST001865,Glycerophospholipid Metabolism,0.4,none,variance,3,1,-0.53287704,-0.53287704,0.0,0.0,1,0.3333,,sn-Glycero-3-phosphocholine,sn-Glycero-3-phosphocholine
ST001865,Glycerophospholipid Metabolism,0.4,none,diffabundance,3,1,-0.53287704,-0.53287704,0.0,0.0,1,0.3333,,sn-Glycero-3-phosphocholine,sn-Glycero-3-phosphocholine
ST001865,Glycerophospholipid Metabolism,0.4,none,surrogate,3,1,-0.79057799,-0.79057799,0.0,0.0,1,0.3333,,Betaine,Betaine
ST001865,Glycerophospholipid Metabolism,0.4,none,gnc_commutator,3,1,-0.79057799,-0.79057799,0.0,0.0,1,0.3333,,Betaine,Betaine
ST001865,Glycerophospholipid Metabolism,0.4,none,mb2d_transport,3,1,-0.79057799,-0.79057799,0.0,0.0,1,0.3333,,Betaine,Betaine
ST001865,Glycerophospholipid Metabolism,0.4,none,random,3,1,-0.79057799,-0.79057799,0.0,0.0,1,0.3333,,Betaine,Betaine
ST001865,Glycerophospholipid Metabolism,0.4,none,degree,3,1,-0.79057799,-0.79057799,0.0,0.0,1,0.3333,,Betaine,Betaine
ST001865,Glycerophospholipid Metabolism,0.4,none,variance,3,1,-0.79057799,-0.79057799,0.0,0.0,1,0.3333,,Betaine,Betaine
ST001865,Glycerophospholipid Metabolism,0.4,none,diffabundance,3,1,-0.79057799,-0.79057799,0.0,0.0,1,0.3333,,Betaine,Betaine
ST001865,Glycerophospholipid Metabolism,0.4,none,surrogate,3,1,-0.79057799,-0.79057799,0.0,0.0,1,0.3333,,Betaine,Betaine
ST001865,Glycerophospholipid Metabolism,0.4,none,gnc_commutator,3,1,-0.79057799,-0.79057799,0.0,0.0,1,0.3333,,Betaine,Betaine
ST001865,Glycerophospholipid Metabolism,0.4,none,mb2d_transport,3,1,-0.79057799,-0.79057799,0.0,0.0,1,0.3333,,Betaine,Betaine
ST001865,Glycerophospholipid Metabolism,0.4,none,random,3,1,-0.79057799,-0.79057799,0.0,0.0,1,0.3333,,Betaine,Betaine
ST001865,Glycerophospholipid Metabolism,0.4,none,degree,3,1,-0.79057799,-0.79057799,0.0,0.0,1,0.3333,,Betaine,Betaine
ST001865,Glycerophospholipid Metabolism,0.4,none,variance,3,1,-0.79057799,-0.79057799,0.0,0.0,1,0.3333,,Betaine,Betaine
ST001865,Glycerophospholipid Metabolism,0.4,none,diffabundance,3,1,-0.79057799,-0.79057799,0.0,0.0,1,0.3333,,Betaine,Betaine
ST001865,Glycerophospholipid Metabolism,0.4,none,surrogate,3,1,-0.66675676,-0.66675676,0.0,0.0,1,0.3333,,Choline,Choline
ST001865,Glycerophospholipid Metabolism,0.4,none,gnc_commutator,3,1,-0.66675676,-0.66675676,0.0,0.0,1,0.3333,,Choline,Choline
ST001865,Glycerophospholipid Metabolism,0.4,none,mb2d_transport,3,1,-0.66675676,-0.66675676,0.0,0.0,1,0.3333,,Choline,Choline
ST001865,Glycerophospholipid Metabolism,0.4,none,random,3,1,-0.66675676,-0.66675676,0.0,0.0,1,0.3333,,Choline,Choline
ST001865,Glycerophospholipid Metabolism,0.4,none,degree,3,1,-0.66675676,-0.66675676,0.0,0.0,1,0.3333,,Choline,Choline
ST001865,Glycerophospholipid Metabolism,0.4,none,variance,3,1,-0.66675676,-0.66675676,0.0,0.0,1,0.3333,,Choline,Choline
ST001865,Glycerophospholipid Metabolism,0.4,none,diffabundance,3,1,-0.66675676,-0.66675676,0.0,0.0,1,0.3333,,Choline,Choline
ST001865,Glycerophospholipid Metabolism,0.4,none,surrogate,3,1,-0.53287704,-0.53287704,0.0,0.0,1,0.3333,,sn-Glycero-3-phosphocholine,sn-Glycero-3-phosphocholine
ST001865,Glycerophospholipid Metabolism,0.4,none,gnc_commutator,3,1,-0.53287704,-0.53287704,0.0,0.0,1,0.3333,,sn-Glycero-3-phosphocholine,sn-Glycero-3-phosphocholine
ST001865,Glycerophospholipid Metabolism,0.4,none,mb2d_transport,3,1,-0.53287704,-0.53287704,0.0,0.0,1,0.3333,,sn-Glycero-3-phosphocholine,sn-Glycero-3-phosphocholine
ST001865,Glycerophospholipid Metabolism,0.4,none,random,3,1,-0.53287704,-0.53287704,0.0,0.0,1,0.3333,,sn-Glycero-3-phosphocholine,sn-Glycero-3-phosphocholine
ST001865,Glycerophospholipid Metabolism,0.4,none,degree,3,1,-0.53287704,-0.53287704,0.0,0.0,1,0.3333,,sn-Glycero-3-phosphocholine,sn-Glycero-3-phosphocholine
ST001865,Glycerophospholipid Metabolism,0.4,none,variance,3,1,-0.53287704,-0.53287704,0.0,0.0,1,0.3333,,sn-Glycero-3-phosphocholine,sn-Glycero-3-phosphocholine
ST001865,Glycerophospholipid Metabolism,0.4,none,diffabundance,3,1,-0.53287704,-0.53287704,0.0,0.0,1,0.3333,,sn-Glycero-3-phosphocholine,sn-Glycero-3-phosphocholine
ST001865,Glycerophospholipid Metabolism,0.4,none,surrogate,3,1,-0.53287704,-0.53287704,0.0,0.0,1,0.3333,,sn-Glycero-3-phosphocholine,sn-Glycero-3-phosphocholine
ST001865,Glycerophospholipid Metabolism,0.4,none,gnc_commutator,3,1,-0.53287704,-0.53287704,0.0,0.0,1,0.3333,,sn-Glycero-3-phosphocholine,sn-Glycero-3-phosphocholine
ST001865,Glycerophospholipid Metabolism,0.4,none,mb2d_transport,3,1,-0.53287704,-0.53287704,0.0,0.0,1,0.3333,,sn-Glycero-3-phosphocholine,sn-Glycero-3-phosphocholine
ST001865,Glycerophospholipid Metabolism,0.4,none,random,3,1,-0.53287704,-0.53287704,0.0,0.0,1,0.3333,,sn-Glycero-3-phosphocholine,sn-Glycero-3-phosphocholine
ST001865,Glycerophospholipid Metabolism,0.4,none,degree,3,1,-0.53287704,-0.53287704,0.0,0.0,1,0.3333,,sn-Glycero-3-phosphocholine,sn-Glycero-3-phosphocholine
ST001865,Glycerophospholipid Metabolism,0.4,none,variance,3,1,-0.53287704,-0.53287704,0.0,0.0,1,0.3333,,sn-Glycero-3-phosphocholine,sn-Glycero-3-phosphocholine
ST001865,Glycerophospholipid Metabolism,0.4,none,diffabundance,3,1,-0.53287704,-0.53287704,0.0,0.0,1,0.3333,,sn-Glycero-3-phosphocholine,sn-Glycero-3-phosphocholine
ST001865,Glycerophospholipid Metabolism,0.4,none,surrogate,3,1,-0.79057799,-0.79057799,0.0,0.0,1,0.3333,,Betaine,Betaine
ST001865,Glycerophospholipid Metabolism,0.4,none,gnc_commutator,3,1,-0.79057799,-0.79057799,0.0,0.0,1,0.3333,,Betaine,Betaine
ST001865,Glycerophospholipid Metabolism,0.4,none,mb2d_transport,3,1,-0.79057799,-0.79057799,0.0,0.0,1,0.3333,,Betaine,Betaine
ST001865,Glycerophospholipid Metabolism,0.4,none,random,3,1,-0.79057799,-0.79057799,0.0,0.0,1,0.3333,,Betaine,Betaine
ST001865,Glycerophospholipid Metabolism,0.4,none,degree,3,1,-0.79057799,-0.79057799,0.0,0.0,1,0.3333,,Betaine,Betaine
ST001865,Glycerophospholipid Metabolism,0.4,none,variance,3,1,-0.79057799,-0.79057799,0.0,0.0,1,0.3333,,Betaine,Betaine
ST001865,Glycerophospholipid Metabolism,0.4,none,diffabundance,3,1,-0.79057799,-0.79057799,0.0,0.0,1,0.3333,,Betaine,Betaine
ST001865,Glycerophospholipid Metabolism,0.5,none,surrogate,3,1,-0.66675676,-0.66675676,0.0,0.0,1,0.3333,,Choline,Choline
ST001865,Glycerophospholipid Metabolism,0.5,none,gnc_commutator,3,1,-0.66675676,-0.66675676,0.0,0.0,1,0.3333,,Choline,Choline
ST001865,Glycerophospholipid Metabolism,0.5,none,mb2d_transport,3,1,-0.66675676,-0.66675676,0.0,0.0,1,0.3333,,Choline,Choline
ST001865,Glycerophospholipid Metabolism,0.5,none,random,3,1,-0.66675676,-0.66675676,0.0,0.0,1,0.3333,,Choline,Choline
ST001865,Glycerophospholipid Metabolism,0.5,none,degree,3,1,-0.66675676,-0.66675676,0.0,0.0,1,0.3333,,Choline,Choline
ST001865,Glycerophospholipid Metabolism,0.5,none,variance,3,1,-0.66675676,-0.66675676,0.0,0.0,1,0.3333,,Choline,Choline
ST001865,Glycerophospholipid Metabolism,0.5,none,diffabundance,3,1,-0.66675676,-0.66675676,0.0,0.0,1,0.3333,,Choline,Choline
ST001865,Glycerophospholipid Metabolism,0.5,none,surrogate,3,1,-0.79057799,-0.79057799,0.0,0.0,1,0.3333,,Betaine,Betaine
ST001865,Glycerophospholipid Metabolism,0.5,none,gnc_commutator,3,1,-0.79057799,-0.79057799,0.0,0.0,1,0.3333,,Betaine,Betaine
ST001865,Glycerophospholipid Metabolism,0.5,none,mb2d_transport,3,1,-0.79057799,-0.79057799,0.0,0.0,1,0.3333,,Betaine,Betaine
ST001865,Glycerophospholipid Metabolism,0.5,none,random,3,1,-0.79057799,-0.79057799,0.0,0.0,1,0.3333,,Betaine,Betaine
ST001865,Glycerophospholipid Metabolism,0.5,none,degree,3,1,-0.79057799,-0.79057799,0.0,0.0,1,0.3333,,Betaine,Betaine
ST001865,Glycerophospholipid Metabolism,0.5,none,variance,3,1,-0.79057799,-0.79057799,0.0,0.0,1,0.3333,,Betaine,Betaine
ST001865,Glycerophospholipid Metabolism,0.5,none,diffabundance,3,1,-0.79057799,-0.79057799,0.0,0.0,1,0.3333,,Betaine,Betaine
ST001865,Glycerophospholipid Metabolism,0.5,none,surrogate,3,1,-0.79057799,-0.79057799,0.0,0.0,1,0.3333,,Betaine,Betaine
ST001865,Glycerophospholipid Metabolism,0.5,none,gnc_commutator,3,1,-0.79057799,-0.79057799,0.0,0.0,1,0.3333,,Betaine,Betaine
ST001865,Glycerophospholipid Metabolism,0.5,none,mb2d_transport,3,1,-0.79057799,-0.79057799,0.0,0.0,1,0.3333,,Betaine,Betaine
ST001865,Glycerophospholipid Metabolism,0.5,none,random,3,1,-0.79057799,-0.79057799,0.0,0.0,1,0.3333,,Betaine,Betaine
ST001865,Glycerophospholipid Metabolism,0.5,none,degree,3,1,-0.79057799,-0.79057799,0.0,0.0,1,0.3333,,Betaine,Betaine
ST001865,Glycerophospholipid Metabolism,0.5,none,variance,3,1,-0.79057799,-0.79057799,0.0,0.0,1,0.3333,,Betaine,Betaine
ST001865,Glycerophospholipid Metabolism,0.5,none,diffabundance,3,1,-0.79057799,-0.79057799,0.0,0.0,1,0.3333,,Betaine,Betaine
ST001865,Glycerophospholipid Metabolism,0.5,none,surrogate,3,1,-0.53287704,-0.53287704,0.0,0.0,1,0.3333,,sn-Glycero-3-phosphocholine,sn-Glycero-3-phosphocholine
ST001865,Glycerophospholipid Metabolism,0.5,none,gnc_commutator,3,1,-0.53287704,-0.53287704,0.0,0.0,1,0.3333,,sn-Glycero-3-phosphocholine,sn-Glycero-3-phosphocholine
ST001865,Glycerophospholipid Metabolism,0.5,none,mb2d_transport,3,1,-0.53287704,-0.53287704,0.0,0.0,1,0.3333,,sn-Glycero-3-phosphocholine,sn-Glycero-3-phosphocholine
ST001865,Glycerophospholipid Metabolism,0.5,none,random,3,1,-0.53287704,-0.53287704,0.0,0.0,1,0.3333,,sn-Glycero-3-phosphocholine,sn-Glycero-3-phosphocholine
ST001865,Glycerophospholipid Metabolism,0.5,none,degree,3,1,-0.53287704,-0.53287704,0.0,0.0,1,0.3333,,sn-Glycero-3-phosphocholine,sn-Glycero-3-phosphocholine
ST001865,Glycerophospholipid Metabolism,0.5,none,variance,3,1,-0.53287704,-0.53287704,0.0,0.0,1,0.3333,,sn-Glycero-3-phosphocholine,sn-Glycero-3-phosphocholine
ST001865,Glycerophospholipid Metabolism,0.5,none,diffabundance,3,1,-0.53287704,-0.53287704,0.0,0.0,1,0.3333,,sn-Glycero-3-phosphocholine,sn-Glycero-3-phosphocholine
ST001865,Glycerophospholipid Metabolism,0.5,none,surrogate,3,1,-0.79057799,-0.79057799,0.0,0.0,1,0.3333,,Betaine,Betaine
ST001865,Glycerophospholipid Metabolism,0.5,none,gnc_commutator,3,1,-0.79057799,-0.79057799,0.0,0.0,1,0.3333,,Betaine,Betaine
ST001865,Glycerophospholipid Metabolism,0.5,none,mb2d_transport,3,1,-0.79057799,-0.79057799,0.0,0.0,1,0.3333,,Betaine,Betaine
ST001865,Glycerophospholipid Metabolism,0.5,none,random,3,1,-0.79057799,-0.79057799,0.0,0.0,1,0.3333,,Betaine,Betaine
ST001865,Glycerophospholipid Metabolism,0.5,none,degree,3,1,-0.79057799,-0.79057799,0.0,0.0,1,0.3333,,Betaine,Betaine
ST001865,Glycerophospholipid Metabolism,0.5,none,variance,3,1,-0.79057799,-0.79057799,0.0,0.0,1,0.3333,,Betaine,Betaine
ST001865,Glycerophospholipid Metabolism,0.5,none,diffabundance,3,1,-0.79057799,-0.79057799,0.0,0.0,1,0.3333,,Betaine,Betaine
ST001865,Glycerophospholipid Metabolism,0.5,none,surrogate,3,1,-0.79057799,-0.79057799,0.0,0.0,1,0.3333,,Betaine,Betaine
ST001865,Glycerophospholipid Metabolism,0.5,none,gnc_commutator,3,1,-0.79057799,-0.79057799,0.0,0.0,1,0.3333,,Betaine,Betaine
ST001865,Glycerophospholipid Metabolism,0.5,none,mb2d_transport,3,1,-0.79057799,-0.79057799,0.0,0.0,1,0.3333,,Betaine,Betaine
ST001865,Glycerophospholipid Metabolism,0.5,none,random,3,1,-0.79057799,-0.79057799,0.0,0.0,1,0.3333,,Betaine,Betaine
ST001865,Glycerophospholipid Metabolism,0.5,none,degree,3,1,-0.79057799,-0.79057799,0.0,0.0,1,0.3333,,Betaine,Betaine
ST001865,Glycerophospholipid Metabolism,0.5,none,variance,3,1,-0.79057799,-0.79057799,0.0,0.0,1,0.3333,,Betaine,Betaine
ST001865,Glycerophospholipid Metabolism,0.5,none,diffabundance,3,1,-0.79057799,-0.79057799,0.0,0.0,1,0.3333,,Betaine,Betaine
ST001865,Glycerophospholipid Metabolism,0.5,none,surrogate,3,1,-0.66675676,-0.66675676,0.0,0.0,1,0.3333,,Choline,Choline
ST001865,Glycerophospholipid Metabolism,0.5,none,gnc_commutator,3,1,-0.66675676,-0.66675676,0.0,0.0,1,0.3333,,Choline,Choline
ST001865,Glycerophospholipid Metabolism,0.5,none,mb2d_transport,3,1,-0.66675676,-0.66675676,0.0,0.0,1,0.3333,,Choline,Choline
ST001865,Glycerophospholipid Metabolism,0.5,none,random,3,1,-0.66675676,-0.66675676,0.0,0.0,1,0.3333,,Choline,Choline
ST001865,Glycerophospholipid Metabolism,0.5,none,degree,3,1,-0.66675676,-0.66675676,0.0,0.0,1,0.3333,,Choline,Choline
ST001865,Glycerophospholipid Metabolism,0.5,none,variance,3,1,-0.66675676,-0.66675676,0.0,0.0,1,0.3333,,Choline,Choline
ST001865,Glycerophospholipid Metabolism,0.5,none,diffabundance,3,1,-0.66675676,-0.66675676,0.0,0.0,1,0.3333,,Choline,Choline
ST001865,Glycerophospholipid Metabolism,0.5,none,surrogate,3,1,-0.53287704,-0.53287704,0.0,0.0,1,0.3333,,sn-Glycero-3-phosphocholine,sn-Glycero-3-phosphocholine
ST001865,Glycerophospholipid Metabolism,0.5,none,gnc_commutator,3,1,-0.53287704,-0.53287704,0.0,0.0,1,0.3333,,sn-Glycero-3-phosphocholine,sn-Glycero-3-phosphocholine
ST001865,Glycerophospholipid Metabolism,0.5,none,mb2d_transport,3,1,-0.53287704,-0.53287704,0.0,0.0,1,0.3333,,sn-Glycero-3-phosphocholine,sn-Glycero-3-phosphocholine
ST001865,Glycerophospholipid Metabolism,0.5,none,random,3,1,-0.53287704,-0.53287704,0.0,0.0,1,0.3333,,sn-Glycero-3-phosphocholine,sn-Glycero-3-phosphocholine
ST001865,Glycerophospholipid Metabolism,0.5,none,degree,3,1,-0.53287704,-0.53287704,0.0,0.0,1,0.3333,,sn-Glycero-3-phosphocholine,sn-Glycero-3-phosphocholine
ST001865,Glycerophospholipid Metabolism,0.5,none,variance,3,1,-0.53287704,-0.53287704,0.0,0.0,1,0.3333,,sn-Glycero-3-phosphocholine,sn-Glycero-3-phosphocholine
ST001865,Glycerophospholipid Metabolism,0.5,none,diffabundance,3,1,-0.53287704,-0.53287704,0.0,0.0,1,0.3333,,sn-Glycero-3-phosphocholine,sn-Glycero-3-phosphocholine
ST001865,Glycerophospholipid Metabolism,0.5,none,surrogate,3,1,-0.53287704,-0.53287704,0.0,0.0,1,0.3333,,sn-Glycero-3-phosphocholine,sn-Glycero-3-phosphocholine
ST001865,Glycerophospholipid Metabolism,0.5,none,gnc_commutator,3,1,-0.53287704,-0.53287704,0.0,0.0,1,0.3333,,sn-Glycero-3-phosphocholine,sn-Glycero-3-phosphocholine
ST001865,Glycerophospholipid Metabolism,0.5,none,mb2d_transport,3,1,-0.53287704,-0.53287704,0.0,0.0,1,0.3333,,sn-Glycero-3-phosphocholine,sn-Glycero-3-phosphocholine
ST001865,Glycerophospholipid Metabolism,0.5,none,random,3,1,-0.53287704,-0.53287704,0.0,0.0,1,0.3333,,sn-Glycero-3-phosphocholine,sn-Glycero-3-phosphocholine
ST001865,Glycerophospholipid Metabolism,0.5,none,degree,3,1,-0.53287704,-0.53287704,0.0,0.0,1,0.3333,,sn-Glycero-3-phosphocholine,sn-Glycero-3-phosphocholine
ST001865,Glycerophospholipid Metabolism,0.5,none,variance,3,1,-0.53287704,-0.53287704,0.0,0.0,1,0.3333,,sn-Glycero-3-phosphocholine,sn-Glycero-3-phosphocholine
ST001865,Glycerophospholipid Metabolism,0.5,none,diffabundance,3,1,-0.53287704,-0.53287704,0.0,0.0,1,0.3333,,sn-Glycero-3-phosphocholine,sn-Glycero-3-phosphocholine
ST001865,Glycerophospholipid Metabolism,0.5,none,surrogate,3,1,-0.79057799,-0.79057799,0.0,0.0,1,0.3333,,Betaine,Betaine
ST001865,Glycerophospholipid Metabolism,0.5,none,gnc_commutator,3,1,-0.79057799,-0.79057799,0.0,0.0,1,0.3333,,Betaine,Betaine
ST001865,Glycerophospholipid Metabolism,0.5,none,mb2d_transport,3,1,-0.79057799,-0.79057799,0.0,0.0,1,0.3333,,Betaine,Betaine
ST001865,Glycerophospholipid Metabolism,0.5,none,random,3,1,-0.79057799,-0.79057799,0.0,0.0,1,0.3333,,Betaine,Betaine
ST001865,Glycerophospholipid Metabolism,0.5,none,degree,3,1,-0.79057799,-0.79057799,0.0,0.0,1,0.3333,,Betaine,Betaine
ST001865,Glycerophospholipid Metabolism,0.5,none,variance,3,1,-0.79057799,-0.79057799,0.0,0.0,1,0.3333,,Betaine,Betaine
ST001865,Glycerophospholipid Metabolism,0.5,none,diffabundance,3,1,-0.79057799,-0.79057799,0.0,0.0,1,0.3333,,Betaine,Betaine
ST001865,Glycerophospholipid Metabolism,0.5,none,surrogate,3,1,-0.66675676,-0.66675676,0.0,0.0,1,0.3333,,Choline,Choline
ST001865,Glycerophospholipid Metabolism,0.5,none,gnc_commutator,3,1,-0.66675676,-0.66675676,0.0,0.0,1,0.3333,,Choline,Choline
ST001865,Glycerophospholipid Metabolism,0.5,none,mb2d_transport,3,1,-0.66675676,-0.66675676,0.0,0.0,1,0.3333,,Choline,Choline
ST001865,Glycerophospholipid Metabolism,0.5,none,random,3,1,-0.66675676,-0.66675676,0.0,0.0,1,0.3333,,Choline,Choline
ST001865,Glycerophospholipid Metabolism,0.5,none,degree,3,1,-0.66675676,-0.66675676,0.0,0.0,1,0.3333,,Choline,Choline
ST001865,Glycerophospholipid Metabolism,0.5,none,variance,3,1,-0.66675676,-0.66675676,0.0,0.0,1,0.3333,,Choline,Choline
ST001865,Glycerophospholipid Metabolism,0.5,none,diffabundance,3,1,-0.66675676,-0.66675676,0.0,0.0,1,0.3333,,Choline,Choline
ST001865,Glycerophospholipid Metabolism,0.5,none,surrogate,3,1,-0.53287704,-0.53287704,0.0,0.0,1,0.3333,,sn-Glycero-3-phosphocholine,sn-Glycero-3-phosphocholine
ST001865,Glycerophospholipid Metabolism,0.5,none,gnc_commutator,3,1,-0.53287704,-0.53287704,0.0,0.0,1,0.3333,,sn-Glycero-3-phosphocholine,sn-Glycero-3-phosphocholine
ST001865,Glycerophospholipid Metabolism,0.5,none,mb2d_transport,3,1,-0.53287704,-0.53287704,0.0,0.0,1,0.3333,,sn-Glycero-3-phosphocholine,sn-Glycero-3-phosphocholine
ST001865,Glycerophospholipid Metabolism,0.5,none,random,3,1,-0.53287704,-0.53287704,0.0,0.0,1,0.3333,,sn-Glycero-3-phosphocholine,sn-Glycero-3-phosphocholine
ST001865,Glycerophospholipid Metabolism,0.5,none,degree,3,1,-0.53287704,-0.53287704,0.0,0.0,1,0.3333,,sn-Glycero-3-phosphocholine,sn-Glycero-3-phosphocholine
ST001865,Glycerophospholipid Metabolism,0.5,none,variance,3,1,-0.53287704,-0.53287704,0.0,0.0,1,0.3333,,sn-Glycero-3-phosphocholine,sn-Glycero-3-phosphocholine
ST001865,Glycerophospholipid Metabolism,0.5,none,diffabundance,3,1,-0.53287704,-0.53287704,0.0,0.0,1,0.3333,,sn-Glycero-3-phosphocholine,sn-Glycero-3-phosphocholine
ST001865,Glycerophospholipid Metabolism,0.5,none,surrogate,3,1,-0.53287704,-0.53287704,0.0,0.0,1,0.3333,,sn-Glycero-3-phosphocholine,sn-Glycero-3-phosphocholine
ST001865,Glycerophospholipid Metabolism,0.5,none,gnc_commutator,3,1,-0.53287704,-0.53287704,0.0,0.0,1,0.3333,,sn-Glycero-3-phosphocholine,sn-Glycero-3-phosphocholine
ST001865,Glycerophospholipid Metabolism,0.5,none,mb2d_transport,3,1,-0.53287704,-0.53287704,0.0,0.0,1,0.3333,,sn-Glycero-3-phosphocholine,sn-Glycero-3-phosphocholine
ST001865,Glycerophospholipid Metabolism,0.5,none,random,3,1,-0.53287704,-0.53287704,0.0,0.0,1,0.3333,,sn-Glycero-3-phosphocholine,sn-Glycero-3-phosphocholine
ST001865,Glycerophospholipid Metabolism,0.5,none,degree,3,1,-0.53287704,-0.53287704,0.0,0.0,1,0.3333,,sn-Glycero-3-phosphocholine,sn-Glycero-3-phosphocholine
ST001865,Glycerophospholipid Metabolism,0.5,none,variance,3,1,-0.53287704,-0.53287704,0.0,0.0,1,0.3333,,sn-Glycero-3-phosphocholine,sn-Glycero-3-phosphocholine
ST001865,Glycerophospholipid Metabolism,0.5,none,diffabundance,3,1,-0.53287704,-0.53287704,0.0,0.0,1,0.3333,,sn-Glycero-3-phosphocholine,sn-Glycero-3-phosphocholine
ST001865,Glycerophospholipid Metabolism,0.5,none,surrogate,3,1,-0.66675676,-0.66675676,0.0,0.0,1,0.3333,,Choline,Choline
ST001865,Glycerophospholipid Metabolism,0.5,none,gnc_commutator,3,1,-0.66675676,-0.66675676,0.0,0.0,1,0.3333,,Choline,Choline
ST001865,Glycerophospholipid Metabolism,0.5,none,mb2d_transport,3,1,-0.66675676,-0.66675676,0.0,0.0,1,0.3333,,Choline,Choline
ST001865,Glycerophospholipid Metabolism,0.5,none,random,3,1,-0.66675676,-0.66675676,0.0,0.0,1,0.3333,,Choline,Choline
ST001865,Glycerophospholipid Metabolism,0.5,none,degree,3,1,-0.66675676,-0.66675676,0.0,0.0,1,0.3333,,Choline,Choline
ST001865,Glycerophospholipid Metabolism,0.5,none,variance,3,1,-0.66675676,-0.66675676,0.0,0.0,1,0.3333,,Choline,Choline
ST001865,Glycerophospholipid Metabolism,0.5,none,diffabundance,3,1,-0.66675676,-0.66675676,0.0,0.0,1,0.3333,,Choline,Choline
ST001865,Glycerophospholipid Metabolism,0.5,none,surrogate,3,1,-0.66675676,-0.66675676,0.0,0.0,1,0.3333,,Choline,Choline
ST001865,Glycerophospholipid Metabolism,0.5,none,gnc_commutator,3,1,-0.66675676,-0.66675676,0.0,0.0,1,0.3333,,Choline,Choline
ST001865,Glycerophospholipid Metabolism,0.5,none,mb2d_transport,3,1,-0.66675676,-0.66675676,0.0,0.0,1,0.3333,,Choline,Choline
ST001865,Glycerophospholipid Metabolism,0.5,none,random,3,1,-0.66675676,-0.66675676,0.0,0.0,1,0.3333,,Choline,Choline
ST001865,Glycerophospholipid Metabolism,0.5,none,degree,3,1,-0.66675676,-0.66675676,0.0,0.0,1,0.3333,,Choline,Choline
ST001865,Glycerophospholipid Metabolism,0.5,none,variance,3,1,-0.66675676,-0.66675676,0.0,0.0,1,0.3333,,Choline,Choline
ST001865,Glycerophospholipid Metabolism,0.5,none,diffabundance,3,1,-0.66675676,-0.66675676,0.0,0.0,1,0.3333,,Choline,Choline
ST001865,Glycerophospholipid Metabolism,0.5,none,surrogate,3,1,-0.79057799,-0.79057799,0.0,0.0,1,0.3333,,Betaine,Betaine
ST001865,Glycerophospholipid Metabolism,0.5,none,gnc_commutator,3,1,-0.79057799,-0.79057799,0.0,0.0,1,0.3333,,Betaine,Betaine
ST001865,Glycerophospholipid Metabolism,0.5,none,mb2d_transport,3,1,-0.79057799,-0.79057799,0.0,0.0,1,0.3333,,Betaine,Betaine
ST001865,Glycerophospholipid Metabolism,0.5,none,random,3,1,-0.79057799,-0.79057799,0.0,0.0,1,0.3333,,Betaine,Betaine
ST001865,Glycerophospholipid Metabolism,0.5,none,degree,3,1,-0.79057799,-0.79057799,0.0,0.0,1,0.3333,,Betaine,Betaine
ST001865,Glycerophospholipid Metabolism,0.5,none,variance,3,1,-0.79057799,-0.79057799,0.0,0.0,1,0.3333,,Betaine,Betaine
ST001865,Glycerophospholipid Metabolism,0.5,none,diffabundance,3,1,-0.79057799,-0.79057799,0.0,0.0,1,0.3333,,Betaine,Betaine
ST001865,Glycerophospholipid Metabolism,0.5,none,surrogate,3,1,-0.53287704,-0.53287704,0.0,0.0,1,0.3333,,sn-Glycero-3-phosphocholine,sn-Glycero-3-phosphocholine
ST001865,Glycerophospholipid Metabolism,0.5,none,gnc_commutator,3,1,-0.53287704,-0.53287704,0.0,0.0,1,0.3333,,sn-Glycero-3-phosphocholine,sn-Glycero-3-phosphocholine
ST001865,Glycerophospholipid Metabolism,0.5,none,mb2d_transport,3,1,-0.53287704,-0.53287704,0.0,0.0,1,0.3333,,sn-Glycero-3-phosphocholine,sn-Glycero-3-phosphocholine
ST001865,Glycerophospholipid Metabolism,0.5,none,random,3,1,-0.53287704,-0.53287704,0.0,0.0,1,0.3333,,sn-Glycero-3-phosphocholine,sn-Glycero-3-phosphocholine
ST001865,Glycerophospholipid Metabolism,0.5,none,degree,3,1,-0.53287704,-0.53287704,0.0,0.0,1,0.3333,,sn-Glycero-3-phosphocholine,sn-Glycero-3-phosphocholine
ST001865,Glycerophospholipid Metabolism,0.5,none,variance,3,1,-0.53287704,-0.53287704,0.0,0.0,1,0.3333,,sn-Glycero-3-phosphocholine,sn-Glycero-3-phosphocholine
ST001865,Glycerophospholipid Metabolism,0.5,none,diffabundance,3,1,-0.53287704,-0.53287704,0.0,0.0,1,0.3333,,sn-Glycero-3-phosphocholine,sn-Glycero-3-phosphocholine
ST001865,Glycerophospholipid Metabolism,0.5,none,surrogate,3,1,-0.79057799,-0.79057799,0.0,0.0,1,0.3333,,Betaine,Betaine
ST001865,Glycerophospholipid Metabolism,0.5,none,gnc_commutator,3,1,-0.79057799,-0.79057799,0.0,0.0,1,0.3333,,Betaine,Betaine
ST001865,Glycerophospholipid Metabolism,0.5,none,mb2d_transport,3,1,-0.79057799,-0.79057799,0.0,0.0,1,0.3333,,Betaine,Betaine
ST001865,Glycerophospholipid Metabolism,0.5,none,random,3,1,-0.79057799,-0.79057799,0.0,0.0,1,0.3333,,Betaine,Betaine
ST001865,Glycerophospholipid Metabolism,0.5,none,degree,3,1,-0.79057799,-0.79057799,0.0,0.0,1,0.3333,,Betaine,Betaine
ST001865,Glycerophospholipid Metabolism,0.5,none,variance,3,1,-0.79057799,-0.79057799,0.0,0.0,1,0.3333,,Betaine,Betaine
ST001865,Glycerophospholipid Metabolism,0.5,none,diffabundance,3,1,-0.79057799,-0.79057799,0.0,0.0,1,0.3333,,Betaine,Betaine
ST001865,Glycerophospholipid Metabolism,0.5,none,surrogate,3,1,-0.53287704,-0.53287704,0.0,0.0,1,0.3333,,sn-Glycero-3-phosphocholine,sn-Glycero-3-phosphocholine
ST001865,Glycerophospholipid Metabolism,0.5,none,gnc_commutator,3,1,-0.53287704,-0.53287704,0.0,0.0,1,0.3333,,sn-Glycero-3-phosphocholine,sn-Glycero-3-phosphocholine
ST001865,Glycerophospholipid Metabolism,0.5,none,mb2d_transport,3,1,-0.53287704,-0.53287704,0.0,0.0,1,0.3333,,sn-Glycero-3-phosphocholine,sn-Glycero-3-phosphocholine
ST001865,Glycerophospholipid Metabolism,0.5,none,random,3,1,-0.53287704,-0.53287704,0.0,0.0,1,0.3333,,sn-Glycero-3-phosphocholine,sn-Glycero-3-phosphocholine
ST001865,Glycerophospholipid Metabolism,0.5,none,degree,3,1,-0.53287704,-0.53287704,0.0,0.0,1,0.3333,,sn-Glycero-3-phosphocholine,sn-Glycero-3-phosphocholine
ST001865,Glycerophospholipid Metabolism,0.5,none,variance,3,1,-0.53287704,-0.53287704,0.0,0.0,1,0.3333,,sn-Glycero-3-phosphocholine,sn-Glycero-3-phosphocholine
ST001865,Glycerophospholipid Metabolism,0.5,none,diffabundance,3,1,-0.53287704,-0.53287704,0.0,0.0,1,0.3333,,sn-Glycero-3-phosphocholine,sn-Glycero-3-phosphocholine
ST001865,Glycerophospholipid Metabolism,0.5,none,surrogate,3,1,-0.79057799,-0.79057799,0.0,0.0,1,0.3333,,Betaine,Betaine
ST001865,Glycerophospholipid Metabolism,0.5,none,gnc_commutator,3,1,-0.79057799,-0.79057799,0.0,0.0,1,0.3333,,Betaine,Betaine
ST001865,Glycerophospholipid Metabolism,0.5,none,mb2d_transport,3,1,-0.79057799,-0.79057799,0.0,0.0,1,0.3333,,Betaine,Betaine
ST001865,Glycerophospholipid Metabolism,0.5,none,random,3,1,-0.79057799,-0.79057799,0.0,0.0,1,0.3333,,Betaine,Betaine
ST001865,Glycerophospholipid Metabolism,0.5,none,degree,3,1,-0.79057799,-0.79057799,0.0,0.0,1,0.3333,,Betaine,Betaine
ST001865,Glycerophospholipid Metabolism,0.5,none,variance,3,1,-0.79057799,-0.79057799,0.0,0.0,1,0.3333,,Betaine,Betaine
ST001865,Glycerophospholipid Metabolism,0.5,none,diffabundance,3,1,-0.79057799,-0.79057799,0.0,0.0,1,0.3333,,Betaine,Betaine
ST001865,Glycerophospholipid Metabolism,0.6,none,surrogate,3,1,-0.66675676,-0.66675676,0.0,0.0,1,0.3333,,Choline,Choline
ST001865,Glycerophospholipid Metabolism,0.6,none,gnc_commutator,3,1,-0.66675676,-0.66675676,0.0,0.0,1,0.3333,,Choline,Choline
ST001865,Glycerophospholipid Metabolism,0.6,none,mb2d_transport,3,1,-0.66675676,-0.66675676,0.0,0.0,1,0.3333,,Choline,Choline
ST001865,Glycerophospholipid Metabolism,0.6,none,random,3,1,-0.66675676,-0.66675676,0.0,0.0,1,0.3333,,Choline,Choline
ST001865,Glycerophospholipid Metabolism,0.6,none,degree,3,1,-0.66675676,-0.66675676,0.0,0.0,1,0.3333,,Choline,Choline
ST001865,Glycerophospholipid Metabolism,0.6,none,variance,3,1,-0.66675676,-0.66675676,0.0,0.0,1,0.3333,,Choline,Choline
ST001865,Glycerophospholipid Metabolism,0.6,none,diffabundance,3,1,-0.66675676,-0.66675676,0.0,0.0,1,0.3333,,Choline,Choline
ST001865,Glycerophospholipid Metabolism,0.6,none,surrogate,3,1,-0.53287704,-0.53287704,0.0,0.0,1,0.3333,,sn-Glycero-3-phosphocholine,sn-Glycero-3-phosphocholine
ST001865,Glycerophospholipid Metabolism,0.6,none,gnc_commutator,3,1,-0.53287704,-0.53287704,0.0,0.0,1,0.3333,,sn-Glycero-3-phosphocholine,sn-Glycero-3-phosphocholine
ST001865,Glycerophospholipid Metabolism,0.6,none,mb2d_transport,3,1,-0.53287704,-0.53287704,0.0,0.0,1,0.3333,,sn-Glycero-3-phosphocholine,sn-Glycero-3-phosphocholine
ST001865,Glycerophospholipid Metabolism,0.6,none,random,3,1,-0.53287704,-0.53287704,0.0,0.0,1,0.3333,,sn-Glycero-3-phosphocholine,sn-Glycero-3-phosphocholine
ST001865,Glycerophospholipid Metabolism,0.6,none,degree,3,1,-0.53287704,-0.53287704,0.0,0.0,1,0.3333,,sn-Glycero-3-phosphocholine,sn-Glycero-3-phosphocholine
ST001865,Glycerophospholipid Metabolism,0.6,none,variance,3,1,-0.53287704,-0.53287704,0.0,0.0,1,0.3333,,sn-Glycero-3-phosphocholine,sn-Glycero-3-phosphocholine
ST001865,Glycerophospholipid Metabolism,0.6,none,diffabundance,3,1,-0.53287704,-0.53287704,0.0,0.0,1,0.3333,,sn-Glycero-3-phosphocholine,sn-Glycero-3-phosphocholine
ST001865,Glycerophospholipid Metabolism,0.6,none,surrogate,3,1,-0.53287704,-0.53287704,0.0,0.0,1,0.3333,,sn-Glycero-3-phosphocholine,sn-Glycero-3-phosphocholine
ST001865,Glycerophospholipid Metabolism,0.6,none,gnc_commutator,3,1,-0.53287704,-0.53287704,0.0,0.0,1,0.3333,,sn-Glycero-3-phosphocholine,sn-Glycero-3-phosphocholine
ST001865,Glycerophospholipid Metabolism,0.6,none,mb2d_transport,3,1,-0.53287704,-0.53287704,0.0,0.0,1,0.3333,,sn-Glycero-3-phosphocholine,sn-Glycero-3-phosphocholine
ST001865,Glycerophospholipid Metabolism,0.6,none,random,3,1,-0.53287704,-0.53287704,0.0,0.0,1,0.3333,,sn-Glycero-3-phosphocholine,sn-Glycero-3-phosphocholine
ST001865,Glycerophospholipid Metabolism,0.6,none,degree,3,1,-0.53287704,-0.53287704,0.0,0.0,1,0.3333,,sn-Glycero-3-phosphocholine,sn-Glycero-3-phosphocholine
ST001865,Glycerophospholipid Metabolism,0.6,none,variance,3,1,-0.53287704,-0.53287704,0.0,0.0,1,0.3333,,sn-Glycero-3-phosphocholine,sn-Glycero-3-phosphocholine
ST001865,Glycerophospholipid Metabolism,0.6,none,diffabundance,3,1,-0.53287704,-0.53287704,0.0,0.0,1,0.3333,,sn-Glycero-3-phosphocholine,sn-Glycero-3-phosphocholine
ST001865,Glycerophospholipid Metabolism,0.6,none,surrogate,3,1,-0.66675676,-0.66675676,0.0,0.0,1,0.3333,,Choline,Choline
ST001865,Glycerophospholipid Metabolism,0.6,none,gnc_commutator,3,1,-0.66675676,-0.66675676,0.0,0.0,1,0.3333,,Choline,Choline
ST001865,Glycerophospholipid Metabolism,0.6,none,mb2d_transport,3,1,-0.66675676,-0.66675676,0.0,0.0,1,0.3333,,Choline,Choline
ST001865,Glycerophospholipid Metabolism,0.6,none,random,3,1,-0.66675676,-0.66675676,0.0,0.0,1,0.3333,,Choline,Choline
ST001865,Glycerophospholipid Metabolism,0.6,none,degree,3,1,-0.66675676,-0.66675676,0.0,0.0,1,0.3333,,Choline,Choline
ST001865,Glycerophospholipid Metabolism,0.6,none,variance,3,1,-0.66675676,-0.66675676,0.0,0.0,1,0.3333,,Choline,Choline
ST001865,Glycerophospholipid Metabolism,0.6,none,diffabundance,3,1,-0.66675676,-0.66675676,0.0,0.0,1,0.3333,,Choline,Choline
ST001865,Glycerophospholipid Metabolism,0.6,none,surrogate,3,1,-0.66675676,-0.66675676,0.0,0.0,1,0.3333,,Choline,Choline
ST001865,Glycerophospholipid Metabolism,0.6,none,gnc_commutator,3,1,-0.66675676,-0.66675676,0.0,0.0,1,0.3333,,Choline,Choline
ST001865,Glycerophospholipid Metabolism,0.6,none,mb2d_transport,3,1,-0.66675676,-0.66675676,0.0,0.0,1,0.3333,,Choline,Choline
ST001865,Glycerophospholipid Metabolism,0.6,none,random,3,1,-0.66675676,-0.66675676,0.0,0.0,1,0.3333,,Choline,Choline
ST001865,Glycerophospholipid Metabolism,0.6,none,degree,3,1,-0.66675676,-0.66675676,0.0,0.0,1,0.3333,,Choline,Choline
ST001865,Glycerophospholipid Metabolism,0.6,none,variance,3,1,-0.66675676,-0.66675676,0.0,0.0,1,0.3333,,Choline,Choline
ST001865,Glycerophospholipid Metabolism,0.6,none,diffabundance,3,1,-0.66675676,-0.66675676,0.0,0.0,1,0.3333,,Choline,Choline
ST001865,Glycerophospholipid Metabolism,0.6,none,surrogate,3,1,-0.79057799,-0.79057799,0.0,0.0,1,0.3333,,Betaine,Betaine
ST001865,Glycerophospholipid Metabolism,0.6,none,gnc_commutator,3,1,-0.79057799,-0.79057799,0.0,0.0,1,0.3333,,Betaine,Betaine
ST001865,Glycerophospholipid Metabolism,0.6,none,mb2d_transport,3,1,-0.79057799,-0.79057799,0.0,0.0,1,0.3333,,Betaine,Betaine
ST001865,Glycerophospholipid Metabolism,0.6,none,random,3,1,-0.79057799,-0.79057799,0.0,0.0,1,0.3333,,Betaine,Betaine
ST001865,Glycerophospholipid Metabolism,0.6,none,degree,3,1,-0.79057799,-0.79057799,0.0,0.0,1,0.3333,,Betaine,Betaine
ST001865,Glycerophospholipid Metabolism,0.6,none,variance,3,1,-0.79057799,-0.79057799,0.0,0.0,1,0.3333,,Betaine,Betaine
ST001865,Glycerophospholipid Metabolism,0.6,none,diffabundance,3,1,-0.79057799,-0.79057799,0.0,0.0,1,0.3333,,Betaine,Betaine
ST001865,Glycerophospholipid Metabolism,0.6,none,surrogate,3,1,-0.53287704,-0.53287704,0.0,0.0,1,0.3333,,sn-Glycero-3-phosphocholine,sn-Glycero-3-phosphocholine
ST001865,Glycerophospholipid Metabolism,0.6,none,gnc_commutator,3,1,-0.53287704,-0.53287704,0.0,0.0,1,0.3333,,sn-Glycero-3-phosphocholine,sn-Glycero-3-phosphocholine
ST001865,Glycerophospholipid Metabolism,0.6,none,mb2d_transport,3,1,-0.53287704,-0.53287704,0.0,0.0,1,0.3333,,sn-Glycero-3-phosphocholine,sn-Glycero-3-phosphocholine
ST001865,Glycerophospholipid Metabolism,0.6,none,random,3,1,-0.53287704,-0.53287704,0.0,0.0,1,0.3333,,sn-Glycero-3-phosphocholine,sn-Glycero-3-phosphocholine
ST001865,Glycerophospholipid Metabolism,0.6,none,degree,3,1,-0.53287704,-0.53287704,0.0,0.0,1,0.3333,,sn-Glycero-3-phosphocholine,sn-Glycero-3-phosphocholine
ST001865,Glycerophospholipid Metabolism,0.6,none,variance,3,1,-0.53287704,-0.53287704,0.0,0.0,1,0.3333,,sn-Glycero-3-phosphocholine,sn-Glycero-3-phosphocholine
ST001865,Glycerophospholipid Metabolism,0.6,none,diffabundance,3,1,-0.53287704,-0.53287704,0.0,0.0,1,0.3333,,sn-Glycero-3-phosphocholine,sn-Glycero-3-phosphocholine
ST001865,Glycerophospholipid Metabolism,0.6,none,surrogate,3,1,-0.79057799,-0.79057799,0.0,0.0,1,0.3333,,Betaine,Betaine
ST001865,Glycerophospholipid Metabolism,0.6,none,gnc_commutator,3,1,-0.79057799,-0.79057799,0.0,0.0,1,0.3333,,Betaine,Betaine
ST001865,Glycerophospholipid Metabolism,0.6,none,mb2d_transport,3,1,-0.79057799,-0.79057799,0.0,0.0,1,0.3333,,Betaine,Betaine
ST001865,Glycerophospholipid Metabolism,0.6,none,random,3,1,-0.79057799,-0.79057799,0.0,0.0,1,0.3333,,Betaine,Betaine
ST001865,Glycerophospholipid Metabolism,0.6,none,degree,3,1,-0.79057799,-0.79057799,0.0,0.0,1,0.3333,,Betaine,Betaine
ST001865,Glycerophospholipid Metabolism,0.6,none,variance,3,1,-0.79057799,-0.79057799,0.0,0.0,1,0.3333,,Betaine,Betaine
ST001865,Glycerophospholipid Metabolism,0.6,none,diffabundance,3,1,-0.79057799,-0.79057799,0.0,0.0,1,0.3333,,Betaine,Betaine
ST001865,Glycerophospholipid Metabolism,0.6,none,surrogate,3,1,-0.53287704,-0.53287704,0.0,0.0,1,0.3333,,sn-Glycero-3-phosphocholine,sn-Glycero-3-phosphocholine
ST001865,Glycerophospholipid Metabolism,0.6,none,gnc_commutator,3,1,-0.53287704,-0.53287704,0.0,0.0,1,0.3333,,sn-Glycero-3-phosphocholine,sn-Glycero-3-phosphocholine
ST001865,Glycerophospholipid Metabolism,0.6,none,mb2d_transport,3,1,-0.53287704,-0.53287704,0.0,0.0,1,0.3333,,sn-Glycero-3-phosphocholine,sn-Glycero-3-phosphocholine
ST001865,Glycerophospholipid Metabolism,0.6,none,random,3,1,-0.53287704,-0.53287704,0.0,0.0,1,0.3333,,sn-Glycero-3-phosphocholine,sn-Glycero-3-phosphocholine
ST001865,Glycerophospholipid Metabolism,0.6,none,degree,3,1,-0.53287704,-0.53287704,0.0,0.0,1,0.3333,,sn-Glycero-3-phosphocholine,sn-Glycero-3-phosphocholine
ST001865,Glycerophospholipid Metabolism,0.6,none,variance,3,1,-0.53287704,-0.53287704,0.0,0.0,1,0.3333,,sn-Glycero-3-phosphocholine,sn-Glycero-3-phosphocholine
ST001865,Glycerophospholipid Metabolism,0.6,none,diffabundance,3,1,-0.53287704,-0.53287704,0.0,0.0,1,0.3333,,sn-Glycero-3-phosphocholine,sn-Glycero-3-phosphocholine
ST001865,Glycerophospholipid Metabolism,0.6,none,surrogate,3,1,-0.79057799,-0.79057799,0.0,0.0,1,0.3333,,Betaine,Betaine
ST001865,Glycerophospholipid Metabolism,0.6,none,gnc_commutator,3,1,-0.79057799,-0.79057799,0.0,0.0,1,0.3333,,Betaine,Betaine
ST001865,Glycerophospholipid Metabolism,0.6,none,mb2d_transport,3,1,-0.79057799,-0.79057799,0.0,0.0,1,0.3333,,Betaine,Betaine
ST001865,Glycerophospholipid Metabolism,0.6,none,random,3,1,-0.79057799,-0.79057799,0.0,0.0,1,0.3333,,Betaine,Betaine
ST001865,Glycerophospholipid Metabolism,0.6,none,degree,3,1,-0.79057799,-0.79057799,0.0,0.0,1,0.3333,,Betaine,Betaine
ST001865,Glycerophospholipid Metabolism,0.6,none,variance,3,1,-0.79057799,-0.79057799,0.0,0.0,1,0.3333,,Betaine,Betaine
ST001865,Glycerophospholipid Metabolism,0.6,none,diffabundance,3,1,-0.79057799,-0.79057799,0.0,0.0,1,0.3333,,Betaine,Betaine
ST001865,Glycerophospholipid Metabolism,0.6,none,surrogate,3,1,-0.79057799,-0.79057799,0.0,0.0,1,0.3333,,Betaine,Betaine
ST001865,Glycerophospholipid Metabolism,0.6,none,gnc_commutator,3,1,-0.79057799,-0.79057799,0.0,0.0,1,0.3333,,Betaine,Betaine
ST001865,Glycerophospholipid Metabolism,0.6,none,mb2d_transport,3,1,-0.79057799,-0.79057799,0.0,0.0,1,0.3333,,Betaine,Betaine
ST001865,Glycerophospholipid Metabolism,0.6,none,random,3,1,-0.79057799,-0.79057799,0.0,0.0,1,0.3333,,Betaine,Betaine
ST001865,Glycerophospholipid Metabolism,0.6,none,degree,3,1,-0.79057799,-0.79057799,0.0,0.0,1,0.3333,,Betaine,Betaine
ST001865,Glycerophospholipid Metabolism,0.6,none,variance,3,1,-0.79057799,-0.79057799,0.0,0.0,1,0.3333,,Betaine,Betaine
ST001865,Glycerophospholipid Metabolism,0.6,none,diffabundance,3,1,-0.79057799,-0.79057799,0.0,0.0,1,0.3333,,Betaine,Betaine
ST001865,Glycerophospholipid Metabolism,0.6,none,surrogate,3,1,-0.79057799,-0.79057799,0.0,0.0,1,0.3333,,Betaine,Betaine
ST001865,Glycerophospholipid Metabolism,0.6,none,gnc_commutator,3,1,-0.79057799,-0.79057799,0.0,0.0,1,0.3333,,Betaine,Betaine
ST001865,Glycerophospholipid Metabolism,0.6,none,mb2d_transport,3,1,-0.79057799,-0.79057799,0.0,0.0,1,0.3333,,Betaine,Betaine
ST001865,Glycerophospholipid Metabolism,0.6,none,random,3,1,-0.79057799,-0.79057799,0.0,0.0,1,0.3333,,Betaine,Betaine
ST001865,Glycerophospholipid Metabolism,0.6,none,degree,3,1,-0.79057799,-0.79057799,0.0,0.0,1,0.3333,,Betaine,Betaine
ST001865,Glycerophospholipid Metabolism,0.6,none,variance,3,1,-0.79057799,-0.79057799,0.0,0.0,1,0.3333,,Betaine,Betaine
ST001865,Glycerophospholipid Metabolism,0.6,none,diffabundance,3,1,-0.79057799,-0.79057799,0.0,0.0,1,0.3333,,Betaine,Betaine
ST001865,Glycerophospholipid Metabolism,0.6,none,surrogate,3,1,-0.53287704,-0.53287704,0.0,0.0,1,0.3333,,sn-Glycero-3-phosphocholine,sn-Glycero-3-phosphocholine
ST001865,Glycerophospholipid Metabolism,0.6,none,gnc_commutator,3,1,-0.53287704,-0.53287704,0.0,0.0,1,0.3333,,sn-Glycero-3-phosphocholine,sn-Glycero-3-phosphocholine
ST001865,Glycerophospholipid Metabolism,0.6,none,mb2d_transport,3,1,-0.53287704,-0.53287704,0.0,0.0,1,0.3333,,sn-Glycero-3-phosphocholine,sn-Glycero-3-phosphocholine
ST001865,Glycerophospholipid Metabolism,0.6,none,random,3,1,-0.53287704,-0.53287704,0.0,0.0,1,0.3333,,sn-Glycero-3-phosphocholine,sn-Glycero-3-phosphocholine
ST001865,Glycerophospholipid Metabolism,0.6,none,degree,3,1,-0.53287704,-0.53287704,0.0,0.0,1,0.3333,,sn-Glycero-3-phosphocholine,sn-Glycero-3-phosphocholine
ST001865,Glycerophospholipid Metabolism,0.6,none,variance,3,1,-0.53287704,-0.53287704,0.0,0.0,1,0.3333,,sn-Glycero-3-phosphocholine,sn-Glycero-3-phosphocholine
ST001865,Glycerophospholipid Metabolism,0.6,none,diffabundance,3,1,-0.53287704,-0.53287704,0.0,0.0,1,0.3333,,sn-Glycero-3-phosphocholine,sn-Glycero-3-phosphocholine
ST001865,Glycerophospholipid Metabolism,0.6,none,surrogate,3,1,-0.66675676,-0.66675676,0.0,0.0,1,0.3333,,Choline,Choline
ST001865,Glycerophospholipid Metabolism,0.6,none,gnc_commutator,3,1,-0.66675676,-0.66675676,0.0,0.0,1,0.3333,,Choline,Choline
ST001865,Glycerophospholipid Metabolism,0.6,none,mb2d_transport,3,1,-0.66675676,-0.66675676,0.0,0.0,1,0.3333,,Choline,Choline
ST001865,Glycerophospholipid Metabolism,0.6,none,random,3,1,-0.66675676,-0.66675676,0.0,0.0,1,0.3333,,Choline,Choline
ST001865,Glycerophospholipid Metabolism,0.6,none,degree,3,1,-0.66675676,-0.66675676,0.0,0.0,1,0.3333,,Choline,Choline
ST001865,Glycerophospholipid Metabolism,0.6,none,variance,3,1,-0.66675676,-0.66675676,0.0,0.0,1,0.3333,,Choline,Choline
ST001865,Glycerophospholipid Metabolism,0.6,none,diffabundance,3,1,-0.66675676,-0.66675676,0.0,0.0,1,0.3333,,Choline,Choline
ST001865,Glycerophospholipid Metabolism,0.6,none,surrogate,3,1,-0.53287704,-0.53287704,0.0,0.0,1,0.3333,,sn-Glycero-3-phosphocholine,sn-Glycero-3-phosphocholine
ST001865,Glycerophospholipid Metabolism,0.6,none,gnc_commutator,3,1,-0.53287704,-0.53287704,0.0,0.0,1,0.3333,,sn-Glycero-3-phosphocholine,sn-Glycero-3-phosphocholine
ST001865,Glycerophospholipid Metabolism,0.6,none,mb2d_transport,3,1,-0.53287704,-0.53287704,0.0,0.0,1,0.3333,,sn-Glycero-3-phosphocholine,sn-Glycero-3-phosphocholine
ST001865,Glycerophospholipid Metabolism,0.6,none,random,3,1,-0.53287704,-0.53287704,0.0,0.0,1,0.3333,,sn-Glycero-3-phosphocholine,sn-Glycero-3-phosphocholine
ST001865,Glycerophospholipid Metabolism,0.6,none,degree,3,1,-0.53287704,-0.53287704,0.0,0.0,1,0.3333,,sn-Glycero-3-phosphocholine,sn-Glycero-3-phosphocholine
ST001865,Glycerophospholipid Metabolism,0.6,none,variance,3,1,-0.53287704,-0.53287704,0.0,0.0,1,0.3333,,sn-Glycero-3-phosphocholine,sn-Glycero-3-phosphocholine
ST001865,Glycerophospholipid Metabolism,0.6,none,diffabundance,3,1,-0.53287704,-0.53287704,0.0,0.0,1,0.3333,,sn-Glycero-3-phosphocholine,sn-Glycero-3-phosphocholine
ST001865,Glycerophospholipid Metabolism,0.6,none,surrogate,3,1,-0.53287704,-0.53287704,0.0,0.0,1,0.3333,,sn-Glycero-3-phosphocholine,sn-Glycero-3-phosphocholine
ST001865,Glycerophospholipid Metabolism,0.6,none,gnc_commutator,3,1,-0.53287704,-0.53287704,0.0,0.0,1,0.3333,,sn-Glycero-3-phosphocholine,sn-Glycero-3-phosphocholine
ST001865,Glycerophospholipid Metabolism,0.6,none,mb2d_transport,3,1,-0.53287704,-0.53287704,0.0,0.0,1,0.3333,,sn-Glycero-3-phosphocholine,sn-Glycero-3-phosphocholine
ST001865,Glycerophospholipid Metabolism,0.6,none,random,3,1,-0.53287704,-0.53287704,0.0,0.0,1,0.3333,,sn-Glycero-3-phosphocholine,sn-Glycero-3-phosphocholine
ST001865,Glycerophospholipid Metabolism,0.6,none,degree,3,1,-0.53287704,-0.53287704,0.0,0.0,1,0.3333,,sn-Glycero-3-phosphocholine,sn-Glycero-3-phosphocholine
ST001865,Glycerophospholipid Metabolism,0.6,none,variance,3,1,-0.53287704,-0.53287704,0.0,0.0,1,0.3333,,sn-Glycero-3-phosphocholine,sn-Glycero-3-phosphocholine
ST001865,Glycerophospholipid Metabolism,0.6,none,diffabundance,3,1,-0.53287704,-0.53287704,0.0,0.0,1,0.3333,,sn-Glycero-3-phosphocholine,sn-Glycero-3-phosphocholine
ST001865,Glycerophospholipid Metabolism,0.6,none,surrogate,3,1,-0.53287704,-0.53287704,0.0,0.0,1,0.3333,,sn-Glycero-3-phosphocholine,sn-Glycero-3-phosphocholine
ST001865,Glycerophospholipid Metabolism,0.6,none,gnc_commutator,3,1,-0.53287704,-0.53287704,0.0,0.0,1,0.3333,,sn-Glycero-3-phosphocholine,sn-Glycero-3-phosphocholine
ST001865,Glycerophospholipid Metabolism,0.6,none,mb2d_transport,3,1,-0.53287704,-0.53287704,0.0,0.0,1,0.3333,,sn-Glycero-3-phosphocholine,sn-Glycero-3-phosphocholine
ST001865,Glycerophospholipid Metabolism,0.6,none,random,3,1,-0.53287704,-0.53287704,0.0,0.0,1,0.3333,,sn-Glycero-3-phosphocholine,sn-Glycero-3-phosphocholine
ST001865,Glycerophospholipid Metabolism,0.6,none,degree,3,1,-0.53287704,-0.53287704,0.0,0.0,1,0.3333,,sn-Glycero-3-phosphocholine,sn-Glycero-3-phosphocholine
ST001865,Glycerophospholipid Metabolism,0.6,none,variance,3,1,-0.53287704,-0.53287704,0.0,0.0,1,0.3333,,sn-Glycero-3-phosphocholine,sn-Glycero-3-phosphocholine
ST001865,Glycerophospholipid Metabolism,0.6,none,diffabundance,3,1,-0.53287704,-0.53287704,0.0,0.0,1,0.3333,,sn-Glycero-3-phosphocholine,sn-Glycero-3-phosphocholine
ST001865,Glycerophospholipid Metabolism,0.6,none,surrogate,3,1,-0.66675676,-0.66675676,0.0,0.0,1,0.3333,,Choline,Choline
ST001865,Glycerophospholipid Metabolism,0.6,none,gnc_commutator,3,1,-0.66675676,-0.66675676,0.0,0.0,1,0.3333,,Choline,Choline
ST001865,Glycerophospholipid Metabolism,0.6,none,mb2d_transport,3,1,-0.66675676,-0.66675676,0.0,0.0,1,0.3333,,Choline,Choline
ST001865,Glycerophospholipid Metabolism,0.6,none,random,3,1,-0.66675676,-0.66675676,0.0,0.0,1,0.3333,,Choline,Choline
ST001865,Glycerophospholipid Metabolism,0.6,none,degree,3,1,-0.66675676,-0.66675676,0.0,0.0,1,0.3333,,Choline,Choline
ST001865,Glycerophospholipid Metabolism,0.6,none,variance,3,1,-0.66675676,-0.66675676,0.0,0.0,1,0.3333,,Choline,Choline
ST001865,Glycerophospholipid Metabolism,0.6,none,diffabundance,3,1,-0.66675676,-0.66675676,0.0,0.0,1,0.3333,,Choline,Choline
ST001865,Glycerophospholipid Metabolism,0.6,none,surrogate,3,1,-0.79057799,-0.79057799,0.0,0.0,1,0.3333,,Betaine,Betaine
ST001865,Glycerophospholipid Metabolism,0.6,none,gnc_commutator,3,1,-0.79057799,-0.79057799,0.0,0.0,1,0.3333,,Betaine,Betaine
ST001865,Glycerophospholipid Metabolism,0.6,none,mb2d_transport,3,1,-0.79057799,-0.79057799,0.0,0.0,1,0.3333,,Betaine,Betaine
ST001865,Glycerophospholipid Metabolism,0.6,none,random,3,1,-0.79057799,-0.79057799,0.0,0.0,1,0.3333,,Betaine,Betaine
ST001865,Glycerophospholipid Metabolism,0.6,none,degree,3,1,-0.79057799,-0.79057799,0.0,0.0,1,0.3333,,Betaine,Betaine
ST001865,Glycerophospholipid Metabolism,0.6,none,variance,3,1,-0.79057799,-0.79057799,0.0,0.0,1,0.3333,,Betaine,Betaine
ST001865,Glycerophospholipid Metabolism,0.6,none,diffabundance,3,1,-0.79057799,-0.79057799,0.0,0.0,1,0.3333,,Betaine,Betaine
ST001865,Glycerophospholipid Metabolism,0.6,none,surrogate,3,1,-0.53287704,-0.53287704,0.0,0.0,1,0.3333,,sn-Glycero-3-phosphocholine,sn-Glycero-3-phosphocholine
ST001865,Glycerophospholipid Metabolism,0.6,none,gnc_commutator,3,1,-0.53287704,-0.53287704,0.0,0.0,1,0.3333,,sn-Glycero-3-phosphocholine,sn-Glycero-3-phosphocholine
ST001865,Glycerophospholipid Metabolism,0.6,none,mb2d_transport,3,1,-0.53287704,-0.53287704,0.0,0.0,1,0.3333,,sn-Glycero-3-phosphocholine,sn-Glycero-3-phosphocholine
ST001865,Glycerophospholipid Metabolism,0.6,none,random,3,1,-0.53287704,-0.53287704,0.0,0.0,1,0.3333,,sn-Glycero-3-phosphocholine,sn-Glycero-3-phosphocholine
ST001865,Glycerophospholipid Metabolism,0.6,none,degree,3,1,-0.53287704,-0.53287704,0.0,0.0,1,0.3333,,sn-Glycero-3-phosphocholine,sn-Glycero-3-phosphocholine
ST001865,Glycerophospholipid Metabolism,0.6,none,variance,3,1,-0.53287704,-0.53287704,0.0,0.0,1,0.3333,,sn-Glycero-3-phosphocholine,sn-Glycero-3-phosphocholine
ST001865,Glycerophospholipid Metabolism,0.6,none,diffabundance,3,1,-0.53287704,-0.53287704,0.0,0.0,1,0.3333,,sn-Glycero-3-phosphocholine,sn-Glycero-3-phosphocholine
ST001865,Valine Leucine Isoleucine Degradation,0.4,none,surrogate,3,1,-0.38953499,-0.38953499,0.0,0.0,1,0.3333,,Leucine,Leucine
ST001865,Valine Leucine Isoleucine Degradation,0.4,none,gnc_commutator,3,1,-0.38953499,-0.38953499,0.0,0.0,1,0.3333,,Leucine,Leucine
ST001865,Valine Leucine Isoleucine Degradation,0.4,none,mb2d_transport,3,1,-0.38953499,-0.38953499,0.0,0.0,1,0.3333,,Leucine,Leucine
ST001865,Valine Leucine Isoleucine Degradation,0.4,none,random,3,1,-0.38953499,-0.38953499,0.0,0.0,1,0.3333,,Leucine,Leucine
ST001865,Valine Leucine Isoleucine Degradation,0.4,none,degree,3,1,-0.38953499,-0.38953499,0.0,0.0,1,0.3333,,Leucine,Leucine
ST001865,Valine Leucine Isoleucine Degradation,0.4,none,variance,3,1,-0.38953499,-0.38953499,0.0,0.0,1,0.3333,,Leucine,Leucine
ST001865,Valine Leucine Isoleucine Degradation,0.4,none,diffabundance,3,1,-0.38953499,-0.38953499,0.0,0.0,1,0.3333,,Leucine,Leucine
ST001865,Valine Leucine Isoleucine Degradation,0.4,none,surrogate,3,1,-0.38953499,-0.38953499,0.0,0.0,1,0.3333,,Leucine,Leucine
ST001865,Valine Leucine Isoleucine Degradation,0.4,none,gnc_commutator,3,1,-0.38953499,-0.38953499,0.0,0.0,1,0.3333,,Leucine,Leucine
ST001865,Valine Leucine Isoleucine Degradation,0.4,none,mb2d_transport,3,1,-0.38953499,-0.38953499,0.0,0.0,1,0.3333,,Leucine,Leucine
ST001865,Valine Leucine Isoleucine Degradation,0.4,none,random,3,1,-0.38953499,-0.38953499,0.0,0.0,1,0.3333,,Leucine,Leucine
ST001865,Valine Leucine Isoleucine Degradation,0.4,none,degree,3,1,-0.38953499,-0.38953499,0.0,0.0,1,0.3333,,Leucine,Leucine
ST001865,Valine Leucine Isoleucine Degradation,0.4,none,variance,3,1,-0.38953499,-0.38953499,0.0,0.0,1,0.3333,,Leucine,Leucine
ST001865,Valine Leucine Isoleucine Degradation,0.4,none,diffabundance,3,1,-0.38953499,-0.38953499,0.0,0.0,1,0.3333,,Leucine,Leucine
ST001865,Valine Leucine Isoleucine Degradation,0.4,none,surrogate,3,1,-0.38953499,-0.38953499,0.0,0.0,1,0.3333,,Leucine,Leucine
ST001865,Valine Leucine Isoleucine Degradation,0.4,none,gnc_commutator,3,1,-0.38953499,-0.38953499,0.0,0.0,1,0.3333,,Leucine,Leucine
ST001865,Valine Leucine Isoleucine Degradation,0.4,none,mb2d_transport,3,1,-0.38953499,-0.38953499,0.0,0.0,1,0.3333,,Leucine,Leucine
ST001865,Valine Leucine Isoleucine Degradation,0.4,none,random,3,1,-0.38953499,-0.38953499,0.0,0.0,1,0.3333,,Leucine,Leucine
ST001865,Valine Leucine Isoleucine Degradation,0.4,none,degree,3,1,-0.38953499,-0.38953499,0.0,0.0,1,0.3333,,Leucine,Leucine
ST001865,Valine Leucine Isoleucine Degradation,0.4,none,variance,3,1,-0.38953499,-0.38953499,0.0,0.0,1,0.3333,,Leucine,Leucine
ST001865,Valine Leucine Isoleucine Degradation,0.4,none,diffabundance,3,1,-0.38953499,-0.38953499,0.0,0.0,1,0.3333,,Leucine,Leucine
ST001865,Valine Leucine Isoleucine Degradation,0.4,none,surrogate,3,1,-0.38953499,-0.38953499,0.0,0.0,1,0.3333,,Leucine,Leucine
ST001865,Valine Leucine Isoleucine Degradation,0.4,none,gnc_commutator,3,1,-0.38953499,-0.38953499,0.0,0.0,1,0.3333,,Leucine,Leucine
ST001865,Valine Leucine Isoleucine Degradation,0.4,none,mb2d_transport,3,1,-0.38953499,-0.38953499,0.0,0.0,1,0.3333,,Leucine,Leucine
ST001865,Valine Leucine Isoleucine Degradation,0.4,none,random,3,1,-0.38953499,-0.38953499,0.0,0.0,1,0.3333,,Leucine,Leucine
ST001865,Valine Leucine Isoleucine Degradation,0.4,none,degree,3,1,-0.38953499,-0.38953499,0.0,0.0,1,0.3333,,Leucine,Leucine
ST001865,Valine Leucine Isoleucine Degradation,0.4,none,variance,3,1,-0.38953499,-0.38953499,0.0,0.0,1,0.3333,,Leucine,Leucine
ST001865,Valine Leucine Isoleucine Degradation,0.4,none,diffabundance,3,1,-0.38953499,-0.38953499,0.0,0.0,1,0.3333,,Leucine,Leucine
ST001865,Valine Leucine Isoleucine Degradation,0.4,none,surrogate,3,1,-0.38765965,-0.38765965,0.0,0.0,1,0.3333,,Isoleucine,Isoleucine
ST001865,Valine Leucine Isoleucine Degradation,0.4,none,gnc_commutator,3,1,-0.38765965,-0.38765965,0.0,0.0,1,0.3333,,Isoleucine,Isoleucine
ST001865,Valine Leucine Isoleucine Degradation,0.4,none,mb2d_transport,3,1,-0.38765965,-0.38765965,0.0,0.0,1,0.3333,,Isoleucine,Isoleucine
ST001865,Valine Leucine Isoleucine Degradation,0.4,none,random,3,1,-0.38765965,-0.38765965,0.0,0.0,1,0.3333,,Isoleucine,Isoleucine
ST001865,Valine Leucine Isoleucine Degradation,0.4,none,degree,3,1,-0.38765965,-0.38765965,0.0,0.0,1,0.3333,,Isoleucine,Isoleucine
ST001865,Valine Leucine Isoleucine Degradation,0.4,none,variance,3,1,-0.38765965,-0.38765965,0.0,0.0,1,0.3333,,Isoleucine,Isoleucine
ST001865,Valine Leucine Isoleucine Degradation,0.4,none,diffabundance,3,1,-0.38765965,-0.38765965,0.0,0.0,1,0.3333,,Isoleucine,Isoleucine
ST001865,Valine Leucine Isoleucine Degradation,0.4,none,surrogate,3,1,-0.29522172,-0.29522172,0.0,0.0,1,0.3333,,Valine,Valine
ST001865,Valine Leucine Isoleucine Degradation,0.4,none,gnc_commutator,3,1,-0.29522172,-0.29522172,0.0,0.0,1,0.3333,,Valine,Valine
ST001865,Valine Leucine Isoleucine Degradation,0.4,none,mb2d_transport,3,1,-0.29522172,-0.29522172,0.0,0.0,1,0.3333,,Valine,Valine
ST001865,Valine Leucine Isoleucine Degradation,0.4,none,random,3,1,-0.29522172,-0.29522172,0.0,0.0,1,0.3333,,Valine,Valine
ST001865,Valine Leucine Isoleucine Degradation,0.4,none,degree,3,1,-0.29522172,-0.29522172,0.0,0.0,1,0.3333,,Valine,Valine
ST001865,Valine Leucine Isoleucine Degradation,0.4,none,variance,3,1,-0.29522172,-0.29522172,0.0,0.0,1,0.3333,,Valine,Valine
ST001865,Valine Leucine Isoleucine Degradation,0.4,none,diffabundance,3,1,-0.29522172,-0.29522172,0.0,0.0,1,0.3333,,Valine,Valine
ST001865,Valine Leucine Isoleucine Degradation,0.4,none,surrogate,3,1,-0.29522172,-0.29522172,0.0,0.0,1,0.3333,,Valine,Valine
ST001865,Valine Leucine Isoleucine Degradation,0.4,none,gnc_commutator,3,1,-0.29522172,-0.29522172,0.0,0.0,1,0.3333,,Valine,Valine
ST001865,Valine Leucine Isoleucine Degradation,0.4,none,mb2d_transport,3,1,-0.29522172,-0.29522172,0.0,0.0,1,0.3333,,Valine,Valine
ST001865,Valine Leucine Isoleucine Degradation,0.4,none,random,3,1,-0.29522172,-0.29522172,0.0,0.0,1,0.3333,,Valine,Valine
ST001865,Valine Leucine Isoleucine Degradation,0.4,none,degree,3,1,-0.29522172,-0.29522172,0.0,0.0,1,0.3333,,Valine,Valine
ST001865,Valine Leucine Isoleucine Degradation,0.4,none,variance,3,1,-0.29522172,-0.29522172,0.0,0.0,1,0.3333,,Valine,Valine
ST001865,Valine Leucine Isoleucine Degradation,0.4,none,diffabundance,3,1,-0.29522172,-0.29522172,0.0,0.0,1,0.3333,,Valine,Valine
ST001865,Valine Leucine Isoleucine Degradation,0.4,none,surrogate,3,1,-0.38953499,-0.38953499,0.0,0.0,1,0.3333,,Leucine,Leucine
ST001865,Valine Leucine Isoleucine Degradation,0.4,none,gnc_commutator,3,1,-0.38953499,-0.38953499,0.0,0.0,1,0.3333,,Leucine,Leucine
ST001865,Valine Leucine Isoleucine Degradation,0.4,none,mb2d_transport,3,1,-0.38953499,-0.38953499,0.0,0.0,1,0.3333,,Leucine,Leucine
ST001865,Valine Leucine Isoleucine Degradation,0.4,none,random,3,1,-0.38953499,-0.38953499,0.0,0.0,1,0.3333,,Leucine,Leucine
ST001865,Valine Leucine Isoleucine Degradation,0.4,none,degree,3,1,-0.38953499,-0.38953499,0.0,0.0,1,0.3333,,Leucine,Leucine
ST001865,Valine Leucine Isoleucine Degradation,0.4,none,variance,3,1,-0.38953499,-0.38953499,0.0,0.0,1,0.3333,,Leucine,Leucine
ST001865,Valine Leucine Isoleucine Degradation,0.4,none,diffabundance,3,1,-0.38953499,-0.38953499,0.0,0.0,1,0.3333,,Leucine,Leucine
ST001865,Valine Leucine Isoleucine Degradation,0.4,none,surrogate,3,1,-0.29522172,-0.29522172,0.0,0.0,1,0.3333,,Valine,Valine
ST001865,Valine Leucine Isoleucine Degradation,0.4,none,gnc_commutator,3,1,-0.29522172,-0.29522172,0.0,0.0,1,0.3333,,Valine,Valine
ST001865,Valine Leucine Isoleucine Degradation,0.4,none,mb2d_transport,3,1,-0.29522172,-0.29522172,0.0,0.0,1,0.3333,,Valine,Valine
ST001865,Valine Leucine Isoleucine Degradation,0.4,none,random,3,1,-0.29522172,-0.29522172,0.0,0.0,1,0.3333,,Valine,Valine
ST001865,Valine Leucine Isoleucine Degradation,0.4,none,degree,3,1,-0.29522172,-0.29522172,0.0,0.0,1,0.3333,,Valine,Valine
ST001865,Valine Leucine Isoleucine Degradation,0.4,none,variance,3,1,-0.29522172,-0.29522172,0.0,0.0,1,0.3333,,Valine,Valine
ST001865,Valine Leucine Isoleucine Degradation,0.4,none,diffabundance,3,1,-0.29522172,-0.29522172,0.0,0.0,1,0.3333,,Valine,Valine
ST001865,Valine Leucine Isoleucine Degradation,0.4,none,surrogate,3,1,-0.38765965,-0.38765965,0.0,0.0,1,0.3333,,Isoleucine,Isoleucine
ST001865,Valine Leucine Isoleucine Degradation,0.4,none,gnc_commutator,3,1,-0.38765965,-0.38765965,0.0,0.0,1,0.3333,,Isoleucine,Isoleucine
ST001865,Valine Leucine Isoleucine Degradation,0.4,none,mb2d_transport,3,1,-0.38765965,-0.38765965,0.0,0.0,1,0.3333,,Isoleucine,Isoleucine
ST001865,Valine Leucine Isoleucine Degradation,0.4,none,random,3,1,-0.38765965,-0.38765965,0.0,0.0,1,0.3333,,Isoleucine,Isoleucine
ST001865,Valine Leucine Isoleucine Degradation,0.4,none,degree,3,1,-0.38765965,-0.38765965,0.0,0.0,1,0.3333,,Isoleucine,Isoleucine
ST001865,Valine Leucine Isoleucine Degradation,0.4,none,variance,3,1,-0.38765965,-0.38765965,0.0,0.0,1,0.3333,,Isoleucine,Isoleucine
ST001865,Valine Leucine Isoleucine Degradation,0.4,none,diffabundance,3,1,-0.38765965,-0.38765965,0.0,0.0,1,0.3333,,Isoleucine,Isoleucine
ST001865,Valine Leucine Isoleucine Degradation,0.4,none,surrogate,3,1,-0.38953499,-0.38953499,0.0,0.0,1,0.3333,,Leucine,Leucine
ST001865,Valine Leucine Isoleucine Degradation,0.4,none,gnc_commutator,3,1,-0.38953499,-0.38953499,0.0,0.0,1,0.3333,,Leucine,Leucine
ST001865,Valine Leucine Isoleucine Degradation,0.4,none,mb2d_transport,3,1,-0.38953499,-0.38953499,0.0,0.0,1,0.3333,,Leucine,Leucine
ST001865,Valine Leucine Isoleucine Degradation,0.4,none,random,3,1,-0.38953499,-0.38953499,0.0,0.0,1,0.3333,,Leucine,Leucine
ST001865,Valine Leucine Isoleucine Degradation,0.4,none,degree,3,1,-0.38953499,-0.38953499,0.0,0.0,1,0.3333,,Leucine,Leucine
ST001865,Valine Leucine Isoleucine Degradation,0.4,none,variance,3,1,-0.38953499,-0.38953499,0.0,0.0,1,0.3333,,Leucine,Leucine
ST001865,Valine Leucine Isoleucine Degradation,0.4,none,diffabundance,3,1,-0.38953499,-0.38953499,0.0,0.0,1,0.3333,,Leucine,Leucine
ST001865,Valine Leucine Isoleucine Degradation,0.4,none,surrogate,3,1,-0.38765965,-0.38765965,0.0,0.0,1,0.3333,,Isoleucine,Isoleucine
ST001865,Valine Leucine Isoleucine Degradation,0.4,none,gnc_commutator,3,1,-0.38765965,-0.38765965,0.0,0.0,1,0.3333,,Isoleucine,Isoleucine
ST001865,Valine Leucine Isoleucine Degradation,0.4,none,mb2d_transport,3,1,-0.38765965,-0.38765965,0.0,0.0,1,0.3333,,Isoleucine,Isoleucine
ST001865,Valine Leucine Isoleucine Degradation,0.4,none,random,3,1,-0.38765965,-0.38765965,0.0,0.0,1,0.3333,,Isoleucine,Isoleucine
ST001865,Valine Leucine Isoleucine Degradation,0.4,none,degree,3,1,-0.38765965,-0.38765965,0.0,0.0,1,0.3333,,Isoleucine,Isoleucine
ST001865,Valine Leucine Isoleucine Degradation,0.4,none,variance,3,1,-0.38765965,-0.38765965,0.0,0.0,1,0.3333,,Isoleucine,Isoleucine
ST001865,Valine Leucine Isoleucine Degradation,0.4,none,diffabundance,3,1,-0.38765965,-0.38765965,0.0,0.0,1,0.3333,,Isoleucine,Isoleucine
ST001865,Valine Leucine Isoleucine Degradation,0.4,none,surrogate,3,1,-0.38765965,-0.38765965,0.0,0.0,1,0.3333,,Isoleucine,Isoleucine
ST001865,Valine Leucine Isoleucine Degradation,0.4,none,gnc_commutator,3,1,-0.38765965,-0.38765965,0.0,0.0,1,0.3333,,Isoleucine,Isoleucine
ST001865,Valine Leucine Isoleucine Degradation,0.4,none,mb2d_transport,3,1,-0.38765965,-0.38765965,0.0,0.0,1,0.3333,,Isoleucine,Isoleucine
ST001865,Valine Leucine Isoleucine Degradation,0.4,none,random,3,1,-0.38765965,-0.38765965,0.0,0.0,1,0.3333,,Isoleucine,Isoleucine
ST001865,Valine Leucine Isoleucine Degradation,0.4,none,degree,3,1,-0.38765965,-0.38765965,0.0,0.0,1,0.3333,,Isoleucine,Isoleucine
ST001865,Valine Leucine Isoleucine Degradation,0.4,none,variance,3,1,-0.38765965,-0.38765965,0.0,0.0,1,0.3333,,Isoleucine,Isoleucine
ST001865,Valine Leucine Isoleucine Degradation,0.4,none,diffabundance,3,1,-0.38765965,-0.38765965,0.0,0.0,1,0.3333,,Isoleucine,Isoleucine
ST001865,Valine Leucine Isoleucine Degradation,0.4,none,surrogate,3,1,-0.29522172,-0.29522172,0.0,0.0,1,0.3333,,Valine,Valine
ST001865,Valine Leucine Isoleucine Degradation,0.4,none,gnc_commutator,3,1,-0.29522172,-0.29522172,0.0,0.0,1,0.3333,,Valine,Valine
ST001865,Valine Leucine Isoleucine Degradation,0.4,none,mb2d_transport,3,1,-0.29522172,-0.29522172,0.0,0.0,1,0.3333,,Valine,Valine
ST001865,Valine Leucine Isoleucine Degradation,0.4,none,random,3,1,-0.29522172,-0.29522172,0.0,0.0,1,0.3333,,Valine,Valine
ST001865,Valine Leucine Isoleucine Degradation,0.4,none,degree,3,1,-0.29522172,-0.29522172,0.0,0.0,1,0.3333,,Valine,Valine
ST001865,Valine Leucine Isoleucine Degradation,0.4,none,variance,3,1,-0.29522172,-0.29522172,0.0,0.0,1,0.3333,,Valine,Valine
ST001865,Valine Leucine Isoleucine Degradation,0.4,none,diffabundance,3,1,-0.29522172,-0.29522172,0.0,0.0,1,0.3333,,Valine,Valine
ST001865,Valine Leucine Isoleucine Degradation,0.4,none,surrogate,3,1,-0.38765965,-0.38765965,0.0,0.0,1,0.3333,,Isoleucine,Isoleucine
ST001865,Valine Leucine Isoleucine Degradation,0.4,none,gnc_commutator,3,1,-0.38765965,-0.38765965,0.0,0.0,1,0.3333,,Isoleucine,Isoleucine
ST001865,Valine Leucine Isoleucine Degradation,0.4,none,mb2d_transport,3,1,-0.38765965,-0.38765965,0.0,0.0,1,0.3333,,Isoleucine,Isoleucine
ST001865,Valine Leucine Isoleucine Degradation,0.4,none,random,3,1,-0.38765965,-0.38765965,0.0,0.0,1,0.3333,,Isoleucine,Isoleucine
ST001865,Valine Leucine Isoleucine Degradation,0.4,none,degree,3,1,-0.38765965,-0.38765965,0.0,0.0,1,0.3333,,Isoleucine,Isoleucine
ST001865,Valine Leucine Isoleucine Degradation,0.4,none,variance,3,1,-0.38765965,-0.38765965,0.0,0.0,1,0.3333,,Isoleucine,Isoleucine
ST001865,Valine Leucine Isoleucine Degradation,0.4,none,diffabundance,3,1,-0.38765965,-0.38765965,0.0,0.0,1,0.3333,,Isoleucine,Isoleucine
ST001865,Valine Leucine Isoleucine Degradation,0.4,none,surrogate,3,1,-0.38765965,-0.38765965,0.0,0.0,1,0.3333,,Isoleucine,Isoleucine
ST001865,Valine Leucine Isoleucine Degradation,0.4,none,gnc_commutator,3,1,-0.38765965,-0.38765965,0.0,0.0,1,0.3333,,Isoleucine,Isoleucine
ST001865,Valine Leucine Isoleucine Degradation,0.4,none,mb2d_transport,3,1,-0.38765965,-0.38765965,0.0,0.0,1,0.3333,,Isoleucine,Isoleucine
ST001865,Valine Leucine Isoleucine Degradation,0.4,none,random,3,1,-0.38765965,-0.38765965,0.0,0.0,1,0.3333,,Isoleucine,Isoleucine
ST001865,Valine Leucine Isoleucine Degradation,0.4,none,degree,3,1,-0.38765965,-0.38765965,0.0,0.0,1,0.3333,,Isoleucine,Isoleucine
ST001865,Valine Leucine Isoleucine Degradation,0.4,none,variance,3,1,-0.38765965,-0.38765965,0.0,0.0,1,0.3333,,Isoleucine,Isoleucine
ST001865,Valine Leucine Isoleucine Degradation,0.4,none,diffabundance,3,1,-0.38765965,-0.38765965,0.0,0.0,1,0.3333,,Isoleucine,Isoleucine
ST001865,Valine Leucine Isoleucine Degradation,0.4,none,surrogate,3,1,-0.38953499,-0.38953499,0.0,0.0,1,0.3333,,Leucine,Leucine
ST001865,Valine Leucine Isoleucine Degradation,0.4,none,gnc_commutator,3,1,-0.38953499,-0.38953499,0.0,0.0,1,0.3333,,Leucine,Leucine
ST001865,Valine Leucine Isoleucine Degradation,0.4,none,mb2d_transport,3,1,-0.38953499,-0.38953499,0.0,0.0,1,0.3333,,Leucine,Leucine
ST001865,Valine Leucine Isoleucine Degradation,0.4,none,random,3,1,-0.38953499,-0.38953499,0.0,0.0,1,0.3333,,Leucine,Leucine
ST001865,Valine Leucine Isoleucine Degradation,0.4,none,degree,3,1,-0.38953499,-0.38953499,0.0,0.0,1,0.3333,,Leucine,Leucine
ST001865,Valine Leucine Isoleucine Degradation,0.4,none,variance,3,1,-0.38953499,-0.38953499,0.0,0.0,1,0.3333,,Leucine,Leucine
ST001865,Valine Leucine Isoleucine Degradation,0.4,none,diffabundance,3,1,-0.38953499,-0.38953499,0.0,0.0,1,0.3333,,Leucine,Leucine
ST001865,Valine Leucine Isoleucine Degradation,0.4,none,surrogate,3,1,-0.29522172,-0.29522172,0.0,0.0,1,0.3333,,Valine,Valine
ST001865,Valine Leucine Isoleucine Degradation,0.4,none,gnc_commutator,3,1,-0.29522172,-0.29522172,0.0,0.0,1,0.3333,,Valine,Valine
ST001865,Valine Leucine Isoleucine Degradation,0.4,none,mb2d_transport,3,1,-0.29522172,-0.29522172,0.0,0.0,1,0.3333,,Valine,Valine
ST001865,Valine Leucine Isoleucine Degradation,0.4,none,random,3,1,-0.29522172,-0.29522172,0.0,0.0,1,0.3333,,Valine,Valine
ST001865,Valine Leucine Isoleucine Degradation,0.4,none,degree,3,1,-0.29522172,-0.29522172,0.0,0.0,1,0.3333,,Valine,Valine
ST001865,Valine Leucine Isoleucine Degradation,0.4,none,variance,3,1,-0.29522172,-0.29522172,0.0,0.0,1,0.3333,,Valine,Valine
ST001865,Valine Leucine Isoleucine Degradation,0.4,none,diffabundance,3,1,-0.29522172,-0.29522172,0.0,0.0,1,0.3333,,Valine,Valine
ST001865,Valine Leucine Isoleucine Degradation,0.4,none,surrogate,3,1,-0.29522172,-0.29522172,0.0,0.0,1,0.3333,,Valine,Valine
ST001865,Valine Leucine Isoleucine Degradation,0.4,none,gnc_commutator,3,1,-0.29522172,-0.29522172,0.0,0.0,1,0.3333,,Valine,Valine
ST001865,Valine Leucine Isoleucine Degradation,0.4,none,mb2d_transport,3,1,-0.29522172,-0.29522172,0.0,0.0,1,0.3333,,Valine,Valine
ST001865,Valine Leucine Isoleucine Degradation,0.4,none,random,3,1,-0.29522172,-0.29522172,0.0,0.0,1,0.3333,,Valine,Valine
ST001865,Valine Leucine Isoleucine Degradation,0.4,none,degree,3,1,-0.29522172,-0.29522172,0.0,0.0,1,0.3333,,Valine,Valine
ST001865,Valine Leucine Isoleucine Degradation,0.4,none,variance,3,1,-0.29522172,-0.29522172,0.0,0.0,1,0.3333,,Valine,Valine
ST001865,Valine Leucine Isoleucine Degradation,0.4,none,diffabundance,3,1,-0.29522172,-0.29522172,0.0,0.0,1,0.3333,,Valine,Valine
ST001865,Valine Leucine Isoleucine Degradation,0.4,none,surrogate,3,1,-0.38765965,-0.38765965,0.0,0.0,1,0.3333,,Isoleucine,Isoleucine
ST001865,Valine Leucine Isoleucine Degradation,0.4,none,gnc_commutator,3,1,-0.38765965,-0.38765965,0.0,0.0,1,0.3333,,Isoleucine,Isoleucine
ST001865,Valine Leucine Isoleucine Degradation,0.4,none,mb2d_transport,3,1,-0.38765965,-0.38765965,0.0,0.0,1,0.3333,,Isoleucine,Isoleucine
ST001865,Valine Leucine Isoleucine Degradation,0.4,none,random,3,1,-0.38765965,-0.38765965,0.0,0.0,1,0.3333,,Isoleucine,Isoleucine
ST001865,Valine Leucine Isoleucine Degradation,0.4,none,degree,3,1,-0.38765965,-0.38765965,0.0,0.0,1,0.3333,,Isoleucine,Isoleucine
ST001865,Valine Leucine Isoleucine Degradation,0.4,none,variance,3,1,-0.38765965,-0.38765965,0.0,0.0,1,0.3333,,Isoleucine,Isoleucine
ST001865,Valine Leucine Isoleucine Degradation,0.4,none,diffabundance,3,1,-0.38765965,-0.38765965,0.0,0.0,1,0.3333,,Isoleucine,Isoleucine
ST001865,Valine Leucine Isoleucine Degradation,0.5,none,surrogate,3,1,-0.38953499,-0.38953499,0.0,0.0,1,0.3333,,Leucine,Leucine
ST001865,Valine Leucine Isoleucine Degradation,0.5,none,gnc_commutator,3,1,-0.38953499,-0.38953499,0.0,0.0,1,0.3333,,Leucine,Leucine
ST001865,Valine Leucine Isoleucine Degradation,0.5,none,mb2d_transport,3,1,-0.38953499,-0.38953499,0.0,0.0,1,0.3333,,Leucine,Leucine
ST001865,Valine Leucine Isoleucine Degradation,0.5,none,random,3,1,-0.38953499,-0.38953499,0.0,0.0,1,0.3333,,Leucine,Leucine
ST001865,Valine Leucine Isoleucine Degradation,0.5,none,degree,3,1,-0.38953499,-0.38953499,0.0,0.0,1,0.3333,,Leucine,Leucine
ST001865,Valine Leucine Isoleucine Degradation,0.5,none,variance,3,1,-0.38953499,-0.38953499,0.0,0.0,1,0.3333,,Leucine,Leucine
ST001865,Valine Leucine Isoleucine Degradation,0.5,none,diffabundance,3,1,-0.38953499,-0.38953499,0.0,0.0,1,0.3333,,Leucine,Leucine
ST001865,Valine Leucine Isoleucine Degradation,0.5,none,surrogate,3,1,-0.38765965,-0.38765965,0.0,0.0,1,0.3333,,Isoleucine,Isoleucine
ST001865,Valine Leucine Isoleucine Degradation,0.5,none,gnc_commutator,3,1,-0.38765965,-0.38765965,0.0,0.0,1,0.3333,,Isoleucine,Isoleucine
ST001865,Valine Leucine Isoleucine Degradation,0.5,none,mb2d_transport,3,1,-0.38765965,-0.38765965,0.0,0.0,1,0.3333,,Isoleucine,Isoleucine
ST001865,Valine Leucine Isoleucine Degradation,0.5,none,random,3,1,-0.38765965,-0.38765965,0.0,0.0,1,0.3333,,Isoleucine,Isoleucine
ST001865,Valine Leucine Isoleucine Degradation,0.5,none,degree,3,1,-0.38765965,-0.38765965,0.0,0.0,1,0.3333,,Isoleucine,Isoleucine
ST001865,Valine Leucine Isoleucine Degradation,0.5,none,variance,3,1,-0.38765965,-0.38765965,0.0,0.0,1,0.3333,,Isoleucine,Isoleucine
ST001865,Valine Leucine Isoleucine Degradation,0.5,none,diffabundance,3,1,-0.38765965,-0.38765965,0.0,0.0,1,0.3333,,Isoleucine,Isoleucine
ST001865,Valine Leucine Isoleucine Degradation,0.5,none,surrogate,3,1,-0.38765965,-0.38765965,0.0,0.0,1,0.3333,,Isoleucine,Isoleucine
ST001865,Valine Leucine Isoleucine Degradation,0.5,none,gnc_commutator,3,1,-0.38765965,-0.38765965,0.0,0.0,1,0.3333,,Isoleucine,Isoleucine
ST001865,Valine Leucine Isoleucine Degradation,0.5,none,mb2d_transport,3,1,-0.38765965,-0.38765965,0.0,0.0,1,0.3333,,Isoleucine,Isoleucine
ST001865,Valine Leucine Isoleucine Degradation,0.5,none,random,3,1,-0.38765965,-0.38765965,0.0,0.0,1,0.3333,,Isoleucine,Isoleucine
ST001865,Valine Leucine Isoleucine Degradation,0.5,none,degree,3,1,-0.38765965,-0.38765965,0.0,0.0,1,0.3333,,Isoleucine,Isoleucine
ST001865,Valine Leucine Isoleucine Degradation,0.5,none,variance,3,1,-0.38765965,-0.38765965,0.0,0.0,1,0.3333,,Isoleucine,Isoleucine
ST001865,Valine Leucine Isoleucine Degradation,0.5,none,diffabundance,3,1,-0.38765965,-0.38765965,0.0,0.0,1,0.3333,,Isoleucine,Isoleucine
ST001865,Valine Leucine Isoleucine Degradation,0.5,none,surrogate,3,1,-0.29522172,-0.29522172,0.0,0.0,1,0.3333,,Valine,Valine
ST001865,Valine Leucine Isoleucine Degradation,0.5,none,gnc_commutator,3,1,-0.29522172,-0.29522172,0.0,0.0,1,0.3333,,Valine,Valine
ST001865,Valine Leucine Isoleucine Degradation,0.5,none,mb2d_transport,3,1,-0.29522172,-0.29522172,0.0,0.0,1,0.3333,,Valine,Valine
ST001865,Valine Leucine Isoleucine Degradation,0.5,none,random,3,1,-0.29522172,-0.29522172,0.0,0.0,1,0.3333,,Valine,Valine
ST001865,Valine Leucine Isoleucine Degradation,0.5,none,degree,3,1,-0.29522172,-0.29522172,0.0,0.0,1,0.3333,,Valine,Valine
ST001865,Valine Leucine Isoleucine Degradation,0.5,none,variance,3,1,-0.29522172,-0.29522172,0.0,0.0,1,0.3333,,Valine,Valine
ST001865,Valine Leucine Isoleucine Degradation,0.5,none,diffabundance,3,1,-0.29522172,-0.29522172,0.0,0.0,1,0.3333,,Valine,Valine
ST001865,Valine Leucine Isoleucine Degradation,0.5,none,surrogate,3,1,-0.38765965,-0.38765965,0.0,0.0,1,0.3333,,Isoleucine,Isoleucine
ST001865,Valine Leucine Isoleucine Degradation,0.5,none,gnc_commutator,3,1,-0.38765965,-0.38765965,0.0,0.0,1,0.3333,,Isoleucine,Isoleucine
ST001865,Valine Leucine Isoleucine Degradation,0.5,none,mb2d_transport,3,1,-0.38765965,-0.38765965,0.0,0.0,1,0.3333,,Isoleucine,Isoleucine
ST001865,Valine Leucine Isoleucine Degradation,0.5,none,random,3,1,-0.38765965,-0.38765965,0.0,0.0,1,0.3333,,Isoleucine,Isoleucine
ST001865,Valine Leucine Isoleucine Degradation,0.5,none,degree,3,1,-0.38765965,-0.38765965,0.0,0.0,1,0.3333,,Isoleucine,Isoleucine
ST001865,Valine Leucine Isoleucine Degradation,0.5,none,variance,3,1,-0.38765965,-0.38765965,0.0,0.0,1,0.3333,,Isoleucine,Isoleucine
ST001865,Valine Leucine Isoleucine Degradation,0.5,none,diffabundance,3,1,-0.38765965,-0.38765965,0.0,0.0,1,0.3333,,Isoleucine,Isoleucine
ST001865,Valine Leucine Isoleucine Degradation,0.5,none,surrogate,3,1,-0.38765965,-0.38765965,0.0,0.0,1,0.3333,,Isoleucine,Isoleucine
ST001865,Valine Leucine Isoleucine Degradation,0.5,none,gnc_commutator,3,1,-0.38765965,-0.38765965,0.0,0.0,1,0.3333,,Isoleucine,Isoleucine
ST001865,Valine Leucine Isoleucine Degradation,0.5,none,mb2d_transport,3,1,-0.38765965,-0.38765965,0.0,0.0,1,0.3333,,Isoleucine,Isoleucine
ST001865,Valine Leucine Isoleucine Degradation,0.5,none,random,3,1,-0.38765965,-0.38765965,0.0,0.0,1,0.3333,,Isoleucine,Isoleucine
ST001865,Valine Leucine Isoleucine Degradation,0.5,none,degree,3,1,-0.38765965,-0.38765965,0.0,0.0,1,0.3333,,Isoleucine,Isoleucine
ST001865,Valine Leucine Isoleucine Degradation,0.5,none,variance,3,1,-0.38765965,-0.38765965,0.0,0.0,1,0.3333,,Isoleucine,Isoleucine
ST001865,Valine Leucine Isoleucine Degradation,0.5,none,diffabundance,3,1,-0.38765965,-0.38765965,0.0,0.0,1,0.3333,,Isoleucine,Isoleucine
ST001865,Valine Leucine Isoleucine Degradation,0.5,none,surrogate,3,1,-0.38953499,-0.38953499,0.0,0.0,1,0.3333,,Leucine,Leucine
ST001865,Valine Leucine Isoleucine Degradation,0.5,none,gnc_commutator,3,1,-0.38953499,-0.38953499,0.0,0.0,1,0.3333,,Leucine,Leucine
ST001865,Valine Leucine Isoleucine Degradation,0.5,none,mb2d_transport,3,1,-0.38953499,-0.38953499,0.0,0.0,1,0.3333,,Leucine,Leucine
ST001865,Valine Leucine Isoleucine Degradation,0.5,none,random,3,1,-0.38953499,-0.38953499,0.0,0.0,1,0.3333,,Leucine,Leucine
ST001865,Valine Leucine Isoleucine Degradation,0.5,none,degree,3,1,-0.38953499,-0.38953499,0.0,0.0,1,0.3333,,Leucine,Leucine
ST001865,Valine Leucine Isoleucine Degradation,0.5,none,variance,3,1,-0.38953499,-0.38953499,0.0,0.0,1,0.3333,,Leucine,Leucine
ST001865,Valine Leucine Isoleucine Degradation,0.5,none,diffabundance,3,1,-0.38953499,-0.38953499,0.0,0.0,1,0.3333,,Leucine,Leucine
ST001865,Valine Leucine Isoleucine Degradation,0.5,none,surrogate,3,1,-0.29522172,-0.29522172,0.0,0.0,1,0.3333,,Valine,Valine
ST001865,Valine Leucine Isoleucine Degradation,0.5,none,gnc_commutator,3,1,-0.29522172,-0.29522172,0.0,0.0,1,0.3333,,Valine,Valine
ST001865,Valine Leucine Isoleucine Degradation,0.5,none,mb2d_transport,3,1,-0.29522172,-0.29522172,0.0,0.0,1,0.3333,,Valine,Valine
ST001865,Valine Leucine Isoleucine Degradation,0.5,none,random,3,1,-0.29522172,-0.29522172,0.0,0.0,1,0.3333,,Valine,Valine
ST001865,Valine Leucine Isoleucine Degradation,0.5,none,degree,3,1,-0.29522172,-0.29522172,0.0,0.0,1,0.3333,,Valine,Valine
ST001865,Valine Leucine Isoleucine Degradation,0.5,none,variance,3,1,-0.29522172,-0.29522172,0.0,0.0,1,0.3333,,Valine,Valine
ST001865,Valine Leucine Isoleucine Degradation,0.5,none,diffabundance,3,1,-0.29522172,-0.29522172,0.0,0.0,1,0.3333,,Valine,Valine
ST001865,Valine Leucine Isoleucine Degradation,0.5,none,surrogate,3,1,-0.29522172,-0.29522172,0.0,0.0,1,0.3333,,Valine,Valine
ST001865,Valine Leucine Isoleucine Degradation,0.5,none,gnc_commutator,3,1,-0.29522172,-0.29522172,0.0,0.0,1,0.3333,,Valine,Valine
ST001865,Valine Leucine Isoleucine Degradation,0.5,none,mb2d_transport,3,1,-0.29522172,-0.29522172,0.0,0.0,1,0.3333,,Valine,Valine
ST001865,Valine Leucine Isoleucine Degradation,0.5,none,random,3,1,-0.29522172,-0.29522172,0.0,0.0,1,0.3333,,Valine,Valine
ST001865,Valine Leucine Isoleucine Degradation,0.5,none,degree,3,1,-0.29522172,-0.29522172,0.0,0.0,1,0.3333,,Valine,Valine
ST001865,Valine Leucine Isoleucine Degradation,0.5,none,variance,3,1,-0.29522172,-0.29522172,0.0,0.0,1,0.3333,,Valine,Valine
ST001865,Valine Leucine Isoleucine Degradation,0.5,none,diffabundance,3,1,-0.29522172,-0.29522172,0.0,0.0,1,0.3333,,Valine,Valine
ST001865,Valine Leucine Isoleucine Degradation,0.5,none,surrogate,3,1,-0.38765965,-0.38765965,0.0,0.0,1,0.3333,,Isoleucine,Isoleucine
ST001865,Valine Leucine Isoleucine Degradation,0.5,none,gnc_commutator,3,1,-0.38765965,-0.38765965,0.0,0.0,1,0.3333,,Isoleucine,Isoleucine
ST001865,Valine Leucine Isoleucine Degradation,0.5,none,mb2d_transport,3,1,-0.38765965,-0.38765965,0.0,0.0,1,0.3333,,Isoleucine,Isoleucine
ST001865,Valine Leucine Isoleucine Degradation,0.5,none,random,3,1,-0.38765965,-0.38765965,0.0,0.0,1,0.3333,,Isoleucine,Isoleucine
ST001865,Valine Leucine Isoleucine Degradation,0.5,none,degree,3,1,-0.38765965,-0.38765965,0.0,0.0,1,0.3333,,Isoleucine,Isoleucine
ST001865,Valine Leucine Isoleucine Degradation,0.5,none,variance,3,1,-0.38765965,-0.38765965,0.0,0.0,1,0.3333,,Isoleucine,Isoleucine
ST001865,Valine Leucine Isoleucine Degradation,0.5,none,diffabundance,3,1,-0.38765965,-0.38765965,0.0,0.0,1,0.3333,,Isoleucine,Isoleucine
ST001865,Valine Leucine Isoleucine Degradation,0.5,none,surrogate,3,1,-0.38953499,-0.38953499,0.0,0.0,1,0.3333,,Leucine,Leucine
ST001865,Valine Leucine Isoleucine Degradation,0.5,none,gnc_commutator,3,1,-0.38953499,-0.38953499,0.0,0.0,1,0.3333,,Leucine,Leucine
ST001865,Valine Leucine Isoleucine Degradation,0.5,none,mb2d_transport,3,1,-0.38953499,-0.38953499,0.0,0.0,1,0.3333,,Leucine,Leucine
ST001865,Valine Leucine Isoleucine Degradation,0.5,none,random,3,1,-0.38953499,-0.38953499,0.0,0.0,1,0.3333,,Leucine,Leucine
ST001865,Valine Leucine Isoleucine Degradation,0.5,none,degree,3,1,-0.38953499,-0.38953499,0.0,0.0,1,0.3333,,Leucine,Leucine
ST001865,Valine Leucine Isoleucine Degradation,0.5,none,variance,3,1,-0.38953499,-0.38953499,0.0,0.0,1,0.3333,,Leucine,Leucine
ST001865,Valine Leucine Isoleucine Degradation,0.5,none,diffabundance,3,1,-0.38953499,-0.38953499,0.0,0.0,1,0.3333,,Leucine,Leucine
ST001865,Valine Leucine Isoleucine Degradation,0.5,none,surrogate,3,1,-0.29522172,-0.29522172,0.0,0.0,1,0.3333,,Valine,Valine
ST001865,Valine Leucine Isoleucine Degradation,0.5,none,gnc_commutator,3,1,-0.29522172,-0.29522172,0.0,0.0,1,0.3333,,Valine,Valine
ST001865,Valine Leucine Isoleucine Degradation,0.5,none,mb2d_transport,3,1,-0.29522172,-0.29522172,0.0,0.0,1,0.3333,,Valine,Valine
ST001865,Valine Leucine Isoleucine Degradation,0.5,none,random,3,1,-0.29522172,-0.29522172,0.0,0.0,1,0.3333,,Valine,Valine
ST001865,Valine Leucine Isoleucine Degradation,0.5,none,degree,3,1,-0.29522172,-0.29522172,0.0,0.0,1,0.3333,,Valine,Valine
ST001865,Valine Leucine Isoleucine Degradation,0.5,none,variance,3,1,-0.29522172,-0.29522172,0.0,0.0,1,0.3333,,Valine,Valine
ST001865,Valine Leucine Isoleucine Degradation,0.5,none,diffabundance,3,1,-0.29522172,-0.29522172,0.0,0.0,1,0.3333,,Valine,Valine
ST001865,Valine Leucine Isoleucine Degradation,0.5,none,surrogate,3,1,-0.29522172,-0.29522172,0.0,0.0,1,0.3333,,Valine,Valine
ST001865,Valine Leucine Isoleucine Degradation,0.5,none,gnc_commutator,3,1,-0.29522172,-0.29522172,0.0,0.0,1,0.3333,,Valine,Valine
ST001865,Valine Leucine Isoleucine Degradation,0.5,none,mb2d_transport,3,1,-0.29522172,-0.29522172,0.0,0.0,1,0.3333,,Valine,Valine
ST001865,Valine Leucine Isoleucine Degradation,0.5,none,random,3,1,-0.29522172,-0.29522172,0.0,0.0,1,0.3333,,Valine,Valine
ST001865,Valine Leucine Isoleucine Degradation,0.5,none,degree,3,1,-0.29522172,-0.29522172,0.0,0.0,1,0.3333,,Valine,Valine
ST001865,Valine Leucine Isoleucine Degradation,0.5,none,variance,3,1,-0.29522172,-0.29522172,0.0,0.0,1,0.3333,,Valine,Valine
ST001865,Valine Leucine Isoleucine Degradation,0.5,none,diffabundance,3,1,-0.29522172,-0.29522172,0.0,0.0,1,0.3333,,Valine,Valine
ST001865,Valine Leucine Isoleucine Degradation,0.5,none,surrogate,3,1,-0.38953499,-0.38953499,0.0,0.0,1,0.3333,,Leucine,Leucine
ST001865,Valine Leucine Isoleucine Degradation,0.5,none,gnc_commutator,3,1,-0.38953499,-0.38953499,0.0,0.0,1,0.3333,,Leucine,Leucine
ST001865,Valine Leucine Isoleucine Degradation,0.5,none,mb2d_transport,3,1,-0.38953499,-0.38953499,0.0,0.0,1,0.3333,,Leucine,Leucine
ST001865,Valine Leucine Isoleucine Degradation,0.5,none,random,3,1,-0.38953499,-0.38953499,0.0,0.0,1,0.3333,,Leucine,Leucine
ST001865,Valine Leucine Isoleucine Degradation,0.5,none,degree,3,1,-0.38953499,-0.38953499,0.0,0.0,1,0.3333,,Leucine,Leucine
ST001865,Valine Leucine Isoleucine Degradation,0.5,none,variance,3,1,-0.38953499,-0.38953499,0.0,0.0,1,0.3333,,Leucine,Leucine
ST001865,Valine Leucine Isoleucine Degradation,0.5,none,diffabundance,3,1,-0.38953499,-0.38953499,0.0,0.0,1,0.3333,,Leucine,Leucine
ST001865,Valine Leucine Isoleucine Degradation,0.5,none,surrogate,3,1,-0.38953499,-0.38953499,0.0,0.0,1,0.3333,,Leucine,Leucine
ST001865,Valine Leucine Isoleucine Degradation,0.5,none,gnc_commutator,3,1,-0.38953499,-0.38953499,0.0,0.0,1,0.3333,,Leucine,Leucine
ST001865,Valine Leucine Isoleucine Degradation,0.5,none,mb2d_transport,3,1,-0.38953499,-0.38953499,0.0,0.0,1,0.3333,,Leucine,Leucine
ST001865,Valine Leucine Isoleucine Degradation,0.5,none,random,3,1,-0.38953499,-0.38953499,0.0,0.0,1,0.3333,,Leucine,Leucine
ST001865,Valine Leucine Isoleucine Degradation,0.5,none,degree,3,1,-0.38953499,-0.38953499,0.0,0.0,1,0.3333,,Leucine,Leucine
ST001865,Valine Leucine Isoleucine Degradation,0.5,none,variance,3,1,-0.38953499,-0.38953499,0.0,0.0,1,0.3333,,Leucine,Leucine
ST001865,Valine Leucine Isoleucine Degradation,0.5,none,diffabundance,3,1,-0.38953499,-0.38953499,0.0,0.0,1,0.3333,,Leucine,Leucine
ST001865,Valine Leucine Isoleucine Degradation,0.5,none,surrogate,3,1,-0.38765965,-0.38765965,0.0,0.0,1,0.3333,,Isoleucine,Isoleucine
ST001865,Valine Leucine Isoleucine Degradation,0.5,none,gnc_commutator,3,1,-0.38765965,-0.38765965,0.0,0.0,1,0.3333,,Isoleucine,Isoleucine
ST001865,Valine Leucine Isoleucine Degradation,0.5,none,mb2d_transport,3,1,-0.38765965,-0.38765965,0.0,0.0,1,0.3333,,Isoleucine,Isoleucine
ST001865,Valine Leucine Isoleucine Degradation,0.5,none,random,3,1,-0.38765965,-0.38765965,0.0,0.0,1,0.3333,,Isoleucine,Isoleucine
ST001865,Valine Leucine Isoleucine Degradation,0.5,none,degree,3,1,-0.38765965,-0.38765965,0.0,0.0,1,0.3333,,Isoleucine,Isoleucine
ST001865,Valine Leucine Isoleucine Degradation,0.5,none,variance,3,1,-0.38765965,-0.38765965,0.0,0.0,1,0.3333,,Isoleucine,Isoleucine
ST001865,Valine Leucine Isoleucine Degradation,0.5,none,diffabundance,3,1,-0.38765965,-0.38765965,0.0,0.0,1,0.3333,,Isoleucine,Isoleucine
ST001865,Valine Leucine Isoleucine Degradation,0.5,none,surrogate,3,1,-0.29522172,-0.29522172,0.0,0.0,1,0.3333,,Valine,Valine
ST001865,Valine Leucine Isoleucine Degradation,0.5,none,gnc_commutator,3,1,-0.29522172,-0.29522172,0.0,0.0,1,0.3333,,Valine,Valine
ST001865,Valine Leucine Isoleucine Degradation,0.5,none,mb2d_transport,3,1,-0.29522172,-0.29522172,0.0,0.0,1,0.3333,,Valine,Valine
ST001865,Valine Leucine Isoleucine Degradation,0.5,none,random,3,1,-0.29522172,-0.29522172,0.0,0.0,1,0.3333,,Valine,Valine
ST001865,Valine Leucine Isoleucine Degradation,0.5,none,degree,3,1,-0.29522172,-0.29522172,0.0,0.0,1,0.3333,,Valine,Valine
ST001865,Valine Leucine Isoleucine Degradation,0.5,none,variance,3,1,-0.29522172,-0.29522172,0.0,0.0,1,0.3333,,Valine,Valine
ST001865,Valine Leucine Isoleucine Degradation,0.5,none,diffabundance,3,1,-0.29522172,-0.29522172,0.0,0.0,1,0.3333,,Valine,Valine
ST001865,Valine Leucine Isoleucine Degradation,0.5,none,surrogate,3,1,-0.38765965,-0.38765965,0.0,0.0,1,0.3333,,Isoleucine,Isoleucine
ST001865,Valine Leucine Isoleucine Degradation,0.5,none,gnc_commutator,3,1,-0.38765965,-0.38765965,0.0,0.0,1,0.3333,,Isoleucine,Isoleucine
ST001865,Valine Leucine Isoleucine Degradation,0.5,none,mb2d_transport,3,1,-0.38765965,-0.38765965,0.0,0.0,1,0.3333,,Isoleucine,Isoleucine
ST001865,Valine Leucine Isoleucine Degradation,0.5,none,random,3,1,-0.38765965,-0.38765965,0.0,0.0,1,0.3333,,Isoleucine,Isoleucine
ST001865,Valine Leucine Isoleucine Degradation,0.5,none,degree,3,1,-0.38765965,-0.38765965,0.0,0.0,1,0.3333,,Isoleucine,Isoleucine
ST001865,Valine Leucine Isoleucine Degradation,0.5,none,variance,3,1,-0.38765965,-0.38765965,0.0,0.0,1,0.3333,,Isoleucine,Isoleucine
ST001865,Valine Leucine Isoleucine Degradation,0.5,none,diffabundance,3,1,-0.38765965,-0.38765965,0.0,0.0,1,0.3333,,Isoleucine,Isoleucine
ST001865,Valine Leucine Isoleucine Degradation,0.5,none,surrogate,3,1,-0.29522172,-0.29522172,0.0,0.0,1,0.3333,,Valine,Valine
ST001865,Valine Leucine Isoleucine Degradation,0.5,none,gnc_commutator,3,1,-0.29522172,-0.29522172,0.0,0.0,1,0.3333,,Valine,Valine
ST001865,Valine Leucine Isoleucine Degradation,0.5,none,mb2d_transport,3,1,-0.29522172,-0.29522172,0.0,0.0,1,0.3333,,Valine,Valine
ST001865,Valine Leucine Isoleucine Degradation,0.5,none,random,3,1,-0.29522172,-0.29522172,0.0,0.0,1,0.3333,,Valine,Valine
ST001865,Valine Leucine Isoleucine Degradation,0.5,none,degree,3,1,-0.29522172,-0.29522172,0.0,0.0,1,0.3333,,Valine,Valine
ST001865,Valine Leucine Isoleucine Degradation,0.5,none,variance,3,1,-0.29522172,-0.29522172,0.0,0.0,1,0.3333,,Valine,Valine
ST001865,Valine Leucine Isoleucine Degradation,0.5,none,diffabundance,3,1,-0.29522172,-0.29522172,0.0,0.0,1,0.3333,,Valine,Valine
ST001865,Valine Leucine Isoleucine Degradation,0.5,none,surrogate,3,1,-0.38765965,-0.38765965,0.0,0.0,1,0.3333,,Isoleucine,Isoleucine
ST001865,Valine Leucine Isoleucine Degradation,0.5,none,gnc_commutator,3,1,-0.38765965,-0.38765965,0.0,0.0,1,0.3333,,Isoleucine,Isoleucine
ST001865,Valine Leucine Isoleucine Degradation,0.5,none,mb2d_transport,3,1,-0.38765965,-0.38765965,0.0,0.0,1,0.3333,,Isoleucine,Isoleucine
ST001865,Valine Leucine Isoleucine Degradation,0.5,none,random,3,1,-0.38765965,-0.38765965,0.0,0.0,1,0.3333,,Isoleucine,Isoleucine
ST001865,Valine Leucine Isoleucine Degradation,0.5,none,degree,3,1,-0.38765965,-0.38765965,0.0,0.0,1,0.3333,,Isoleucine,Isoleucine
ST001865,Valine Leucine Isoleucine Degradation,0.5,none,variance,3,1,-0.38765965,-0.38765965,0.0,0.0,1,0.3333,,Isoleucine,Isoleucine
ST001865,Valine Leucine Isoleucine Degradation,0.5,none,diffabundance,3,1,-0.38765965,-0.38765965,0.0,0.0,1,0.3333,,Isoleucine,Isoleucine
ST001865,Valine Leucine Isoleucine Degradation,0.6,none,surrogate,3,1,-0.38953499,-0.38953499,0.0,0.0,1,0.3333,,Leucine,Leucine
ST001865,Valine Leucine Isoleucine Degradation,0.6,none,gnc_commutator,3,1,-0.38953499,-0.38953499,0.0,0.0,1,0.3333,,Leucine,Leucine
ST001865,Valine Leucine Isoleucine Degradation,0.6,none,mb2d_transport,3,1,-0.38953499,-0.38953499,0.0,0.0,1,0.3333,,Leucine,Leucine
ST001865,Valine Leucine Isoleucine Degradation,0.6,none,random,3,1,-0.38953499,-0.38953499,0.0,0.0,1,0.3333,,Leucine,Leucine
ST001865,Valine Leucine Isoleucine Degradation,0.6,none,degree,3,1,-0.38953499,-0.38953499,0.0,0.0,1,0.3333,,Leucine,Leucine
ST001865,Valine Leucine Isoleucine Degradation,0.6,none,variance,3,1,-0.38953499,-0.38953499,0.0,0.0,1,0.3333,,Leucine,Leucine
ST001865,Valine Leucine Isoleucine Degradation,0.6,none,diffabundance,3,1,-0.38953499,-0.38953499,0.0,0.0,1,0.3333,,Leucine,Leucine
ST001865,Valine Leucine Isoleucine Degradation,0.6,none,surrogate,3,1,-0.29522172,-0.29522172,0.0,0.0,1,0.3333,,Valine,Valine
ST001865,Valine Leucine Isoleucine Degradation,0.6,none,gnc_commutator,3,1,-0.29522172,-0.29522172,0.0,0.0,1,0.3333,,Valine,Valine
ST001865,Valine Leucine Isoleucine Degradation,0.6,none,mb2d_transport,3,1,-0.29522172,-0.29522172,0.0,0.0,1,0.3333,,Valine,Valine
ST001865,Valine Leucine Isoleucine Degradation,0.6,none,random,3,1,-0.29522172,-0.29522172,0.0,0.0,1,0.3333,,Valine,Valine
ST001865,Valine Leucine Isoleucine Degradation,0.6,none,degree,3,1,-0.29522172,-0.29522172,0.0,0.0,1,0.3333,,Valine,Valine
ST001865,Valine Leucine Isoleucine Degradation,0.6,none,variance,3,1,-0.29522172,-0.29522172,0.0,0.0,1,0.3333,,Valine,Valine
ST001865,Valine Leucine Isoleucine Degradation,0.6,none,diffabundance,3,1,-0.29522172,-0.29522172,0.0,0.0,1,0.3333,,Valine,Valine
ST001865,Valine Leucine Isoleucine Degradation,0.6,none,surrogate,3,1,-0.29522172,-0.29522172,0.0,0.0,1,0.3333,,Valine,Valine
ST001865,Valine Leucine Isoleucine Degradation,0.6,none,gnc_commutator,3,1,-0.29522172,-0.29522172,0.0,0.0,1,0.3333,,Valine,Valine
ST001865,Valine Leucine Isoleucine Degradation,0.6,none,mb2d_transport,3,1,-0.29522172,-0.29522172,0.0,0.0,1,0.3333,,Valine,Valine
ST001865,Valine Leucine Isoleucine Degradation,0.6,none,random,3,1,-0.29522172,-0.29522172,0.0,0.0,1,0.3333,,Valine,Valine
ST001865,Valine Leucine Isoleucine Degradation,0.6,none,degree,3,1,-0.29522172,-0.29522172,0.0,0.0,1,0.3333,,Valine,Valine
ST001865,Valine Leucine Isoleucine Degradation,0.6,none,variance,3,1,-0.29522172,-0.29522172,0.0,0.0,1,0.3333,,Valine,Valine
ST001865,Valine Leucine Isoleucine Degradation,0.6,none,diffabundance,3,1,-0.29522172,-0.29522172,0.0,0.0,1,0.3333,,Valine,Valine
ST001865,Valine Leucine Isoleucine Degradation,0.6,none,surrogate,3,1,-0.38953499,-0.38953499,0.0,0.0,1,0.3333,,Leucine,Leucine
ST001865,Valine Leucine Isoleucine Degradation,0.6,none,gnc_commutator,3,1,-0.38953499,-0.38953499,0.0,0.0,1,0.3333,,Leucine,Leucine
ST001865,Valine Leucine Isoleucine Degradation,0.6,none,mb2d_transport,3,1,-0.38953499,-0.38953499,0.0,0.0,1,0.3333,,Leucine,Leucine
ST001865,Valine Leucine Isoleucine Degradation,0.6,none,random,3,1,-0.38953499,-0.38953499,0.0,0.0,1,0.3333,,Leucine,Leucine
ST001865,Valine Leucine Isoleucine Degradation,0.6,none,degree,3,1,-0.38953499,-0.38953499,0.0,0.0,1,0.3333,,Leucine,Leucine
ST001865,Valine Leucine Isoleucine Degradation,0.6,none,variance,3,1,-0.38953499,-0.38953499,0.0,0.0,1,0.3333,,Leucine,Leucine
ST001865,Valine Leucine Isoleucine Degradation,0.6,none,diffabundance,3,1,-0.38953499,-0.38953499,0.0,0.0,1,0.3333,,Leucine,Leucine
ST001865,Valine Leucine Isoleucine Degradation,0.6,none,surrogate,3,1,-0.38953499,-0.38953499,0.0,0.0,1,0.3333,,Leucine,Leucine
ST001865,Valine Leucine Isoleucine Degradation,0.6,none,gnc_commutator,3,1,-0.38953499,-0.38953499,0.0,0.0,1,0.3333,,Leucine,Leucine
ST001865,Valine Leucine Isoleucine Degradation,0.6,none,mb2d_transport,3,1,-0.38953499,-0.38953499,0.0,0.0,1,0.3333,,Leucine,Leucine
ST001865,Valine Leucine Isoleucine Degradation,0.6,none,random,3,1,-0.38953499,-0.38953499,0.0,0.0,1,0.3333,,Leucine,Leucine
ST001865,Valine Leucine Isoleucine Degradation,0.6,none,degree,3,1,-0.38953499,-0.38953499,0.0,0.0,1,0.3333,,Leucine,Leucine
ST001865,Valine Leucine Isoleucine Degradation,0.6,none,variance,3,1,-0.38953499,-0.38953499,0.0,0.0,1,0.3333,,Leucine,Leucine
ST001865,Valine Leucine Isoleucine Degradation,0.6,none,diffabundance,3,1,-0.38953499,-0.38953499,0.0,0.0,1,0.3333,,Leucine,Leucine
ST001865,Valine Leucine Isoleucine Degradation,0.6,none,surrogate,3,1,-0.38765965,-0.38765965,0.0,0.0,1,0.3333,,Isoleucine,Isoleucine
ST001865,Valine Leucine Isoleucine Degradation,0.6,none,gnc_commutator,3,1,-0.38765965,-0.38765965,0.0,0.0,1,0.3333,,Isoleucine,Isoleucine
ST001865,Valine Leucine Isoleucine Degradation,0.6,none,mb2d_transport,3,1,-0.38765965,-0.38765965,0.0,0.0,1,0.3333,,Isoleucine,Isoleucine
ST001865,Valine Leucine Isoleucine Degradation,0.6,none,random,3,1,-0.38765965,-0.38765965,0.0,0.0,1,0.3333,,Isoleucine,Isoleucine
ST001865,Valine Leucine Isoleucine Degradation,0.6,none,degree,3,1,-0.38765965,-0.38765965,0.0,0.0,1,0.3333,,Isoleucine,Isoleucine
ST001865,Valine Leucine Isoleucine Degradation,0.6,none,variance,3,1,-0.38765965,-0.38765965,0.0,0.0,1,0.3333,,Isoleucine,Isoleucine
ST001865,Valine Leucine Isoleucine Degradation,0.6,none,diffabundance,3,1,-0.38765965,-0.38765965,0.0,0.0,1,0.3333,,Isoleucine,Isoleucine
ST001865,Valine Leucine Isoleucine Degradation,0.6,none,surrogate,3,1,-0.29522172,-0.29522172,0.0,0.0,1,0.3333,,Valine,Valine
ST001865,Valine Leucine Isoleucine Degradation,0.6,none,gnc_commutator,3,1,-0.29522172,-0.29522172,0.0,0.0,1,0.3333,,Valine,Valine
ST001865,Valine Leucine Isoleucine Degradation,0.6,none,mb2d_transport,3,1,-0.29522172,-0.29522172,0.0,0.0,1,0.3333,,Valine,Valine
ST001865,Valine Leucine Isoleucine Degradation,0.6,none,random,3,1,-0.29522172,-0.29522172,0.0,0.0,1,0.3333,,Valine,Valine
ST001865,Valine Leucine Isoleucine Degradation,0.6,none,degree,3,1,-0.29522172,-0.29522172,0.0,0.0,1,0.3333,,Valine,Valine
ST001865,Valine Leucine Isoleucine Degradation,0.6,none,variance,3,1,-0.29522172,-0.29522172,0.0,0.0,1,0.3333,,Valine,Valine
ST001865,Valine Leucine Isoleucine Degradation,0.6,none,diffabundance,3,1,-0.29522172,-0.29522172,0.0,0.0,1,0.3333,,Valine,Valine
ST001865,Valine Leucine Isoleucine Degradation,0.6,none,surrogate,3,1,-0.38765965,-0.38765965,0.0,0.0,1,0.3333,,Isoleucine,Isoleucine
ST001865,Valine Leucine Isoleucine Degradation,0.6,none,gnc_commutator,3,1,-0.38765965,-0.38765965,0.0,0.0,1,0.3333,,Isoleucine,Isoleucine
ST001865,Valine Leucine Isoleucine Degradation,0.6,none,mb2d_transport,3,1,-0.38765965,-0.38765965,0.0,0.0,1,0.3333,,Isoleucine,Isoleucine
ST001865,Valine Leucine Isoleucine Degradation,0.6,none,random,3,1,-0.38765965,-0.38765965,0.0,0.0,1,0.3333,,Isoleucine,Isoleucine
ST001865,Valine Leucine Isoleucine Degradation,0.6,none,degree,3,1,-0.38765965,-0.38765965,0.0,0.0,1,0.3333,,Isoleucine,Isoleucine
ST001865,Valine Leucine Isoleucine Degradation,0.6,none,variance,3,1,-0.38765965,-0.38765965,0.0,0.0,1,0.3333,,Isoleucine,Isoleucine
ST001865,Valine Leucine Isoleucine Degradation,0.6,none,diffabundance,3,1,-0.38765965,-0.38765965,0.0,0.0,1,0.3333,,Isoleucine,Isoleucine
ST001865,Valine Leucine Isoleucine Degradation,0.6,none,surrogate,3,1,-0.29522172,-0.29522172,0.0,0.0,1,0.3333,,Valine,Valine
ST001865,Valine Leucine Isoleucine Degradation,0.6,none,gnc_commutator,3,1,-0.29522172,-0.29522172,0.0,0.0,1,0.3333,,Valine,Valine
ST001865,Valine Leucine Isoleucine Degradation,0.6,none,mb2d_transport,3,1,-0.29522172,-0.29522172,0.0,0.0,1,0.3333,,Valine,Valine
ST001865,Valine Leucine Isoleucine Degradation,0.6,none,random,3,1,-0.29522172,-0.29522172,0.0,0.0,1,0.3333,,Valine,Valine
ST001865,Valine Leucine Isoleucine Degradation,0.6,none,degree,3,1,-0.29522172,-0.29522172,0.0,0.0,1,0.3333,,Valine,Valine
ST001865,Valine Leucine Isoleucine Degradation,0.6,none,variance,3,1,-0.29522172,-0.29522172,0.0,0.0,1,0.3333,,Valine,Valine
ST001865,Valine Leucine Isoleucine Degradation,0.6,none,diffabundance,3,1,-0.29522172,-0.29522172,0.0,0.0,1,0.3333,,Valine,Valine
ST001865,Valine Leucine Isoleucine Degradation,0.6,none,surrogate,3,1,-0.38765965,-0.38765965,0.0,0.0,1,0.3333,,Isoleucine,Isoleucine
ST001865,Valine Leucine Isoleucine Degradation,0.6,none,gnc_commutator,3,1,-0.38765965,-0.38765965,0.0,0.0,1,0.3333,,Isoleucine,Isoleucine
ST001865,Valine Leucine Isoleucine Degradation,0.6,none,mb2d_transport,3,1,-0.38765965,-0.38765965,0.0,0.0,1,0.3333,,Isoleucine,Isoleucine
ST001865,Valine Leucine Isoleucine Degradation,0.6,none,random,3,1,-0.38765965,-0.38765965,0.0,0.0,1,0.3333,,Isoleucine,Isoleucine
ST001865,Valine Leucine Isoleucine Degradation,0.6,none,degree,3,1,-0.38765965,-0.38765965,0.0,0.0,1,0.3333,,Isoleucine,Isoleucine
ST001865,Valine Leucine Isoleucine Degradation,0.6,none,variance,3,1,-0.38765965,-0.38765965,0.0,0.0,1,0.3333,,Isoleucine,Isoleucine
ST001865,Valine Leucine Isoleucine Degradation,0.6,none,diffabundance,3,1,-0.38765965,-0.38765965,0.0,0.0,1,0.3333,,Isoleucine,Isoleucine
ST001865,Valine Leucine Isoleucine Degradation,0.6,none,surrogate,3,1,-0.38765965,-0.38765965,0.0,0.0,1,0.3333,,Isoleucine,Isoleucine
ST001865,Valine Leucine Isoleucine Degradation,0.6,none,gnc_commutator,3,1,-0.38765965,-0.38765965,0.0,0.0,1,0.3333,,Isoleucine,Isoleucine
ST001865,Valine Leucine Isoleucine Degradation,0.6,none,mb2d_transport,3,1,-0.38765965,-0.38765965,0.0,0.0,1,0.3333,,Isoleucine,Isoleucine
ST001865,Valine Leucine Isoleucine Degradation,0.6,none,random,3,1,-0.38765965,-0.38765965,0.0,0.0,1,0.3333,,Isoleucine,Isoleucine
ST001865,Valine Leucine Isoleucine Degradation,0.6,none,degree,3,1,-0.38765965,-0.38765965,0.0,0.0,1,0.3333,,Isoleucine,Isoleucine
ST001865,Valine Leucine Isoleucine Degradation,0.6,none,variance,3,1,-0.38765965,-0.38765965,0.0,0.0,1,0.3333,,Isoleucine,Isoleucine
ST001865,Valine Leucine Isoleucine Degradation,0.6,none,diffabundance,3,1,-0.38765965,-0.38765965,0.0,0.0,1,0.3333,,Isoleucine,Isoleucine
ST001865,Valine Leucine Isoleucine Degradation,0.6,none,surrogate,3,1,-0.38765965,-0.38765965,0.0,0.0,1,0.3333,,Isoleucine,Isoleucine
ST001865,Valine Leucine Isoleucine Degradation,0.6,none,gnc_commutator,3,1,-0.38765965,-0.38765965,0.0,0.0,1,0.3333,,Isoleucine,Isoleucine
ST001865,Valine Leucine Isoleucine Degradation,0.6,none,mb2d_transport,3,1,-0.38765965,-0.38765965,0.0,0.0,1,0.3333,,Isoleucine,Isoleucine
ST001865,Valine Leucine Isoleucine Degradation,0.6,none,random,3,1,-0.38765965,-0.38765965,0.0,0.0,1,0.3333,,Isoleucine,Isoleucine
ST001865,Valine Leucine Isoleucine Degradation,0.6,none,degree,3,1,-0.38765965,-0.38765965,0.0,0.0,1,0.3333,,Isoleucine,Isoleucine
ST001865,Valine Leucine Isoleucine Degradation,0.6,none,variance,3,1,-0.38765965,-0.38765965,0.0,0.0,1,0.3333,,Isoleucine,Isoleucine
ST001865,Valine Leucine Isoleucine Degradation,0.6,none,diffabundance,3,1,-0.38765965,-0.38765965,0.0,0.0,1,0.3333,,Isoleucine,Isoleucine
ST001865,Valine Leucine Isoleucine Degradation,0.6,none,surrogate,3,1,-0.29522172,-0.29522172,0.0,0.0,1,0.3333,,Valine,Valine
ST001865,Valine Leucine Isoleucine Degradation,0.6,none,gnc_commutator,3,1,-0.29522172,-0.29522172,0.0,0.0,1,0.3333,,Valine,Valine
ST001865,Valine Leucine Isoleucine Degradation,0.6,none,mb2d_transport,3,1,-0.29522172,-0.29522172,0.0,0.0,1,0.3333,,Valine,Valine
ST001865,Valine Leucine Isoleucine Degradation,0.6,none,random,3,1,-0.29522172,-0.29522172,0.0,0.0,1,0.3333,,Valine,Valine
ST001865,Valine Leucine Isoleucine Degradation,0.6,none,degree,3,1,-0.29522172,-0.29522172,0.0,0.0,1,0.3333,,Valine,Valine
ST001865,Valine Leucine Isoleucine Degradation,0.6,none,variance,3,1,-0.29522172,-0.29522172,0.0,0.0,1,0.3333,,Valine,Valine
ST001865,Valine Leucine Isoleucine Degradation,0.6,none,diffabundance,3,1,-0.29522172,-0.29522172,0.0,0.0,1,0.3333,,Valine,Valine
ST001865,Valine Leucine Isoleucine Degradation,0.6,none,surrogate,3,1,-0.38953499,-0.38953499,0.0,0.0,1,0.3333,,Leucine,Leucine
ST001865,Valine Leucine Isoleucine Degradation,0.6,none,gnc_commutator,3,1,-0.38953499,-0.38953499,0.0,0.0,1,0.3333,,Leucine,Leucine
ST001865,Valine Leucine Isoleucine Degradation,0.6,none,mb2d_transport,3,1,-0.38953499,-0.38953499,0.0,0.0,1,0.3333,,Leucine,Leucine
ST001865,Valine Leucine Isoleucine Degradation,0.6,none,random,3,1,-0.38953499,-0.38953499,0.0,0.0,1,0.3333,,Leucine,Leucine
ST001865,Valine Leucine Isoleucine Degradation,0.6,none,degree,3,1,-0.38953499,-0.38953499,0.0,0.0,1,0.3333,,Leucine,Leucine
ST001865,Valine Leucine Isoleucine Degradation,0.6,none,variance,3,1,-0.38953499,-0.38953499,0.0,0.0,1,0.3333,,Leucine,Leucine
ST001865,Valine Leucine Isoleucine Degradation,0.6,none,diffabundance,3,1,-0.38953499,-0.38953499,0.0,0.0,1,0.3333,,Leucine,Leucine
ST001865,Valine Leucine Isoleucine Degradation,0.6,none,surrogate,3,1,-0.29522172,-0.29522172,0.0,0.0,1,0.3333,,Valine,Valine
ST001865,Valine Leucine Isoleucine Degradation,0.6,none,gnc_commutator,3,1,-0.29522172,-0.29522172,0.0,0.0,1,0.3333,,Valine,Valine
ST001865,Valine Leucine Isoleucine Degradation,0.6,none,mb2d_transport,3,1,-0.29522172,-0.29522172,0.0,0.0,1,0.3333,,Valine,Valine
ST001865,Valine Leucine Isoleucine Degradation,0.6,none,random,3,1,-0.29522172,-0.29522172,0.0,0.0,1,0.3333,,Valine,Valine
ST001865,Valine Leucine Isoleucine Degradation,0.6,none,degree,3,1,-0.29522172,-0.29522172,0.0,0.0,1,0.3333,,Valine,Valine
ST001865,Valine Leucine Isoleucine Degradation,0.6,none,variance,3,1,-0.29522172,-0.29522172,0.0,0.0,1,0.3333,,Valine,Valine
ST001865,Valine Leucine Isoleucine Degradation,0.6,none,diffabundance,3,1,-0.29522172,-0.29522172,0.0,0.0,1,0.3333,,Valine,Valine
ST001865,Valine Leucine Isoleucine Degradation,0.6,none,surrogate,3,1,-0.29522172,-0.29522172,0.0,0.0,1,0.3333,,Valine,Valine
ST001865,Valine Leucine Isoleucine Degradation,0.6,none,gnc_commutator,3,1,-0.29522172,-0.29522172,0.0,0.0,1,0.3333,,Valine,Valine
ST001865,Valine Leucine Isoleucine Degradation,0.6,none,mb2d_transport,3,1,-0.29522172,-0.29522172,0.0,0.0,1,0.3333,,Valine,Valine
ST001865,Valine Leucine Isoleucine Degradation,0.6,none,random,3,1,-0.29522172,-0.29522172,0.0,0.0,1,0.3333,,Valine,Valine
ST001865,Valine Leucine Isoleucine Degradation,0.6,none,degree,3,1,-0.29522172,-0.29522172,0.0,0.0,1,0.3333,,Valine,Valine
ST001865,Valine Leucine Isoleucine Degradation,0.6,none,variance,3,1,-0.29522172,-0.29522172,0.0,0.0,1,0.3333,,Valine,Valine
ST001865,Valine Leucine Isoleucine Degradation,0.6,none,diffabundance,3,1,-0.29522172,-0.29522172,0.0,0.0,1,0.3333,,Valine,Valine
ST001865,Valine Leucine Isoleucine Degradation,0.6,none,surrogate,3,1,-0.29522172,-0.29522172,0.0,0.0,1,0.3333,,Valine,Valine
ST001865,Valine Leucine Isoleucine Degradation,0.6,none,gnc_commutator,3,1,-0.29522172,-0.29522172,0.0,0.0,1,0.3333,,Valine,Valine
ST001865,Valine Leucine Isoleucine Degradation,0.6,none,mb2d_transport,3,1,-0.29522172,-0.29522172,0.0,0.0,1,0.3333,,Valine,Valine
ST001865,Valine Leucine Isoleucine Degradation,0.6,none,random,3,1,-0.29522172,-0.29522172,0.0,0.0,1,0.3333,,Valine,Valine
ST001865,Valine Leucine Isoleucine Degradation,0.6,none,degree,3,1,-0.29522172,-0.29522172,0.0,0.0,1,0.3333,,Valine,Valine
ST001865,Valine Leucine Isoleucine Degradation,0.6,none,variance,3,1,-0.29522172,-0.29522172,0.0,0.0,1,0.3333,,Valine,Valine
ST001865,Valine Leucine Isoleucine Degradation,0.6,none,diffabundance,3,1,-0.29522172,-0.29522172,0.0,0.0,1,0.3333,,Valine,Valine
ST001865,Valine Leucine Isoleucine Degradation,0.6,none,surrogate,3,1,-0.38953499,-0.38953499,0.0,0.0,1,0.3333,,Leucine,Leucine
ST001865,Valine Leucine Isoleucine Degradation,0.6,none,gnc_commutator,3,1,-0.38953499,-0.38953499,0.0,0.0,1,0.3333,,Leucine,Leucine
ST001865,Valine Leucine Isoleucine Degradation,0.6,none,mb2d_transport,3,1,-0.38953499,-0.38953499,0.0,0.0,1,0.3333,,Leucine,Leucine
ST001865,Valine Leucine Isoleucine Degradation,0.6,none,random,3,1,-0.38953499,-0.38953499,0.0,0.0,1,0.3333,,Leucine,Leucine
ST001865,Valine Leucine Isoleucine Degradation,0.6,none,degree,3,1,-0.38953499,-0.38953499,0.0,0.0,1,0.3333,,Leucine,Leucine
ST001865,Valine Leucine Isoleucine Degradation,0.6,none,variance,3,1,-0.38953499,-0.38953499,0.0,0.0,1,0.3333,,Leucine,Leucine
ST001865,Valine Leucine Isoleucine Degradation,0.6,none,diffabundance,3,1,-0.38953499,-0.38953499,0.0,0.0,1,0.3333,,Leucine,Leucine
ST001865,Valine Leucine Isoleucine Degradation,0.6,none,surrogate,3,1,-0.38765965,-0.38765965,0.0,0.0,1,0.3333,,Isoleucine,Isoleucine
ST001865,Valine Leucine Isoleucine Degradation,0.6,none,gnc_commutator,3,1,-0.38765965,-0.38765965,0.0,0.0,1,0.3333,,Isoleucine,Isoleucine
ST001865,Valine Leucine Isoleucine Degradation,0.6,none,mb2d_transport,3,1,-0.38765965,-0.38765965,0.0,0.0,1,0.3333,,Isoleucine,Isoleucine
ST001865,Valine Leucine Isoleucine Degradation,0.6,none,random,3,1,-0.38765965,-0.38765965,0.0,0.0,1,0.3333,,Isoleucine,Isoleucine
ST001865,Valine Leucine Isoleucine Degradation,0.6,none,degree,3,1,-0.38765965,-0.38765965,0.0,0.0,1,0.3333,,Isoleucine,Isoleucine
ST001865,Valine Leucine Isoleucine Degradation,0.6,none,variance,3,1,-0.38765965,-0.38765965,0.0,0.0,1,0.3333,,Isoleucine,Isoleucine
ST001865,Valine Leucine Isoleucine Degradation,0.6,none,diffabundance,3,1,-0.38765965,-0.38765965,0.0,0.0,1,0.3333,,Isoleucine,Isoleucine
ST001865,Valine Leucine Isoleucine Degradation,0.6,none,surrogate,3,1,-0.29522172,-0.29522172,0.0,0.0,1,0.3333,,Valine,Valine
ST001865,Valine Leucine Isoleucine Degradation,0.6,none,gnc_commutator,3,1,-0.29522172,-0.29522172,0.0,0.0,1,0.3333,,Valine,Valine
ST001865,Valine Leucine Isoleucine Degradation,0.6,none,mb2d_transport,3,1,-0.29522172,-0.29522172,0.0,0.0,1,0.3333,,Valine,Valine
ST001865,Valine Leucine Isoleucine Degradation,0.6,none,random,3,1,-0.29522172,-0.29522172,0.0,0.0,1,0.3333,,Valine,Valine
ST001865,Valine Leucine Isoleucine Degradation,0.6,none,degree,3,1,-0.29522172,-0.29522172,0.0,0.0,1,0.3333,,Valine,Valine
ST001865,Valine Leucine Isoleucine Degradation,0.6,none,variance,3,1,-0.29522172,-0.29522172,0.0,0.0,1,0.3333,,Valine,Valine
ST001865,Valine Leucine Isoleucine Degradation,0.6,none,diffabundance,3,1,-0.29522172,-0.29522172,0.0,0.0,1,0.3333,,Valine,Valine
